STT,Mã Đơn Hàng (Tracking),Mã Chute,Bưu Cục Đích (Next Station),Trạng Thái,Trọng Lượng (Tấn),Ngày Vận Hành,Thời Gian Tạo,Thời Gian Pickup,Thời Gian Đến HUB,Thời Gian Nhập Kho
1,530002290107,C24,BD BÌNH HÒA,Created,0.0243,2026-08-01,2026-08-01 14:45:16+07:00,,,
2,530002720108,C24,BD BÌNH HÒA,Transporting,0.0051,2026-08-01,2026-08-01 13:04:54+07:00,2026-08-01 14:37:45+07:00,2026-08-01 14:37:48+07:00,
3,530003890107,C24,BD BÌNH HÒA,Created,0.0086,2026-08-01,2026-08-01 15:44:28+07:00,,,
4,530004280107,C24,BD BÌNH HÒA,Created,0.0066,2026-08-01,2026-08-01 09:44:30+07:00,2026-08-01 11:26:12+07:00,,
5,530004850107,C24,BD BÌNH HÒA,Inbound,0.0055,2026-08-01,2026-08-01 14:54:23+07:00,,2026-07-30 23:54:45+07:00,2026-08-01 14:54:23+07:00
6,530008080107,C24,BD BÌNH HÒA,Transporting,0.0095,2026-08-01,2026-08-01 10:04:07+07:00,2026-08-01 14:26:58+07:00,2026-08-01 15:03:33+07:00,
7,530009520108,C24,BD BÌNH HÒA,Created,0.008,2026-08-01,2026-08-01 13:51:13+07:00,,,
8,530011050107,C24,BD BÌNH HÒA,Inbound,0.007,2026-08-01,2026-08-01 15:49:50+07:00,,2026-07-30 21:58:24+07:00,2026-08-01 15:49:50+07:00
9,530011680107,C24,BD BÌNH HÒA,Created,0.0625,2026-08-01,2026-08-01 07:25:11+07:00,,,
10,530014880107,C24,BD BÌNH HÒA,Created,0.007,2026-08-01,2026-08-01 09:34:44+07:00,,,
11,530018110108,C24,BD BÌNH HÒA,Transporting,0.016,2026-08-01,2026-07-31 21:08:37+07:00,2026-08-01 10:56:58+07:00,2026-08-01 15:25:26+07:00,
12,530018490107,C24,BD BÌNH HÒA,Created,0.005,2026-08-01,2026-08-01 16:04:38+07:00,2026-08-01 16:43:20+07:00,,
13,530020050107,C24,BD BÌNH HÒA,Inbound,0.0065,2026-08-01,2026-08-01 15:21:29+07:00,,2026-07-30 22:04:30+07:00,2026-08-01 15:21:29+07:00
14,530021080107,C24,BD BÌNH HÒA,Inbound,0.0367,2026-08-01,2026-08-01 11:23:48+07:00,2026-08-01 12:34:48+07:00,2026-08-01 14:28:31+07:00,2026-08-01 15:38:59+07:00
15,530021280107,C24,BD BÌNH HÒA,Inbound,0.0367,2026-08-01,2026-08-01 11:23:48+07:00,2026-08-01 14:24:34+07:00,2026-08-01 14:29:37+07:00,2026-08-01 15:38:42+07:00
16,530026720108,C24,BD BÌNH HÒA,Created,0.0117,2026-08-01,2026-08-01 14:00:41+07:00,2026-08-01 16:43:50+07:00,,
17,530027310108,C24,BD BÌNH HÒA,Transporting,0.01,2026-08-01,2026-08-01 08:44:30+07:00,2026-08-01 10:58:04+07:00,2026-08-01 16:04:15+07:00,
18,530029280107,C24,BD BÌNH HÒA,Transporting,0.01,2026-08-01,2026-08-01 08:25:00+07:00,2026-08-01 10:12:42+07:00,2026-08-01 15:47:57+07:00,
19,530031320108,C24,BD BÌNH HÒA,Created,0.0061,2026-08-01,2026-08-01 13:00:23+07:00,,,
20,530031720108,C24,BD BÌNH HÒA,Created,0.0058,2026-08-01,2026-08-01 13:00:54+07:00,2026-08-01 15:37:27+07:00,,
21,530037280107,C24,BD BÌNH HÒA,Created,0.0192,2026-08-01,2026-08-01 12:07:58+07:00,,,
22,530037690107,C24,BD BÌNH HÒA,Created,0.0375,2026-08-01,2026-08-01 14:47:33+07:00,,,
23,530037880107,C24,BD BÌNH HÒA,Created,0.0063,2026-08-01,2026-08-01 12:15:04+07:00,,,
24,530041270107,C24,BD BÌNH HÒA,Created,0.007,2026-08-01,2026-08-01 08:14:06+07:00,2026-08-01 16:29:32+07:00,,
25,530041310108,C24,BD BÌNH HÒA,Created,0.0084,2026-08-01,2026-08-01 09:17:04+07:00,2026-08-01 11:33:08+07:00,,
26,530042520108,C24,BD BÌNH HÒA,Created,0.0081,2026-08-01,2026-08-01 14:27:34+07:00,,,
27,530043310108,C24,BD BÌNH HÒA,Transporting,0.0073,2026-08-01,2026-08-01 10:05:25+07:00,2026-08-01 13:35:59+07:00,2026-08-01 15:29:10+07:00,
28,530043320108,C24,BD BÌNH HÒA,Created,0.012,2026-08-01,2026-08-01 15:32:13+07:00,,,
29,530043700108,C24,BD BÌNH HÒA,Created,0.0087,2026-08-01,2026-07-31 15:43:11+07:00,2026-08-01 11:38:18+07:00,,
30,530046680107,C24,BD BÌNH HÒA,Created,0.0069,2026-08-01,2026-08-01 12:54:33+07:00,,,
31,530047120108,C24,BD BÌNH HÒA,Created,0.0095,2026-08-01,2026-08-01 16:18:43+07:00,,,
32,530047280107,C24,BD BÌNH HÒA,Transporting,0.01,2026-08-01,2026-08-01 13:40:20+07:00,2026-08-01 15:22:40+07:00,2026-08-01 16:20:40+07:00,
33,530047480107,C24,BD BÌNH HÒA,Transporting,0.01,2026-08-01,2026-08-01 13:40:20+07:00,2026-08-01 15:21:44+07:00,2026-08-01 16:18:34+07:00,
34,530049070107,C24,BD BÌNH HÒA,Created,0.006,2026-08-01,2026-08-01 08:11:09+07:00,2026-08-01 08:20:48+07:00,,
35,530050290107,C24,BD BÌNH HÒA,Created,0.0098,2026-08-01,2026-08-01 15:51:38+07:00,2026-08-01 16:41:49+07:00,,
36,530051910108,C24,BD BÌNH HÒA,Transporting,0.011,2026-08-01,2026-08-01 09:44:22+07:00,2026-08-01 15:04:11+07:00,2026-08-01 15:04:23+07:00,
37,530054520108,C24,BD BÌNH HÒA,Created,0.008,2026-08-01,2026-08-01 15:54:29+07:00,,,
38,530054710108,C24,BD BÌNH HÒA,Transporting,0.0079,2026-08-01,2026-08-01 04:49:06+07:00,2026-08-01 14:09:13+07:00,2026-08-01 15:34:24+07:00,
39,530055710108,C24,BD BÌNH HÒA,Transporting,0.0182,2026-08-01,2026-08-01 07:10:05+07:00,2026-08-01 13:16:25+07:00,2026-08-01 15:28:28+07:00,
40,530056700108,C24,BD BÌNH HÒA,Created,0.015,2026-08-01,2026-07-31 12:14:32+07:00,2026-08-01 15:00:06+07:00,,
41,530060510108,C24,BD BÌNH HÒA,Created,0.0056,2026-08-01,2026-08-01 09:43:52+07:00,2026-08-01 11:26:30+07:00,,
42,530060910108,C24,BD BÌNH HÒA,Created,0.0056,2026-08-01,2026-08-01 09:43:52+07:00,2026-08-01 11:26:43+07:00,,
43,530062360107,C24,BD BÌNH HÒA,Inbound,0.0226,2026-08-01,2026-08-01 16:37:26+07:00,,2026-07-30 21:09:17+07:00,2026-08-01 16:37:26+07:00
44,530064470107,C24,BD BÌNH HÒA,Created,0.0098,2026-08-01,2026-08-01 07:59:50+07:00,,,
45,530068120108,C24,BD BÌNH HÒA,Created,0.0055,2026-08-01,2026-08-01 16:13:58+07:00,,,
46,530069480107,C24,BD BÌNH HÒA,Transporting,0.01,2026-08-01,2026-08-01 14:02:25+07:00,2026-08-01 15:19:39+07:00,2026-08-01 16:05:31+07:00,
47,530070470107,C24,BD BÌNH HÒA,Created,0.0095,2026-08-01,2026-08-01 07:09:50+07:00,2026-08-01 15:08:18+07:00,,
48,530072280107,C24,BD BÌNH HÒA,Created,0.0051,2026-08-01,2026-08-01 13:39:52+07:00,,,
49,530073080107,C24,BD BÌNH HÒA,Transporting,0.01,2026-08-01,2026-08-01 14:02:25+07:00,2026-08-01 15:19:44+07:00,2026-08-01 16:05:26+07:00,
50,530073110108,C24,BD BÌNH HÒA,Created,0.0088,2026-08-01,2026-08-01 09:15:07+07:00,,,
51,530080710108,C24,BD BÌNH HÒA,Created,0.0087,2026-08-01,2026-08-01 11:24:00+07:00,,,
52,530082510108,C24,BD BÌNH HÒA,Transporting,0.0086,2026-08-01,2026-08-01 08:56:47+07:00,2026-08-01 14:04:12+07:00,2026-08-01 15:34:11+07:00,
53,530086660107,C24,BD BÌNH HÒA,Transporting,0.01,2026-08-01,2026-07-31 13:16:02+07:00,2026-08-01 11:55:25+07:00,2026-08-01 12:00:56+07:00,
54,530092510108,C24,BD BÌNH HÒA,Created,0.0139,2026-08-01,2026-08-01 12:41:53+07:00,2026-08-01 14:48:35+07:00,,
55,530093280107,C24,BD BÌNH HÒA,Created,0.008,2026-08-01,2026-08-01 14:47:32+07:00,,,
56,530093710108,C24,BD BÌNH HÒA,Transporting,0.01,2026-08-01,2026-08-01 13:28:00+07:00,2026-08-01 15:27:52+07:00,2026-08-01 16:38:08+07:00,
57,530095070107,C24,BD BÌNH HÒA,Created,0.016,2026-08-01,2026-07-31 17:28:05+07:00,2026-08-01 11:10:01+07:00,,
58,530095680107,C24,BD BÌNH HÒA,Transporting,0.009,2026-08-01,2026-08-01 15:49:28+07:00,2026-08-01 16:41:27+07:00,2026-08-01 16:41:33+07:00,
59,530097240107,C24,BD BÌNH HÒA,Inbound,0.01,2026-08-01,2026-08-01 15:52:24+07:00,,2026-07-30 21:35:05+07:00,2026-08-01 15:52:24+07:00
60,530101690107,C24,BD BÌNH HÒA,Created,0.0052,2026-08-01,2026-08-01 13:24:58+07:00,2026-08-01 15:23:29+07:00,,
61,530106080107,C24,BD BÌNH HÒA,Created,0.0073,2026-08-01,2026-08-01 10:20:32+07:00,,,
62,530106690107,C24,BD BÌNH HÒA,Created,0.011,2026-08-01,2026-08-01 15:09:47+07:00,,,
63,530109480107,C24,BD BÌNH HÒA,Transporting,0.0113,2026-08-01,2026-08-01 11:05:16+07:00,2026-08-01 14:16:44+07:00,2026-08-01 15:34:42+07:00,
64,530109910108,C24,BD BÌNH HÒA,Created,0.0105,2026-08-01,2026-08-01 07:58:30+07:00,2026-08-01 14:34:37+07:00,,
65,530112120108,C24,BD BÌNH HÒA,Transporting,0.01,2026-08-01,2026-08-01 13:08:18+07:00,2026-08-01 14:57:39+07:00,2026-08-01 15:50:36+07:00,
66,530114380107,C24,BD BÌNH HÒA,Inbound,0.0065,2026-08-01,2026-08-01 14:45:28+07:00,,2026-07-30 22:03:53+07:00,2026-08-01 14:45:28+07:00
67,530115280107,C24,BD BÌNH HÒA,Created,0.0102,2026-08-01,2026-08-01 10:21:17+07:00,,,
68,530117320108,C24,BD BÌNH HÒA,Transporting,0.01,2026-08-01,2026-08-01 14:02:25+07:00,2026-08-01 15:19:31+07:00,2026-08-01 16:04:55+07:00,
69,530118080107,C24,BD BÌNH HÒA,Created,0.007,2026-08-01,2026-08-01 10:24:15+07:00,2026-08-01 11:43:52+07:00,,
70,530120450107,C24,BD BÌNH HÒA,Inbound,0.013,2026-08-01,2026-08-01 15:28:15+07:00,,2026-07-30 21:59:44+07:00,2026-08-01 15:28:15+07:00
71,530120470107,C24,BD BÌNH HÒA,Transporting,0.0243,2026-08-01,2026-07-31 15:45:13+07:00,2026-08-01 13:26:04+07:00,2026-08-01 15:28:50+07:00,
72,530121890107,C24,BD BÌNH HÒA,Transporting,0.0085,2026-08-01,2026-08-01 14:03:41+07:00,2026-08-01 16:47:36+07:00,2026-08-01 16:47:39+07:00,
73,530122880107,C24,BD BÌNH HÒA,Transporting,0.0051,2026-08-01,2026-08-01 10:51:34+07:00,2026-08-01 14:32:29+07:00,2026-08-01 14:32:32+07:00,
74,530123240107,C24,BD BÌNH HÒA,Inbound,0.0063,2026-08-01,2026-08-01 15:22:00+07:00,,2026-07-30 22:04:17+07:00,2026-08-01 15:22:00+07:00
75,530123720108,C24,BD BÌNH HÒA,Transporting,0.0051,2026-08-01,2026-08-01 10:53:10+07:00,2026-08-01 14:34:20+07:00,2026-08-01 14:34:48+07:00,
76,530123920108,C24,BD BÌNH HÒA,Created,0.0146,2026-08-01,2026-08-01 10:53:10+07:00,,,
77,530124190107,C24,BD BÌNH HÒA,Inbound,0.0053,2026-08-01,2026-08-01 16:25:11+07:00,,2026-07-30 21:28:45+07:00,2026-08-01 16:25:11+07:00
78,530125070107,C24,BD BÌNH HÒA,Transporting,0.0076,2026-08-01,2026-07-31 22:30:46+07:00,2026-08-01 15:41:14+07:00,2026-08-01 15:41:14+07:00,
79,530127310108,C24,BD BÌNH HÒA,Transporting,0.01,2026-08-01,2026-08-01 08:54:01+07:00,2026-08-01 10:59:43+07:00,2026-08-01 15:59:59+07:00,
80,530127720108,C24,BD BÌNH HÒA,Created,0.009,2026-08-01,2026-08-01 14:50:45+07:00,,,
81,530130320108,C24,BD BÌNH HÒA,Created,0.006,2026-08-01,2026-08-01 12:20:36+07:00,,,
82,530132980107,C24,BD BÌNH HÒA,Inbound,0.0062,2026-08-01,2026-08-01 14:59:42+07:00,,2026-07-30 23:51:14+07:00,2026-08-01 14:59:42+07:00
83,530133580107,C24,BD BÌNH HÒA,Inbound,0.0065,2026-08-01,2026-08-01 15:36:15+07:00,,2026-07-30 21:57:11+07:00,2026-08-01 15:36:15+07:00
84,530134180107,C24,BD BÌNH HÒA,Inbound,0.0121,2026-08-01,2026-08-01 16:23:04+07:00,,2026-07-30 21:27:28+07:00,2026-08-01 16:23:04+07:00
85,530135720108,C24,BD BÌNH HÒA,Created,0.0059,2026-08-01,2026-08-01 16:28:16+07:00,,,
86,530138360107,C24,BD BÌNH HÒA,Inbound,0.0054,2026-08-01,2026-08-01 14:43:15+07:00,,2026-07-30 23:58:45+07:00,2026-08-01 14:43:15+07:00
87,530138720108,C24,BD BÌNH HÒA,Transporting,0.01,2026-08-01,2026-08-01 14:02:25+07:00,2026-08-01 15:19:48+07:00,2026-08-01 16:05:14+07:00,
88,530138910108,C24,BD BÌNH HÒA,Transporting,0.01,2026-08-01,2026-07-31 17:43:32+07:00,2026-08-01 08:45:00+07:00,2026-08-01 14:43:32+07:00,
89,530139710108,C24,BD BÌNH HÒA,Inbound,0.0075,2026-08-01,2026-07-31 22:08:09+07:00,2026-08-01 13:36:51+07:00,2026-08-01 13:36:50+07:00,2026-08-01 16:34:38+07:00
90,530140290107,C24,BD BÌNH HÒA,Created,0.0051,2026-08-01,2026-08-01 16:23:43+07:00,2026-08-01 16:34:19+07:00,,
91,530141170107,C24,BD BÌNH HÒA,Inbound,0.006,2026-08-01,2026-08-01 15:21:28+07:00,,2026-07-30 22:14:04+07:00,2026-08-01 15:21:28+07:00
92,530141270107,C24,BD BÌNH HÒA,Transporting,0.0064,2026-08-01,2026-08-01 08:18:02+07:00,2026-08-01 09:00:53+07:00,2026-08-01 12:31:26+07:00,
93,530141680107,C24,BD BÌNH HÒA,Created,0.0052,2026-08-01,2026-08-01 08:45:00+07:00,2026-08-01 15:23:57+07:00,,
94,530144920108,C24,BD BÌNH HÒA,Created,0.005,2026-08-01,2026-08-01 15:49:13+07:00,2026-08-01 16:38:54+07:00,,
95,530148520108,C24,BD BÌNH HÒA,Created,0.0055,2026-08-01,2026-08-01 15:03:11+07:00,,,
96,530149110108,C24,BD BÌNH HÒA,Transporting,0.0064,2026-08-01,2026-08-01 08:18:01+07:00,2026-08-01 09:02:39+07:00,2026-08-01 12:29:46+07:00,
97,530149760107,C24,BD BÌNH HÒA,Inbound,0.011,2026-08-01,2026-08-01 16:27:51+07:00,,2026-07-30 21:08:38+07:00,2026-08-01 16:27:51+07:00
98,530154080107,C24,BD BÌNH HÒA,Transporting,0.0059,2026-08-01,2026-08-01 09:44:46+07:00,2026-08-01 14:43:35+07:00,2026-08-01 14:43:39+07:00,
99,530154670107,C24,BD BÌNH HÒA,Created,0.0088,2026-08-01,2026-08-01 08:18:55+07:00,2026-08-01 10:58:57+07:00,,
100,530156480107,C24,BD BÌNH HÒA,Transporting,0.01,2026-08-01,2026-08-01 13:08:19+07:00,2026-08-01 14:54:21+07:00,2026-08-01 15:44:28+07:00,
101,530157080107,C24,BD BÌNH HÒA,Transporting,0.01,2026-08-01,2026-08-01 13:40:20+07:00,2026-08-01 15:22:45+07:00,2026-08-01 16:20:13+07:00,
102,530158280107,C24,BD BÌNH HÒA,Transporting,0.0085,2026-08-01,2026-08-01 13:03:03+07:00,2026-08-01 14:15:56+07:00,2026-08-01 14:16:28+07:00,
103,530158480107,C24,BD BÌNH HÒA,Transporting,0.0101,2026-08-01,2026-08-01 13:03:29+07:00,2026-08-01 15:10:13+07:00,2026-08-01 15:10:15+07:00,
104,530158710108,C24,BD BÌNH HÒA,Created,0.011,2026-08-01,2026-08-01 09:40:36+07:00,2026-08-01 16:39:57+07:00,,
105,530161880107,C24,BD BÌNH HÒA,Created,0.008,2026-08-01,2026-08-01 10:17:03+07:00,,,
106,530165250107,C24,BD BÌNH HÒA,Created,0.0442,2026-08-01,2026-07-31 05:57:10+07:00,2026-08-01 16:25:29+07:00,,
107,530168230107,C24,BD BÌNH HÒA,Inbound,0.006,2026-08-01,2026-08-01 15:08:26+07:00,,2026-07-30 23:45:28+07:00,2026-08-01 15:08:26+07:00
108,530170310108,C24,BD BÌNH HÒA,Created,0.006,2026-08-01,2026-08-01 10:20:01+07:00,2026-08-01 15:34:41+07:00,,
109,530170470107,C24,BD BÌNH HÒA,Created,0.007,2026-08-01,2026-08-01 07:15:44+07:00,2026-08-01 11:00:06+07:00,,
110,530174280107,C24,BD BÌNH HÒA,Created,0.0055,2026-08-01,2026-08-01 13:32:38+07:00,2026-08-01 15:21:45+07:00,,
111,530176180107,C24,BD BÌNH HÒA,Inbound,0.0062,2026-08-01,2026-08-01 14:55:17+07:00,,2026-07-30 23:56:55+07:00,2026-08-01 14:55:17+07:00
112,530177070107,C24,BD BÌNH HÒA,Created,0.0056,2026-08-01,2026-08-01 09:43:52+07:00,2026-08-01 11:26:33+07:00,,
113,530178110108,C24,BD BÌNH HÒA,Created,0.006,2026-08-01,2026-08-01 11:42:24+07:00,,,
114,530179280107,C24,BD BÌNH HÒA,Created,0.0098,2026-08-01,2026-08-01 15:51:38+07:00,2026-08-01 16:41:43+07:00,,
115,530183850107,C24,BD BÌNH HÒA,Created,0.016,2026-08-01,2026-07-31 08:09:02+07:00,2026-08-01 11:53:08+07:00,,
116,530184110108,C24,BD BÌNH HÒA,Created,0.0116,2026-08-01,2026-08-01 12:49:38+07:00,,,
117,530184510108,C24,BD BÌNH HÒA,Created,0.0084,2026-08-01,2026-08-01 12:53:22+07:00,,,
118,530184520108,C24,BD BÌNH HÒA,Created,0.005,2026-08-01,2026-08-01 15:18:44+07:00,,,
119,530184710108,C24,BD BÌNH HÒA,Created,0.0132,2026-08-01,2026-08-01 12:53:25+07:00,,,
120,530185310108,C24,BD BÌNH HÒA,Created,0.006,2026-08-01,2026-08-01 13:31:13+07:00,,,
121,530185370107,C24,BD BÌNH HÒA,Inbound,0.006,2026-08-01,2026-08-01 15:48:37+07:00,,2026-07-30 21:37:46+07:00,2026-08-01 15:48:37+07:00
122,530186510108,C24,BD BÌNH HÒA,Created,0.008,2026-08-01,2026-08-01 11:18:22+07:00,2026-08-01 11:22:25+07:00,,
123,530188280107,C24,BD BÌNH HÒA,Created,0.008,2026-08-01,2026-08-01 14:08:27+07:00,,,
124,530191310108,C24,BD BÌNH HÒA,Created,0.0065,2026-08-01,2026-08-01 13:08:30+07:00,,,
125,530197880107,C24,BD BÌNH HÒA,Created,0.011,2026-08-01,2026-08-01 15:59:03+07:00,,,
126,530199670107,C24,BD BÌNH HÒA,Created,0.018,2026-08-01,2026-08-01 10:22:35+07:00,,,
127,530200120108,C24,BD BÌNH HÒA,Created,0.01,2026-08-01,2026-08-01 13:35:42+07:00,2026-08-01 15:26:06+07:00,,
128,530200290107,C24,BD BÌNH HÒA,Created,0.0058,2026-08-01,2026-08-01 13:09:20+07:00,,,
129,530203490107,C24,BD BÌNH HÒA,Created,0.005,2026-08-01,2026-08-01 15:49:13+07:00,2026-08-01 16:37:55+07:00,,
130,530203680107,C24,BD BÌNH HÒA,Created,0.009,2026-08-01,2026-08-01 08:03:21+07:00,,,
131,530204720108,C24,BD BÌNH HÒA,Created,0.01,2026-08-01,2026-08-01 13:35:42+07:00,2026-08-01 15:26:29+07:00,,
132,530208720108,C24,BD BÌNH HÒA,Created,0.01,2026-08-01,2026-08-01 13:35:42+07:00,2026-08-01 15:26:31+07:00,,
133,530209920108,C24,BD BÌNH HÒA,Created,0.0132,2026-08-01,2026-08-01 13:57:58+07:00,,,
134,530211510108,C24,BD BÌNH HÒA,Transporting,0.008,2026-08-01,2026-08-01 07:56:12+07:00,2026-08-01 16:44:04+07:00,2026-08-01 16:44:05+07:00,
135,530211910108,C24,BD BÌNH HÒA,Transporting,0.0061,2026-08-01,2026-08-01 07:58:19+07:00,2026-08-01 15:30:33+07:00,2026-08-01 15:31:59+07:00,
136,530213080107,C24,BD BÌNH HÒA,Created,0.006,2026-08-01,2026-08-01 12:38:31+07:00,,,
137,530214480107,C24,BD BÌNH HÒA,Created,0.0066,2026-08-01,2026-08-01 09:44:30+07:00,2026-08-01 11:26:10+07:00,,
138,530214890107,C24,BD BÌNH HÒA,Created,0.0051,2026-08-01,2026-08-01 16:19:14+07:00,,,
139,530222970107,C24,BD BÌNH HÒA,Inbound,0.0055,2026-08-01,2026-08-01 15:04:20+07:00,,2026-07-30 23:51:42+07:00,2026-08-01 15:04:20+07:00
140,530226580107,C24,BD BÌNH HÒA,Inbound,0.0077,2026-08-01,2026-08-01 15:18:47+07:00,,2026-07-30 22:13:47+07:00,2026-08-01 15:18:47+07:00
141,530227310108,C24,BD BÌNH HÒA,Transporting,0.01,2026-08-01,2026-08-01 09:01:31+07:00,2026-08-01 10:12:15+07:00,2026-08-01 15:48:37+07:00,
142,530231280107,C24,BD BÌNH HÒA,Transporting,0.0051,2026-08-01,2026-08-01 08:19:13+07:00,2026-08-01 08:58:52+07:00,2026-08-01 12:29:41+07:00,
143,530231710108,C24,BD BÌNH HÒA,Created,0.0055,2026-08-01,2026-08-01 08:41:58+07:00,2026-08-01 09:59:13+07:00,,
144,530232290107,C24,BD BÌNH HÒA,Created,0.0081,2026-08-01,2026-08-01 14:05:06+07:00,,,
145,530235440107,C24,BD BÌNH HÒA,Inbound,0.01,2026-08-01,2026-08-01 15:56:01+07:00,,2026-07-30 21:35:42+07:00,2026-08-01 15:56:01+07:00
146,530237320108,C24,BD BÌNH HÒA,Transporting,0.0052,2026-08-01,2026-08-01 13:05:26+07:00,2026-08-01 14:01:56+07:00,2026-08-01 14:01:59+07:00,
147,530238280107,C24,BD BÌNH HÒA,Transporting,0.0055,2026-08-01,2026-08-01 11:58:13+07:00,2026-08-01 16:01:35+07:00,2026-08-01 16:21:24+07:00,
148,530240070107,C24,BD BÌNH HÒA,Transporting,0.008,2026-08-01,2026-08-01 07:37:42+07:00,2026-08-01 11:23:45+07:00,2026-08-01 15:27:07+07:00,
149,530240250107,C24,BD BÌNH HÒA,Inbound,0.0121,2026-08-01,2026-08-01 16:25:02+07:00,,2026-07-30 21:25:41+07:00,2026-08-01 16:25:02+07:00
150,530240320108,C24,BD BÌNH HÒA,Transporting,0.01,2026-08-01,2026-08-01 13:08:19+07:00,2026-08-01 14:54:13+07:00,2026-08-01 15:44:35+07:00,
151,530240520108,C24,BD BÌNH HÒA,Transporting,0.01,2026-08-01,2026-08-01 13:08:19+07:00,2026-08-01 14:52:34+07:00,2026-08-01 15:46:35+07:00,
152,530242040107,C24,BD BÌNH HÒA,Created,0.013,2026-08-01,2026-07-30 07:39:13+07:00,2026-08-01 10:23:54+07:00,,
153,530242080107,C24,BD BÌNH HÒA,Created,0.0074,2026-08-01,2026-08-01 08:38:37+07:00,2026-08-01 10:01:16+07:00,,
154,530242710108,C24,BD BÌNH HÒA,Created,0.0088,2026-08-01,2026-08-01 09:12:03+07:00,,,
155,530246270107,C24,BD BÌNH HÒA,Created,0.006,2026-08-01,2026-08-01 08:11:09+07:00,2026-08-01 08:20:56+07:00,,
156,530247080107,C24,BD BÌNH HÒA,Created,0.008,2026-08-01,2026-08-01 13:51:13+07:00,,,
157,530249070107,C24,BD BÌNH HÒA,Transporting,0.0052,2026-08-01,2026-08-01 08:18:01+07:00,2026-08-01 08:58:32+07:00,2026-08-01 12:30:11+07:00,
158,530249720108,C24,BD BÌNH HÒA,Created,0.005,2026-08-01,2026-08-01 16:04:32+07:00,2026-08-01 16:39:34+07:00,,
159,530250880107,C24,BD BÌNH HÒA,Created,0.006,2026-08-01,2026-08-01 09:18:46+07:00,2026-08-01 10:33:11+07:00,,
160,530251270107,C24,BD BÌNH HÒA,Created,0.006,2026-08-01,2026-08-01 07:44:36+07:00,2026-08-01 12:45:19+07:00,,
161,530254110108,C24,BD BÌNH HÒA,Inbound,0.0075,2026-08-01,2026-08-01 06:01:54+07:00,2026-08-01 13:37:10+07:00,2026-08-01 13:37:21+07:00,2026-08-01 16:34:25+07:00
162,530255110108,C24,BD BÌNH HÒA,Created,0.007,2026-08-01,2026-08-01 07:15:44+07:00,2026-08-01 11:00:05+07:00,,
163,530255680107,C24,BD BÌNH HÒA,Created,0.0125,2026-08-01,2026-08-01 10:21:31+07:00,,,
164,530258630107,C24,BD BÌNH HÒA,Transporting,0.0061,2026-08-01,2026-07-29 19:26:03+07:00,2026-08-01 13:13:44+07:00,2026-08-01 15:28:18+07:00,
165,530260280107,C24,BD BÌNH HÒA,Transporting,0.005,2026-08-01,2026-08-01 09:52:40+07:00,2026-08-01 14:22:16+07:00,2026-08-01 15:34:57+07:00,
166,530260680107,C24,BD BÌNH HÒA,Created,0.0076,2026-08-01,2026-08-01 09:53:04+07:00,2026-08-01 12:48:10+07:00,,
167,530263480107,C24,BD BÌNH HÒA,Created,0.007,2026-08-01,2026-08-01 13:48:04+07:00,2026-08-01 15:36:06+07:00,,
168,530264510108,C24,BD BÌNH HÒA,Transporting,0.006,2026-08-01,2026-08-01 08:54:31+07:00,2026-08-01 16:48:33+07:00,2026-08-01 16:49:00+07:00,
169,530265710108,C24,BD BÌNH HÒA,Created,0.0059,2026-08-01,2026-08-01 08:08:08+07:00,2026-08-01 10:10:35+07:00,,
170,530267280107,C24,BD BÌNH HÒA,Created,0.0089,2026-08-01,2026-08-01 11:13:05+07:00,,,
171,530268310108,C24,BD BÌNH HÒA,Created,0.0053,2026-08-01,2026-08-01 08:34:34+07:00,2026-08-01 11:20:36+07:00,,
172,530274910108,C24,BD BÌNH HÒA,Transporting,0.0075,2026-08-01,2026-08-01 10:40:42+07:00,2026-08-01 11:58:37+07:00,2026-08-01 12:14:45+07:00,
173,530278710108,C24,BD BÌNH HÒA,Created,0.0238,2026-08-01,2026-08-01 12:03:09+07:00,,,
174,530279030107,C24,BD BÌNH HÒA,Inbound,0.0065,2026-08-01,2026-08-01 15:30:05+07:00,,2026-07-30 21:57:21+07:00,2026-08-01 15:30:05+07:00
175,530284520108,C24,BD BÌNH HÒA,Created,0.0367,2026-08-01,2026-08-01 15:25:50+07:00,,,
176,530286640107,C24,BD BÌNH HÒA,Inbound,0.006,2026-08-01,2026-08-01 14:59:40+07:00,,2026-07-30 23:53:45+07:00,2026-08-01 14:59:40+07:00
177,530286870107,C24,BD BÌNH HÒA,Created,0.0056,2026-08-01,2026-08-01 09:43:52+07:00,2026-08-01 11:26:28+07:00,,
178,530287700108,C24,BD BÌNH HÒA,Transporting,0.0105,2026-08-01,2026-08-01 06:07:37+07:00,2026-08-01 11:37:11+07:00,2026-08-01 14:12:24+07:00,
179,530288310108,C24,BD BÌNH HÒA,Created,0.0091,2026-08-01,2026-08-01 11:46:54+07:00,,,
180,530291510108,C24,BD BÌNH HÒA,Transporting,0.006,2026-08-01,2026-08-01 13:11:17+07:00,2026-08-01 15:41:46+07:00,2026-08-01 16:44:32+07:00,
181,530292310108,C24,BD BÌNH HÒA,Created,0.0064,2026-08-01,2026-08-01 12:59:36+07:00,2026-08-01 15:28:29+07:00,,
182,530293670107,C24,BD BÌNH HÒA,Created,0.006,2026-08-01,2026-08-01 10:12:08+07:00,,,
183,530301520108,C24,BD BÌNH HÒA,Created,0.0133,2026-08-01,2026-08-01 14:05:03+07:00,,,
184,530303110108,C24,BD BÌNH HÒA,Created,0.012,2026-08-01,2026-08-01 07:04:53+07:00,,,
185,530303280107,C24,BD BÌNH HÒA,Created,0.0144,2026-08-01,2026-08-01 08:04:44+07:00,,,
186,530303880107,C24,BD BÌNH HÒA,Inbound,0.0085,2026-08-01,2026-08-01 08:05:00+07:00,2026-08-01 13:39:11+07:00,2026-08-01 13:39:30+07:00,2026-08-01 16:49:55+07:00
187,530305520108,C24,BD BÌNH HÒA,Created,0.0084,2026-08-01,2026-08-01 14:13:07+07:00,,,
188,530306920108,C24,BD BÌNH HÒA,Transporting,0.005,2026-08-01,2026-08-01 09:50:41+07:00,2026-08-01 11:03:33+07:00,2026-08-01 15:25:51+07:00,
189,530308120108,C24,BD BÌNH HÒA,Transporting,0.01,2026-08-01,2026-08-01 13:35:42+07:00,2026-08-01 15:25:58+07:00,2026-08-01 16:47:05+07:00,
190,530308710108,C24,BD BÌNH HÒA,Transporting,0.0071,2026-08-01,2026-08-01 00:35:48+07:00,2026-08-01 16:48:37+07:00,2026-08-01 16:48:40+07:00,
191,530310120108,C24,BD BÌNH HÒA,Created,0.011,2026-08-01,2026-08-01 10:57:48+07:00,2026-08-01 11:20:08+07:00,,
192,530311110108,C24,BD BÌNH HÒA,Created,0.012,2026-08-01,2026-08-01 08:00:34+07:00,2026-08-01 08:21:33+07:00,,
193,530314120108,C24,BD BÌNH HÒA,Created,0.006,2026-08-01,2026-08-01 14:00:35+07:00,,,
194,530324080107,C24,BD BÌNH HÒA,Created,0.007,2026-08-01,2026-08-01 10:46:46+07:00,,,
195,530324880107,C24,BD BÌNH HÒA,Created,0.008,2026-08-01,2026-08-01 10:50:16+07:00,,,
196,530325120108,C24,BD BÌNH HÒA,Transporting,0.0085,2026-08-01,2026-08-01 12:01:43+07:00,2026-08-01 14:16:01+07:00,2026-08-01 14:16:15+07:00,
197,530327510108,C24,BD BÌNH HÒA,Created,0.007,2026-08-01,2026-08-01 09:07:19+07:00,2026-08-01 09:27:04+07:00,,
198,530329510108,C24,BD BÌNH HÒA,Created,0.01,2026-08-01,2026-08-01 08:33:29+07:00,2026-08-01 11:00:41+07:00,,
199,530330720108,C24,BD BÌNH HÒA,Created,0.0057,2026-08-01,2026-08-01 12:28:30+07:00,,,
200,530332290107,C24,BD BÌNH HÒA,Created,0.006,2026-08-01,2026-08-01 14:05:56+07:00,,,
201,530337890107,C24,BD BÌNH HÒA,Created,0.016,2026-08-01,2026-08-01 14:57:54+07:00,,,
202,530338680107,C24,BD BÌNH HÒA,Created,0.0085,2026-08-01,2026-08-01 12:04:09+07:00,2026-08-01 16:40:31+07:00,,
203,530339720108,C24,BD BÌNH HÒA,Created,0.006,2026-08-01,2026-08-01 14:55:45+07:00,,,
204,530340510108,C24,BD BÌNH HÒA,Created,0.0106,2026-08-01,2026-08-01 08:41:55+07:00,2026-08-01 10:21:13+07:00,,
205,530342110108,C24,BD BÌNH HÒA,Created,0.0085,2026-08-01,2026-08-01 09:13:31+07:00,2026-08-01 11:00:13+07:00,,
206,530345270107,C24,BD BÌNH HÒA,Created,0.0082,2026-08-01,2026-08-01 07:40:06+07:00,,,
207,530347070107,C24,BD BÌNH HÒA,Transporting,0.005,2026-08-01,2026-08-01 09:02:31+07:00,2026-08-01 11:25:45+07:00,2026-08-01 15:27:42+07:00,
208,530348380107,C24,BD BÌNH HÒA,Inbound,0.0065,2026-08-01,2026-08-01 14:43:50+07:00,,2026-07-30 22:04:57+07:00,2026-08-01 14:43:50+07:00
209,530349080107,C24,BD BÌNH HÒA,Transporting,0.011,2026-08-01,2026-08-01 09:41:57+07:00,2026-08-01 15:04:10+07:00,2026-08-01 15:04:22+07:00,
210,530350490107,C24,BD BÌNH HÒA,Created,0.0085,2026-08-01,2026-08-01 15:56:40+07:00,,,
211,530355070107,C24,BD BÌNH HÒA,Created,0.0056,2026-08-01,2026-08-01 09:43:52+07:00,2026-08-01 11:26:34+07:00,,
212,530355270107,C24,BD BÌNH HÒA,Created,0.0056,2026-08-01,2026-08-01 09:43:52+07:00,2026-08-01 11:26:55+07:00,,
213,530355470107,C24,BD BÌNH HÒA,Transporting,0.0065,2026-08-01,2026-08-01 09:45:49+07:00,2026-08-01 15:10:08+07:00,2026-08-01 15:10:09+07:00,
214,530355670107,C24,BD BÌNH HÒA,Created,0.0056,2026-08-01,2026-08-01 09:45:53+07:00,2026-08-01 11:25:44+07:00,,
215,530360320108,C24,BD BÌNH HÒA,Created,0.005,2026-08-01,2026-08-01 16:04:32+07:00,2026-08-01 16:39:35+07:00,,
216,530362520108,C24,BD BÌNH HÒA,Created,0.0098,2026-08-01,2026-08-01 16:04:32+07:00,2026-08-01 16:39:45+07:00,,
217,530365320108,C24,BD BÌNH HÒA,Transporting,0.0078,2026-08-01,2026-08-01 14:00:17+07:00,2026-08-01 16:47:20+07:00,2026-08-01 16:47:22+07:00,
218,530366640107,C24,BD BÌNH HÒA,Inbound,0.0053,2026-08-01,2026-08-01 15:26:44+07:00,,2026-07-30 22:02:46+07:00,2026-08-01 15:26:44+07:00
219,530367880107,C24,BD BÌNH HÒA,Created,0.01,2026-08-01,2026-08-01 11:18:51+07:00,,,
220,530371680107,C24,BD BÌNH HÒA,Transporting,0.02,2026-08-01,2026-08-01 14:13:08+07:00,2026-08-01 15:10:39+07:00,2026-08-01 16:02:47+07:00,
221,530376670107,C24,BD BÌNH HÒA,Transporting,0.0103,2026-08-01,2026-08-01 08:44:36+07:00,2026-08-01 13:16:41+07:00,2026-08-01 15:28:33+07:00,
222,530378480107,C24,BD BÌNH HÒA,Created,0.01,2026-08-01,2026-08-01 14:46:17+07:00,2026-08-01 16:49:33+07:00,,
223,530378670107,C24,BD BÌNH HÒA,Created,0.0113,2026-08-01,2026-08-01 08:29:42+07:00,2026-08-01 11:10:56+07:00,,
224,530383670107,C24,BD BÌNH HÒA,Transporting,0.01,2026-08-01,2026-08-01 08:54:01+07:00,2026-08-01 10:59:36+07:00,2026-08-01 15:59:51+07:00,
225,530385870107,C24,BD BÌNH HÒA,Created,0.0066,2026-08-01,2026-08-01 09:43:13+07:00,2026-08-01 11:27:28+07:00,,
226,530388270107,C24,BD BÌNH HÒA,Created,0.0089,2026-08-01,2026-07-31 17:48:07+07:00,2026-08-01 11:39:24+07:00,,
227,530388390107,C24,BD BÌNH HÒA,Created,0.0055,2026-08-01,2026-07-31 08:54:20+07:00,2026-08-01 16:20:00+07:00,,
228,530389280107,C24,BD BÌNH HÒA,Created,0.0085,2026-08-01,2026-08-01 15:33:23+07:00,,,
229,530390280107,C24,BD BÌNH HÒA,Transporting,0.0093,2026-08-01,2026-08-01 14:33:29+07:00,2026-08-01 14:36:37+07:00,2026-08-01 15:55:59+07:00,
230,530394110108,C24,BD BÌNH HÒA,Created,0.0139,2026-08-01,2026-08-01 13:31:21+07:00,2026-08-01 16:40:17+07:00,,
231,530395080107,C24,BD BÌNH HÒA,Created,0.013,2026-08-01,2026-08-01 15:58:41+07:00,,,
232,530395240107,C24,BD BÌNH HÒA,Inbound,0.0055,2026-08-01,2026-08-01 15:07:10+07:00,,2026-07-30 23:48:13+07:00,2026-08-01 15:07:10+07:00
233,530398510108,C24,BD BÌNH HÒA,Created,0.006,2026-08-01,2026-08-01 12:26:54+07:00,2026-08-01 14:54:15+07:00,,
234,530399110108,C24,BD BÌNH HÒA,Created,0.0103,2026-08-01,2026-08-01 13:09:56+07:00,2026-08-01 16:48:28+07:00,,
235,530399710108,C24,BD BÌNH HÒA,Transporting,0.02,2026-08-01,2026-08-01 13:14:26+07:00,2026-08-01 15:38:21+07:00,2026-08-01 15:52:01+07:00,
236,530400690107,C24,BD BÌNH HÒA,Transporting,0.008,2026-08-01,2026-08-01 13:13:58+07:00,2026-08-01 15:58:12+07:00,2026-08-01 16:27:18+07:00,
237,530404480107,C24,BD BÌNH HÒA,Created,0.0058,2026-08-01,2026-08-01 10:14:20+07:00,,,
238,530407680107,C24,BD BÌNH HÒA,Created,0.006,2026-08-01,2026-08-01 12:14:59+07:00,,,
239,530410720108,C24,BD BÌNH HÒA,Created,0.0126,2026-08-01,2026-08-01 11:01:13+07:00,2026-08-01 15:11:17+07:00,,
240,530413920108,C24,BD BÌNH HÒA,Created,0.0072,2026-08-01,2026-08-01 13:46:10+07:00,2026-08-01 16:40:07+07:00,,
241,530414490107,C24,BD BÌNH HÒA,Created,0.0081,2026-08-01,2026-08-01 16:39:49+07:00,,,
242,530415080107,C24,BD BÌNH HÒA,Created,0.006,2026-08-01,2026-08-01 10:50:05+07:00,,,
243,530416120108,C24,BD BÌNH HÒA,Transporting,0.01,2026-08-01,2026-08-01 13:40:20+07:00,2026-08-01 15:20:45+07:00,2026-08-01 16:20:19+07:00,
244,530419510108,C24,BD BÌNH HÒA,Transporting,0.006,2026-08-01,2026-08-01 08:12:01+07:00,2026-08-01 09:22:53+07:00,2026-08-01 16:26:14+07:00,
245,530419720108,C24,BD BÌNH HÒA,Transporting,0.01,2026-08-01,2026-08-01 14:07:50+07:00,2026-08-01 15:11:49+07:00,2026-08-01 16:00:54+07:00,
246,530420320108,C24,BD BÌNH HÒA,Transporting,0.0085,2026-08-01,2026-08-01 14:03:18+07:00,2026-08-01 16:45:43+07:00,2026-08-01 16:45:59+07:00,
247,530423120108,C24,BD BÌNH HÒA,Created,0.0089,2026-08-01,2026-08-01 10:57:59+07:00,,,
248,530424480107,C24,BD BÌNH HÒA,Transporting,0.0068,2026-08-01,2026-08-01 10:53:09+07:00,2026-08-01 15:03:14+07:00,2026-08-01 15:03:19+07:00,
249,530425920108,C24,BD BÌNH HÒA,Created,0.0085,2026-08-01,2026-08-01 12:04:09+07:00,2026-08-01 16:49:02+07:00,,
250,530428720108,C24,BD BÌNH HÒA,Created,0.0151,2026-08-01,2026-08-01 14:33:25+07:00,,,
251,530429110108,C24,BD BÌNH HÒA,Transporting,0.01,2026-08-01,2026-08-01 08:37:39+07:00,2026-08-01 10:20:21+07:00,2026-08-01 16:24:12+07:00,
252,530430240107,C24,BD BÌNH HÒA,Inbound,0.008,2026-08-01,2026-08-01 14:59:05+07:00,,2026-07-30 23:49:21+07:00,2026-08-01 14:59:05+07:00
253,530430280107,C24,BD BÌNH HÒA,Transporting,0.008,2026-08-01,2026-08-01 07:35:19+07:00,2026-08-01 11:23:30+07:00,2026-08-01 15:27:00+07:00,
254,530430710108,C24,BD BÌNH HÒA,Created,0.0064,2026-08-01,2026-08-01 08:09:41+07:00,2026-08-01 14:42:17+07:00,,
255,530431920108,C24,BD BÌNH HÒA,Transporting,0.0051,2026-08-01,2026-08-01 13:04:54+07:00,2026-08-01 14:37:59+07:00,2026-08-01 14:38:05+07:00,
256,530433080107,C24,BD BÌNH HÒA,Created,0.0095,2026-08-01,2026-08-01 10:26:35+07:00,2026-08-01 14:41:18+07:00,,
257,530435380107,C24,BD BÌNH HÒA,Inbound,0.0055,2026-08-01,2026-08-01 16:40:57+07:00,,2026-07-30 21:04:02+07:00,2026-08-01 16:40:57+07:00
258,530435710108,C24,BD BÌNH HÒA,Created,0.0066,2026-08-01,2026-08-01 09:43:13+07:00,2026-08-01 11:27:23+07:00,,
259,530435780107,C24,BD BÌNH HÒA,Inbound,0.0062,2026-08-01,2026-08-01 16:36:00+07:00,,2026-07-30 21:07:37+07:00,2026-08-01 16:36:00+07:00
260,530437850107,C24,BD BÌNH HÒA,Inbound,0.0055,2026-08-01,2026-08-01 14:59:34+07:00,,2026-07-30 23:54:31+07:00,2026-08-01 14:59:34+07:00
261,530440110108,C24,BD BÌNH HÒA,Transporting,0.01,2026-08-01,2026-08-01 08:44:30+07:00,2026-08-01 10:58:10+07:00,2026-08-01 16:04:33+07:00,
262,530440480107,C24,BD BÌNH HÒA,Created,0.0053,2026-08-01,2026-08-01 08:34:35+07:00,2026-08-01 11:20:29+07:00,,
263,530440520108,C24,BD BÌNH HÒA,Created,0.007,2026-08-01,2026-08-01 13:08:30+07:00,,,
264,530441480107,C24,BD BÌNH HÒA,Transporting,0.0073,2026-08-01,2026-08-01 08:53:52+07:00,2026-08-01 13:11:24+07:00,2026-08-01 15:28:18+07:00,
265,530442870107,C24,BD BÌNH HÒA,Created,0.0142,2026-08-01,2026-07-31 20:54:57+07:00,2026-08-01 13:27:15+07:00,,
266,530443510108,C24,BD BÌNH HÒA,Created,0.0101,2026-08-01,2026-08-01 10:39:25+07:00,,,
267,530444120108,C24,BD BÌNH HÒA,Created,0.0095,2026-08-01,2026-08-01 16:01:03+07:00,,,
268,530445480107,C24,BD BÌNH HÒA,Created,0.008,2026-08-01,2026-08-01 14:02:39+07:00,,,
269,530445690107,C24,BD BÌNH HÒA,Created,0.005,2026-08-01,2026-08-01 15:49:13+07:00,2026-08-01 16:38:49+07:00,,
270,530448120108,C24,BD BÌNH HÒA,Created,0.0187,2026-08-01,2026-08-01 15:18:46+07:00,2026-08-01 15:36:20+07:00,,
271,530449880107,C24,BD BÌNH HÒA,Created,0.0066,2026-08-01,2026-08-01 09:43:13+07:00,2026-08-01 11:27:12+07:00,,
272,530451520108,C24,BD BÌNH HÒA,Created,0.008,2026-08-01,2026-08-01 13:51:13+07:00,,,
273,530452520108,C24,BD BÌNH HÒA,Created,0.006,2026-08-01,2026-08-01 13:38:24+07:00,2026-08-01 14:54:21+07:00,,
274,530454710108,C24,BD BÌNH HÒA,Created,0.0053,2026-08-01,2026-08-01 06:41:11+07:00,2026-08-01 16:47:06+07:00,,
275,530454720108,C24,BD BÌNH HÒA,Created,0.0102,2026-08-01,2026-08-01 16:06:15+07:00,,,
276,530455910108,C24,BD BÌNH HÒA,Created,0.0625,2026-08-01,2026-08-01 07:25:11+07:00,,,
277,530458250107,C24,BD BÌNH HÒA,Inbound,0.007,2026-08-01,2026-08-01 16:27:21+07:00,,2026-07-30 21:11:15+07:00,2026-08-01 16:27:21+07:00
278,530458450107,C24,BD BÌNH HÒA,Inbound,0.006,2026-08-01,2026-08-01 16:36:08+07:00,,2026-07-30 21:08:11+07:00,2026-08-01 16:36:08+07:00
279,530459680107,C24,BD BÌNH HÒA,Created,0.0053,2026-08-01,2026-08-01 13:42:14+07:00,2026-08-01 16:48:19+07:00,,
280,530460290107,C24,BD BÌNH HÒA,Created,0.0068,2026-08-01,2026-08-01 16:34:14+07:00,,,
281,530460680107,C24,BD BÌNH HÒA,Transporting,0.0085,2026-08-01,2026-08-01 09:58:16+07:00,2026-08-01 16:03:59+07:00,2026-08-01 16:06:03+07:00,
282,530464710108,C24,BD BÌNH HÒA,Created,0.0073,2026-08-01,2026-08-01 08:01:16+07:00,2026-08-01 13:53:15+07:00,,
283,530466270107,C24,BD BÌNH HÒA,Transporting,0.008,2026-08-01,2026-08-01 08:02:15+07:00,2026-08-01 13:53:57+07:00,2026-08-01 13:54:09+07:00,
284,530467670107,C24,BD BÌNH HÒA,Transporting,0.01,2026-08-01,2026-08-01 08:37:39+07:00,2026-08-01 10:21:00+07:00,2026-08-01 16:24:46+07:00,
285,530469710108,C24,BD BÌNH HÒA,Transporting,0.0101,2026-08-01,2026-08-01 09:44:46+07:00,2026-08-01 14:51:21+07:00,2026-08-01 14:51:39+07:00,
286,530470670107,C24,BD BÌNH HÒA,Created,0.0064,2026-08-01,2026-08-01 07:48:16+07:00,,,
287,530471670107,C24,BD BÌNH HÒA,Created,0.014,2026-08-01,2026-08-01 08:21:00+07:00,2026-08-01 16:37:40+07:00,,
288,530476280107,C24,BD BÌNH HÒA,Created,0.0088,2026-08-01,2026-08-01 12:25:46+07:00,,,
289,530480520108,C24,BD BÌNH HÒA,Created,0.0054,2026-08-01,2026-08-01 15:07:22+07:00,,,
290,530480880107,C24,BD BÌNH HÒA,Transporting,0.0055,2026-08-01,2026-08-01 11:58:13+07:00,2026-08-01 16:01:57+07:00,2026-08-01 16:22:23+07:00,
291,530484470107,C24,BD BÌNH HÒA,Created,0.0113,2026-08-01,2026-08-01 08:56:25+07:00,,,
292,530485080107,C24,BD BÌNH HÒA,Created,0.0085,2026-08-01,2026-08-01 15:58:01+07:00,,,
293,530485720108,C24,BD BÌNH HÒA,Created,0.0105,2026-08-01,2026-08-01 15:53:45+07:00,,,
294,530485870107,C24,BD BÌNH HÒA,Transporting,0.0101,2026-08-01,2026-08-01 09:47:38+07:00,2026-08-01 14:51:47+07:00,2026-08-01 14:51:49+07:00,
295,530486110108,C24,BD BÌNH HÒA,Created,0.0116,2026-08-01,2026-08-01 11:35:31+07:00,,,
296,530489080107,C24,BD BÌNH HÒA,Created,0.0081,2026-08-01,2026-08-01 15:38:48+07:00,,,
297,530493080107,C24,BD BÌNH HÒA,Created,0.0064,2026-08-01,2026-08-01 15:07:22+07:00,,,
298,530493700108,C24,BD BÌNH HÒA,Transporting,0.01,2026-08-01,2026-08-01 07:29:37+07:00,2026-08-01 10:11:21+07:00,2026-08-01 15:49:30+07:00,
299,530494480107,C24,BD BÌNH HÒA,Created,0.0098,2026-08-01,2026-08-01 15:15:24+07:00,2026-08-01 16:43:17+07:00,,
300,530496270107,C24,BD BÌNH HÒA,Created,0.0088,2026-08-01,2026-08-01 09:23:06+07:00,,,
301,530496880107,C24,BD BÌNH HÒA,Transporting,0.0051,2026-08-01,2026-08-01 15:08:54+07:00,2026-08-01 16:44:13+07:00,2026-08-01 16:44:26+07:00,
302,530499510108,C24,BD BÌNH HÒA,Created,0.0094,2026-08-01,2026-08-01 13:19:10+07:00,,,
303,530501290107,C24,BD BÌNH HÒA,Created,0.01,2026-08-01,2026-08-01 13:32:16+07:00,2026-08-01 15:28:35+07:00,,
304,530502310108,C24,BD BÌNH HÒA,Created,0.0094,2026-08-01,2026-07-31 17:35:42+07:00,2026-08-01 11:48:49+07:00,,
305,530502520108,C24,BD BÌNH HÒA,Transporting,0.02,2026-08-01,2026-08-01 13:14:26+07:00,2026-08-01 15:38:52+07:00,2026-08-01 15:52:41+07:00,
306,530503790107,C24,BD BÌNH HÒA,Inbound,0.0053,2026-08-01,2026-08-01 15:59:40+07:00,,2026-07-30 21:26:27+07:00,2026-08-01 15:59:40+07:00
307,530505250107,C24,BD BÌNH HÒA,Inbound,0.0055,2026-08-01,2026-08-01 15:25:24+07:00,,2026-07-30 22:01:32+07:00,2026-08-01 15:25:24+07:00
308,530506720108,C24,BD BÌNH HÒA,Created,0.0094,2026-08-01,2026-08-01 09:52:32+07:00,2026-08-01 13:28:56+07:00,,
309,530507490107,C24,BD BÌNH HÒA,Created,0.0112,2026-08-01,2026-08-01 16:43:19+07:00,,,
310,530508120108,C24,BD BÌNH HÒA,Created,0.0081,2026-08-01,2026-08-01 13:39:48+07:00,,,
311,530509280107,C24,BD BÌNH HÒA,Created,0.012,2026-08-01,2026-08-01 11:40:46+07:00,,,
312,530511110108,C24,BD BÌNH HÒA,Inbound,0.0085,2026-08-01,2026-08-01 08:01:42+07:00,2026-08-01 13:39:14+07:00,2026-08-01 13:39:20+07:00,2026-08-01 16:45:13+07:00
313,530514520108,C24,BD BÌNH HÒA,Transporting,0.01,2026-08-01,2026-08-01 14:02:25+07:00,2026-08-01 15:19:41+07:00,2026-08-01 16:05:28+07:00,
314,530518080107,C24,BD BÌNH HÒA,Created,0.0061,2026-08-01,2026-08-01 11:01:50+07:00,,,
315,530518910108,C24,BD BÌNH HÒA,Created,0.0059,2026-08-01,2026-08-01 06:58:17+07:00,,,
316,530521890107,C24,BD BÌNH HÒA,Transporting,0.01,2026-08-01,2026-08-01 14:07:50+07:00,2026-08-01 15:11:50+07:00,2026-08-01 16:00:52+07:00,
317,530524780107,C24,BD BÌNH HÒA,Inbound,0.0053,2026-08-01,2026-08-01 15:52:10+07:00,,2026-07-30 21:33:59+07:00,2026-08-01 15:52:10+07:00
318,530526290107,C24,BD BÌNH HÒA,Created,0.0058,2026-08-01,2026-08-01 16:28:16+07:00,,,
319,530527870107,C24,BD BÌNH HÒA,Transporting,0.0103,2026-08-01,2026-07-31 21:51:17+07:00,2026-08-01 13:25:59+07:00,2026-08-01 15:28:48+07:00,
320,530536680107,C24,BD BÌNH HÒA,Created,0.012,2026-08-01,2026-08-01 11:24:57+07:00,2026-08-01 15:37:35+07:00,,
321,530537280107,C24,BD BÌNH HÒA,Created,0.0103,2026-08-01,2026-08-01 12:59:36+07:00,2026-08-01 15:26:05+07:00,,
322,530540670107,C24,BD BÌNH HÒA,Inbound,0.0085,2026-08-01,2026-08-01 08:02:15+07:00,2026-08-01 13:39:12+07:00,2026-08-01 13:39:21+07:00,2026-08-01 16:44:26+07:00
323,530540870107,C24,BD BÌNH HÒA,Inbound,0.0051,2026-08-01,2026-08-01 08:02:16+07:00,2026-08-01 13:33:37+07:00,2026-08-01 13:34:04+07:00,2026-08-01 16:40:48+07:00
324,530540880107,C24,BD BÌNH HÒA,Created,0.01,2026-08-01,2026-08-01 08:36:38+07:00,2026-08-01 11:01:03+07:00,,
325,530542870107,C24,BD BÌNH HÒA,Transporting,0.0103,2026-08-01,2026-07-31 22:04:36+07:00,2026-08-01 13:17:29+07:00,2026-08-01 15:28:37+07:00,
326,530543310108,C24,BD BÌNH HÒA,Transporting,0.0051,2026-08-01,2026-08-01 10:53:42+07:00,2026-08-01 14:34:11+07:00,2026-08-01 14:34:39+07:00,
327,530547270107,C24,BD BÌNH HÒA,Created,0.006,2026-08-01,2026-08-01 09:21:47+07:00,2026-08-01 14:21:11+07:00,,
328,530548710108,C24,BD BÌNH HÒA,Transporting,0.0155,2026-08-01,2026-08-01 08:02:15+07:00,2026-08-01 13:56:53+07:00,2026-08-01 13:56:53+07:00,
329,530548790107,C24,BD BÌNH HÒA,Inbound,0.0055,2026-08-01,2026-08-01 16:23:59+07:00,,2026-07-30 21:28:42+07:00,2026-08-01 16:23:59+07:00
330,530549840107,C24,BD BÌNH HÒA,Inbound,0.0055,2026-08-01,2026-08-01 14:59:27+07:00,,2026-07-30 23:54:59+07:00,2026-08-01 14:59:27+07:00
331,530551310108,C24,BD BÌNH HÒA,Created,0.007,2026-08-01,2026-08-01 10:07:18+07:00,2026-08-01 16:29:35+07:00,,
332,530551770107,C24,BD BÌNH HÒA,Inbound,0.006,2026-08-01,2026-08-01 14:42:13+07:00,,2026-07-31 00:21:27+07:00,2026-08-01 14:42:13+07:00
333,530554110108,C24,BD BÌNH HÒA,Inbound,0.036,2026-08-01,2026-08-01 06:48:20+07:00,2026-08-01 14:04:31+07:00,,2026-08-01 15:07:32+07:00
334,530558450107,C24,BD BÌNH HÒA,Inbound,0.006,2026-08-01,2026-08-01 15:20:58+07:00,,2026-07-30 22:13:51+07:00,2026-08-01 15:20:58+07:00
335,530559510108,C24,BD BÌNH HÒA,Created,0.0062,2026-08-01,2026-08-01 11:21:03+07:00,,,
336,530560720108,C24,BD BÌNH HÒA,Created,0.0102,2026-08-01,2026-08-01 16:34:14+07:00,,,
337,530565110108,C24,BD BÌNH HÒA,Created,0.0084,2026-08-01,2026-08-01 08:09:55+07:00,2026-08-01 10:51:19+07:00,,
338,530567270107,C24,BD BÌNH HÒA,Transporting,0.01,2026-08-01,2026-08-01 08:37:39+07:00,2026-08-01 10:21:18+07:00,2026-08-01 16:25:02+07:00,
339,530571990107,C24,BD BÌNH HÒA,Created,0.015,2026-08-01,2026-07-31 12:14:32+07:00,2026-08-01 15:00:04+07:00,,
340,530573580107,C24,BD BÌNH HÒA,Inbound,0.0055,2026-08-01,2026-08-01 15:50:49+07:00,,2026-07-30 21:28:23+07:00,2026-08-01 15:50:49+07:00
341,530575110108,C24,BD BÌNH HÒA,Created,0.0147,2026-08-01,2026-08-01 12:20:50+07:00,,,
342,530575480107,C24,BD BÌNH HÒA,Created,0.0054,2026-08-01,2026-08-01 14:02:11+07:00,,,
343,530576870107,C24,BD BÌNH HÒA,Created,0.006,2026-08-01,2026-08-01 09:06:08+07:00,2026-08-01 14:45:11+07:00,,
344,530578110108,C24,BD BÌNH HÒA,Created,0.011,2026-08-01,2026-08-01 12:14:39+07:00,,,
345,530584320108,C24,BD BÌNH HÒA,Created,0.0101,2026-08-01,2026-08-01 15:33:48+07:00,,,
346,530585520108,C24,BD BÌNH HÒA,Transporting,0.008,2026-08-01,2026-08-01 15:55:30+07:00,2026-08-01 15:59:31+07:00,2026-08-01 16:27:50+07:00,
347,530588030107,C24,BD BÌNH HÒA,Inbound,0.006,2026-08-01,2026-08-01 14:54:37+07:00,,2026-07-30 23:54:01+07:00,2026-08-01 14:54:37+07:00
348,530589270107,C24,BD BÌNH HÒA,Transporting,0.0117,2026-08-01,2026-07-31 21:48:40+07:00,2026-08-01 15:43:18+07:00,2026-08-01 15:43:17+07:00,
349,530591880107,C24,BD BÌNH HÒA,Created,0.0096,2026-08-01,2026-08-01 16:04:32+07:00,2026-08-01 16:39:48+07:00,,
350,530594970107,C24,BD BÌNH HÒA,Inbound,0.006,2026-08-01,2026-08-01 15:48:13+07:00,,2026-07-30 21:55:05+07:00,2026-08-01 15:48:13+07:00
351,530595710108,C24,BD BÌNH HÒA,Created,0.005,2026-08-01,2026-08-01 14:07:57+07:00,,,
352,530599370107,C24,BD BÌNH HÒA,Inbound,0.008,2026-08-01,2026-08-01 15:02:42+07:00,,2026-07-30 23:48:34+07:00,2026-08-01 15:02:42+07:00
353,530599680107,C24,BD BÌNH HÒA,Transporting,0.01,2026-08-01,2026-08-01 13:28:00+07:00,2026-08-01 15:27:07+07:00,2026-08-01 16:37:06+07:00,
354,530600720108,C24,BD BÌNH HÒA,Created,0.0078,2026-08-01,2026-08-01 13:48:01+07:00,,,
355,530603520108,C24,BD BÌNH HÒA,Created,0.017,2026-08-01,2026-08-01 13:59:02+07:00,,,
356,530603910108,C24,BD BÌNH HÒA,Transporting,0.01,2026-08-01,2026-08-01 07:29:37+07:00,2026-08-01 10:11:46+07:00,2026-08-01 15:49:05+07:00,
357,530605680107,C24,BD BÌNH HÒA,Transporting,0.01,2026-08-01,2026-08-01 12:00:12+07:00,2026-08-01 14:42:24+07:00,2026-08-01 14:42:24+07:00,
358,530606280107,C24,BD BÌNH HÒA,Transporting,0.0051,2026-08-01,2026-08-01 10:53:10+07:00,2026-08-01 14:34:12+07:00,2026-08-01 14:34:39+07:00,
359,530609480107,C24,BD BÌNH HÒA,Created,0.0059,2026-08-01,2026-08-01 11:51:45+07:00,2026-08-01 14:58:41+07:00,,
360,530612090107,C24,BD BÌNH HÒA,Created,0.0094,2026-08-01,2026-08-01 16:07:36+07:00,,,
361,530613480107,C24,BD BÌNH HÒA,Created,0.0076,2026-08-01,2026-08-01 13:10:15+07:00,,,
362,530614280107,C24,BD BÌNH HÒA,Created,0.0098,2026-08-01,2026-08-01 09:52:40+07:00,2026-08-01 14:21:40+07:00,,
363,530614520108,C24,BD BÌNH HÒA,Created,0.0075,2026-08-01,2026-08-01 14:05:06+07:00,,,
364,530615280107,C24,BD BÌNH HÒA,Created,0.0076,2026-08-01,2026-08-01 10:54:55+07:00,,,
365,530618110108,C24,BD BÌNH HÒA,Transporting,0.0165,2026-08-01,2026-08-01 07:05:12+07:00,2026-08-01 10:33:59+07:00,2026-08-01 12:34:32+07:00,
366,530618910108,C24,BD BÌNH HÒA,Transporting,0.013,2026-08-01,2026-08-01 07:08:43+07:00,2026-08-01 13:52:43+07:00,2026-08-01 15:29:21+07:00,
367,530619470107,C24,BD BÌNH HÒA,Transporting,0.0094,2026-08-01,2026-07-31 21:08:10+07:00,2026-08-01 13:16:36+07:00,2026-08-01 15:28:31+07:00,
368,530619670107,C24,BD BÌNH HÒA,Created,0.0106,2026-08-01,2026-07-31 21:21:30+07:00,2026-08-01 10:57:52+07:00,,
369,530622680107,C24,BD BÌNH HÒA,Created,0.0084,2026-08-01,2026-08-01 11:33:08+07:00,,,
370,530625270107,C24,BD BÌNH HÒA,Transporting,0.008,2026-08-01,2026-08-01 07:41:35+07:00,2026-08-01 11:24:03+07:00,2026-08-01 15:27:15+07:00,
371,530634280107,C24,BD BÌNH HÒA,Created,0.0073,2026-08-01,2026-08-01 12:02:17+07:00,,,
372,530635080107,C24,BD BÌNH HÒA,Created,0.0106,2026-08-01,2026-08-01 13:04:31+07:00,2026-08-01 16:43:45+07:00,,
373,530635480107,C24,BD BÌNH HÒA,Created,0.013,2026-08-01,2026-08-01 13:04:54+07:00,2026-08-01 16:38:35+07:00,,
374,530635650107,C24,BD BÌNH HÒA,Inbound,0.007,2026-08-01,2026-08-01 14:54:45+07:00,,2026-07-30 23:56:56+07:00,2026-08-01 14:54:45+07:00
375,530635910108,C24,BD BÌNH HÒA,Transporting,0.005,2026-08-01,2026-08-01 09:52:40+07:00,2026-08-01 11:04:12+07:00,2026-08-01 15:26:08+07:00,
376,530636680107,C24,BD BÌNH HÒA,Created,0.0084,2026-08-01,2026-08-01 11:42:10+07:00,2026-08-01 15:44:13+07:00,,
377,530636720108,C24,BD BÌNH HÒA,Created,0.0055,2026-08-01,2026-08-01 13:01:35+07:00,2026-08-01 16:27:41+07:00,,
378,530636890107,C24,BD BÌNH HÒA,Created,0.009,2026-08-01,2026-08-01 14:39:38+07:00,2026-08-01 14:58:37+07:00,,
379,530637580107,C24,BD BÌNH HÒA,Inbound,0.0085,2026-08-01,2026-08-01 14:42:11+07:00,,2026-07-31 00:20:52+07:00,2026-08-01 14:42:11+07:00
380,530641310108,C24,BD BÌNH HÒA,Transporting,0.0098,2026-08-01,2026-08-01 09:53:06+07:00,2026-08-01 11:04:19+07:00,2026-08-01 15:26:12+07:00,
381,530643510108,C24,BD BÌNH HÒA,Transporting,0.0059,2026-08-01,2026-08-01 10:58:08+07:00,2026-08-01 12:27:13+07:00,2026-08-01 16:38:25+07:00,
382,530644680107,C24,BD BÌNH HÒA,Created,0.0129,2026-08-01,2026-08-01 13:38:57+07:00,,,
383,530644870107,C24,BD BÌNH HÒA,Transporting,0.0098,2026-08-01,2026-07-31 21:56:30+07:00,2026-08-01 11:02:37+07:00,2026-08-01 15:25:32+07:00,
384,530645690107,C24,BD BÌNH HÒA,Created,0.008,2026-08-01,2026-08-01 15:51:21+07:00,,,
385,530646310108,C24,BD BÌNH HÒA,Created,0.013,2026-08-01,2026-07-31 19:28:17+07:00,2026-08-01 15:15:45+07:00,,
386,530648880107,C24,BD BÌNH HÒA,Created,0.0056,2026-08-01,2026-08-01 09:24:31+07:00,,,
387,530649270107,C24,BD BÌNH HÒA,Transporting,0.01,2026-08-01,2026-08-01 08:44:29+07:00,2026-08-01 10:58:08+07:00,2026-08-01 16:04:19+07:00,
388,530651110108,C24,BD BÌNH HÒA,Created,0.0058,2026-08-01,2026-08-01 10:14:20+07:00,,,
389,530652050107,C24,BD BÌNH HÒA,Inbound,0.006,2026-08-01,2026-08-01 16:46:09+07:00,,2026-07-30 21:02:56+07:00,2026-08-01 16:46:09+07:00
390,530653720108,C24,BD BÌNH HÒA,Created,0.014,2026-08-01,2026-08-01 13:44:36+07:00,,,
391,530654380107,C24,BD BÌNH HÒA,Inbound,0.006,2026-08-01,2026-08-01 15:08:28+07:00,,2026-07-30 23:46:04+07:00,2026-08-01 15:08:28+07:00
392,530654980107,C24,BD BÌNH HÒA,Inbound,0.006,2026-08-01,2026-08-01 15:08:20+07:00,,2026-07-30 23:45:48+07:00,2026-08-01 15:08:20+07:00
393,530655680107,C24,BD BÌNH HÒA,Transporting,0.0094,2026-08-01,2026-08-01 10:33:11+07:00,2026-08-01 13:58:05+07:00,2026-08-01 15:29:34+07:00,
394,530659280107,C24,BD BÌNH HÒA,Created,0.012,2026-08-01,2026-08-01 13:48:04+07:00,2026-08-01 15:42:04+07:00,,
395,530660290107,C24,BD BÌNH HÒA,Created,0.01,2026-08-01,2026-08-01 16:44:32+07:00,,,
396,530660670107,C24,BD BÌNH HÒA,Created,0.0095,2026-08-01,2026-08-01 08:24:23+07:00,,,
397,530660720108,C24,BD BÌNH HÒA,Created,0.0067,2026-08-01,2026-08-01 16:40:31+07:00,,,
398,530665270107,C24,BD BÌNH HÒA,Created,0.007,2026-08-01,2026-08-01 09:48:38+07:00,2026-08-01 11:42:39+07:00,,
399,530665710108,C24,BD BÌNH HÒA,Created,0.019,2026-08-01,2026-08-01 08:11:09+07:00,2026-08-01 08:21:21+07:00,,
400,530667870107,C24,BD BÌNH HÒA,Transporting,0.0092,2026-08-01,2026-08-01 08:49:43+07:00,2026-08-01 11:03:23+07:00,2026-08-01 15:25:45+07:00,
401,530668710108,C24,BD BÌNH HÒA,Transporting,0.0084,2026-08-01,2026-08-01 08:57:52+07:00,2026-08-01 13:10:53+07:00,2026-08-01 15:28:16+07:00,
402,530672640107,C24,BD BÌNH HÒA,Inbound,0.006,2026-08-01,2026-08-01 15:05:18+07:00,,2026-07-30 23:49:52+07:00,2026-08-01 15:05:18+07:00
403,530675310108,C24,BD BÌNH HÒA,Created,0.0126,2026-08-01,2026-08-01 12:49:20+07:00,,,
404,530677310108,C24,BD BÌNH HÒA,Transporting,0.008,2026-08-01,2026-08-01 08:22:13+07:00,2026-08-01 11:44:37+07:00,2026-08-01 15:27:50+07:00,
405,530678470107,C24,BD BÌNH HÒA,Created,0.0074,2026-08-01,2026-08-01 08:38:37+07:00,2026-08-01 10:01:15+07:00,,
406,530680880107,C24,BD BÌNH HÒA,Created,0.012,2026-08-01,2026-08-01 12:02:05+07:00,2026-08-01 14:14:37+07:00,,
407,530684670107,C24,BD BÌNH HÒA,Created,0.008,2026-08-01,2026-08-01 09:07:19+07:00,2026-08-01 09:26:59+07:00,,
408,530684780107,C24,BD BÌNH HÒA,Inbound,0.0055,2026-08-01,2026-08-01 16:03:44+07:00,,2026-07-30 21:29:07+07:00,2026-08-01 16:03:44+07:00
409,530685120108,C24,BD BÌNH HÒA,Created,0.0085,2026-08-01,2026-08-01 15:56:40+07:00,,,
410,530688910108,C24,BD BÌNH HÒA,Created,0.0063,2026-08-01,2026-08-01 12:35:03+07:00,,,
411,530692310108,C24,BD BÌNH HÒA,Transporting,0.01,2026-08-01,2026-08-01 13:08:19+07:00,2026-08-01 14:52:54+07:00,2026-08-01 15:45:50+07:00,
412,530692480107,C24,BD BÌNH HÒA,Created,0.0063,2026-08-01,2026-08-01 14:23:01+07:00,,,
413,530694030107,C24,BD BÌNH HÒA,Inbound,0.006,2026-08-01,2026-08-01 15:21:12+07:00,,2026-07-30 22:13:59+07:00,2026-08-01 15:21:12+07:00
414,530699480107,C24,BD BÌNH HÒA,Created,0.0062,2026-08-01,2026-08-01 13:28:02+07:00,,,
415,530703590107,C24,BD BÌNH HÒA,Inbound,0.0053,2026-08-01,2026-08-01 16:00:45+07:00,,2026-07-30 21:26:27+07:00,2026-08-01 16:00:45+07:00
416,530703720108,C24,BD BÌNH HÒA,Created,0.0054,2026-08-01,2026-08-01 14:01:13+07:00,,,
417,530706090107,C24,BD BÌNH HÒA,Created,0.0091,2026-08-01,2026-08-01 15:51:25+07:00,,,
418,530706490107,C24,BD BÌNH HÒA,Created,0.008,2026-08-01,2026-08-01 15:54:29+07:00,,,
419,530709520108,C24,BD BÌNH HÒA,Created,0.008,2026-08-01,2026-08-01 14:08:27+07:00,,,
420,530709780107,C24,BD BÌNH HÒA,Inbound,0.013,2026-08-01,2026-08-01 16:01:04+07:00,,2026-07-30 21:29:51+07:00,2026-08-01 16:01:04+07:00
421,530713680107,C24,BD BÌNH HÒA,Created,0.0098,2026-08-01,2026-08-01 13:21:10+07:00,,,
422,530714680107,C24,BD BÌNH HÒA,Created,0.0116,2026-08-01,2026-08-01 09:57:26+07:00,,,
423,530717880107,C24,BD BÌNH HÒA,Transporting,0.01,2026-08-01,2026-08-01 08:54:01+07:00,2026-08-01 10:59:18+07:00,2026-08-01 15:59:29+07:00,
424,530718520108,C24,BD BÌNH HÒA,Created,0.008,2026-08-01,2026-08-01 13:51:13+07:00,,,
425,530718880107,C24,BD BÌNH HÒA,Created,0.0102,2026-08-01,2026-08-01 11:33:16+07:00,,,
426,530720120108,C24,BD BÌNH HÒA,Created,0.008,2026-08-01,2026-08-01 14:08:27+07:00,,,
427,530723280107,C24,BD BÌNH HÒA,Created,0.006,2026-08-01,2026-08-01 13:08:29+07:00,2026-08-01 14:58:31+07:00,,
428,530726880107,C24,BD BÌNH HÒA,Transporting,0.0075,2026-08-01,2026-08-01 07:38:25+07:00,2026-08-01 14:34:37+07:00,2026-08-01 15:55:35+07:00,
429,530727880107,C24,BD BÌNH HÒA,Created,0.0062,2026-08-01,2026-08-01 08:12:29+07:00,,,
430,530732080107,C24,BD BÌNH HÒA,Transporting,0.01,2026-08-01,2026-08-01 09:45:25+07:00,2026-08-01 11:56:24+07:00,2026-08-01 12:13:54+07:00,
431,530733870107,C24,BD BÌNH HÒA,Created,0.0073,2026-08-01,2026-07-31 21:56:08+07:00,2026-08-01 11:50:24+07:00,,
432,530734080107,C24,BD BÌNH HÒA,Transporting,0.0051,2026-08-01,2026-08-01 12:05:15+07:00,2026-08-01 14:35:41+07:00,2026-08-01 14:35:57+07:00,
433,530734510108,C24,BD BÌNH HÒA,Transporting,0.01,2026-08-01,2026-08-01 08:54:01+07:00,2026-08-01 10:59:21+07:00,2026-08-01 15:59:35+07:00,
434,530734520108,C24,BD BÌNH HÒA,Created,0.0084,2026-08-01,2026-08-01 15:57:51+07:00,,,
435,530738280107,C24,BD BÌNH HÒA,Created,0.0062,2026-08-01,2026-08-01 12:46:31+07:00,,,
436,530739680107,C24,BD BÌNH HÒA,Created,0.0094,2026-08-01,2026-08-01 13:30:33+07:00,,,
437,530740680107,C24,BD BÌNH HÒA,Created,0.0148,2026-08-01,2026-08-01 08:38:37+07:00,2026-08-01 10:01:15+07:00,,
438,530740710108,C24,BD BÌNH HÒA,Created,0.013,2026-08-01,2026-08-01 09:05:33+07:00,,,
439,530741980107,C24,BD BÌNH HÒA,Inbound,0.006,2026-08-01,2026-08-01 14:41:20+07:00,,2026-07-31 00:25:51+07:00,2026-08-01 14:41:20+07:00
440,530744880107,C24,BD BÌNH HÒA,Transporting,0.01,2026-08-01,2026-08-01 13:40:20+07:00,2026-08-01 15:23:53+07:00,2026-08-01 16:45:06+07:00,
441,530746320108,C24,BD BÌNH HÒA,Created,0.008,2026-08-01,2026-08-01 16:03:43+07:00,,,
442,530749880107,C24,BD BÌNH HÒA,Created,0.0056,2026-08-01,2026-08-01 09:45:51+07:00,2026-08-01 11:25:47+07:00,,
443,530751080107,C24,BD BÌNH HÒA,Created,0.0051,2026-08-01,2026-08-01 09:43:40+07:00,,,
444,530752070107,C24,BD BÌNH HÒA,Transporting,0.008,2026-08-01,2026-08-01 08:05:59+07:00,2026-08-01 11:22:21+07:00,2026-08-01 15:26:44+07:00,
445,530753110108,C24,BD BÌNH HÒA,Created,0.0058,2026-08-01,2026-08-01 10:57:40+07:00,,,
446,530754070107,C24,BD BÌNH HÒA,Created,0.011,2026-08-01,2026-08-01 08:45:00+07:00,2026-08-01 16:11:11+07:00,,
447,530754570107,C24,BD BÌNH HÒA,Inbound,0.006,2026-08-01,2026-08-01 14:52:46+07:00,,2026-07-31 00:09:39+07:00,2026-08-01 14:52:46+07:00
448,530755270107,C24,BD BÌNH HÒA,Created,0.006,2026-08-01,2026-08-01 10:15:01+07:00,2026-08-01 12:44:21+07:00,,
449,530761710108,C24,BD BÌNH HÒA,Created,0.0174,2026-08-01,2026-08-01 11:16:57+07:00,,,
450,530764320108,C24,BD BÌNH HÒA,Created,0.006,2026-08-01,2026-08-01 13:55:49+07:00,,,
451,530764470107,C24,BD BÌNH HÒA,Transporting,0.01,2026-08-01,2026-08-01 08:31:58+07:00,2026-08-01 10:43:45+07:00,2026-08-01 16:23:26+07:00,
452,530764770107,C24,BD BÌNH HÒA,Inbound,0.0062,2026-08-01,2026-08-01 14:54:51+07:00,,2026-07-31 00:12:17+07:00,2026-08-01 14:54:51+07:00
453,530773080107,C24,BD BÌNH HÒA,Transporting,0.008,2026-08-01,2026-08-01 14:28:36+07:00,2026-08-01 16:10:09+07:00,2026-08-01 16:10:09+07:00,
454,530775300108,C24,BD BÌNH HÒA,Inbound,0.0075,2026-08-01,2026-08-01 04:00:50+07:00,2026-08-01 13:37:07+07:00,2026-08-01 13:37:20+07:00,2026-08-01 16:33:55+07:00
455,530777070107,C24,BD BÌNH HÒA,Created,0.008,2026-08-01,2026-08-01 10:17:03+07:00,,,
456,530778480107,C24,BD BÌNH HÒA,Created,0.0086,2026-08-01,2026-08-01 15:20:25+07:00,,,
457,530778510108,C24,BD BÌNH HÒA,Transporting,0.0064,2026-08-01,2026-08-01 13:03:03+07:00,2026-08-01 14:43:14+07:00,2026-08-01 14:43:15+07:00,
458,530779110108,C24,BD BÌNH HÒA,Transporting,0.01,2026-08-01,2026-08-01 13:40:20+07:00,2026-08-01 15:22:36+07:00,2026-08-01 16:17:26+07:00,
459,530779280107,C24,BD BÌNH HÒA,Created,0.008,2026-08-01,2026-08-01 16:31:10+07:00,,,
460,530782310108,C24,BD BÌNH HÒA,Created,0.0088,2026-08-01,2026-08-01 09:07:57+07:00,,,
461,530784480107,C24,BD BÌNH HÒA,Created,0.0125,2026-08-01,2026-08-01 15:23:22+07:00,,,
462,530784870107,C24,BD BÌNH HÒA,Created,0.007,2026-08-01,2026-08-01 09:11:09+07:00,2026-08-01 11:26:34+07:00,,
463,530785320108,C24,BD BÌNH HÒA,Created,0.007,2026-08-01,2026-08-01 15:58:37+07:00,,,
464,530789380107,C24,BD BÌNH HÒA,Inbound,0.01,2026-08-01,2026-08-01 14:44:46+07:00,,2026-07-30 22:03:37+07:00,2026-08-01 14:44:46+07:00
465,530790510108,C24,BD BÌNH HÒA,Created,0.006,2026-08-01,2026-08-01 13:00:01+07:00,,,
466,530791680107,C24,BD BÌNH HÒA,Created,0.006,2026-08-01,2026-08-01 16:16:25+07:00,,,
467,530794110108,C24,BD BÌNH HÒA,Created,0.0075,2026-08-01,2026-08-01 13:43:29+07:00,2026-08-01 15:31:14+07:00,,
468,530794300108,C24,BD BÌNH HÒA,Transporting,0.0095,2026-08-01,2026-07-31 13:52:35+07:00,2026-08-01 14:27:11+07:00,2026-08-01 15:03:31+07:00,
469,530795280107,C24,BD BÌNH HÒA,Created,0.007,2026-08-01,2026-08-01 16:23:50+07:00,,,
470,530796080107,C24,BD BÌNH HÒA,Created,0.006,2026-08-01,2026-08-01 15:30:03+07:00,,,
471,530798080107,C24,BD BÌNH HÒA,Created,0.0059,2026-08-01,2026-08-01 13:13:43+07:00,2026-08-01 14:55:28+07:00,,
472,530798310108,C24,BD BÌNH HÒA,Created,0.006,2026-08-01,2026-08-01 13:00:01+07:00,,,
473,530798870107,C24,BD BÌNH HÒA,Created,0.0076,2026-08-01,2026-08-01 09:51:47+07:00,,,
474,530800120108,C24,BD BÌNH HÒA,Created,0.008,2026-08-01,2026-08-01 13:51:14+07:00,,,
475,530800330108,C24,BD BÌNH HÒA,Created,0.0053,2026-08-01,2026-08-01 16:42:24+07:00,2026-08-01 16:45:44+07:00,,
476,530802510108,C24,BD BÌNH HÒA,Transporting,0.0094,2026-08-01,2026-07-31 20:06:55+07:00,2026-08-01 13:27:49+07:00,2026-08-01 15:28:59+07:00,
477,530802680107,C24,BD BÌNH HÒA,Created,0.0174,2026-08-01,2026-08-01 07:59:54+07:00,,,
478,530802890107,C24,BD BÌNH HÒA,Created,0.0056,2026-08-01,2026-08-01 15:31:00+07:00,,,
479,530803310108,C24,BD BÌNH HÒA,Created,0.0125,2026-08-01,2026-08-01 07:42:33+07:00,,,
480,530806520108,C24,BD BÌNH HÒA,Transporting,0.0098,2026-08-01,2026-08-01 09:56:07+07:00,2026-08-01 11:04:46+07:00,2026-08-01 15:26:22+07:00,
481,530810710108,C24,BD BÌNH HÒA,Transporting,0.006,2026-08-01,2026-08-01 07:23:44+07:00,2026-08-01 11:57:29+07:00,2026-08-01 12:15:31+07:00,
482,530811110108,C24,BD BÌNH HÒA,Created,0.0053,2026-08-01,2026-08-01 08:10:43+07:00,2026-08-01 16:37:47+07:00,,
483,530812880107,C24,BD BÌNH HÒA,Transporting,0.0051,2026-08-01,2026-08-01 12:03:49+07:00,2026-08-01 14:35:27+07:00,2026-08-01 14:35:47+07:00,
484,530812920108,C24,BD BÌNH HÒA,Created,0.0116,2026-08-01,2026-08-01 13:34:03+07:00,,,
485,530814280107,C24,BD BÌNH HÒA,Transporting,0.0182,2026-08-01,2026-08-01 10:07:07+07:00,2026-08-01 14:05:39+07:00,2026-08-01 15:34:15+07:00,
486,530814880107,C24,BD BÌNH HÒA,Created,0.007,2026-08-01,2026-08-01 10:08:22+07:00,2026-08-01 11:40:06+07:00,,
487,530815520108,C24,BD BÌNH HÒA,Created,0.0103,2026-08-01,2026-08-01 15:18:33+07:00,,,
488,530817080107,C24,BD BÌNH HÒA,Transporting,0.01,2026-08-01,2026-08-01 08:54:01+07:00,2026-08-01 10:59:15+07:00,2026-08-01 15:59:26+07:00,
489,530817280107,C24,BD BÌNH HÒA,Transporting,0.01,2026-08-01,2026-08-01 08:54:01+07:00,2026-08-01 10:59:34+07:00,2026-08-01 15:59:49+07:00,
490,530817680107,C24,BD BÌNH HÒA,Transporting,0.01,2026-08-01,2026-08-01 08:54:01+07:00,2026-08-01 10:59:37+07:00,2026-08-01 15:59:52+07:00,
491,530819230107,C24,BD BÌNH HÒA,Inbound,0.0147,2026-08-01,2026-08-01 15:06:24+07:00,,2026-07-30 23:40:09+07:00,2026-08-01 15:06:24+07:00
492,530819430107,C24,BD BÌNH HÒA,Inbound,0.0066,2026-08-01,2026-08-01 15:01:40+07:00,,2026-07-30 23:53:16+07:00,2026-08-01 15:01:40+07:00
493,530822480107,C24,BD BÌNH HÒA,Created,0.006,2026-08-01,2026-08-01 12:01:28+07:00,2026-08-01 12:46:01+07:00,,
494,530822840107,C24,BD BÌNH HÒA,Inbound,0.0055,2026-08-01,2026-08-01 14:56:48+07:00,,2026-07-30 23:57:28+07:00,2026-08-01 14:56:48+07:00
495,530829110108,C24,BD BÌNH HÒA,Created,0.0058,2026-08-01,2026-08-01 09:04:59+07:00,,,
496,530829280107,C24,BD BÌNH HÒA,Created,0.008,2026-08-01,2026-08-01 08:36:38+07:00,2026-08-01 11:00:58+07:00,,
497,530829670107,C24,BD BÌNH HÒA,Transporting,0.01,2026-08-01,2026-08-01 07:29:37+07:00,2026-08-01 10:11:14+07:00,2026-08-01 15:49:38+07:00,
498,530831680107,C24,BD BÌNH HÒA,Created,0.0051,2026-08-01,2026-08-01 08:53:47+07:00,,,
499,530832090107,C24,BD BÌNH HÒA,Created,0.0113,2026-08-01,2026-08-01 14:09:01+07:00,,,
500,530832520108,C24,BD BÌNH HÒA,Created,0.017,2026-08-01,2026-08-01 15:07:14+07:00,,,
501,530832890107,C24,BD BÌNH HÒA,Created,0.0113,2026-08-01,2026-08-01 14:09:01+07:00,,,
502,530839270107,C24,BD BÌNH HÒA,Transporting,0.01,2026-08-01,2026-08-01 07:29:37+07:00,2026-08-01 10:11:06+07:00,2026-08-01 15:49:48+07:00,
503,530839310108,C24,BD BÌNH HÒA,Created,0.012,2026-08-01,2026-08-01 07:04:53+07:00,,,
504,530844880107,C24,BD BÌNH HÒA,Transporting,0.01,2026-08-01,2026-08-01 13:40:21+07:00,2026-08-01 15:20:36+07:00,2026-08-01 16:20:25+07:00,
505,530845490107,C24,BD BÌNH HÒA,Created,0.008,2026-08-01,2026-08-01 15:54:29+07:00,,,
506,530847270107,C24,BD BÌNH HÒA,Created,0.0056,2026-08-01,2026-08-01 09:45:52+07:00,2026-08-01 11:25:46+07:00,,
507,530847870107,C24,BD BÌNH HÒA,Inbound,0.0085,2026-08-01,2026-08-01 09:48:59+07:00,2026-08-01 13:38:49+07:00,2026-08-01 13:39:48+07:00,2026-08-01 16:49:58+07:00
508,530849280107,C24,BD BÌNH HÒA,Inbound,0.01,2026-08-01,2026-08-01 09:46:52+07:00,2026-08-01 11:15:47+07:00,2026-08-01 14:48:32+07:00,2026-08-01 15:38:26+07:00
509,530850520108,C24,BD BÌNH HÒA,Created,0.0053,2026-08-01,2026-08-01 13:41:52+07:00,2026-08-01 16:36:20+07:00,,
510,530853720108,C24,BD BÌNH HÒA,Created,0.0096,2026-08-01,2026-08-01 13:48:34+07:00,2026-08-01 16:41:28+07:00,,
511,530854880107,C24,BD BÌNH HÒA,Created,0.007,2026-08-01,2026-08-01 10:13:10+07:00,2026-08-01 11:43:44+07:00,,
512,530855100108,C24,BD BÌNH HÒA,Created,0.0165,2026-08-01,2026-07-31 15:22:34+07:00,2026-08-01 11:55:03+07:00,,
513,530856320108,C24,BD BÌNH HÒA,Transporting,0.01,2026-08-01,2026-08-01 13:40:20+07:00,2026-08-01 15:21:45+07:00,2026-08-01 16:18:35+07:00,
514,530856920108,C24,BD BÌNH HÒA,Transporting,0.01,2026-08-01,2026-08-01 13:40:20+07:00,2026-08-01 15:20:58+07:00,2026-08-01 16:20:03+07:00,
515,530860510108,C24,BD BÌNH HÒA,Created,0.007,2026-08-01,2026-08-01 10:17:36+07:00,2026-08-01 11:15:21+07:00,,
516,530862160107,C24,BD BÌNH HÒA,Inbound,0.006,2026-08-01,2026-08-01 15:08:05+07:00,,2026-07-30 23:46:57+07:00,2026-08-01 15:08:05+07:00
517,530862910108,C24,BD BÌNH HÒA,Created,0.0302,2026-08-01,2026-08-01 07:53:18+07:00,2026-08-01 13:06:02+07:00,,
518,530865710108,C24,BD BÌNH HÒA,Created,0.007,2026-08-01,2026-08-01 08:14:06+07:00,2026-08-01 16:29:27+07:00,,
519,530867480107,C24,BD BÌNH HÒA,Transporting,0.0052,2026-08-01,2026-08-01 11:26:25+07:00,2026-08-01 14:16:53+07:00,2026-08-01 14:17:51+07:00,
520,530871710108,C24,BD BÌNH HÒA,Created,0.0053,2026-08-01,2026-08-01 12:57:23+07:00,2026-08-01 16:43:32+07:00,,
521,530874920108,C24,BD BÌNH HÒA,Created,0.0066,2026-08-01,2026-08-01 14:41:18+07:00,2026-08-01 16:50:34+07:00,,
522,530875710108,C24,BD BÌNH HÒA,Transporting,0.0051,2026-08-01,2026-08-01 13:03:03+07:00,2026-08-01 14:38:35+07:00,2026-08-01 14:38:47+07:00,
523,530877910108,C24,BD BÌNH HÒA,Transporting,0.01,2026-08-01,2026-08-01 08:25:00+07:00,2026-08-01 10:13:08+07:00,2026-08-01 15:47:24+07:00,
524,530878910108,C24,BD BÌNH HÒA,Created,0.0108,2026-08-01,2026-08-01 13:07:04+07:00,2026-08-01 16:43:48+07:00,,
525,530880680107,C24,BD BÌNH HÒA,Transporting,0.0085,2026-08-01,2026-08-01 12:04:46+07:00,2026-08-01 14:53:11+07:00,2026-08-01 14:53:13+07:00,
526,530883240107,C24,BD BÌNH HÒA,Inbound,0.0072,2026-08-01,2026-08-01 16:48:28+07:00,,2026-07-30 21:05:53+07:00,2026-08-01 16:48:28+07:00
527,530884120108,C24,BD BÌNH HÒA,Created,0.0081,2026-08-01,2026-08-01 15:42:44+07:00,,,
528,530884920108,C24,BD BÌNH HÒA,Created,0.0055,2026-08-01,2026-08-01 15:45:28+07:00,,,
529,530885670107,C24,BD BÌNH HÒA,Created,0.007,2026-08-01,2026-08-01 10:08:22+07:00,2026-08-01 11:41:16+07:00,,
530,530886080107,C24,BD BÌNH HÒA,Transporting,0.01,2026-08-01,2026-08-01 14:22:16+07:00,2026-08-01 15:04:44+07:00,2026-08-01 16:39:40+07:00,
531,530887070107,C24,BD BÌNH HÒA,Created,0.006,2026-08-01,2026-08-01 12:19:05+07:00,,,
532,530887080107,C24,BD BÌNH HÒA,Created,0.006,2026-08-01,2026-08-01 15:33:49+07:00,,,
533,530887670107,C24,BD BÌNH HÒA,Created,0.0103,2026-08-01,2026-08-01 12:32:58+07:00,,,
534,530890510108,C24,BD BÌNH HÒA,Transporting,0.0052,2026-08-01,2026-08-01 13:02:09+07:00,2026-08-01 14:00:20+07:00,2026-08-01 14:00:30+07:00,
535,530892270107,C24,BD BÌNH HÒA,Inbound,0.0051,2026-08-01,2026-08-01 09:48:13+07:00,2026-08-01 13:34:28+07:00,2026-08-01 13:34:35+07:00,2026-08-01 16:36:50+07:00
536,530893080107,C24,BD BÌNH HÒA,Created,0.007,2026-08-01,2026-08-01 15:43:39+07:00,,,
537,530894480107,C24,BD BÌNH HÒA,Created,0.0053,2026-08-01,2026-08-01 15:47:33+07:00,2026-08-01 16:36:38+07:00,,
538,530894710108,C24,BD BÌNH HÒA,Created,0.0062,2026-08-01,2026-08-01 13:48:53+07:00,,,
539,530896870107,C24,BD BÌNH HÒA,Created,0.0056,2026-08-01,2026-08-01 09:43:52+07:00,2026-08-01 11:26:35+07:00,,
540,530898310108,C24,BD BÌNH HÒA,Created,0.0051,2026-08-01,2026-08-01 13:03:44+07:00,,,
541,530899910108,C24,BD BÌNH HÒA,Created,0.01,2026-08-01,2026-08-01 13:32:16+07:00,2026-08-01 15:28:31+07:00,,
542,530900780107,C24,BD BÌNH HÒA,Inbound,0.0174,2026-08-01,2026-08-01 14:44:33+07:00,,2026-07-30 23:56:41+07:00,2026-08-01 14:44:33+07:00
543,530901090107,C24,BD BÌNH HÒA,Created,0.0063,2026-08-01,2026-08-01 13:35:03+07:00,,,
544,530902290107,C24,BD BÌNH HÒA,Created,0.0095,2026-08-01,2026-08-01 15:33:23+07:00,,,
545,530904690107,C24,BD BÌNH HÒA,Created,0.0075,2026-08-01,2026-08-01 14:53:03+07:00,,,
546,530906880107,C24,BD BÌNH HÒA,Created,0.0174,2026-08-01,2026-08-01 11:16:54+07:00,,,
547,530910880107,C24,BD BÌNH HÒA,Transporting,0.006,2026-08-01,2026-08-01 07:23:44+07:00,2026-08-01 11:57:01+07:00,2026-08-01 12:14:40+07:00,
548,530912080107,C24,BD BÌNH HÒA,Transporting,0.0085,2026-08-01,2026-08-01 12:04:16+07:00,2026-08-01 14:15:58+07:00,2026-08-01 14:16:20+07:00,
549,530913720108,C24,BD BÌNH HÒA,Created,0.0065,2026-08-01,2026-08-01 13:59:01+07:00,,,
550,530917090107,C24,BD BÌNH HÒA,Transporting,0.01,2026-08-01,2026-08-01 14:18:56+07:00,2026-08-01 15:09:29+07:00,2026-08-01 15:51:04+07:00,
551,530919180107,C24,BD BÌNH HÒA,Created,0.0103,2026-08-01,2026-07-30 14:07:45+07:00,2026-08-01 15:30:35+07:00,,
552,530921690107,C24,BD BÌNH HÒA,Transporting,0.02,2026-08-01,2026-08-01 14:13:07+07:00,2026-08-01 15:10:40+07:00,2026-08-01 16:03:01+07:00,
553,530923520108,C24,BD BÌNH HÒA,Created,0.02,2026-08-01,2026-08-01 11:12:52+07:00,,,
554,530927110108,C24,BD BÌNH HÒA,Inbound,0.0051,2026-08-01,2026-08-01 09:49:44+07:00,2026-08-01 13:34:41+07:00,2026-08-01 13:35:00+07:00,2026-08-01 16:39:12+07:00
555,530931920108,C24,BD BÌNH HÒA,Transporting,0.01,2026-08-01,2026-08-01 13:08:18+07:00,2026-08-01 14:52:15+07:00,2026-08-01 15:46:57+07:00,
556,530934310108,C24,BD BÌNH HÒA,Transporting,0.02,2026-08-01,2026-08-01 09:03:10+07:00,2026-08-01 10:49:29+07:00,2026-08-01 15:53:26+07:00,
557,530934840107,C24,BD BÌNH HÒA,Inbound,0.0102,2026-08-01,2026-08-01 15:31:06+07:00,,2026-07-30 22:01:00+07:00,2026-08-01 15:31:06+07:00
558,530938480107,C24,BD BÌNH HÒA,Created,0.0102,2026-08-01,2026-08-01 12:59:35+07:00,2026-08-01 15:26:24+07:00,,
559,530938720108,C24,BD BÌNH HÒA,Created,0.0063,2026-08-01,2026-08-01 14:31:03+07:00,,,
560,530938880107,C24,BD BÌNH HÒA,Created,0.0367,2026-08-01,2026-08-01 13:01:48+07:00,,,
561,530938890107,C24,BD BÌNH HÒA,Created,0.0075,2026-08-01,2026-08-01 14:31:24+07:00,,,
562,530939710108,C24,BD BÌNH HÒA,Transporting,0.0094,2026-08-01,2026-08-01 07:15:55+07:00,2026-08-01 13:25:54+07:00,2026-08-01 15:28:46+07:00,
563,530940510108,C24,BD BÌNH HÒA,Created,0.007,2026-08-01,2026-08-01 09:11:09+07:00,2026-08-01 11:26:37+07:00,,
564,530940710108,C24,BD BÌNH HÒA,Transporting,0.0103,2026-08-01,2026-08-01 09:11:19+07:00,2026-08-01 14:08:01+07:00,2026-08-01 15:34:19+07:00,
565,530945470107,C24,BD BÌNH HÒA,Created,0.0102,2026-08-01,2026-08-01 08:06:53+07:00,,,
566,530946710108,C24,BD BÌNH HÒA,Created,0.0152,2026-08-01,2026-07-31 21:12:29+07:00,2026-08-01 12:48:49+07:00,,
567,530950070107,C24,BD BÌNH HÒA,Transporting,0.0075,2026-08-01,2026-08-01 07:30:35+07:00,2026-08-01 14:34:38+07:00,2026-08-01 15:55:14+07:00,
568,530950320108,C24,BD BÌNH HÒA,Created,0.0052,2026-08-01,2026-08-01 13:42:14+07:00,2026-08-01 16:48:21+07:00,,
569,530950920108,C24,BD BÌNH HÒA,Created,0.0089,2026-08-01,2026-08-01 13:43:01+07:00,,,
570,530951910108,C24,BD BÌNH HÒA,Created,0.01,2026-08-01,2026-08-01 10:31:47+07:00,,,
571,530952250107,C24,BD BÌNH HÒA,Inbound,0.0055,2026-08-01,2026-08-01 16:23:24+07:00,,2026-07-30 21:26:47+07:00,2026-08-01 16:23:24+07:00
572,530958280107,C24,BD BÌNH HÒA,Created,0.01,2026-08-01,2026-08-01 13:32:16+07:00,2026-08-01 15:28:21+07:00,,
573,530958510108,C24,BD BÌNH HÒA,Created,0.0088,2026-08-01,2026-08-01 10:46:15+07:00,,,
574,530966870107,C24,BD BÌNH HÒA,Transporting,0.008,2026-08-01,2026-08-01 08:19:11+07:00,2026-08-01 10:55:41+07:00,2026-08-01 16:01:00+07:00,
575,530968680107,C24,BD BÌNH HÒA,Transporting,0.0051,2026-08-01,2026-08-01 14:01:44+07:00,2026-08-01 16:43:20+07:00,2026-08-01 16:43:37+07:00,
576,530969310108,C24,BD BÌNH HÒA,Created,0.009,2026-08-01,2026-08-01 10:09:53+07:00,,,
577,530970580107,C24,BD BÌNH HÒA,Inbound,0.007,2026-08-01,2026-08-01 16:39:25+07:00,,2026-07-30 21:05:34+07:00,2026-08-01 16:39:25+07:00
578,530970680107,C24,BD BÌNH HÒA,Created,0.02,2026-08-01,2026-08-01 14:06:09+07:00,2026-08-01 15:12:48+07:00,,
579,530971310108,C24,BD BÌNH HÒA,Created,0.007,2026-08-01,2026-08-01 13:02:51+07:00,,,
580,530976710108,C24,BD BÌNH HÒA,Transporting,0.0182,2026-08-01,2026-08-01 08:17:07+07:00,2026-08-01 13:41:26+07:00,2026-08-01 15:29:16+07:00,
581,530980280107,C24,BD BÌNH HÒA,Created,0.0148,2026-08-01,2026-08-01 12:06:06+07:00,,,
582,530981110108,C24,BD BÌNH HÒA,Inbound,0.0367,2026-08-01,2026-08-01 13:51:21+07:00,2026-08-01 14:24:20+07:00,2026-08-01 14:27:05+07:00,2026-08-01 15:40:20+07:00
583,530982110108,C24,BD BÌNH HÒA,Created,0.007,2026-08-01,2026-08-01 09:13:31+07:00,2026-08-01 11:00:09+07:00,,
584,530982880107,C24,BD BÌNH HÒA,Created,0.012,2026-08-01,2026-08-01 15:54:29+07:00,,,
585,530982960107,C24,BD BÌNH HÒA,Inbound,0.008,2026-08-01,2026-08-01 15:08:37+07:00,,2026-07-30 23:40:40+07:00,2026-08-01 15:08:37+07:00
586,530983270107,C24,BD BÌNH HÒA,Created,0.0142,2026-08-01,2026-08-01 09:25:14+07:00,2026-08-01 15:22:08+07:00,,
587,530983870107,C24,BD BÌNH HÒA,Created,0.0057,2026-08-01,2026-08-01 09:28:28+07:00,2026-08-01 16:46:34+07:00,,
588,530985670107,C24,BD BÌNH HÒA,Created,0.008,2026-08-01,2026-08-01 10:17:03+07:00,,,
589,530986310108,C24,BD BÌNH HÒA,Created,0.0094,2026-08-01,2026-08-01 12:47:16+07:00,,,
590,530987100108,C24,BD BÌNH HÒA,Transporting,0.0084,2026-08-01,2026-08-01 07:55:35+07:00,2026-08-01 10:18:12+07:00,2026-08-01 16:40:48+07:00,
591,530987270107,C24,BD BÌNH HÒA,Created,0.0103,2026-08-01,2026-08-01 12:33:13+07:00,,,
592,530992100108,C24,BD BÌNH HÒA,Transporting,0.0033,2026-08-01,2026-07-31 19:12:34+07:00,2026-08-01 10:27:38+07:00,2026-08-01 14:48:25+07:00,
593,530993670107,C24,BD BÌNH HÒA,Created,0.0122,2026-08-01,2026-08-01 11:04:54+07:00,2026-08-01 11:33:37+07:00,,
594,530993700108,C24,BD BÌNH HÒA,Created,0.0183,2026-08-01,2026-08-01 08:16:37+07:00,2026-08-01 11:54:10+07:00,,
595,530995640107,C24,BD BÌNH HÒA,Inbound,0.0062,2026-08-01,2026-08-01 14:50:05+07:00,,2026-07-31 00:11:42+07:00,2026-08-01 14:50:05+07:00
596,530997280107,C24,BD BÌNH HÒA,Created,0.0112,2026-08-01,2026-08-01 16:43:19+07:00,,,
597,530999110108,C24,BD BÌNH HÒA,Created,0.01,2026-08-01,2026-08-01 13:32:16+07:00,2026-08-01 15:28:19+07:00,,
598,530004110108,C06,BD DĨ AN,Created,0.006,2026-08-01,2026-07-31 13:53:40+07:00,2026-08-01 11:33:55+07:00,,
599,530005480107,C06,BD DĨ AN,Created,0.0061,2026-08-01,2026-08-01 11:01:50+07:00,,,
600,530008910108,C06,BD DĨ AN,Created,0.0122,2026-08-01,2026-07-31 20:38:50+07:00,2026-08-01 10:58:17+07:00,,
601,530010520108,C06,BD DĨ AN,Transporting,0.0051,2026-08-01,2026-08-01 10:52:06+07:00,2026-08-01 14:33:27+07:00,2026-08-01 14:33:34+07:00,
602,530011910108,C06,BD DĨ AN,Transporting,0.0075,2026-08-01,2026-08-01 07:45:17+07:00,2026-08-01 13:16:28+07:00,2026-08-01 15:28:29+07:00,
603,530018970107,C06,BD DĨ AN,Inbound,0.008,2026-08-01,2026-08-01 15:06:44+07:00,,2026-07-30 23:48:15+07:00,2026-08-01 15:06:44+07:00
604,530020320108,C06,BD DĨ AN,Created,0.0165,2026-08-01,2026-08-01 13:55:49+07:00,,,
605,530040690107,C06,BD DĨ AN,Created,0.0064,2026-08-01,2026-08-01 16:19:14+07:00,,,
606,530046070107,C06,BD DĨ AN,Inbound,0.0051,2026-08-01,2026-08-01 08:02:41+07:00,2026-08-01 13:33:36+07:00,2026-08-01 13:34:04+07:00,2026-08-01 16:41:05+07:00
607,530046280107,C06,BD DĨ AN,Created,0.0102,2026-08-01,2026-08-01 12:40:17+07:00,,,
608,530049700108,C06,BD DĨ AN,Created,0.013,2026-08-01,2026-07-31 15:33:08+07:00,2026-08-01 08:35:14+07:00,,
609,530054850107,C06,BD DĨ AN,Inbound,0.0051,2026-08-01,2026-08-01 15:22:46+07:00,,2026-07-30 22:07:42+07:00,2026-08-01 15:22:46+07:00
610,530060680107,C06,BD DĨ AN,Transporting,0.005,2026-08-01,2026-08-01 09:50:42+07:00,2026-08-01 11:03:16+07:00,2026-08-01 15:25:39+07:00,
611,530061630107,C06,BD DĨ AN,Inbound,0.007,2026-08-01,2026-08-01 16:27:28+07:00,,2026-07-30 21:11:28+07:00,2026-08-01 16:27:28+07:00
612,530061870107,C06,BD DĨ AN,Created,0.0064,2026-08-01,2026-08-01 08:45:09+07:00,2026-08-01 16:42:47+07:00,,
613,530064480107,C06,BD DĨ AN,Created,0.0088,2026-08-01,2026-08-01 14:04:47+07:00,,,
614,530070580107,C06,BD DĨ AN,Inbound,0.006,2026-08-01,2026-08-01 15:00:47+07:00,,2026-07-30 23:59:39+07:00,2026-08-01 15:00:47+07:00
615,530083070107,C06,BD DĨ AN,Created,0.0074,2026-08-01,2026-08-01 08:38:37+07:00,2026-08-01 10:01:22+07:00,,
616,530083110108,C06,BD DĨ AN,Created,0.0076,2026-08-01,2026-08-01 09:15:23+07:00,2026-08-01 15:39:59+07:00,,
617,530090910108,C06,BD DĨ AN,Created,0.012,2026-08-01,2026-08-01 11:48:08+07:00,,,
618,530095080107,C06,BD DĨ AN,Created,0.005,2026-08-01,2026-08-01 15:49:13+07:00,2026-08-01 16:37:58+07:00,,
619,530103110108,C06,BD DĨ AN,Created,0.0075,2026-08-01,2026-08-01 05:58:13+07:00,2026-08-01 16:14:43+07:00,,
620,530103680107,C06,BD DĨ AN,Inbound,0.0051,2026-08-01,2026-08-01 08:02:41+07:00,2026-08-01 13:33:43+07:00,2026-08-01 13:34:05+07:00,2026-08-01 16:39:24+07:00
621,530107720108,C06,BD DĨ AN,Transporting,0.0055,2026-08-01,2026-08-01 10:06:13+07:00,2026-08-01 11:58:32+07:00,2026-08-01 12:14:08+07:00,
622,530111520108,C06,BD DĨ AN,Created,0.006,2026-08-01,2026-08-01 11:28:44+07:00,,,
623,530113920108,C06,BD DĨ AN,Transporting,0.01,2026-08-01,2026-08-01 13:40:19+07:00,2026-08-01 15:23:27+07:00,2026-08-01 16:17:28+07:00,
624,530116890107,C06,BD DĨ AN,Created,0.0065,2026-08-01,2026-08-01 13:59:02+07:00,,,
625,530119080107,C06,BD DĨ AN,Transporting,0.0105,2026-08-01,2026-08-01 12:02:50+07:00,2026-08-01 15:09:14+07:00,2026-08-01 15:09:16+07:00,
626,530127050107,C06,BD DĨ AN,Inbound,0.015,2026-08-01,2026-08-01 15:52:52+07:00,,2026-07-30 21:36:55+07:00,2026-08-01 15:52:52+07:00
627,530139070107,C06,BD DĨ AN,Created,0.0064,2026-08-01,2026-07-31 22:49:02+07:00,2026-08-01 10:38:51+07:00,,
628,530139170107,C06,BD DĨ AN,Inbound,0.006,2026-08-01,2026-08-01 14:39:53+07:00,,2026-07-31 00:25:35+07:00,2026-08-01 14:39:53+07:00
629,530139670107,C06,BD DĨ AN,Transporting,0.0097,2026-08-01,2026-08-01 00:30:19+07:00,2026-08-01 11:18:32+07:00,2026-08-01 13:53:01+07:00,
630,530140270107,C06,BD DĨ AN,Transporting,0.008,2026-08-01,2026-08-01 07:35:19+07:00,2026-08-01 11:23:21+07:00,2026-08-01 15:26:55+07:00,
631,530142720108,C06,BD DĨ AN,Transporting,0.01,2026-08-01,2026-08-01 14:33:42+07:00,2026-08-01 15:08:05+07:00,2026-08-01 16:22:35+07:00,
632,530145690107,C06,BD DĨ AN,Created,0.0081,2026-08-01,2026-08-01 15:42:43+07:00,,,
633,530151880107,C06,BD DĨ AN,Transporting,0.006,2026-08-01,2026-08-01 09:34:40+07:00,2026-08-01 11:57:17+07:00,2026-08-01 12:15:16+07:00,
634,530153670107,C06,BD DĨ AN,Created,0.0095,2026-08-01,2026-08-01 08:27:50+07:00,2026-08-01 14:41:50+07:00,,
635,530156270107,C06,BD DĨ AN,Created,0.013,2026-08-01,2026-07-31 15:33:08+07:00,2026-08-01 08:35:07+07:00,,
636,530170880107,C06,BD DĨ AN,Transporting,0.01,2026-08-01,2026-08-01 13:40:20+07:00,2026-08-01 15:20:34+07:00,2026-08-01 16:20:29+07:00,
637,530172080107,C06,BD DĨ AN,Transporting,0.01,2026-08-01,2026-08-01 13:40:20+07:00,2026-08-01 15:22:01+07:00,2026-08-01 16:18:17+07:00,
638,530180080107,C06,BD DĨ AN,Created,0.006,2026-08-01,2026-08-01 11:38:50+07:00,,,
639,530181680107,C06,BD DĨ AN,Created,0.0074,2026-08-01,2026-08-01 12:07:15+07:00,,,
640,530188110108,C06,BD DĨ AN,Transporting,0.0052,2026-08-01,2026-08-01 11:29:14+07:00,2026-08-01 14:17:22+07:00,2026-08-01 14:18:10+07:00,
641,530188270107,C06,BD DĨ AN,Transporting,0.0068,2026-08-01,2026-07-31 17:42:41+07:00,2026-08-01 15:41:35+07:00,2026-08-01 16:45:03+07:00,
642,530189680107,C06,BD DĨ AN,Created,0.0076,2026-08-01,2026-08-01 15:09:47+07:00,,,
643,530189870107,C06,BD DĨ AN,Created,0.006,2026-08-01,2026-07-31 19:30:05+07:00,2026-08-01 10:58:15+07:00,,
644,530193510108,C06,BD DĨ AN,Created,0.0051,2026-08-01,2026-08-01 13:29:22+07:00,,,
645,530197270107,C06,BD DĨ AN,Transporting,0.0065,2026-08-01,2026-08-01 09:49:44+07:00,2026-08-01 15:09:34+07:00,2026-08-01 15:09:46+07:00,
646,530199300108,C06,BD DĨ AN,Transporting,0.013,2026-08-01,2026-07-31 22:43:40+07:00,2026-08-01 13:17:43+07:00,2026-08-01 15:28:38+07:00,
647,530199500108,C06,BD DĨ AN,Created,0.0113,2026-08-01,2026-07-31 22:44:11+07:00,2026-08-01 13:16:46+07:00,,
648,530203290107,C06,BD DĨ AN,Created,0.005,2026-08-01,2026-08-01 15:49:13+07:00,2026-08-01 16:37:57+07:00,,
649,530203690107,C06,BD DĨ AN,Created,0.005,2026-08-01,2026-08-01 15:49:13+07:00,2026-08-01 16:38:24+07:00,,
650,530206490107,C06,BD DĨ AN,Created,0.015,2026-08-01,2026-08-01 15:13:18+07:00,,,
651,530219640107,C06,BD DĨ AN,Inbound,0.006,2026-08-01,2026-08-01 15:50:26+07:00,,2026-07-30 21:30:44+07:00,2026-08-01 15:50:26+07:00
652,530221980107,C06,BD DĨ AN,Inbound,0.0062,2026-08-01,2026-08-01 16:35:22+07:00,,2026-07-30 21:07:26+07:00,2026-08-01 16:35:22+07:00
653,530226240107,C06,BD DĨ AN,Inbound,0.006,2026-08-01,2026-08-01 15:02:26+07:00,,2026-07-30 23:47:14+07:00,2026-08-01 15:02:26+07:00
654,530229920108,C06,BD DĨ AN,Created,0.0136,2026-08-01,2026-08-01 15:38:33+07:00,,,
655,530232490107,C06,BD DĨ AN,Created,0.01,2026-08-01,2026-08-01 14:05:20+07:00,2026-08-01 16:29:00+07:00,,
656,530235110108,C06,BD DĨ AN,Created,0.006,2026-08-01,2026-08-01 09:18:46+07:00,2026-08-01 10:33:10+07:00,,
657,530237080107,C06,BD DĨ AN,Created,0.006,2026-08-01,2026-08-01 12:29:43+07:00,,,
658,530245290107,C06,BD DĨ AN,Created,0.036,2026-08-01,2026-08-01 15:46:39+07:00,,,
659,530249920108,C06,BD DĨ AN,Created,0.0096,2026-08-01,2026-08-01 16:04:32+07:00,2026-08-01 16:39:51+07:00,,
660,530259710108,C06,BD DĨ AN,Created,0.011,2026-08-01,2026-08-01 11:00:09+07:00,2026-08-01 15:29:23+07:00,,
661,530263980107,C06,BD DĨ AN,Inbound,0.017,2026-08-01,2026-08-01 15:56:16+07:00,,2026-07-30 21:36:06+07:00,2026-08-01 15:56:16+07:00
662,530266670107,C06,BD DĨ AN,Created,0.012,2026-08-01,2026-08-01 08:00:34+07:00,2026-08-01 08:21:44+07:00,,
663,530277880107,C06,BD DĨ AN,Created,0.006,2026-08-01,2026-08-01 13:01:19+07:00,,,
664,530279080107,C06,BD DĨ AN,Created,0.0051,2026-08-01,2026-08-01 16:01:39+07:00,,,
665,530289070107,C06,BD DĨ AN,Created,0.0083,2026-08-01,2026-07-31 19:36:02+07:00,2026-08-01 11:33:34+07:00,,
666,530293700108,C06,BD DĨ AN,Created,0.0059,2026-08-01,2026-08-01 07:02:49+07:00,2026-08-01 10:37:50+07:00,,
667,530294710108,C06,BD DĨ AN,Created,0.0062,2026-08-01,2026-08-01 13:26:07+07:00,,,
668,530306320108,C06,BD DĨ AN,Transporting,0.005,2026-08-01,2026-08-01 09:50:42+07:00,2026-08-01 11:03:09+07:00,2026-08-01 15:25:36+07:00,
669,530309110108,C06,BD DĨ AN,Transporting,0.0059,2026-08-01,2026-08-01 08:02:16+07:00,2026-08-01 14:42:28+07:00,2026-08-01 14:42:28+07:00,
670,530314890107,C06,BD DĨ AN,Created,0.008,2026-08-01,2026-08-01 16:33:50+07:00,,,
671,530316520108,C06,BD DĨ AN,Transporting,0.01,2026-08-01,2026-08-01 13:40:20+07:00,2026-08-01 15:22:05+07:00,2026-08-01 16:17:56+07:00,
672,530326320108,C06,BD DĨ AN,Transporting,0.008,2026-08-01,2026-08-01 14:04:40+07:00,2026-08-01 16:47:08+07:00,2026-08-01 16:47:13+07:00,
673,530327680107,C06,BD DĨ AN,Created,0.009,2026-08-01,2026-08-01 08:03:34+07:00,,,
674,530330080107,C06,BD DĨ AN,Transporting,0.01,2026-08-01,2026-08-01 07:29:37+07:00,2026-08-01 10:11:22+07:00,2026-08-01 15:49:29+07:00,
675,530336980107,C06,BD DĨ AN,Inbound,0.0055,2026-08-01,2026-08-01 15:52:35+07:00,,2026-07-30 21:33:50+07:00,2026-08-01 15:52:35+07:00
676,530352480107,C06,BD DĨ AN,Created,0.0958,2026-08-01,2026-08-01 13:17:58+07:00,,,
677,530353870107,C06,BD DĨ AN,Created,0.0104,2026-08-01,2026-08-01 08:35:01+07:00,2026-08-01 11:21:34+07:00,,
678,530362720108,C06,BD DĨ AN,Created,0.005,2026-08-01,2026-08-01 16:04:32+07:00,2026-08-01 16:40:10+07:00,,
679,530373670107,C06,BD DĨ AN,Created,0.0067,2026-08-01,2026-07-31 16:12:11+07:00,2026-08-01 11:54:05+07:00,,
680,530375380107,C06,BD DĨ AN,Inbound,0.0065,2026-08-01,2026-08-01 14:45:39+07:00,,2026-07-30 22:14:49+07:00,2026-08-01 14:45:39+07:00
681,530378680107,C06,BD DĨ AN,Created,0.0064,2026-08-01,2026-08-01 14:47:04+07:00,,,
682,530380510108,C06,BD DĨ AN,Transporting,0.0064,2026-08-01,2026-08-01 12:02:50+07:00,2026-08-01 14:43:15+07:00,2026-08-01 14:43:17+07:00,
683,530382080107,C06,BD DĨ AN,Transporting,0.0055,2026-08-01,2026-08-01 14:53:17+07:00,2026-08-01 15:09:07+07:00,2026-08-01 15:35:00+07:00,
684,530389270107,C06,BD DĨ AN,Created,0.006,2026-08-01,2026-07-31 19:54:42+07:00,2026-08-01 10:58:10+07:00,,
685,530391680107,C06,BD DĨ AN,Created,0.0069,2026-08-01,2026-08-01 15:53:44+07:00,,,
686,530395710108,C06,BD DĨ AN,Transporting,0.01,2026-08-01,2026-08-01 14:02:25+07:00,2026-08-01 15:19:51+07:00,2026-08-01 16:05:16+07:00,
687,530400330108,C06,BD DĨ AN,Created,0.0058,2026-08-01,2026-08-01 16:14:58+07:00,,,
688,530404320108,C06,BD DĨ AN,Created,0.018,2026-08-01,2026-08-01 13:38:54+07:00,2026-08-01 15:44:21+07:00,,
689,530414120108,C06,BD DĨ AN,Created,0.0075,2026-08-01,2026-08-01 14:01:38+07:00,,,
690,530420720108,C06,BD DĨ AN,Created,0.01,2026-08-01,2026-08-01 14:05:20+07:00,2026-08-01 16:29:12+07:00,,
691,530424280107,C06,BD DĨ AN,Transporting,0.0051,2026-08-01,2026-08-01 10:52:06+07:00,2026-08-01 14:32:41+07:00,2026-08-01 14:32:45+07:00,
692,530431850107,C06,BD DĨ AN,Inbound,0.0101,2026-08-01,2026-08-01 16:38:18+07:00,,2026-07-30 21:10:55+07:00,2026-08-01 16:38:18+07:00
693,530434500108,C06,BD DĨ AN,Created,0.0124,2026-08-01,2026-07-31 13:39:17+07:00,2026-08-01 11:26:51+07:00,,
694,530435030107,C06,BD DĨ AN,Inbound,0.0069,2026-08-01,2026-08-01 15:19:16+07:00,,2026-07-30 22:15:34+07:00,2026-08-01 15:19:16+07:00
695,530442710108,C06,BD DĨ AN,Created,0.0056,2026-08-01,2026-08-01 09:25:14+07:00,,,
696,530446320108,C06,BD DĨ AN,Created,0.005,2026-08-01,2026-08-01 15:49:13+07:00,2026-08-01 16:37:38+07:00,,
697,530448880107,C06,BD DĨ AN,Created,0.006,2026-08-01,2026-08-01 09:18:46+07:00,2026-08-01 10:33:09+07:00,,
698,530450680107,C06,BD DĨ AN,Transporting,0.008,2026-08-01,2026-08-01 09:25:53+07:00,2026-08-01 11:24:10+07:00,2026-08-01 15:27:18+07:00,
699,530459880107,C06,BD DĨ AN,Created,0.0055,2026-08-01,2026-08-01 13:43:29+07:00,2026-08-01 15:30:12+07:00,,
700,530463180107,C06,BD DĨ AN,Inbound,0.0135,2026-08-01,2026-08-01 16:28:06+07:00,,2026-07-30 21:09:42+07:00,2026-08-01 16:28:06+07:00
701,530467310108,C06,BD DĨ AN,Created,0.013,2026-08-01,2026-08-01 08:03:34+07:00,,,
702,530477070107,C06,BD DĨ AN,Transporting,0.0052,2026-08-01,2026-08-01 09:56:24+07:00,2026-08-01 14:48:15+07:00,2026-08-01 15:55:06+07:00,
703,530479510108,C06,BD DĨ AN,Created,0.0058,2026-08-01,2026-08-01 13:34:03+07:00,,,
704,530499870107,C06,BD DĨ AN,Created,0.01,2026-08-01,2026-08-01 10:46:21+07:00,,,
705,530504690107,C06,BD DĨ AN,Created,0.0092,2026-08-01,2026-08-01 14:33:08+07:00,,,
706,530506850107,C06,BD DĨ AN,Inbound,0.0065,2026-08-01,2026-08-01 14:44:57+07:00,,2026-07-30 22:04:53+07:00,2026-08-01 14:44:57+07:00
707,530508320108,C06,BD DĨ AN,Transporting,0.01,2026-08-01,2026-08-01 13:40:19+07:00,2026-08-01 15:24:07+07:00,2026-08-01 16:45:54+07:00,
708,530511480107,C06,BD DĨ AN,Transporting,0.008,2026-08-01,2026-08-01 07:37:42+07:00,2026-08-01 11:23:35+07:00,2026-08-01 15:27:02+07:00,
709,530519180107,C06,BD DĨ AN,Inbound,0.0062,2026-08-01,2026-08-01 16:00:38+07:00,,2026-07-30 21:30:05+07:00,2026-08-01 16:00:38+07:00
710,530520690107,C06,BD DĨ AN,Created,0.0077,2026-08-01,2026-08-01 14:00:05+07:00,,,
711,530526090107,C06,BD DĨ AN,Created,0.0075,2026-08-01,2026-08-01 16:28:15+07:00,,,
712,530531450107,C06,BD DĨ AN,Inbound,0.013,2026-08-01,2026-08-01 15:26:58+07:00,,2026-07-30 22:01:34+07:00,2026-08-01 15:26:58+07:00
713,530535680107,C06,BD DĨ AN,Transporting,0.0064,2026-08-01,2026-08-01 13:04:04+07:00,2026-08-01 14:56:07+07:00,2026-08-01 14:56:09+07:00,
714,530538880107,C06,BD DĨ AN,Created,0.007,2026-08-01,2026-08-01 12:25:33+07:00,2026-08-01 15:43:45+07:00,,
715,530539690107,C06,BD DĨ AN,Created,0.01,2026-08-01,2026-08-01 14:46:17+07:00,2026-08-01 16:48:33+07:00,,
716,530541310108,C06,BD DĨ AN,Transporting,0.0082,2026-08-01,2026-08-01 09:48:31+07:00,2026-08-01 13:57:53+07:00,2026-08-01 13:57:58+07:00,
717,530541870107,C06,BD DĨ AN,Created,0.011,2026-08-01,2026-08-01 08:45:00+07:00,2026-08-01 16:11:27+07:00,,
718,530545070107,C06,BD DĨ AN,Transporting,0.012,2026-08-01,2026-08-01 07:51:29+07:00,2026-08-01 11:38:43+07:00,2026-08-01 11:49:30+07:00,
719,530545310108,C06,BD DĨ AN,Created,0.006,2026-08-01,2026-08-01 12:44:34+07:00,,,
720,530548720108,C06,BD DĨ AN,Created,0.0095,2026-08-01,2026-08-01 15:33:49+07:00,,,
721,530552680107,C06,BD DĨ AN,Transporting,0.01,2026-08-01,2026-08-01 13:28:00+07:00,2026-08-01 15:27:24+07:00,2026-08-01 16:37:11+07:00,
722,530553120108,C06,BD DĨ AN,Created,0.0075,2026-08-01,2026-08-01 13:42:47+07:00,,,
723,530553670107,C06,BD DĨ AN,Created,0.0106,2026-08-01,2026-08-01 08:41:55+07:00,2026-08-01 10:21:14+07:00,,
724,530569910108,C06,BD DĨ AN,Inbound,0.0367,2026-08-01,2026-08-01 09:47:34+07:00,2026-08-01 12:43:08+07:00,,2026-08-01 15:15:27+07:00
725,530570310108,C06,BD DĨ AN,Transporting,0.0052,2026-08-01,2026-08-01 10:52:44+07:00,2026-08-01 14:00:12+07:00,2026-08-01 14:00:26+07:00,
726,530574880107,C06,BD DĨ AN,Transporting,0.01,2026-08-01,2026-08-01 13:40:20+07:00,2026-08-01 15:22:42+07:00,2026-08-01 16:20:36+07:00,
727,530578310108,C06,BD DĨ AN,Created,0.006,2026-08-01,2026-08-01 12:16:12+07:00,,,
728,530580320108,C06,BD DĨ AN,Created,0.009,2026-08-01,2026-08-01 15:07:23+07:00,,,
729,530580880107,C06,BD DĨ AN,Transporting,0.0083,2026-08-01,2026-08-01 12:00:39+07:00,2026-08-01 14:41:57+07:00,2026-08-01 14:41:57+07:00,
730,530584270107,C06,BD DĨ AN,Created,0.0067,2026-08-01,2026-08-01 09:04:03+07:00,,,
731,530593680107,C06,BD DĨ AN,Created,0.008,2026-08-01,2026-08-01 15:18:54+07:00,,,
732,530598270107,C06,BD DĨ AN,Transporting,0.0078,2026-08-01,2026-08-01 09:44:46+07:00,2026-08-01 15:02:30+07:00,2026-08-01 15:02:31+07:00,
733,530598470107,C06,BD DĨ AN,Created,0.0056,2026-08-01,2026-08-01 09:45:51+07:00,2026-08-01 11:25:43+07:00,,
734,530598510108,C06,BD DĨ AN,Created,0.0059,2026-08-01,2026-08-01 12:48:15+07:00,,,
735,530598670107,C06,BD DĨ AN,Inbound,0.0375,2026-08-01,2026-08-01 09:47:34+07:00,2026-08-01 12:42:08+07:00,,2026-08-01 15:15:56+07:00
736,530601290107,C06,BD DĨ AN,Created,0.009,2026-08-01,2026-08-01 13:32:31+07:00,,,
737,530604290107,C06,BD DĨ AN,Created,0.02,2026-08-01,2026-08-01 14:36:26+07:00,2026-08-01 15:05:09+07:00,,
738,530606880107,C06,BD DĨ AN,Created,0.0061,2026-08-01,2026-08-01 10:54:14+07:00,,,
739,530611310108,C06,BD DĨ AN,Transporting,0.0101,2026-08-01,2026-08-01 08:04:50+07:00,2026-08-01 14:51:18+07:00,2026-08-01 14:51:34+07:00,
740,530611880107,C06,BD DĨ AN,Transporting,0.0075,2026-08-01,2026-08-01 07:44:20+07:00,2026-08-01 13:15:31+07:00,2026-08-01 15:28:24+07:00,
741,530612080107,C06,BD DĨ AN,Created,0.006,2026-08-01,2026-08-01 11:28:04+07:00,,,
742,530621720108,C06,BD DĨ AN,Created,0.006,2026-08-01,2026-08-01 14:50:29+07:00,,,
743,530626910108,C06,BD DĨ AN,Created,0.01,2026-08-01,2026-08-01 08:25:00+07:00,2026-08-01 10:12:36+07:00,,
744,530628120108,C06,BD DĨ AN,Created,0.01,2026-08-01,2026-08-01 14:38:36+07:00,2026-08-01 15:07:16+07:00,,
745,530628910108,C06,BD DĨ AN,Transporting,0.0057,2026-08-01,2026-08-01 08:02:40+07:00,2026-08-01 13:55:18+07:00,2026-08-01 13:55:17+07:00,
746,530630110108,C06,BD DĨ AN,Created,0.007,2026-08-01,2026-08-01 08:15:26+07:00,2026-08-01 16:48:08+07:00,,
747,530633320108,C06,BD DĨ AN,Created,0.005,2026-08-01,2026-08-01 15:49:13+07:00,2026-08-01 16:38:36+07:00,,
748,530639690107,C06,BD DĨ AN,Created,0.0062,2026-08-01,2026-08-01 14:48:43+07:00,,,
749,530640040107,C06,BD DĨ AN,Inbound,0.008,2026-08-01,2026-08-01 14:57:11+07:00,,2026-07-30 23:58:39+07:00,2026-08-01 14:57:11+07:00
750,530642320108,C06,BD DĨ AN,Created,0.0054,2026-08-01,2026-08-01 15:07:22+07:00,,,
751,530643080107,C06,BD DĨ AN,Created,0.007,2026-08-01,2026-08-01 09:07:19+07:00,2026-08-01 09:26:55+07:00,,
752,530647480107,C06,BD DĨ AN,Created,0.0179,2026-08-01,2026-08-01 14:07:58+07:00,,,
753,530650280107,C06,BD DĨ AN,Created,0.0107,2026-08-01,2026-08-01 09:29:09+07:00,,,
754,530651720108,C06,BD DĨ AN,Created,0.0095,2026-08-01,2026-08-01 13:54:52+07:00,,,
755,530655870107,C06,BD DĨ AN,Transporting,0.0055,2026-08-01,2026-08-01 10:08:55+07:00,2026-08-01 11:57:52+07:00,2026-08-01 12:13:24+07:00,
756,530659310108,C06,BD DĨ AN,Created,0.01,2026-08-01,2026-08-01 11:28:28+07:00,2026-08-01 16:49:02+07:00,,
757,530660280107,C06,BD DĨ AN,Transporting,0.009,2026-08-01,2026-08-01 10:04:41+07:00,2026-08-01 14:48:09+07:00,2026-08-01 15:54:41+07:00,
758,530664480107,C06,BD DĨ AN,Created,0.02,2026-08-01,2026-08-01 14:36:27+07:00,2026-08-01 15:05:06+07:00,,
759,530666510108,C06,BD DĨ AN,Transporting,0.006,2026-08-01,2026-08-01 07:23:46+07:00,2026-08-01 11:58:29+07:00,2026-08-01 12:12:11+07:00,
760,530667680107,C06,BD DĨ AN,Inbound,0.0367,2026-08-01,2026-08-01 11:23:48+07:00,2026-08-01 12:34:45+07:00,2026-08-01 14:27:20+07:00,2026-08-01 15:40:01+07:00
761,530669310108,C06,BD DĨ AN,Transporting,0.0094,2026-08-01,2026-08-01 09:48:35+07:00,2026-08-01 13:41:24+07:00,2026-08-01 15:29:14+07:00,
762,530681710108,C06,BD DĨ AN,Created,0.0134,2026-08-01,2026-08-01 13:43:29+07:00,2026-08-01 15:36:28+07:00,,
763,530685670107,C06,BD DĨ AN,Transporting,0.005,2026-08-01,2026-08-01 09:52:40+07:00,2026-08-01 14:22:10+07:00,2026-08-01 15:34:54+07:00,
764,530689080107,C06,BD DĨ AN,Created,0.006,2026-08-01,2026-08-01 15:49:15+07:00,,,
765,530689310108,C06,BD DĨ AN,Created,0.0078,2026-08-01,2026-08-01 13:17:56+07:00,,,
766,530697070107,C06,BD DĨ AN,Created,0.007,2026-08-01,2026-08-01 10:17:36+07:00,2026-08-01 11:15:41+07:00,,
767,530698510108,C06,BD DĨ AN,Created,0.0105,2026-08-01,2026-08-01 12:56:10+07:00,,,
768,530703520108,C06,BD DĨ AN,Created,0.0101,2026-08-01,2026-08-01 14:01:02+07:00,,,
769,530709720108,C06,BD DĨ AN,Created,0.1002,2026-08-01,2026-08-01 14:08:44+07:00,,,
770,530712090107,C06,BD DĨ AN,Created,0.0072,2026-08-01,2026-08-01 16:13:59+07:00,,,
771,530713240107,C06,BD DĨ AN,Inbound,0.01,2026-08-01,2026-08-01 15:52:55+07:00,,2026-07-30 21:36:42+07:00,2026-08-01 15:52:55+07:00
772,530718320108,C06,BD DĨ AN,Created,0.008,2026-08-01,2026-08-01 13:51:13+07:00,,,
773,530728080107,C06,BD DĨ AN,Transporting,0.0064,2026-08-01,2026-08-01 08:18:01+07:00,2026-08-01 09:02:48+07:00,2026-08-01 12:30:35+07:00,
774,530734320108,C06,BD DĨ AN,Created,0.008,2026-08-01,2026-08-01 15:54:29+07:00,,,
775,530736680107,C06,BD DĨ AN,Created,0.0124,2026-08-01,2026-08-01 11:48:54+07:00,,,
776,530736880107,C06,BD DĨ AN,Created,0.0059,2026-08-01,2026-08-01 11:51:45+07:00,2026-08-01 14:56:35+07:00,,
777,530744670107,C06,BD DĨ AN,Created,0.0086,2026-08-01,2026-07-31 22:10:15+07:00,2026-08-01 16:08:35+07:00,,
778,530745290107,C06,BD DĨ AN,Created,0.0098,2026-08-01,2026-08-01 15:51:38+07:00,2026-08-01 16:41:32+07:00,,
779,530745680107,C06,BD DĨ AN,Transporting,0.01,2026-08-01,2026-08-01 14:07:50+07:00,2026-08-01 15:11:30+07:00,2026-08-01 16:01:10+07:00,
780,530749070107,C06,BD DĨ AN,Transporting,0.02,2026-08-01,2026-08-01 08:47:03+07:00,2026-08-01 10:45:43+07:00,2026-08-01 16:06:21+07:00,
781,530762280107,C06,BD DĨ AN,Created,0.0111,2026-08-01,2026-08-01 13:37:55+07:00,,,
782,530762880107,C06,BD DĨ AN,Created,0.017,2026-08-01,2026-08-01 13:38:54+07:00,2026-08-01 15:44:16+07:00,,
783,530764870107,C06,BD DĨ AN,Created,0.0095,2026-08-01,2026-08-01 08:33:21+07:00,2026-08-01 14:40:05+07:00,,
784,530775110108,C06,BD DĨ AN,Created,0.0075,2026-08-01,2026-08-01 12:57:53+07:00,2026-08-01 14:59:17+07:00,,
785,530776270107,C06,BD DĨ AN,Created,0.0067,2026-08-01,2026-08-01 09:11:43+07:00,2026-08-01 11:25:07+07:00,,
786,530779680107,C06,BD DĨ AN,Created,0.008,2026-08-01,2026-08-01 16:33:50+07:00,,,
787,530782670107,C06,BD DĨ AN,Created,0.0105,2026-08-01,2026-08-01 08:33:13+07:00,,,
788,530785270107,C06,BD DĨ AN,Transporting,0.005,2026-08-01,2026-08-01 09:56:07+07:00,2026-08-01 11:04:56+07:00,2026-08-01 15:26:26+07:00,
789,530785680107,C06,BD DĨ AN,Created,0.0088,2026-08-01,2026-08-01 16:06:31+07:00,,,
790,530788910108,C06,BD DĨ AN,Created,0.0136,2026-08-01,2026-08-01 12:41:37+07:00,,,
791,530793270107,C06,BD DĨ AN,Transporting,0.0095,2026-08-01,2026-08-01 10:51:07+07:00,2026-08-01 13:51:36+07:00,2026-08-01 13:52:32+07:00,
792,530797070107,C06,BD DĨ AN,Created,0.0062,2026-08-01,2026-08-01 10:22:24+07:00,,,
793,530807670107,C06,BD DĨ AN,Created,0.0105,2026-08-01,2026-07-31 16:12:25+07:00,2026-08-01 15:22:11+07:00,,
794,530811510108,C06,BD DĨ AN,Created,0.006,2026-08-01,2026-08-01 08:11:09+07:00,2026-08-01 08:20:42+07:00,,
795,530812480107,C06,BD DĨ AN,Transporting,0.0051,2026-08-01,2026-08-01 12:00:38+07:00,2026-08-01 14:34:23+07:00,2026-08-01 14:34:50+07:00,
796,530812690107,C06,BD DĨ AN,Created,0.011,2026-08-01,2026-08-01 16:23:55+07:00,,,
797,530819280107,C06,BD DĨ AN,Created,0.0084,2026-08-01,2026-08-01 13:00:47+07:00,2026-08-01 16:19:49+07:00,,
798,530822980107,C06,BD DĨ AN,Inbound,0.0103,2026-08-01,2026-08-01 16:23:06+07:00,,2026-07-30 21:27:27+07:00,2026-08-01 16:23:06+07:00
799,530825980107,C06,BD DĨ AN,Inbound,0.0058,2026-08-01,2026-08-01 14:56:15+07:00,,2026-07-30 23:56:51+07:00,2026-08-01 14:56:15+07:00
800,530827710108,C06,BD DĨ AN,Created,0.007,2026-08-01,2026-08-01 09:44:27+07:00,2026-08-01 15:41:58+07:00,,
801,530832640107,C06,BD DĨ AN,Inbound,0.007,2026-08-01,2026-08-01 15:48:30+07:00,,2026-07-30 21:37:55+07:00,2026-08-01 15:48:30+07:00
802,530832680107,C06,BD DĨ AN,Transporting,0.005,2026-08-01,2026-08-01 09:50:42+07:00,2026-08-01 11:03:54+07:00,2026-08-01 15:26:03+07:00,
803,530836080107,C06,BD DĨ AN,Created,0.0059,2026-08-01,2026-08-01 11:51:45+07:00,2026-08-01 14:56:36+07:00,,
804,530837680107,C06,BD DĨ AN,Created,0.0095,2026-08-01,2026-08-01 13:06:09+07:00,2026-08-01 14:39:21+07:00,,
805,530844520108,C06,BD DĨ AN,Created,0.0059,2026-08-01,2026-08-01 16:37:07+07:00,,,
806,530850490107,C06,BD DĨ AN,Created,0.0103,2026-08-01,2026-08-01 16:01:55+07:00,,,
807,530885680107,C06,BD DĨ AN,Created,0.0085,2026-08-01,2026-08-01 16:19:14+07:00,,,
808,530886270107,C06,BD DĨ AN,Transporting,0.0052,2026-08-01,2026-08-01 10:22:27+07:00,2026-08-01 15:41:57+07:00,2026-08-01 16:46:36+07:00,
809,530892470107,C06,BD DĨ AN,Inbound,0.0905,2026-08-01,2026-08-01 09:48:26+07:00,2026-08-01 12:48:25+07:00,,2026-08-01 15:12:53+07:00
810,530893500108,C06,BD DĨ AN,Transporting,0.016,2026-08-01,2026-08-01 08:08:58+07:00,2026-08-01 11:59:23+07:00,2026-08-01 15:02:28+07:00,
811,530899100108,C06,BD DĨ AN,Transporting,0.008,2026-08-01,2026-08-01 07:35:19+07:00,2026-08-01 11:23:14+07:00,2026-08-01 15:26:51+07:00,
812,530903490107,C06,BD DĨ AN,Created,0.006,2026-08-01,2026-08-01 16:05:54+07:00,,,
813,530906320108,C06,BD DĨ AN,Transporting,0.0075,2026-08-01,2026-08-01 09:58:16+07:00,2026-08-01 16:03:47+07:00,2026-08-01 16:06:12+07:00,
814,530906850107,C06,BD DĨ AN,Inbound,0.0065,2026-08-01,2026-08-01 15:24:48+07:00,,2026-07-30 22:04:33+07:00,2026-08-01 15:24:48+07:00
815,530907500108,C06,BD DĨ AN,Created,0.0066,2026-08-01,2026-07-31 13:38:52+07:00,2026-08-01 11:33:38+07:00,,
816,530908310108,C06,BD DĨ AN,Transporting,0.01,2026-08-01,2026-08-01 07:29:37+07:00,2026-08-01 10:11:48+07:00,2026-08-01 15:49:04+07:00,
817,530909980107,C06,BD DĨ AN,Inbound,0.0062,2026-08-01,2026-08-01 14:48:03+07:00,,2026-07-31 00:10:07+07:00,2026-08-01 14:48:03+07:00
818,530923720108,C06,BD DĨ AN,Created,0.0084,2026-08-01,2026-08-01 11:13:05+07:00,,,
819,530926280107,C06,BD DĨ AN,Created,0.0056,2026-08-01,2026-08-01 07:50:27+07:00,2026-08-01 12:04:59+07:00,,
820,530933710108,C06,BD DĨ AN,Created,0.018,2026-08-01,2026-07-31 17:30:29+07:00,2026-08-01 09:28:09+07:00,,
821,530934580107,C06,BD DĨ AN,Inbound,0.0062,2026-08-01,2026-08-01 14:50:03+07:00,,2026-07-31 00:11:58+07:00,2026-08-01 14:50:03+07:00
822,530935310108,C06,BD DĨ AN,Created,0.008,2026-08-01,2026-08-01 10:17:03+07:00,,,
823,530937120108,C06,BD DĨ AN,Transporting,0.01,2026-08-01,2026-08-01 13:08:19+07:00,2026-08-01 14:53:42+07:00,2026-08-01 15:45:06+07:00,
824,530938070107,C06,BD DĨ AN,Transporting,0.006,2026-08-01,2026-07-31 20:54:24+07:00,2026-08-01 11:09:53+07:00,2026-08-01 15:26:33+07:00,
825,530943480107,C06,BD DĨ AN,Created,0.0067,2026-08-01,2026-08-01 09:11:15+07:00,,,
826,530944440107,C06,BD DĨ AN,Inbound,0.0085,2026-08-01,2026-08-01 15:37:18+07:00,,2026-07-30 21:37:53+07:00,2026-08-01 15:37:18+07:00
827,530974320108,C06,BD DĨ AN,Created,0.0073,2026-08-01,2026-08-01 14:42:27+07:00,,,
828,530974680107,C06,BD DĨ AN,Created,0.006,2026-08-01,2026-08-01 13:49:31+07:00,,,
829,530975100108,C06,BD DĨ AN,Transporting,0.02,2026-08-01,2026-08-01 07:05:12+07:00,2026-08-01 10:34:35+07:00,2026-08-01 12:35:21+07:00,
830,530976310108,C06,BD DĨ AN,Created,0.018,2026-08-01,2026-08-01 08:16:39+07:00,,,
831,530976680107,C06,BD DĨ AN,Created,0.007,2026-08-01,2026-08-01 12:49:14+07:00,2026-08-01 15:35:33+07:00,,
832,530980660107,C06,BD DĨ AN,Created,0.0051,2026-08-01,2026-07-31 14:49:33+07:00,2026-08-01 13:27:40+07:00,,
833,530982310108,C06,BD DĨ AN,Created,0.008,2026-08-01,2026-08-01 09:13:45+07:00,,,
834,530984520108,C06,BD DĨ AN,Created,0.0108,2026-08-01,2026-08-01 15:47:06+07:00,2026-08-01 16:47:58+07:00,,
835,530989110108,C06,BD DĨ AN,Created,0.0055,2026-08-01,2026-08-01 13:32:38+07:00,2026-08-01 15:22:01+07:00,,
836,530992070107,C06,BD DĨ AN,Transporting,0.005,2026-08-01,2026-08-01 09:50:39+07:00,2026-08-01 11:03:12+07:00,2026-08-01 15:25:37+07:00,
837,530993070107,C06,BD DĨ AN,Created,0.0051,2026-08-01,2026-08-01 11:01:13+07:00,2026-08-01 15:12:00+07:00,,
838,530996680107,C06,BD DĨ AN,Created,0.0098,2026-08-01,2026-08-01 15:51:39+07:00,2026-08-01 16:42:01+07:00,,
839,530999710108,C06,BD DĨ AN,Created,0.01,2026-08-01,2026-08-01 13:35:42+07:00,2026-08-01 15:26:24+07:00,,
840,530000710108,A06,BN HUB,Created,0.011,2026-08-01,2026-07-31 14:10:31+07:00,2026-08-01 11:53:06+07:00,,
841,530003330108,A06,BN HUB,Created,0.0053,2026-08-01,2026-08-01 16:07:57+07:00,2026-08-01 16:48:55+07:00,,
842,530003530108,A06,BN HUB,Created,0.0053,2026-08-01,2026-08-01 16:07:57+07:00,2026-08-01 16:48:53+07:00,,
843,530003690107,A06,BN HUB,Created,0.0055,2026-08-01,2026-08-01 15:39:57+07:00,,,
844,530003870107,A06,BN HUB,Created,0.019,2026-08-01,2026-07-31 15:33:08+07:00,2026-08-01 08:37:05+07:00,,
845,530005280107,A06,BN HUB,Created,0.0058,2026-08-01,2026-08-01 10:58:44+07:00,2026-08-01 15:43:40+07:00,,
846,530005320108,A06,BN HUB,Created,0.0065,2026-08-01,2026-08-01 13:59:01+07:00,,,
847,530006080107,A06,BN HUB,Created,0.0058,2026-08-01,2026-08-01 10:09:50+07:00,,,
848,530006290107,A06,BN HUB,Created,0.0102,2026-08-01,2026-08-01 15:00:22+07:00,,,
849,530007480107,A06,BN HUB,Created,0.006,2026-08-01,2026-08-01 11:24:57+07:00,,,
850,530007690107,A06,BN HUB,Created,0.005,2026-08-01,2026-08-01 16:04:38+07:00,2026-08-01 16:43:45+07:00,,
851,530007720108,A06,BN HUB,Transporting,0.0094,2026-08-01,2026-08-01 09:58:59+07:00,2026-08-01 14:05:33+07:00,2026-08-01 15:34:15+07:00,
852,530009110108,A06,BN HUB,Created,0.0055,2026-08-01,2026-08-01 07:35:07+07:00,,,
853,530009470107,A06,BN HUB,Created,0.019,2026-08-01,2026-07-31 15:33:08+07:00,2026-08-01 08:36:35+07:00,,
854,530010680107,A06,BN HUB,Inbound,0.0221,2026-08-01,2026-08-01 06:49:08+07:00,2026-08-01 14:00:13+07:00,,2026-08-01 15:11:21+07:00
855,530010920108,A06,BN HUB,Created,0.0075,2026-08-01,2026-08-01 10:52:06+07:00,2026-08-01 16:49:17+07:00,,
856,530011470107,A06,BN HUB,Created,0.01,2026-08-01,2026-07-31 15:27:05+07:00,2026-08-01 15:19:32+07:00,,
857,530012930108,A06,BN HUB,Created,0.0055,2026-08-01,2026-08-01 16:32:54+07:00,,,
858,530013280107,A06,BN HUB,Created,0.0058,2026-08-01,2026-08-01 12:07:37+07:00,,,
859,530013880107,A06,BN HUB,Created,0.007,2026-08-01,2026-08-01 12:14:39+07:00,,,
860,530014890107,A06,BN HUB,Created,0.01,2026-08-01,2026-08-01 16:07:05+07:00,,,
861,530017080107,A06,BN HUB,Created,0.0081,2026-08-01,2026-08-01 08:34:55+07:00,,,
862,530017520108,A06,BN HUB,Created,0.0105,2026-08-01,2026-08-01 13:59:01+07:00,,,
863,530018270107,A06,BN HUB,Created,0.0098,2026-08-01,2026-07-31 15:59:10+07:00,2026-08-01 15:40:33+07:00,,
864,530018290107,A06,BN HUB,Created,0.011,2026-08-01,2026-08-01 16:04:21+07:00,,,
865,530019080107,A06,BN HUB,Created,0.0055,2026-08-01,2026-08-01 11:51:54+07:00,2026-08-01 15:22:57+07:00,,
866,530020280107,A06,BN HUB,Created,0.0082,2026-08-01,2026-08-01 10:19:47+07:00,,,
867,530021090107,A06,BN HUB,Transporting,0.01,2026-08-01,2026-08-01 14:02:25+07:00,2026-08-01 15:19:35+07:00,2026-08-01 16:05:04+07:00,
868,530021100108,A06,BN HUB,Created,0.015,2026-08-01,2026-07-31 13:07:23+07:00,2026-08-01 14:32:53+07:00,,
869,530021490107,A06,BN HUB,Transporting,0.01,2026-08-01,2026-08-01 14:02:25+07:00,2026-08-01 15:19:28+07:00,2026-08-01 16:04:25+07:00,
870,530021720108,A06,BN HUB,Created,0.007,2026-08-01,2026-08-01 14:16:49+07:00,,,
871,530022090107,A06,BN HUB,Created,0.0116,2026-08-01,2026-08-01 16:33:03+07:00,,,
872,530023280107,A06,BN HUB,Created,0.0055,2026-08-01,2026-08-01 12:15:51+07:00,,,
873,530023880107,A06,BN HUB,Created,0.0064,2026-08-01,2026-08-01 12:25:02+07:00,,,
874,530024290107,A06,BN HUB,Created,0.0084,2026-08-01,2026-08-01 16:05:56+07:00,,,
875,530024490107,A06,BN HUB,Created,0.01,2026-08-01,2026-08-01 16:07:05+07:00,,,
876,530024720108,A06,BN HUB,Created,0.013,2026-08-01,2026-08-01 11:18:02+07:00,2026-08-01 15:38:13+07:00,,
877,530024880107,A06,BN HUB,Created,0.0163,2026-08-01,2026-08-01 10:22:35+07:00,,,
878,530024920108,A06,BN HUB,Created,0.0058,2026-08-01,2026-08-01 11:18:02+07:00,2026-08-01 15:38:26+07:00,,
879,530025080107,A06,BN HUB,Created,0.006,2026-08-01,2026-08-01 11:23:36+07:00,,,
880,530025680107,A06,BN HUB,Created,0.01,2026-08-01,2026-08-01 11:28:28+07:00,,,
881,530026120108,A06,BN HUB,Created,0.0105,2026-08-01,2026-08-01 13:59:02+07:00,,,
882,530027110108,A06,BN HUB,Transporting,0.01,2026-08-01,2026-08-01 08:44:30+07:00,2026-08-01 10:57:55+07:00,2026-08-01 16:04:06+07:00,
883,530027510108,A06,BN HUB,Transporting,0.01,2026-08-01,2026-08-01 08:54:01+07:00,2026-08-01 10:59:50+07:00,2026-08-01 16:00:16+07:00,
884,530029080107,A06,BN HUB,Transporting,0.01,2026-08-01,2026-08-01 08:25:00+07:00,2026-08-01 10:13:18+07:00,2026-08-01 15:47:14+07:00,
885,530031520108,A06,BN HUB,Created,0.0078,2026-08-01,2026-08-01 13:00:23+07:00,,,
886,530031920108,A06,BN HUB,Transporting,0.0062,2026-08-01,2026-08-01 13:01:11+07:00,2026-08-01 14:56:00+07:00,2026-08-01 14:56:03+07:00,
887,530032120108,A06,BN HUB,Transporting,0.0085,2026-08-01,2026-08-01 14:17:57+07:00,2026-08-01 14:53:47+07:00,2026-08-01 15:35:00+07:00,
888,530033120108,A06,BN HUB,Created,0.0116,2026-08-01,2026-08-01 15:14:26+07:00,,,
889,530033680107,A06,BN HUB,Created,0.0058,2026-08-01,2026-08-01 10:09:50+07:00,,,
890,530033890107,A06,BN HUB,Created,0.014,2026-08-01,2026-08-01 14:11:52+07:00,,,
891,530034720108,A06,BN HUB,Created,0.005,2026-08-01,2026-08-01 15:04:50+07:00,,,
892,530036080107,A06,BN HUB,Created,0.008,2026-08-01,2026-08-01 10:45:08+07:00,2026-08-01 15:57:12+07:00,,
893,530036480107,A06,BN HUB,Transporting,0.0073,2026-08-01,2026-08-01 10:46:17+07:00,2026-08-01 14:14:16+07:00,2026-08-01 15:34:32+07:00,
894,530037520108,A06,BN HUB,Created,0.0081,2026-08-01,2026-08-01 13:04:21+07:00,,,
895,530038090107,A06,BN HUB,Created,0.0075,2026-08-01,2026-08-01 14:14:08+07:00,,,
896,530038290107,A06,BN HUB,Created,0.01,2026-08-01,2026-08-01 14:14:47+07:00,2026-08-01 15:09:57+07:00,,
897,530039320108,A06,BN HUB,Created,0.02,2026-08-01,2026-08-01 14:36:26+07:00,2026-08-01 15:05:19+07:00,,
898,530039480107,A06,BN HUB,Created,0.0055,2026-08-01,2026-08-01 13:02:45+07:00,,,
899,530039520108,A06,BN HUB,Created,0.02,2026-08-01,2026-08-01 14:36:26+07:00,2026-08-01 15:05:02+07:00,,
900,530039690107,A06,BN HUB,Transporting,0.01,2026-08-01,2026-08-01 14:33:42+07:00,2026-08-01 15:08:04+07:00,2026-08-01 16:22:36+07:00,
901,530039720108,A06,BN HUB,Created,0.02,2026-08-01,2026-08-01 14:36:27+07:00,2026-08-01 15:05:04+07:00,,
902,530040290107,A06,BN HUB,Created,0.006,2026-08-01,2026-08-01 16:10:00+07:00,,,
903,530042480107,A06,BN HUB,Transporting,0.01,2026-08-01,2026-08-01 08:37:39+07:00,2026-08-01 10:20:44+07:00,2026-08-01 16:24:37+07:00,
904,530044480107,A06,BN HUB,Created,0.0065,2026-08-01,2026-08-01 13:09:55+07:00,2026-08-01 15:34:29+07:00,,
905,530044980107,A06,BN HUB,Transporting,0.012,2026-08-01,2026-07-30 10:10:05+07:00,2026-08-01 08:45:33+07:00,2026-08-01 15:37:59+07:00,
906,530046320108,A06,BN HUB,Transporting,0.008,2026-08-01,2026-08-01 15:07:22+07:00,2026-08-01 16:46:28+07:00,2026-08-01 16:46:38+07:00,
907,530046880107,A06,BN HUB,Created,0.01,2026-08-01,2026-08-01 12:54:51+07:00,,,
908,530047870107,A06,BN HUB,Transporting,0.01,2026-08-01,2026-08-01 08:44:29+07:00,2026-08-01 11:04:28+07:00,2026-08-01 16:04:23+07:00,
909,530048880107,A06,BN HUB,Created,0.0112,2026-08-01,2026-08-01 09:09:19+07:00,,,
910,530048920108,A06,BN HUB,Created,0.0058,2026-08-01,2026-08-01 14:58:42+07:00,,,
911,530050280107,A06,BN HUB,Created,0.014,2026-08-01,2026-08-01 09:12:03+07:00,,,
912,530052470107,A06,BN HUB,Transporting,0.02,2026-08-01,2026-08-01 07:32:04+07:00,2026-08-01 10:50:06+07:00,2026-08-01 15:53:38+07:00,
913,530052520108,A06,BN HUB,Created,0.006,2026-08-01,2026-08-01 13:33:47+07:00,,,
914,530052720108,A06,BN HUB,Transporting,0.02,2026-08-01,2026-08-01 13:33:47+07:00,2026-08-01 15:04:14+07:00,2026-08-01 16:08:37+07:00,
915,530053120108,A06,BN HUB,Transporting,0.01,2026-08-01,2026-08-01 13:40:20+07:00,2026-08-01 15:23:11+07:00,2026-08-01 16:18:43+07:00,
916,530053520108,A06,BN HUB,Transporting,0.01,2026-08-01,2026-08-01 13:40:20+07:00,2026-08-01 15:22:38+07:00,2026-08-01 16:16:52+07:00,
917,530055070107,A06,BN HUB,Created,0.011,2026-08-01,2026-08-01 09:04:32+07:00,2026-08-01 10:58:38+07:00,,
918,530056520108,A06,BN HUB,Created,0.013,2026-08-01,2026-08-01 13:36:46+07:00,,,
919,530056920108,A06,BN HUB,Created,0.0064,2026-08-01,2026-08-01 13:37:22+07:00,,,
920,530057480107,A06,BN HUB,Transporting,0.01,2026-08-01,2026-08-01 13:40:19+07:00,2026-08-01 15:23:29+07:00,2026-08-01 16:17:05+07:00,
921,530057680107,A06,BN HUB,Transporting,0.01,2026-08-01,2026-08-01 13:40:19+07:00,2026-08-01 15:23:49+07:00,2026-08-01 16:45:44+07:00,
922,530057860107,A06,BN HUB,Transporting,0.0137,2026-08-01,2026-07-31 08:50:19+07:00,2026-08-01 12:31:15+07:00,2026-08-01 15:00:33+07:00,
923,530057920108,A06,BN HUB,Created,0.0053,2026-08-01,2026-08-01 13:42:14+07:00,2026-08-01 16:48:18+07:00,,
924,530059110108,A06,BN HUB,Created,0.0079,2026-08-01,2026-08-01 10:50:15+07:00,,,
925,530059680107,A06,BN HUB,Created,0.01,2026-08-01,2026-08-01 13:34:43+07:00,,,
926,530060320108,A06,BN HUB,Created,0.0064,2026-08-01,2026-08-01 15:57:06+07:00,,,
927,530061510108,A06,BN HUB,Created,0.012,2026-08-01,2026-08-01 10:28:00+07:00,2026-08-01 16:42:06+07:00,,
928,530062480107,A06,BN HUB,Created,0.0095,2026-08-01,2026-08-01 13:06:09+07:00,2026-08-01 14:39:36+07:00,,
929,530062510108,A06,BN HUB,Transporting,0.009,2026-08-01,2026-08-01 07:33:08+07:00,2026-08-01 14:03:12+07:00,2026-08-01 15:29:45+07:00,
930,530062920108,A06,BN HUB,Created,0.0063,2026-08-01,2026-08-01 15:44:02+07:00,,,
931,530063280107,A06,BN HUB,Transporting,0.01,2026-08-01,2026-08-01 13:40:20+07:00,2026-08-01 15:22:34+07:00,2026-08-01 16:17:25+07:00,
932,530063480107,A06,BN HUB,Transporting,0.01,2026-08-01,2026-08-01 13:40:20+07:00,2026-08-01 15:22:02+07:00,2026-08-01 16:17:53+07:00,
933,530063680107,A06,BN HUB,Transporting,0.01,2026-08-01,2026-08-01 13:40:20+07:00,2026-08-01 15:21:06+07:00,2026-08-01 16:19:43+07:00,
934,530064280107,A06,BN HUB,Created,0.01,2026-08-01,2026-08-01 14:04:43+07:00,,,
935,530064680107,A06,BN HUB,Created,0.0078,2026-08-01,2026-08-01 14:05:06+07:00,,,
936,530065680107,A06,BN HUB,Created,0.005,2026-08-01,2026-08-01 15:17:25+07:00,,,
937,530065870107,A06,BN HUB,Transporting,0.0073,2026-08-01,2026-08-01 09:00:29+07:00,2026-08-01 13:15:36+07:00,2026-08-01 15:28:25+07:00,
938,530067080107,A06,BN HUB,Created,0.0245,2026-08-01,2026-08-01 11:04:22+07:00,2026-08-01 11:33:16+07:00,,
939,530069080107,A06,BN HUB,Transporting,0.01,2026-08-01,2026-08-01 14:02:25+07:00,2026-08-01 15:19:35+07:00,2026-08-01 16:05:01+07:00,
940,530070070107,A06,BN HUB,Created,0.0124,2026-08-01,2026-08-01 07:08:56+07:00,,,
941,530071310108,A06,BN HUB,Transporting,0.017,2026-08-01,2026-08-01 11:33:22+07:00,2026-08-01 15:04:36+07:00,2026-08-01 16:26:10+07:00,
942,530071470107,A06,BN HUB,Created,0.0059,2026-08-01,2026-08-01 08:08:08+07:00,2026-08-01 10:10:28+07:00,,
943,530071880107,A06,BN HUB,Transporting,0.01,2026-08-01,2026-08-01 14:07:50+07:00,2026-08-01 15:11:21+07:00,2026-08-01 16:01:46+07:00,
944,530071910108,A06,BN HUB,Created,0.0156,2026-08-01,2026-08-01 11:57:18+07:00,,,
945,530072480107,A06,BN HUB,Transporting,0.01,2026-08-01,2026-08-01 13:40:19+07:00,2026-08-01 15:23:13+07:00,2026-08-01 16:18:15+07:00,
946,530073280107,A06,BN HUB,Transporting,0.01,2026-08-01,2026-08-01 14:02:25+07:00,2026-08-01 15:19:53+07:00,2026-08-01 16:05:24+07:00,
947,530074080107,A06,BN HUB,Created,0.0055,2026-08-01,2026-08-01 13:26:51+07:00,2026-08-01 15:23:10+07:00,,
948,530074880107,A06,BN HUB,Transporting,0.02,2026-08-01,2026-08-01 13:30:36+07:00,2026-08-01 15:03:58+07:00,2026-08-01 15:58:51+07:00,
949,530075720108,A06,BN HUB,Created,0.01,2026-08-01,2026-08-01 14:46:18+07:00,2026-08-01 16:49:43+07:00,,
950,530075880107,A06,BN HUB,Created,0.0061,2026-08-01,2026-08-01 13:52:10+07:00,2026-08-01 16:33:33+07:00,,
951,530076480107,A06,BN HUB,Created,0.0071,2026-08-01,2026-08-01 12:07:09+07:00,,,
952,530077080107,A06,BN HUB,Created,0.006,2026-08-01,2026-08-01 12:52:46+07:00,,,
953,530077680107,A06,BN HUB,Created,0.006,2026-08-01,2026-08-01 12:54:33+07:00,,,
954,530078310108,A06,BN HUB,Created,0.0064,2026-08-01,2026-08-01 11:30:11+07:00,,,
955,530080720108,A06,BN HUB,Created,0.005,2026-08-01,2026-08-01 15:03:14+07:00,,,
956,530080910108,A06,BN HUB,Created,0.0121,2026-08-01,2026-08-01 11:28:12+07:00,,,
957,530081910108,A06,BN HUB,Created,0.0054,2026-08-01,2026-08-01 13:17:02+07:00,,,
958,530082880107,A06,BN HUB,Transporting,0.006,2026-08-01,2026-08-01 14:30:06+07:00,2026-08-01 15:14:46+07:00,2026-08-01 15:54:28+07:00,
959,530083270107,A06,BN HUB,Transporting,0.0075,2026-08-01,2026-08-01 08:39:03+07:00,2026-08-01 13:15:25+07:00,2026-08-01 15:28:22+07:00,
960,530084070107,A06,BN HUB,Transporting,0.005,2026-08-01,2026-08-01 13:21:46+07:00,2026-08-01 16:00:01+07:00,2026-08-01 16:43:05+07:00,
961,530084080107,A06,BN HUB,Transporting,0.01,2026-08-01,2026-08-01 14:32:30+07:00,2026-08-01 15:04:47+07:00,2026-08-01 16:25:57+07:00,
962,530084110108,A06,BN HUB,Created,0.0085,2026-08-01,2026-08-01 12:39:49+07:00,,,
963,530084310108,A06,BN HUB,Created,0.0078,2026-08-01,2026-08-01 12:40:04+07:00,,,
964,530085670107,A06,BN HUB,Created,0.0062,2026-08-01,2026-08-01 09:29:50+07:00,,,
965,530086880107,A06,BN HUB,Created,0.0066,2026-08-01,2026-08-01 13:59:01+07:00,,,
966,530086910108,A06,BN HUB,Created,0.0064,2026-08-01,2026-08-01 11:11:06+07:00,,,
967,530087310108,A06,BN HUB,Created,0.0055,2026-08-01,2026-08-01 12:54:33+07:00,,,
968,530087510108,A06,BN HUB,Created,0.0081,2026-08-01,2026-08-01 12:58:51+07:00,,,
969,530088080107,A06,BN HUB,Transporting,0.01,2026-08-01,2026-08-01 14:07:50+07:00,2026-08-01 15:11:06+07:00,2026-08-01 16:01:35+07:00,
970,530089270107,A06,BN HUB,Transporting,0.0057,2026-08-01,2026-07-31 18:45:15+07:00,2026-08-01 15:43:20+07:00,2026-08-01 16:44:52+07:00,
971,530089310108,A06,BN HUB,Created,0.006,2026-08-01,2026-08-01 12:58:56+07:00,,,
972,530089510108,A06,BN HUB,Created,0.0076,2026-08-01,2026-08-01 13:00:23+07:00,,,
973,530089880107,A06,BN HUB,Created,0.0062,2026-08-01,2026-08-01 15:03:36+07:00,,,
974,530090280107,A06,BN HUB,Created,0.0088,2026-08-01,2026-08-01 14:11:58+07:00,2026-08-01 16:38:34+07:00,,
975,530090310108,A06,BN HUB,Created,0.013,2026-08-01,2026-08-01 11:40:34+07:00,2026-08-01 16:19:44+07:00,,
976,530090510108,A06,BN HUB,Created,0.0055,2026-08-01,2026-08-01 11:44:19+07:00,2026-08-01 15:24:05+07:00,,
977,530091710108,A06,BN HUB,Transporting,0.01,2026-08-01,2026-08-01 13:08:18+07:00,2026-08-01 14:55:07+07:00,2026-08-01 15:43:45+07:00,
978,530092280107,A06,BN HUB,Created,0.0055,2026-08-01,2026-08-01 14:06:09+07:00,,,
979,530092670107,A06,BN HUB,Created,0.0051,2026-08-01,2026-08-01 09:06:54+07:00,2026-08-01 11:59:58+07:00,,
980,530093870107,A06,BN HUB,Transporting,0.007,2026-08-01,2026-08-01 09:56:24+07:00,2026-08-01 14:48:07+07:00,2026-08-01 15:54:58+07:00,
981,530093910108,A06,BN HUB,Created,0.0112,2026-08-01,2026-08-01 13:29:10+07:00,,,
982,530095480107,A06,BN HUB,Transporting,0.012,2026-08-01,2026-08-01 15:49:28+07:00,2026-08-01 16:42:36+07:00,2026-08-01 16:42:38+07:00,
983,530097480107,A06,BN HUB,Created,0.0055,2026-08-01,2026-08-01 15:53:44+07:00,,,
984,530097880107,A06,BN HUB,Created,0.008,2026-08-01,2026-08-01 15:55:07+07:00,,,
985,530098280107,A06,BN HUB,Transporting,0.01,2026-08-01,2026-08-01 13:08:18+07:00,2026-08-01 14:54:04+07:00,2026-08-01 15:44:44+07:00,
986,530099510108,A06,BN HUB,Created,0.008,2026-08-01,2026-08-01 13:07:13+07:00,2026-08-01 15:57:01+07:00,,
987,530100520108,A06,BN HUB,Created,0.0058,2026-08-01,2026-08-01 13:34:13+07:00,2026-08-01 15:44:15+07:00,,
988,530100720108,A06,BN HUB,Created,0.0057,2026-08-01,2026-08-01 13:34:26+07:00,2026-08-01 16:51:15+07:00,,
989,530102690107,A06,BN HUB,Created,0.0058,2026-08-01,2026-08-01 14:58:42+07:00,,,
990,530102720108,A06,BN HUB,Created,0.0051,2026-08-01,2026-08-01 13:06:23+07:00,,,
991,530103520108,A06,BN HUB,Transporting,0.01,2026-08-01,2026-08-01 13:40:20+07:00,2026-08-01 15:21:40+07:00,2026-08-01 16:18:30+07:00,
992,530103890107,A06,BN HUB,Created,0.0053,2026-08-01,2026-08-01 15:48:19+07:00,2026-08-01 16:47:53+07:00,,
993,530104890107,A06,BN HUB,Created,0.0055,2026-08-01,2026-08-01 14:16:49+07:00,,,
994,530105290107,A06,BN HUB,Created,0.0062,2026-08-01,2026-08-01 15:03:36+07:00,,,
995,530106120108,A06,BN HUB,Transporting,0.0053,2026-08-01,2026-08-01 09:47:51+07:00,2026-08-01 15:59:47+07:00,2026-08-01 16:15:53+07:00,
996,530107090107,A06,BN HUB,Created,0.0053,2026-08-01,2026-08-01 16:07:57+07:00,2026-08-01 16:48:49+07:00,,
997,530107320108,A06,BN HUB,Created,0.013,2026-08-01,2026-08-01 10:02:10+07:00,2026-08-01 11:01:44+07:00,,
998,530108120108,A06,BN HUB,Created,0.0055,2026-08-01,2026-08-01 13:26:51+07:00,2026-08-01 15:23:38+07:00,,
999,530108520108,A06,BN HUB,Transporting,0.02,2026-08-01,2026-08-01 13:30:36+07:00,2026-08-01 15:03:42+07:00,2026-08-01 15:55:03+07:00,
1000,530110690107,A06,BN HUB,Created,0.016,2026-08-01,2026-08-01 16:20:11+07:00,,,
1001,530112490107,A06,BN HUB,Created,0.0069,2026-08-01,2026-08-01 15:53:44+07:00,,,
1002,530113320108,A06,BN HUB,Transporting,0.01,2026-08-01,2026-08-01 13:40:19+07:00,2026-08-01 15:24:01+07:00,2026-08-01 16:45:14+07:00,
1003,530113680107,A06,BN HUB,Created,0.0075,2026-08-01,2026-08-01 12:37:16+07:00,2026-08-01 16:19:32+07:00,,
1004,530115480107,A06,BN HUB,Created,0.0082,2026-08-01,2026-08-01 10:23:31+07:00,,,
1005,530116090107,A06,BN HUB,Transporting,0.0112,2026-08-01,2026-08-01 13:55:51+07:00,2026-08-01 16:09:58+07:00,2026-08-01 16:10:01+07:00,
1006,530116290107,A06,BN HUB,Created,0.007,2026-08-01,2026-08-01 13:58:01+07:00,,,
1007,530117480107,A06,BN HUB,Transporting,0.01,2026-08-01,2026-08-01 08:37:38+07:00,2026-08-01 10:18:50+07:00,2026-08-01 16:24:03+07:00,
1008,530117680107,A06,BN HUB,Transporting,0.01,2026-08-01,2026-08-01 08:37:39+07:00,2026-08-01 10:20:41+07:00,2026-08-01 16:24:32+07:00,
1009,530117720108,A06,BN HUB,Transporting,0.01,2026-08-01,2026-08-01 14:02:25+07:00,2026-08-01 15:14:22+07:00,2026-08-01 16:28:14+07:00,
1010,530118090107,A06,BN HUB,Created,0.0051,2026-08-01,2026-08-01 16:06:50+07:00,,,
1011,530118120108,A06,BN HUB,Created,0.0121,2026-08-01,2026-08-01 13:36:32+07:00,,,
1012,530118290107,A06,BN HUB,Created,0.0051,2026-08-01,2026-08-01 16:06:50+07:00,,,
1013,530118520108,A06,BN HUB,Created,0.0267,2026-08-01,2026-08-01 13:37:43+07:00,,,
1014,530119520108,A06,BN HUB,Created,0.0051,2026-08-01,2026-08-01 14:01:38+07:00,,,
1015,530119920108,A06,BN HUB,Transporting,0.01,2026-08-01,2026-08-01 14:02:25+07:00,2026-08-01 15:14:16+07:00,2026-08-01 16:28:17+07:00,
1016,530121080107,A06,BN HUB,Created,0.0082,2026-08-01,2026-08-01 11:29:31+07:00,,,
1017,530121680107,A06,BN HUB,Created,0.0059,2026-08-01,2026-08-01 11:34:26+07:00,2026-08-01 16:10:38+07:00,,
1018,530121880107,A06,BN HUB,Created,0.0086,2026-08-01,2026-08-01 11:42:10+07:00,2026-08-01 15:44:12+07:00,,
1019,530122720108,A06,BN HUB,Created,0.0082,2026-08-01,2026-08-01 10:25:20+07:00,,,
1020,530122890107,A06,BN HUB,Created,0.01,2026-08-01,2026-08-01 16:44:32+07:00,,,
1021,530123520108,A06,BN HUB,Created,0.0055,2026-08-01,2026-08-01 10:53:08+07:00,,,
1022,530124090107,A06,BN HUB,Created,0.01,2026-08-01,2026-08-01 16:12:26+07:00,,,
1023,530124890107,A06,BN HUB,Created,0.006,2026-08-01,2026-08-01 16:24:25+07:00,,,
1024,530125080107,A06,BN HUB,Created,0.006,2026-08-01,2026-08-01 11:38:55+07:00,,,
1025,530126110108,A06,BN HUB,Transporting,0.0061,2026-08-01,2026-08-01 07:58:19+07:00,2026-08-01 15:30:48+07:00,2026-08-01 15:31:36+07:00,
1026,530127110108,A06,BN HUB,Transporting,0.01,2026-08-01,2026-08-01 08:54:01+07:00,2026-08-01 10:59:33+07:00,2026-08-01 15:59:48+07:00,
1027,530127910108,A06,BN HUB,Transporting,0.01,2026-08-01,2026-08-01 09:01:31+07:00,2026-08-01 10:12:27+07:00,2026-08-01 15:48:21+07:00,
1028,530129680107,A06,BN HUB,Created,0.012,2026-08-01,2026-08-01 08:27:33+07:00,2026-08-01 16:25:41+07:00,,
1029,530130510108,A06,BN HUB,Transporting,0.0061,2026-08-01,2026-08-01 07:58:19+07:00,2026-08-01 15:30:51+07:00,2026-08-01 15:31:34+07:00,
1030,530132090107,A06,BN HUB,Transporting,0.008,2026-08-01,2026-08-01 14:03:12+07:00,2026-08-01 16:45:57+07:00,2026-08-01 16:46:09+07:00,
1031,530134910108,A06,BN HUB,Transporting,0.01,2026-08-01,2026-08-01 08:25:00+07:00,2026-08-01 10:12:39+07:00,2026-08-01 15:48:00+07:00,
1032,530135080107,A06,BN HUB,Created,0.0063,2026-08-01,2026-08-01 12:35:02+07:00,,,
1033,530135920108,A06,BN HUB,Created,0.017,2026-08-01,2026-08-01 16:28:31+07:00,,,
1034,530136090107,A06,BN HUB,Created,0.0055,2026-08-01,2026-08-01 14:21:54+07:00,2026-08-01 15:23:30+07:00,,
1035,530137280107,A06,BN HUB,Created,0.0116,2026-08-01,2026-08-01 12:18:11+07:00,,,
1036,530137690107,A06,BN HUB,Created,0.0064,2026-08-01,2026-08-01 14:48:43+07:00,2026-08-01 16:46:19+07:00,,
1037,530137720108,A06,BN HUB,Created,0.0081,2026-08-01,2026-08-01 13:04:54+07:00,,,
1038,530139470107,A06,BN HUB,Created,0.0063,2026-08-01,2026-08-01 00:08:54+07:00,2026-08-01 16:19:36+07:00,,
1039,530139480107,A06,BN HUB,Created,0.0094,2026-08-01,2026-08-01 13:07:10+07:00,,,
1040,530139680107,A06,BN HUB,Created,0.014,2026-08-01,2026-08-01 13:07:57+07:00,,,
1041,530141110108,A06,BN HUB,Created,0.012,2026-08-01,2026-08-01 09:24:06+07:00,,,
1042,530141880107,A06,BN HUB,Created,0.0082,2026-08-01,2026-08-01 08:45:17+07:00,2026-08-01 09:28:10+07:00,,
1043,530142520108,A06,BN HUB,Created,0.01,2026-08-01,2026-08-01 14:33:12+07:00,2026-08-01 15:35:18+07:00,,
1044,530142920108,A06,BN HUB,Transporting,0.01,2026-08-01,2026-08-01 14:33:42+07:00,2026-08-01 15:08:08+07:00,2026-08-01 16:23:14+07:00,
1045,530143270107,A06,BN HUB,Transporting,0.01,2026-08-01,2026-08-01 07:29:37+07:00,2026-08-01 10:11:17+07:00,2026-08-01 15:49:34+07:00,
1046,530144310108,A06,BN HUB,Transporting,0.009,2026-08-01,2026-08-01 09:56:24+07:00,2026-08-01 14:48:17+07:00,2026-08-01 15:54:48+07:00,
1047,530144480107,A06,BN HUB,Created,0.006,2026-08-01,2026-08-01 13:14:55+07:00,,,
1048,530144680107,A06,BN HUB,Created,0.0053,2026-08-01,2026-08-01 13:20:08+07:00,,,
1049,530144880107,A06,BN HUB,Created,0.04,2026-08-01,2026-08-01 13:21:17+07:00,,,
1050,530145110108,A06,BN HUB,Transporting,0.0055,2026-08-01,2026-08-01 11:58:13+07:00,2026-08-01 16:01:25+07:00,2026-08-01 16:21:37+07:00,
1051,530147670107,A06,BN HUB,Transporting,0.01,2026-08-01,2026-08-01 08:54:01+07:00,2026-08-01 10:59:54+07:00,2026-08-01 16:00:22+07:00,
1052,530148270107,A06,BN HUB,Transporting,0.0094,2026-08-01,2026-08-01 07:23:21+07:00,2026-08-01 13:20:19+07:00,2026-08-01 15:28:41+07:00,
1053,530150110108,A06,BN HUB,Transporting,0.01,2026-08-01,2026-08-01 08:44:29+07:00,2026-08-01 10:58:23+07:00,2026-08-01 16:04:47+07:00,
1054,530150470107,A06,BN HUB,Created,0.006,2026-08-01,2026-07-31 19:32:00+07:00,2026-08-01 10:50:03+07:00,,
1055,530150690107,A06,BN HUB,Created,0.0055,2026-08-01,2026-08-01 15:53:45+07:00,,,
1056,530151080107,A06,BN HUB,Transporting,0.0071,2026-08-01,2026-08-01 09:33:14+07:00,2026-08-01 10:18:30+07:00,2026-08-01 16:41:26+07:00,
1057,530151720108,A06,BN HUB,Transporting,0.0084,2026-08-01,2026-08-01 13:45:52+07:00,2026-08-01 16:14:50+07:00,2026-08-01 16:41:12+07:00,
1058,530152670107,A06,BN HUB,Created,0.0105,2026-08-01,2026-08-01 07:39:49+07:00,2026-08-01 15:23:33+07:00,,
1059,530153120108,A06,BN HUB,Transporting,0.01,2026-08-01,2026-08-01 13:40:20+07:00,2026-08-01 15:22:44+07:00,2026-08-01 16:20:15+07:00,
1060,530154320108,A06,BN HUB,Created,0.0063,2026-08-01,2026-08-01 15:58:17+07:00,,,
1061,530155080107,A06,BN HUB,Transporting,0.0075,2026-08-01,2026-08-01 10:17:37+07:00,2026-08-01 14:08:00+07:00,2026-08-01 15:34:19+07:00,
1062,530157480107,A06,BN HUB,Transporting,0.01,2026-08-01,2026-08-01 13:40:20+07:00,2026-08-01 15:20:52+07:00,2026-08-01 16:19:56+07:00,
1063,530157720108,A06,BN HUB,Created,0.0073,2026-08-01,2026-08-01 13:42:41+07:00,,,
1064,530158080107,A06,BN HUB,Created,0.0055,2026-08-01,2026-08-01 13:02:45+07:00,,,
1065,530161310108,A06,BN HUB,Created,0.0063,2026-08-01,2026-08-01 10:30:51+07:00,,,
1066,530163080107,A06,BN HUB,Transporting,0.01,2026-08-01,2026-08-01 13:40:20+07:00,2026-08-01 15:21:14+07:00,2026-08-01 16:19:11+07:00,
1067,530164280107,A06,BN HUB,Created,0.02,2026-08-01,2026-08-01 14:06:09+07:00,2026-08-01 15:12:45+07:00,,
1068,530165070107,A06,BN HUB,Transporting,0.01,2026-08-01,2026-08-01 09:01:32+07:00,2026-08-01 10:12:14+07:00,2026-08-01 15:48:37+07:00,
1069,530165080107,A06,BN HUB,Created,0.0081,2026-08-01,2026-08-01 15:18:12+07:00,,,
1070,530165270107,A06,BN HUB,Created,0.011,2026-08-01,2026-08-01 09:04:32+07:00,2026-08-01 10:58:35+07:00,,
1071,530166280107,A06,BN HUB,Created,0.0051,2026-08-01,2026-08-01 10:44:56+07:00,2026-08-01 11:59:38+07:00,,
1072,530166470107,A06,BN HUB,Created,0.006,2026-08-01,2026-08-01 07:48:49+07:00,,,
1073,530167270107,A06,BN HUB,Created,0.006,2026-08-01,2026-08-01 08:25:05+07:00,,,
1074,530167280107,A06,BN HUB,Created,0.0152,2026-08-01,2026-08-01 11:08:48+07:00,2026-08-01 16:36:25+07:00,,
1075,530167870107,A06,BN HUB,Transporting,0.0066,2026-08-01,2026-08-01 08:27:09+07:00,2026-08-01 13:19:58+07:00,2026-08-01 15:59:47+07:00,
1076,530168920108,A06,BN HUB,Created,0.0172,2026-08-01,2026-08-01 16:28:16+07:00,,,
1077,530170080107,A06,BN HUB,Transporting,0.01,2026-08-01,2026-08-01 13:40:19+07:00,2026-08-01 15:22:56+07:00,2026-08-01 16:19:23+07:00,
1078,530170280107,A06,BN HUB,Transporting,0.01,2026-08-01,2026-08-01 13:40:20+07:00,2026-08-01 15:23:21+07:00,2026-08-01 16:17:38+07:00,
1079,530170680107,A06,BN HUB,Transporting,0.01,2026-08-01,2026-08-01 13:40:20+07:00,2026-08-01 15:22:50+07:00,2026-08-01 16:19:32+07:00,
1080,530171080107,A06,BN HUB,Transporting,0.01,2026-08-01,2026-08-01 14:07:50+07:00,2026-08-01 15:11:34+07:00,2026-08-01 16:01:18+07:00,
1081,530175520108,A06,BN HUB,Created,0.0071,2026-08-01,2026-08-01 14:48:23+07:00,,,
1082,530175720108,A06,BN HUB,Created,0.006,2026-08-01,2026-08-01 14:48:33+07:00,,,
1083,530175910108,A06,BN HUB,Transporting,0.0055,2026-08-01,2026-08-01 11:58:13+07:00,2026-08-01 16:02:52+07:00,2026-08-01 16:21:52+07:00,
1084,530177280107,A06,BN HUB,Created,0.0081,2026-08-01,2026-08-01 12:54:48+07:00,,,
1085,530177870107,A06,BN HUB,Inbound,0.008,2026-08-01,2026-08-01 09:44:46+07:00,2026-08-01 13:38:43+07:00,2026-08-01 13:39:24+07:00,2026-08-01 16:37:15+07:00
1086,530178510108,A06,BN HUB,Created,0.0055,2026-08-01,2026-08-01 11:44:19+07:00,2026-08-01 15:23:36+07:00,,
1087,530178680107,A06,BN HUB,Transporting,0.006,2026-08-01,2026-08-01 14:30:06+07:00,2026-08-01 15:14:51+07:00,2026-08-01 15:54:17+07:00,
1088,530179480107,A06,BN HUB,Created,0.008,2026-08-01,2026-08-01 15:54:29+07:00,,,
1089,530179510108,A06,BN HUB,Created,0.0054,2026-08-01,2026-08-01 13:17:02+07:00,,,
1090,530179680107,A06,BN HUB,Created,0.01,2026-08-01,2026-08-01 15:56:23+07:00,,,
1091,530179710108,A06,BN HUB,Created,0.0094,2026-08-01,2026-08-01 13:17:57+07:00,,,
1092,530180310108,A06,BN HUB,Created,0.0055,2026-08-01,2026-08-01 11:44:20+07:00,2026-08-01 15:23:17+07:00,,
1093,530180320108,A06,BN HUB,Created,0.0062,2026-08-01,2026-08-01 15:03:36+07:00,,,
1094,530180520108,A06,BN HUB,Created,0.0068,2026-08-01,2026-08-01 15:03:36+07:00,,,
1095,530181710108,A06,BN HUB,Created,0.0102,2026-08-01,2026-08-01 13:23:13+07:00,,,
1096,530182880107,A06,BN HUB,Created,0.02,2026-08-01,2026-08-01 14:36:26+07:00,2026-08-01 15:05:08+07:00,,
1097,530183670107,A06,BN HUB,Transporting,0.01,2026-08-01,2026-08-01 08:44:29+07:00,2026-08-01 10:57:53+07:00,2026-08-01 16:04:03+07:00,
1098,530184920108,A06,BN HUB,Created,0.0055,2026-08-01,2026-08-01 15:21:24+07:00,2026-08-01 16:10:54+07:00,,
1099,530185520108,A06,BN HUB,Created,0.006,2026-08-01,2026-08-01 15:49:19+07:00,,,
1100,530185710108,A06,BN HUB,Transporting,0.02,2026-08-01,2026-08-01 13:33:47+07:00,2026-08-01 15:04:12+07:00,2026-08-01 16:08:30+07:00,
1101,530185910108,A06,BN HUB,Transporting,0.02,2026-08-01,2026-08-01 13:33:47+07:00,2026-08-01 15:04:10+07:00,2026-08-01 16:08:28+07:00,
1102,530192110108,A06,BN HUB,Created,0.0064,2026-08-01,2026-08-01 12:51:06+07:00,,,
1103,530192270107,A06,BN HUB,Created,0.012,2026-08-01,2026-08-01 09:12:25+07:00,2026-08-01 10:33:21+07:00,,
1104,530192310108,A06,BN HUB,Created,0.0081,2026-08-01,2026-08-01 12:52:13+07:00,,,
1105,530193270107,A06,BN HUB,Created,0.012,2026-08-01,2026-08-01 10:02:10+07:00,2026-08-01 11:01:39+07:00,,
1106,530193470107,A06,BN HUB,Created,0.01,2026-08-01,2026-08-01 10:02:25+07:00,2026-08-01 11:01:35+07:00,,
1107,530193710108,A06,BN HUB,Transporting,0.02,2026-08-01,2026-08-01 13:30:36+07:00,2026-08-01 15:03:40+07:00,2026-08-01 15:55:01+07:00,
1108,530194680107,A06,BN HUB,Transporting,0.012,2026-08-01,2026-08-01 15:02:46+07:00,2026-08-01 15:38:01+07:00,2026-08-01 16:44:09+07:00,
1109,530195280107,A06,BN HUB,Created,0.006,2026-08-01,2026-08-01 15:51:25+07:00,,,
1110,530196470107,A06,BN HUB,Transporting,0.01,2026-08-01,2026-08-01 09:04:26+07:00,2026-08-01 10:44:34+07:00,2026-08-01 16:09:00+07:00,
1111,530199270107,A06,BN HUB,Created,0.014,2026-08-01,2026-08-01 10:22:33+07:00,2026-08-01 15:38:57+07:00,,
1112,530200090107,A06,BN HUB,Created,0.0098,2026-08-01,2026-08-01 13:08:51+07:00,2026-08-01 15:31:48+07:00,,
1113,530200690107,A06,BN HUB,Created,0.007,2026-08-01,2026-08-01 13:09:52+07:00,,,
1114,530200890107,A06,BN HUB,Created,0.008,2026-08-01,2026-08-01 13:09:55+07:00,2026-08-01 15:35:58+07:00,,
1115,530202090107,A06,BN HUB,Transporting,0.0075,2026-08-01,2026-08-01 15:02:24+07:00,2026-08-01 16:13:35+07:00,2026-08-01 16:43:39+07:00,
1116,530203320108,A06,BN HUB,Created,0.0053,2026-08-01,2026-08-01 13:45:48+07:00,2026-08-01 16:49:20+07:00,,
1117,530203710108,A06,BN HUB,Transporting,0.0056,2026-08-01,2026-08-01 07:02:08+07:00,2026-08-01 16:04:49+07:00,2026-08-01 16:05:54+07:00,
1118,530204880107,A06,BN HUB,Created,0.009,2026-08-01,2026-08-01 09:59:11+07:00,,,
1119,530205920108,A06,BN HUB,Created,0.009,2026-08-01,2026-08-01 14:06:53+07:00,2026-08-01 16:46:49+07:00,,
1120,530206120108,A06,BN HUB,Created,0.0058,2026-08-01,2026-08-01 09:48:22+07:00,,,
1121,530206320108,A06,BN HUB,Transporting,0.009,2026-08-01,2026-08-01 09:48:22+07:00,2026-08-01 13:56:13+07:00,2026-08-01 13:56:13+07:00,
1122,530206520108,A06,BN HUB,Created,0.007,2026-08-01,2026-08-01 09:48:38+07:00,2026-08-01 11:42:37+07:00,,
1123,530206890107,A06,BN HUB,Created,0.008,2026-08-01,2026-08-01 15:16:02+07:00,2026-08-01 15:57:03+07:00,,
1124,530207120108,A06,BN HUB,Created,0.0082,2026-08-01,2026-08-01 10:06:49+07:00,,,
1125,530207880107,A06,BN HUB,Created,0.0063,2026-08-01,2026-08-01 12:03:03+07:00,,,
1126,530207920108,A06,BN HUB,Created,0.0081,2026-08-01,2026-08-01 10:07:47+07:00,,,
1127,530212920108,A06,BN HUB,Created,0.0069,2026-08-01,2026-08-01 13:09:55+07:00,2026-08-01 15:43:30+07:00,,
1128,530213120108,A06,BN HUB,Transporting,0.01,2026-08-01,2026-08-01 13:40:19+07:00,2026-08-01 15:23:06+07:00,2026-08-01 16:18:54+07:00,
1129,530214280107,A06,BN HUB,Created,0.0062,2026-08-01,2026-08-01 09:44:13+07:00,,,
1130,530214520108,A06,BN HUB,Created,0.006,2026-08-01,2026-08-01 13:58:12+07:00,2026-08-01 16:04:04+07:00,,
1131,530216720108,A06,BN HUB,Transporting,0.01,2026-08-01,2026-08-01 13:40:19+07:00,2026-08-01 15:23:39+07:00,2026-08-01 16:44:44+07:00,
1132,530216920108,A06,BN HUB,Transporting,0.01,2026-08-01,2026-08-01 13:40:20+07:00,2026-08-01 15:24:02+07:00,2026-08-01 16:45:15+07:00,
1133,530217490107,A06,BN HUB,Created,0.0074,2026-08-01,2026-08-01 14:10:32+07:00,2026-08-01 14:24:17+07:00,,
1134,530217680107,A06,BN HUB,Created,0.0106,2026-08-01,2026-08-01 08:41:55+07:00,2026-08-01 10:21:38+07:00,,
1135,530217690107,A06,BN HUB,Created,0.0074,2026-08-01,2026-08-01 14:10:32+07:00,2026-08-01 14:24:11+07:00,,
1136,530218090107,A06,BN HUB,Created,0.007,2026-08-01,2026-08-01 16:12:26+07:00,,,
1137,530218720108,A06,BN HUB,Transporting,0.01,2026-08-01,2026-08-01 13:40:19+07:00,2026-08-01 15:24:03+07:00,2026-08-01 16:45:18+07:00,
1138,530218920108,A06,BN HUB,Transporting,0.01,2026-08-01,2026-08-01 13:40:19+07:00,2026-08-01 15:22:18+07:00,2026-08-01 16:17:44+07:00,
1139,530220920108,A06,BN HUB,Transporting,0.01,2026-08-01,2026-08-01 14:02:25+07:00,2026-08-01 15:14:15+07:00,2026-08-01 16:28:19+07:00,
1140,530221290107,A06,BN HUB,Created,0.0094,2026-08-01,2026-08-01 14:04:04+07:00,,,
1141,530221490107,A06,BN HUB,Transporting,0.008,2026-08-01,2026-08-01 14:04:13+07:00,2026-08-01 16:46:27+07:00,2026-08-01 16:46:36+07:00,
1142,530222120108,A06,BN HUB,Created,0.016,2026-08-01,2026-08-01 10:27:57+07:00,,,
1143,530222290107,A06,BN HUB,Created,0.007,2026-08-01,2026-08-01 16:49:52+07:00,,,
1144,530223080107,A06,BN HUB,Created,0.009,2026-08-01,2026-08-01 12:37:01+07:00,,,
1145,530224120108,A06,BN HUB,Created,0.0063,2026-08-01,2026-08-01 11:23:03+07:00,,,
1146,530224290107,A06,BN HUB,Created,0.0051,2026-08-01,2026-08-01 16:25:22+07:00,,,
1147,530224490107,A06,BN HUB,Created,0.017,2026-08-01,2026-08-01 16:26:56+07:00,,,
1148,530226120108,A06,BN HUB,Transporting,0.01,2026-08-01,2026-08-01 14:02:25+07:00,2026-08-01 15:14:16+07:00,2026-08-01 16:28:18+07:00,
1149,530226720108,A06,BN HUB,Transporting,0.008,2026-08-01,2026-08-01 14:03:41+07:00,2026-08-01 16:46:23+07:00,2026-08-01 16:46:31+07:00,
1150,530226890107,A06,BN HUB,Created,0.0088,2026-08-01,2026-08-01 16:10:23+07:00,,,
1151,530228120108,A06,BN HUB,Transporting,0.01,2026-08-01,2026-08-01 14:18:56+07:00,2026-08-01 15:09:24+07:00,2026-08-01 15:50:46+07:00,
1152,530228310108,A06,BN HUB,Created,0.014,2026-08-01,2026-08-01 07:39:30+07:00,2026-08-01 15:57:09+07:00,,
1153,530228920108,A06,BN HUB,Created,0.0075,2026-08-01,2026-08-01 14:22:13+07:00,,,
1154,530229880107,A06,BN HUB,Created,0.0095,2026-08-01,2026-08-01 08:30:06+07:00,2026-08-01 14:39:49+07:00,,
1155,530230880107,A06,BN HUB,Transporting,0.01,2026-08-01,2026-08-01 07:29:37+07:00,2026-08-01 10:11:50+07:00,2026-08-01 15:48:59+07:00,
1156,530230920108,A06,BN HUB,Created,0.0625,2026-08-01,2026-08-01 12:25:07+07:00,,,
1157,530231520108,A06,BN HUB,Created,0.01,2026-08-01,2026-08-01 13:02:44+07:00,,,
1158,530232460107,A06,BN HUB,Created,0.0053,2026-08-01,2026-07-31 08:12:13+07:00,2026-08-01 16:37:04+07:00,,
1159,530232720108,A06,BN HUB,Created,0.0094,2026-08-01,2026-08-01 14:31:10+07:00,2026-08-01 16:47:16+07:00,,
1160,530232880107,A06,BN HUB,Transporting,0.0094,2026-08-01,2026-08-01 09:23:18+07:00,2026-08-01 13:35:51+07:00,2026-08-01 15:29:06+07:00,
1161,530233880107,A06,BN HUB,Created,0.0073,2026-08-01,2026-08-01 10:20:32+07:00,,,
1162,530234110108,A06,BN HUB,Transporting,0.01,2026-08-01,2026-08-01 08:25:00+07:00,2026-08-01 10:12:41+07:00,2026-08-01 15:47:58+07:00,
1163,530234280107,A06,BN HUB,Created,0.0052,2026-08-01,2026-08-01 10:55:29+07:00,,,
1164,530234680107,A06,BN HUB,Created,0.0081,2026-08-01,2026-08-01 11:04:19+07:00,,,
1165,530234720108,A06,BN HUB,Created,0.008,2026-08-01,2026-08-01 15:15:26+07:00,2026-08-01 15:56:59+07:00,,
1166,530235480107,A06,BN HUB,Transporting,0.006,2026-08-01,2026-08-01 14:37:46+07:00,2026-08-01 16:48:28+07:00,2026-08-01 16:48:47+07:00,
1167,530235910108,A06,BN HUB,Created,0.015,2026-08-01,2026-08-01 09:25:51+07:00,2026-08-01 09:47:11+07:00,,
1168,530236090107,A06,BN HUB,Created,0.02,2026-08-01,2026-08-01 14:28:30+07:00,,,
1169,530237280107,A06,BN HUB,Created,0.0063,2026-08-01,2026-08-01 12:33:02+07:00,,,
1170,530237480107,A06,BN HUB,Created,0.0055,2026-08-01,2026-08-01 12:33:06+07:00,,,
1171,530237490107,A06,BN HUB,Created,0.0102,2026-08-01,2026-08-01 14:51:21+07:00,,,
1172,530238880107,A06,BN HUB,Created,0.0088,2026-08-01,2026-08-01 12:02:05+07:00,2026-08-01 14:14:44+07:00,,
1173,530238920108,A06,BN HUB,Created,0.0053,2026-08-01,2026-08-01 14:04:11+07:00,,,
1174,530239080107,A06,BN HUB,Transporting,0.01,2026-08-01,2026-08-01 13:08:18+07:00,2026-08-01 14:52:41+07:00,2026-08-01 15:46:02+07:00,
1175,530239290107,A06,BN HUB,Created,0.02,2026-08-01,2026-08-01 14:36:26+07:00,2026-08-01 15:04:52+07:00,,
1176,530239690107,A06,BN HUB,Created,0.02,2026-08-01,2026-08-01 14:36:26+07:00,2026-08-01 15:05:06+07:00,,
1177,530239910108,A06,BN HUB,Created,0.0086,2026-08-01,2026-07-31 23:22:33+07:00,2026-08-01 15:57:40+07:00,,
1178,530240080107,A06,BN HUB,Transporting,0.0088,2026-08-01,2026-08-01 08:29:37+07:00,2026-08-01 13:35:57+07:00,2026-08-01 15:29:09+07:00,
1179,530240290107,A06,BN HUB,Created,0.0064,2026-08-01,2026-08-01 16:31:27+07:00,,,
1180,530240690107,A06,BN HUB,Created,0.01,2026-08-01,2026-08-01 16:39:11+07:00,,,
1181,530241280107,A06,BN HUB,Created,0.0081,2026-08-01,2026-08-01 08:45:34+07:00,,,
1182,530241320108,A06,BN HUB,Created,0.0125,2026-08-01,2026-08-01 13:23:24+07:00,,,
1183,530241520108,A06,BN HUB,Created,0.005,2026-08-01,2026-08-01 13:23:24+07:00,,,
1184,530242680107,A06,BN HUB,Created,0.0055,2026-08-01,2026-08-01 08:39:41+07:00,2026-08-01 11:12:53+07:00,,
1185,530242880107,A06,BN HUB,Transporting,0.0075,2026-08-01,2026-08-01 08:40:03+07:00,2026-08-01 13:10:41+07:00,2026-08-01 15:28:15+07:00,
1186,530244080107,A06,BN HUB,Created,0.0102,2026-08-01,2026-08-01 13:23:13+07:00,,,
1187,530244280107,A06,BN HUB,Created,0.01,2026-08-01,2026-08-01 13:23:20+07:00,,,
1188,530245510108,A06,BN HUB,Created,0.0088,2026-08-01,2026-08-01 12:12:58+07:00,2026-08-01 16:38:18+07:00,,
1189,530247120108,A06,BN HUB,Created,0.01,2026-08-01,2026-08-01 16:39:11+07:00,,,
1190,530247720108,A06,BN HUB,Created,0.01,2026-08-01,2026-08-01 16:49:36+07:00,,,
1191,530247920108,A06,BN HUB,Created,0.01,2026-08-01,2026-08-01 16:49:35+07:00,,,
1192,530248510108,A06,BN HUB,Created,0.01,2026-08-01,2026-08-01 07:39:31+07:00,2026-08-01 15:56:56+07:00,,
1193,530248910108,A06,BN HUB,Created,0.0096,2026-08-01,2026-08-01 07:47:44+07:00,2026-08-01 13:27:13+07:00,,
1194,530249310108,A06,BN HUB,Transporting,0.01,2026-08-01,2026-08-01 08:25:00+07:00,2026-08-01 10:12:56+07:00,2026-08-01 15:47:37+07:00,
1195,530250290107,A06,BN HUB,Created,0.008,2026-08-01,2026-08-01 15:54:29+07:00,,,
1196,530251120108,A06,BN HUB,Created,0.006,2026-08-01,2026-08-01 13:47:43+07:00,,,
1197,530252120108,A06,BN HUB,Created,0.0057,2026-08-01,2026-08-01 13:34:26+07:00,2026-08-01 16:51:19+07:00,,
1198,530252680107,A06,BN HUB,Created,0.009,2026-08-01,2026-08-01 13:14:51+07:00,,,
1199,530253120108,A06,BN HUB,Transporting,0.01,2026-08-01,2026-08-01 13:40:20+07:00,2026-08-01 15:21:17+07:00,2026-08-01 16:19:11+07:00,
1200,530253320108,A06,BN HUB,Transporting,0.01,2026-08-01,2026-08-01 13:40:20+07:00,2026-08-01 15:21:52+07:00,2026-08-01 16:18:26+07:00,
1201,530253520108,A06,BN HUB,Transporting,0.01,2026-08-01,2026-08-01 13:40:20+07:00,2026-08-01 15:21:41+07:00,2026-08-01 16:18:31+07:00,
1202,530253920108,A06,BN HUB,Transporting,0.01,2026-08-01,2026-08-01 13:40:20+07:00,2026-08-01 15:21:20+07:00,2026-08-01 16:19:14+07:00,
1203,530254920108,A06,BN HUB,Created,0.0058,2026-08-01,2026-08-01 16:03:38+07:00,,,
1204,530255270107,A06,BN HUB,Created,0.0185,2026-08-01,2026-08-01 09:37:58+07:00,2026-08-01 10:07:41+07:00,,
1205,530255310108,A06,BN HUB,Created,0.0112,2026-08-01,2026-08-01 07:16:17+07:00,2026-08-01 15:22:00+07:00,,
1206,530257320108,A06,BN HUB,Created,0.0082,2026-08-01,2026-08-01 13:43:11+07:00,,,
1207,530259680107,A06,BN HUB,Transporting,0.01,2026-08-01,2026-08-01 13:40:19+07:00,2026-08-01 15:23:30+07:00,2026-08-01 16:17:04+07:00,
1208,530260920108,A06,BN HUB,Created,0.0056,2026-08-01,2026-08-01 16:04:05+07:00,,,
1209,530261110108,A06,BN HUB,Created,0.0095,2026-08-01,2026-08-01 10:40:07+07:00,,,
1210,530261270107,A06,BN HUB,Transporting,0.01,2026-08-01,2026-08-01 08:54:01+07:00,2026-08-01 10:59:41+07:00,2026-08-01 15:59:56+07:00,
1211,530262710108,A06,BN HUB,Created,0.0112,2026-08-01,2026-08-01 07:39:49+07:00,2026-08-01 15:22:18+07:00,,
1212,530263310108,A06,BN HUB,Created,0.006,2026-08-01,2026-08-01 08:00:34+07:00,2026-08-01 08:22:04+07:00,,
1213,530264870107,A06,BN HUB,Created,0.006,2026-08-01,2026-08-01 08:08:50+07:00,,,
1214,530265670107,A06,BN HUB,Created,0.0067,2026-08-01,2026-08-01 09:11:43+07:00,2026-08-01 11:24:11+07:00,,
1215,530265910108,A06,BN HUB,Created,0.0096,2026-08-01,2026-08-01 08:08:15+07:00,,,
1216,530266270107,A06,BN HUB,Transporting,0.0088,2026-08-01,2026-08-01 07:53:48+07:00,2026-08-01 13:35:58+07:00,2026-08-01 15:29:09+07:00,
1217,530266480107,A06,BN HUB,Created,0.0062,2026-08-01,2026-08-01 10:48:49+07:00,,,
1218,530267310108,A06,BN HUB,Transporting,0.0061,2026-08-01,2026-08-01 07:58:19+07:00,2026-08-01 15:30:45+07:00,2026-08-01 15:31:44+07:00,
1219,530268280107,A06,BN HUB,Transporting,0.01,2026-08-01,2026-08-01 13:40:20+07:00,2026-08-01 15:20:56+07:00,2026-08-01 16:20:02+07:00,
1220,530269080107,A06,BN HUB,Created,0.0088,2026-08-01,2026-08-01 14:05:06+07:00,,,
1221,530270670107,A06,BN HUB,Transporting,0.01,2026-08-01,2026-08-01 07:29:37+07:00,2026-08-01 10:11:25+07:00,2026-08-01 15:49:27+07:00,
1222,530270710108,A06,BN HUB,Created,0.007,2026-08-01,2026-08-01 10:30:09+07:00,,,
1223,530271110108,A06,BN HUB,Created,0.006,2026-08-01,2026-08-01 12:04:08+07:00,,,
1224,530271510108,A06,BN HUB,Created,0.012,2026-08-01,2026-08-01 12:04:16+07:00,2026-08-01 15:32:33+07:00,,
1225,530271680107,A06,BN HUB,Created,0.0054,2026-08-01,2026-08-01 14:11:02+07:00,,,
1226,530274880107,A06,BN HUB,Created,0.01,2026-08-01,2026-08-01 13:35:41+07:00,2026-08-01 15:26:22+07:00,,
1227,530275320108,A06,BN HUB,Created,0.0086,2026-08-01,2026-08-01 14:50:47+07:00,2026-08-01 15:57:39+07:00,,
1228,530276470107,A06,BN HUB,Transporting,0.01,2026-08-01,2026-08-01 08:37:39+07:00,2026-08-01 10:18:42+07:00,2026-08-01 16:23:55+07:00,
1229,530278110108,A06,BN HUB,Created,0.0061,2026-08-01,2026-08-01 11:59:44+07:00,,,
1230,530278280107,A06,BN HUB,Transporting,0.01,2026-08-01,2026-08-01 14:33:42+07:00,2026-08-01 15:08:20+07:00,2026-08-01 16:22:24+07:00,
1231,530278900108,A06,BN HUB,Created,0.005,2026-08-01,2026-07-31 16:37:49+07:00,2026-08-01 11:39:02+07:00,,
1232,530279270107,A06,BN HUB,Created,0.005,2026-08-01,2026-08-01 09:02:32+07:00,2026-08-01 11:25:50+07:00,,
1233,530279870107,A06,BN HUB,Created,0.009,2026-08-01,2026-08-01 09:04:16+07:00,,,
1234,530279880107,A06,BN HUB,Created,0.0375,2026-08-01,2026-08-01 16:03:02+07:00,,,
1235,530280080107,A06,BN HUB,Created,0.014,2026-08-01,2026-08-01 11:42:55+07:00,,,
1236,530280110108,A06,BN HUB,Created,0.0088,2026-08-01,2026-08-01 11:50:58+07:00,2026-08-01 16:44:48+07:00,,
1237,530280710108,A06,BN HUB,Created,0.0075,2026-08-01,2026-08-01 11:56:44+07:00,2026-08-01 16:19:31+07:00,,
1238,530280880107,A06,BN HUB,Created,0.0055,2026-08-01,2026-08-01 11:44:19+07:00,2026-08-01 15:22:48+07:00,,
1239,530280910108,A06,BN HUB,Created,0.0088,2026-08-01,2026-08-01 11:59:14+07:00,2026-08-01 16:38:36+07:00,,
1240,530280920108,A06,BN HUB,Created,0.0069,2026-08-01,2026-08-01 15:04:15+07:00,,,
1241,530281120108,A06,BN HUB,Created,0.007,2026-08-01,2026-08-01 15:38:24+07:00,,,
1242,530281910108,A06,BN HUB,Created,0.01,2026-08-01,2026-08-01 13:34:43+07:00,,,
1243,530284870107,A06,BN HUB,Created,0.007,2026-08-01,2026-08-01 08:49:35+07:00,,,
1244,530285320108,A06,BN HUB,Created,0.0082,2026-08-01,2026-08-01 15:51:03+07:00,,,
1245,530285710108,A06,BN HUB,Created,0.01,2026-08-01,2026-08-01 13:35:42+07:00,2026-08-01 15:26:09+07:00,,
1246,530285910108,A06,BN HUB,Created,0.0091,2026-08-01,2026-08-01 13:38:06+07:00,2026-08-01 16:49:42+07:00,,
1247,530286280107,A06,BN HUB,Transporting,0.01,2026-08-01,2026-08-01 14:02:25+07:00,2026-08-01 15:14:11+07:00,2026-08-01 16:28:24+07:00,
1248,530286310108,A06,BN HUB,Transporting,0.0081,2026-08-01,2026-08-01 11:20:30+07:00,2026-08-01 16:41:54+07:00,2026-08-01 16:41:58+07:00,
1249,530286710108,A06,BN HUB,Created,0.0082,2026-08-01,2026-08-01 11:22:34+07:00,,,
1250,530286910108,A06,BN HUB,Transporting,0.0094,2026-08-01,2026-08-01 11:23:33+07:00,2026-08-01 13:56:48+07:00,2026-08-01 15:29:30+07:00,
1251,530287480107,A06,BN HUB,Created,0.0082,2026-08-01,2026-08-01 14:58:03+07:00,,,
1252,530288680107,A06,BN HUB,Created,0.0189,2026-08-01,2026-08-01 14:11:16+07:00,,,
1253,530290080107,A06,BN HUB,Transporting,0.01,2026-08-01,2026-08-01 14:23:09+07:00,2026-08-01 15:08:51+07:00,2026-08-01 16:36:58+07:00,
1254,530290680107,A06,BN HUB,Created,0.0061,2026-08-01,2026-08-01 14:29:47+07:00,,,
1255,530291310108,A06,BN HUB,Created,0.0059,2026-08-01,2026-08-01 13:10:15+07:00,,,
1256,530291480107,A06,BN HUB,Created,0.0081,2026-08-01,2026-08-01 15:48:03+07:00,,,
1257,530291710108,A06,BN HUB,Created,0.0053,2026-08-01,2026-08-01 13:11:18+07:00,2026-08-01 16:44:13+07:00,,
1258,530292510108,A06,BN HUB,Created,0.0088,2026-08-01,2026-08-01 13:01:11+07:00,,,
1259,530293310108,A06,BN HUB,Created,0.02,2026-08-01,2026-08-01 13:34:44+07:00,,,
1260,530293680107,A06,BN HUB,Created,0.0065,2026-08-01,2026-08-01 15:02:09+07:00,2026-08-01 15:34:38+07:00,,
1261,530294080107,A06,BN HUB,Created,0.005,2026-08-01,2026-08-01 15:04:50+07:00,,,
1262,530294280107,A06,BN HUB,Created,0.005,2026-08-01,2026-08-01 15:04:50+07:00,,,
1263,530294310108,A06,BN HUB,Created,0.005,2026-08-01,2026-08-01 13:23:24+07:00,,,
1264,530296500108,A06,BN HUB,Created,0.0251,2026-08-01,2026-07-31 16:00:42+07:00,2026-08-01 10:51:10+07:00,,
1265,530297270107,A06,BN HUB,Created,0.0058,2026-08-01,2026-08-01 09:52:48+07:00,,,
1266,530297470107,A06,BN HUB,Created,0.014,2026-08-01,2026-08-01 09:53:20+07:00,2026-08-01 15:38:12+07:00,,
1267,530297480107,A06,BN HUB,Created,0.0175,2026-08-01,2026-08-01 16:00:38+07:00,,,
1268,530299670107,A06,BN HUB,Created,0.006,2026-08-01,2026-08-01 10:24:00+07:00,,,
1269,530299870107,A06,BN HUB,Created,0.0053,2026-08-01,2026-08-01 10:24:55+07:00,2026-08-01 15:43:52+07:00,,
1270,530299880107,A06,BN HUB,Created,0.0094,2026-08-01,2026-08-01 13:22:34+07:00,,,
1271,530299910108,A06,BN HUB,Created,0.0082,2026-08-01,2026-08-01 13:09:21+07:00,,,
1272,530300090107,A06,BN HUB,Created,0.0069,2026-08-01,2026-08-01 13:09:55+07:00,2026-08-01 15:43:23+07:00,,
1273,530300290107,A06,BN HUB,Created,0.0082,2026-08-01,2026-08-01 13:10:31+07:00,,,
1274,530300530108,A06,BN HUB,Created,0.0091,2026-08-01,2026-08-01 16:06:51+07:00,,,
1275,530300730108,A06,BN HUB,Created,0.0052,2026-08-01,2026-08-01 16:07:57+07:00,2026-08-01 16:48:50+07:00,,
1276,530300930108,A06,BN HUB,Created,0.0051,2026-08-01,2026-08-01 16:13:35+07:00,,,
1277,530301320108,A06,BN HUB,Created,0.008,2026-08-01,2026-08-01 14:03:52+07:00,,,
1278,530301920108,A06,BN HUB,Created,0.02,2026-08-01,2026-08-01 14:06:09+07:00,2026-08-01 15:12:46+07:00,,
1279,530302490107,A06,BN HUB,Created,0.0121,2026-08-01,2026-08-01 15:03:32+07:00,,,
1280,530302680107,A06,BN HUB,Created,0.0081,2026-08-01,2026-08-01 07:36:03+07:00,,,
1281,530303490107,A06,BN HUB,Created,0.0102,2026-08-01,2026-08-01 15:49:17+07:00,,,
1282,530303730108,A06,BN HUB,Created,0.01,2026-08-01,2026-08-01 16:17:48+07:00,,,
1283,530303930108,A06,BN HUB,Created,0.007,2026-08-01,2026-08-01 16:17:48+07:00,,,
1284,530305080107,A06,BN HUB,Created,0.006,2026-08-01,2026-08-01 11:13:59+07:00,,,
1285,530305490107,A06,BN HUB,Transporting,0.0078,2026-08-01,2026-08-01 15:17:36+07:00,2026-08-01 16:23:28+07:00,2026-08-01 16:23:30+07:00,
1286,530306290107,A06,BN HUB,Created,0.0102,2026-08-01,2026-08-01 15:23:20+07:00,,,
1287,530306890107,A06,BN HUB,Created,0.0095,2026-08-01,2026-08-01 15:31:33+07:00,,,
1288,530307280107,A06,BN HUB,Transporting,0.008,2026-08-01,2026-08-01 12:03:49+07:00,2026-08-01 14:19:34+07:00,2026-08-01 14:19:46+07:00,
1289,530307290107,A06,BN HUB,Created,0.0055,2026-08-01,2026-08-01 16:32:54+07:00,,,
1290,530307890107,A06,BN HUB,Created,0.0073,2026-08-01,2026-08-01 16:33:50+07:00,,,
1291,530308080107,A06,BN HUB,Transporting,0.0094,2026-08-01,2026-08-01 10:17:07+07:00,2026-08-01 14:03:37+07:00,2026-08-01 15:29:46+07:00,
1292,530309320108,A06,BN HUB,Created,0.0065,2026-08-01,2026-08-01 13:59:01+07:00,,,
1293,530309880107,A06,BN HUB,Created,0.006,2026-08-01,2026-08-01 11:24:57+07:00,2026-08-01 15:36:43+07:00,,
1294,530310090107,A06,BN HUB,Created,0.01,2026-08-01,2026-08-01 16:49:35+07:00,,,
1295,530311280107,A06,BN HUB,Created,0.0064,2026-08-01,2026-08-01 07:35:03+07:00,,,
1296,530311920108,A06,BN HUB,Created,0.0105,2026-08-01,2026-08-01 11:41:24+07:00,2026-08-01 15:42:55+07:00,,
1297,530312490107,A06,BN HUB,Created,0.0446,2026-08-01,2026-08-01 16:03:02+07:00,,,
1298,530312930108,A06,BN HUB,Created,0.007,2026-08-01,2026-08-01 16:40:05+07:00,,,
1299,530313120108,A06,BN HUB,Created,0.0053,2026-08-01,2026-08-01 13:42:14+07:00,2026-08-01 16:48:30+07:00,,
1300,530313920108,A06,BN HUB,Created,0.012,2026-08-01,2026-08-01 13:43:29+07:00,2026-08-01 15:31:38+07:00,,
1301,530314290107,A06,BN HUB,Created,0.0094,2026-08-01,2026-08-01 16:30:52+07:00,,,
1302,530314320108,A06,BN HUB,Created,0.0063,2026-08-01,2026-08-01 14:01:04+07:00,,,
1303,530314690107,A06,BN HUB,Created,0.0055,2026-08-01,2026-08-01 16:32:54+07:00,,,
1304,530315480107,A06,BN HUB,Created,0.0055,2026-08-01,2026-08-01 10:46:31+07:00,,,
1305,530315720108,A06,BN HUB,Created,0.0063,2026-08-01,2026-08-01 14:29:04+07:00,,,
1306,530315920108,A06,BN HUB,Created,0.0151,2026-08-01,2026-08-01 14:33:25+07:00,,,
1307,530316120108,A06,BN HUB,Transporting,0.01,2026-08-01,2026-08-01 13:40:20+07:00,2026-08-01 15:23:36+07:00,2026-08-01 16:16:58+07:00,
1308,530316720108,A06,BN HUB,Transporting,0.01,2026-08-01,2026-08-01 13:40:20+07:00,2026-08-01 15:21:22+07:00,2026-08-01 16:19:15+07:00,
1309,530317120108,A06,BN HUB,Created,0.0081,2026-08-01,2026-08-01 14:04:32+07:00,,,
1310,530318120108,A06,BN HUB,Transporting,0.01,2026-08-01,2026-08-01 13:40:20+07:00,2026-08-01 15:22:44+07:00,2026-08-01 16:20:14+07:00,
1311,530318320108,A06,BN HUB,Transporting,0.01,2026-08-01,2026-08-01 13:40:20+07:00,2026-08-01 15:21:47+07:00,2026-08-01 16:18:39+07:00,
1312,530318490107,A06,BN HUB,Created,0.0055,2026-08-01,2026-08-01 16:32:54+07:00,,,
1313,530319080107,A06,BN HUB,Created,0.0079,2026-08-01,2026-08-01 12:07:10+07:00,,,
1314,530319280107,A06,BN HUB,Created,0.0061,2026-08-01,2026-08-01 12:07:10+07:00,,,
1315,530319910108,A06,BN HUB,Created,0.0175,2026-08-01,2026-08-01 08:08:49+07:00,2026-08-01 10:51:52+07:00,,
1316,530320120108,A06,BN HUB,Transporting,0.01,2026-08-01,2026-08-01 14:02:25+07:00,2026-08-01 15:19:33+07:00,2026-08-01 16:04:58+07:00,
1317,530320320108,A06,BN HUB,Transporting,0.01,2026-08-01,2026-08-01 14:02:25+07:00,2026-08-01 15:14:03+07:00,2026-08-01 16:28:13+07:00,
1318,530320520108,A06,BN HUB,Transporting,0.01,2026-08-01,2026-08-01 14:02:25+07:00,2026-08-01 15:19:29+07:00,2026-08-01 16:04:52+07:00,
1319,530320720108,A06,BN HUB,Transporting,0.01,2026-08-01,2026-08-01 14:02:25+07:00,2026-08-01 15:19:43+07:00,2026-08-01 16:05:26+07:00,
1320,530321280107,A06,BN HUB,Created,0.005,2026-08-01,2026-08-01 11:57:58+07:00,,,
1321,530323480107,A06,BN HUB,Created,0.0082,2026-08-01,2026-08-01 12:59:16+07:00,,,
1322,530324280107,A06,BN HUB,Transporting,0.0094,2026-08-01,2026-08-01 10:47:47+07:00,2026-08-01 13:57:39+07:00,2026-08-01 15:29:33+07:00,
1323,530324890107,A06,BN HUB,Created,0.007,2026-08-01,2026-08-01 16:44:32+07:00,,,
1324,530325320108,A06,BN HUB,Created,0.006,2026-08-01,2026-08-01 12:02:05+07:00,2026-08-01 14:14:41+07:00,,
1325,530325680107,A06,BN HUB,Created,0.0127,2026-08-01,2026-08-01 12:07:03+07:00,,,
1326,530326290107,A06,BN HUB,Created,0.01,2026-08-01,2026-08-01 16:14:37+07:00,,,
1327,530326470107,A06,BN HUB,Created,0.0302,2026-08-01,2026-07-31 16:39:48+07:00,2026-08-01 11:23:54+07:00,,
1328,530329110108,A06,BN HUB,Created,0.015,2026-08-01,2026-08-01 08:30:39+07:00,2026-08-01 11:22:21+07:00,,
1329,530329870107,A06,BN HUB,Created,0.01,2026-08-01,2026-08-01 00:08:54+07:00,2026-08-01 16:19:45+07:00,,
1330,530329880107,A06,BN HUB,Transporting,0.02,2026-08-01,2026-08-01 08:30:48+07:00,2026-08-01 10:47:39+07:00,2026-08-01 16:08:22+07:00,
1331,530331510108,A06,BN HUB,Transporting,0.01,2026-08-01,2026-08-01 08:44:29+07:00,2026-08-01 10:58:19+07:00,2026-08-01 16:04:41+07:00,
1332,530331710108,A06,BN HUB,Transporting,0.01,2026-08-01,2026-08-01 08:44:29+07:00,2026-08-01 10:57:48+07:00,2026-08-01 16:03:59+07:00,
1333,530332520108,A06,BN HUB,Created,0.0151,2026-08-01,2026-08-01 14:33:30+07:00,,,
1334,530333480107,A06,BN HUB,Created,0.0148,2026-08-01,2026-08-01 10:23:31+07:00,,,
1335,530333920108,A06,BN HUB,Created,0.0055,2026-08-01,2026-08-01 15:39:57+07:00,,,
1336,530335280107,A06,BN HUB,Created,0.006,2026-08-01,2026-08-01 12:54:33+07:00,,,
1337,530335310108,A06,BN HUB,Transporting,0.008,2026-08-01,2026-08-01 09:28:04+07:00,2026-08-01 11:24:39+07:00,2026-08-01 15:27:32+07:00,
1338,530335880107,A06,BN HUB,Created,0.019,2026-08-01,2026-08-01 13:00:53+07:00,2026-08-01 15:37:06+07:00,,
1339,530336320108,A06,BN HUB,Created,0.0094,2026-08-01,2026-08-01 12:53:31+07:00,,,
1340,530336890107,A06,BN HUB,Transporting,0.01,2026-08-01,2026-08-01 14:33:42+07:00,2026-08-01 15:08:24+07:00,2026-08-01 16:22:30+07:00,
1341,530338480107,A06,BN HUB,Created,0.0072,2026-08-01,2026-08-01 12:04:09+07:00,2026-08-01 16:40:35+07:00,,
1342,530339320108,A06,BN HUB,Created,0.006,2026-08-01,2026-08-01 14:52:42+07:00,,,
1343,530340070107,A06,BN HUB,Transporting,0.0094,2026-08-01,2026-08-01 07:45:27+07:00,2026-08-01 13:16:38+07:00,2026-08-01 15:28:32+07:00,
1344,530340290107,A06,BN HUB,Created,0.01,2026-08-01,2026-08-01 16:49:35+07:00,,,
1345,530340310108,A06,BN HUB,Transporting,0.02,2026-08-01,2026-08-01 08:40:58+07:00,2026-08-01 10:46:25+07:00,2026-08-01 16:07:40+07:00,
1346,530340470107,A06,BN HUB,Created,0.0093,2026-08-01,2026-08-01 07:49:10+07:00,2026-08-01 14:18:24+07:00,,
1347,530340710108,A06,BN HUB,Created,0.0106,2026-08-01,2026-08-01 08:41:55+07:00,2026-08-01 10:21:34+07:00,,
1348,530340920108,A06,BN HUB,Created,0.0081,2026-08-01,2026-08-01 13:08:23+07:00,,,
1349,530341710108,A06,BN HUB,Transporting,0.0059,2026-08-01,2026-08-01 09:43:08+07:00,2026-08-01 14:08:07+07:00,2026-08-01 15:34:22+07:00,
1350,530341720108,A06,BN HUB,Created,0.0055,2026-08-01,2026-08-01 13:26:51+07:00,2026-08-01 15:24:02+07:00,,
1351,530342120108,A06,BN HUB,Created,0.006,2026-08-01,2026-08-01 14:42:39+07:00,,,
1352,530342280107,A06,BN HUB,Created,0.0106,2026-08-01,2026-08-01 08:41:55+07:00,2026-08-01 10:21:30+07:00,,
1353,530342480107,A06,BN HUB,Created,0.0106,2026-08-01,2026-08-01 08:41:55+07:00,2026-08-01 10:21:24+07:00,,
1354,530342720108,A06,BN HUB,Created,0.0055,2026-08-01,2026-08-01 14:55:27+07:00,,,
1355,530343480107,A06,BN HUB,Transporting,0.005,2026-08-01,2026-08-01 09:02:32+07:00,2026-08-01 11:26:00+07:00,2026-08-01 15:27:47+07:00,
1356,530343670107,A06,BN HUB,Created,0.0117,2026-08-01,2026-08-01 07:43:13+07:00,2026-08-01 10:49:41+07:00,,
1357,530343710108,A06,BN HUB,Created,0.01,2026-08-01,2026-08-01 10:33:49+07:00,,,
1358,530344520108,A06,BN HUB,Created,0.008,2026-08-01,2026-08-01 15:55:07+07:00,,,
1359,530344890107,A06,BN HUB,Created,0.0094,2026-08-01,2026-08-01 15:22:52+07:00,,,
1360,530345310108,A06,BN HUB,Created,0.0088,2026-08-01,2026-08-01 12:25:46+07:00,,,
1361,530348720108,A06,BN HUB,Transporting,0.0171,2026-08-01,2026-08-01 15:17:40+07:00,2026-08-01 16:24:12+07:00,2026-08-01 16:24:15+07:00,
1362,530349110108,A06,BN HUB,Transporting,0.02,2026-08-01,2026-08-01 08:30:48+07:00,2026-08-01 10:47:40+07:00,2026-08-01 16:08:25+07:00,
1363,530349670107,A06,BN HUB,Transporting,0.01,2026-08-01,2026-08-01 08:25:00+07:00,2026-08-01 10:12:51+07:00,2026-08-01 15:47:46+07:00,
1364,530349920108,A06,BN HUB,Created,0.0051,2026-08-01,2026-08-01 16:06:50+07:00,,,
1365,530351080107,A06,BN HUB,Created,0.0086,2026-08-01,2026-08-01 09:35:37+07:00,2026-08-01 15:44:10+07:00,,
1366,530351920108,A06,BN HUB,Created,0.0063,2026-08-01,2026-08-01 13:51:04+07:00,,,
1367,530352320108,A06,BN HUB,Created,0.0085,2026-08-01,2026-08-01 13:36:26+07:00,,,
1368,530352520108,A06,BN HUB,Created,0.0082,2026-08-01,2026-08-01 13:36:47+07:00,,,
1369,530353080107,A06,BN HUB,Created,0.0053,2026-08-01,2026-08-01 13:51:49+07:00,,,
1370,530353110108,A06,BN HUB,Created,0.0082,2026-08-01,2026-08-01 10:33:09+07:00,,,
1371,530353120108,A06,BN HUB,Transporting,0.01,2026-08-01,2026-08-01 13:40:20+07:00,2026-08-01 15:21:57+07:00,2026-08-01 16:18:21+07:00,
1372,530354270107,A06,BN HUB,Transporting,0.01,2026-08-01,2026-08-01 08:25:00+07:00,2026-08-01 10:12:48+07:00,2026-08-01 15:47:49+07:00,
1373,530356080107,A06,BN HUB,Transporting,0.02,2026-08-01,2026-08-01 13:14:26+07:00,2026-08-01 15:38:30+07:00,2026-08-01 15:51:55+07:00,
1374,530356120108,A06,BN HUB,Created,0.0054,2026-08-01,2026-08-01 13:38:09+07:00,,,
1375,530356480107,A06,BN HUB,Created,0.0085,2026-08-01,2026-08-01 13:14:55+07:00,,,
1376,530356680107,A06,BN HUB,Created,0.0065,2026-08-01,2026-08-01 13:15:18+07:00,2026-08-01 16:27:45+07:00,,
1377,530356880107,A06,BN HUB,Created,0.0054,2026-08-01,2026-08-01 13:17:02+07:00,,,
1378,530358190107,A06,BN HUB,Transporting,0.0088,2026-08-01,2026-07-31 08:38:51+07:00,2026-08-01 12:31:17+07:00,2026-08-01 15:00:30+07:00,
1379,530359250107,A06,BN HUB,Transporting,0.0065,2026-08-01,2026-07-30 14:21:04+07:00,2026-08-01 08:45:37+07:00,2026-08-01 15:36:48+07:00,
1380,530359480107,A06,BN HUB,Transporting,0.01,2026-08-01,2026-08-01 13:40:20+07:00,2026-08-01 15:20:46+07:00,2026-08-01 16:20:18+07:00,
1381,530360080107,A06,BN HUB,Transporting,0.005,2026-08-01,2026-08-01 09:56:07+07:00,2026-08-01 11:04:51+07:00,2026-08-01 15:26:23+07:00,
1382,530360520108,A06,BN HUB,Created,0.0096,2026-08-01,2026-08-01 16:04:39+07:00,2026-08-01 16:44:25+07:00,,
1383,530361910108,A06,BN HUB,Created,0.0075,2026-08-01,2026-08-01 10:54:54+07:00,2026-08-01 15:11:58+07:00,,
1384,530364470107,A06,BN HUB,Created,0.006,2026-08-01,2026-08-01 08:11:09+07:00,2026-08-01 08:21:24+07:00,,
1385,530364710108,A06,BN HUB,Created,0.0055,2026-08-01,2026-08-01 08:00:34+07:00,2026-08-01 08:22:03+07:00,,
1386,530366660107,A06,BN HUB,Created,0.008,2026-08-01,2026-07-31 12:59:08+07:00,2026-08-01 15:30:32+07:00,,
1387,530367070107,A06,BN HUB,Created,0.01,2026-08-01,2026-08-01 08:33:30+07:00,2026-08-01 11:00:42+07:00,,
1388,530367670107,A06,BN HUB,Created,0.02,2026-08-01,2026-08-01 08:35:27+07:00,2026-08-01 10:47:15+07:00,,
1389,530367680107,A06,BN HUB,Created,0.0084,2026-08-01,2026-08-01 11:18:35+07:00,,,
1390,530367870107,A06,BN HUB,Created,0.02,2026-08-01,2026-08-01 08:35:27+07:00,2026-08-01 10:47:17+07:00,,
1391,530368680107,A06,BN HUB,Created,0.0053,2026-08-01,2026-08-01 13:42:14+07:00,2026-08-01 16:48:14+07:00,,
1392,530368720108,A06,BN HUB,Created,0.007,2026-08-01,2026-08-01 16:49:52+07:00,,,
1393,530370510108,A06,BN HUB,Created,0.0065,2026-08-01,2026-08-01 10:34:50+07:00,2026-08-01 15:15:40+07:00,,
1394,530373710108,A06,BN HUB,Transporting,0.0094,2026-08-01,2026-08-01 09:46:22+07:00,2026-08-01 14:02:25+07:00,2026-08-01 15:29:42+07:00,
1395,530375310108,A06,BN HUB,Created,0.0062,2026-08-01,2026-08-01 12:07:10+07:00,,,
1396,530377070107,A06,BN HUB,Created,0.0058,2026-08-01,2026-08-01 09:50:50+07:00,,,
1397,530377870107,A06,BN HUB,Transporting,0.005,2026-08-01,2026-08-01 09:56:07+07:00,2026-08-01 11:04:52+07:00,2026-08-01 15:26:24+07:00,
1398,530380880107,A06,BN HUB,Created,0.0051,2026-08-01,2026-08-01 11:51:53+07:00,2026-08-01 15:11:57+07:00,,
1399,530380920108,A06,BN HUB,Created,0.005,2026-08-01,2026-08-01 15:04:50+07:00,,,
1400,530381110108,A06,BN HUB,Created,0.01,2026-08-01,2026-08-01 13:35:42+07:00,2026-08-01 15:26:12+07:00,,
1401,530381460107,A06,BN HUB,Created,0.013,2026-08-01,2026-07-31 15:33:08+07:00,2026-08-01 08:31:59+07:00,,
1402,530382110108,A06,BN HUB,Transporting,0.005,2026-08-01,2026-08-01 09:02:31+07:00,2026-08-01 11:25:44+07:00,2026-08-01 15:27:42+07:00,
1403,530382310108,A06,BN HUB,Created,0.014,2026-08-01,2026-08-01 09:02:46+07:00,,,
1404,530382510108,A06,BN HUB,Transporting,0.02,2026-08-01,2026-08-01 09:03:10+07:00,2026-08-01 10:49:23+07:00,2026-08-01 15:53:57+07:00,
1405,530383080107,A06,BN HUB,Created,0.01,2026-08-01,2026-08-01 16:06:00+07:00,,,
1406,530384680107,A06,BN HUB,Created,0.0055,2026-08-01,2026-08-01 15:01:04+07:00,,,
1407,530385080107,A06,BN HUB,Created,0.0069,2026-08-01,2026-08-01 15:53:44+07:00,,,
1408,530385480107,A06,BN HUB,Created,0.008,2026-08-01,2026-08-01 15:54:29+07:00,,,
1409,530386110108,A06,BN HUB,Inbound,0.0367,2026-08-01,2026-08-01 11:23:48+07:00,2026-08-01 14:24:23+07:00,2026-08-01 14:31:20+07:00,2026-08-01 15:37:48+07:00
1410,530386670107,A06,BN HUB,Transporting,0.009,2026-08-01,2026-08-01 09:47:56+07:00,2026-08-01 13:56:11+07:00,2026-08-01 13:56:10+07:00,
1411,530387470107,A06,BN HUB,Created,0.0082,2026-08-01,2026-08-01 11:05:42+07:00,,,
1412,530387700108,A06,BN HUB,Transporting,0.011,2026-08-01,2026-08-01 07:01:00+07:00,2026-08-01 15:04:12+07:00,2026-08-01 15:04:20+07:00,
1413,530388060107,A06,BN HUB,Created,0.0105,2026-08-01,2026-07-31 13:49:37+07:00,2026-08-01 15:15:24+07:00,,
1414,530389710108,A06,BN HUB,Transporting,0.01,2026-08-01,2026-08-01 13:08:18+07:00,2026-08-01 14:53:11+07:00,2026-08-01 15:45:35+07:00,
1415,530390480107,A06,BN HUB,Created,0.0151,2026-08-01,2026-08-01 14:33:29+07:00,,,
1416,530390680107,A06,BN HUB,Transporting,0.01,2026-08-01,2026-08-01 14:33:42+07:00,2026-08-01 15:07:47+07:00,2026-08-01 16:23:09+07:00,
1417,530391510108,A06,BN HUB,Created,0.012,2026-08-01,2026-08-01 13:13:51+07:00,,,
1418,530393110108,A06,BN HUB,Transporting,0.01,2026-08-01,2026-08-01 13:40:20+07:00,2026-08-01 15:22:12+07:00,2026-08-01 16:18:03+07:00,
1419,530393310108,A06,BN HUB,Transporting,0.01,2026-08-01,2026-08-01 13:40:20+07:00,2026-08-01 15:22:20+07:00,2026-08-01 16:17:43+07:00,
1420,530393480107,A06,BN HUB,Created,0.005,2026-08-01,2026-08-01 15:04:50+07:00,,,
1421,530394310108,A06,BN HUB,Created,0.0102,2026-08-01,2026-08-01 13:33:12+07:00,,,
1422,530396280107,A06,BN HUB,Created,0.0062,2026-08-01,2026-08-01 15:03:36+07:00,,,
1423,530396680107,A06,BN HUB,Created,0.0125,2026-08-01,2026-08-01 15:04:50+07:00,,,
1424,530397310108,A06,BN HUB,Transporting,0.01,2026-08-01,2026-08-01 13:08:18+07:00,2026-08-01 14:57:47+07:00,2026-08-01 15:50:56+07:00,
1425,530397710108,A06,BN HUB,Transporting,0.01,2026-08-01,2026-08-01 13:08:19+07:00,2026-08-01 14:52:29+07:00,2026-08-01 15:46:40+07:00,
1426,530397870107,A06,BN HUB,Created,0.012,2026-08-01,2026-08-01 10:02:10+07:00,2026-08-01 11:01:40+07:00,,
1427,530398710108,A06,BN HUB,Created,0.0148,2026-08-01,2026-08-01 12:32:57+07:00,,,
1428,530399280107,A06,BN HUB,Created,0.0102,2026-08-01,2026-08-01 13:23:13+07:00,,,
1429,530399470107,A06,BN HUB,Created,0.021,2026-08-01,2026-08-01 10:33:51+07:00,,,
1430,530399700108,A06,BN HUB,Inbound,0.036,2026-08-01,2026-08-01 06:48:20+07:00,2026-08-01 14:04:57+07:00,,2026-08-01 15:06:52+07:00
1431,530401520108,A06,BN HUB,Transporting,0.01,2026-08-01,2026-08-01 14:07:50+07:00,2026-08-01 15:11:25+07:00,2026-08-01 16:01:38+07:00,
1432,530401720108,A06,BN HUB,Transporting,0.01,2026-08-01,2026-08-01 14:07:50+07:00,2026-08-01 15:11:37+07:00,2026-08-01 16:01:02+07:00,
1433,530401920108,A06,BN HUB,Created,0.0064,2026-08-01,2026-08-01 14:10:22+07:00,2026-08-01 16:38:41+07:00,,
1434,530402090107,A06,BN HUB,Created,0.005,2026-08-01,2026-08-01 15:04:50+07:00,,,
1435,530402490107,A06,BN HUB,Created,0.0102,2026-08-01,2026-08-01 15:07:16+07:00,,,
1436,530402880107,A06,BN HUB,Created,0.0068,2026-08-01,2026-08-01 07:44:08+07:00,,,
1437,530403730108,A06,BN HUB,Created,0.0127,2026-08-01,2026-08-01 16:19:29+07:00,,,
1438,530403890107,A06,BN HUB,Created,0.007,2026-08-01,2026-08-01 15:58:35+07:00,,,
1439,530403930108,A06,BN HUB,Created,0.0058,2026-08-01,2026-08-01 16:19:52+07:00,,,
1440,530404280107,A06,BN HUB,Created,0.0121,2026-08-01,2026-08-01 10:11:41+07:00,,,
1441,530405290107,A06,BN HUB,Created,0.014,2026-08-01,2026-08-01 15:24:33+07:00,,,
1442,530406090107,A06,BN HUB,Created,0.0056,2026-08-01,2026-08-01 15:32:13+07:00,,,
1443,530406320108,A06,BN HUB,Created,0.0116,2026-08-01,2026-08-01 09:50:50+07:00,,,
1444,530406650107,A06,BN HUB,Created,0.0075,2026-08-01,2026-07-30 13:30:07+07:00,2026-08-01 11:15:37+07:00,,
1445,530406890107,A06,BN HUB,Created,0.0102,2026-08-01,2026-08-01 15:38:31+07:00,,,
1446,530407090107,A06,BN HUB,Created,0.0064,2026-08-01,2026-08-01 16:34:38+07:00,,,
1447,530407690107,A06,BN HUB,Created,0.0073,2026-08-01,2026-08-01 16:40:31+07:00,,,
1448,530410520108,A06,BN HUB,Created,0.0159,2026-08-01,2026-08-01 11:01:09+07:00,2026-08-01 16:24:36+07:00,,
1449,530410920108,A06,BN HUB,Created,0.0064,2026-08-01,2026-08-01 11:01:43+07:00,,,
1450,530412080107,A06,BN HUB,Created,0.006,2026-08-01,2026-08-01 11:17:05+07:00,,,
1451,530413680107,A06,BN HUB,Transporting,0.0063,2026-08-01,2026-08-01 13:06:16+07:00,2026-08-01 14:48:05+07:00,2026-08-01 15:54:56+07:00,
1452,530414260107,A06,BN HUB,Created,0.001,2026-08-01,2026-07-31 07:12:10+07:00,2026-08-01 11:18:34+07:00,,
1453,530415120108,A06,BN HUB,Created,0.02,2026-08-01,2026-08-01 14:36:27+07:00,2026-08-01 15:04:58+07:00,,
1454,530416880107,A06,BN HUB,Transporting,0.01,2026-08-01,2026-08-01 08:25:00+07:00,2026-08-01 10:13:17+07:00,2026-08-01 15:47:15+07:00,
1455,530417520108,A06,BN HUB,Created,0.0065,2026-08-01,2026-08-01 14:08:41+07:00,2026-08-01 16:27:27+07:00,,
1456,530417890107,A06,BN HUB,Created,0.0078,2026-08-01,2026-08-01 14:15:12+07:00,,,
1457,530418120108,A06,BN HUB,Created,0.0053,2026-08-01,2026-08-01 13:42:14+07:00,2026-08-01 16:48:27+07:00,,
1458,530419080107,A06,BN HUB,Created,0.011,2026-08-01,2026-08-01 12:12:43+07:00,,,
1459,530419320108,A06,BN HUB,Transporting,0.01,2026-08-01,2026-08-01 14:07:50+07:00,2026-08-01 15:11:03+07:00,2026-08-01 16:02:00+07:00,
1460,530419680107,A06,BN HUB,Created,0.0094,2026-08-01,2026-08-01 12:22:32+07:00,,,
1461,530420690107,A06,BN HUB,Created,0.0065,2026-08-01,2026-08-01 13:59:01+07:00,,,
1462,530420890107,A06,BN HUB,Created,0.0065,2026-08-01,2026-08-01 13:59:02+07:00,,,
1463,530421490107,A06,BN HUB,Created,0.0052,2026-08-01,2026-08-01 14:06:51+07:00,2026-08-01 16:47:42+07:00,,
1464,530421520108,A06,BN HUB,Created,0.02,2026-08-01,2026-08-01 14:36:26+07:00,2026-08-01 15:05:16+07:00,,
1465,530424090107,A06,BN HUB,Created,0.007,2026-08-01,2026-08-01 16:44:32+07:00,,,
1466,530425120108,A06,BN HUB,Created,0.009,2026-08-01,2026-08-01 12:02:43+07:00,,,
1467,530425880107,A06,BN HUB,Created,0.006,2026-08-01,2026-08-01 12:13:44+07:00,,,
1468,530426480107,A06,BN HUB,Created,0.0275,2026-08-01,2026-08-01 07:09:37+07:00,2026-08-01 15:56:53+07:00,,
1469,530426720108,A06,BN HUB,Created,0.0074,2026-08-01,2026-08-01 14:10:32+07:00,2026-08-01 14:24:16+07:00,,
1470,530427470107,A06,BN HUB,Created,0.0105,2026-08-01,2026-07-31 19:28:17+07:00,2026-08-01 15:23:11+07:00,,
1471,530429310108,A06,BN HUB,Transporting,0.01,2026-08-01,2026-08-01 08:37:39+07:00,2026-08-01 10:21:04+07:00,2026-08-01 16:24:49+07:00,
1472,530430520108,A06,BN HUB,Created,0.0116,2026-08-01,2026-08-01 12:34:50+07:00,,,
1473,530431880107,A06,BN HUB,Transporting,0.01,2026-08-01,2026-08-01 08:37:39+07:00,2026-08-01 10:18:45+07:00,2026-08-01 16:23:58+07:00,
1474,530432090107,A06,BN HUB,Transporting,0.02,2026-08-01,2026-08-01 14:06:10+07:00,2026-08-01 15:12:52+07:00,2026-08-01 16:28:00+07:00,
1475,530432290107,A06,BN HUB,Created,0.02,2026-08-01,2026-08-01 14:06:10+07:00,2026-08-01 15:12:49+07:00,,
1476,530432690107,A06,BN HUB,Created,0.0061,2026-08-01,2026-08-01 14:06:44+07:00,,,
1477,530432720108,A06,BN HUB,Created,0.02,2026-08-01,2026-08-01 14:36:26+07:00,2026-08-01 15:05:03+07:00,,
1478,530432920108,A06,BN HUB,Created,0.02,2026-08-01,2026-08-01 14:36:26+07:00,2026-08-01 15:05:30+07:00,,
1479,530433120108,A06,BN HUB,Created,0.0064,2026-08-01,2026-08-01 15:43:03+07:00,,,
1480,530434710108,A06,BN HUB,Created,0.0195,2026-08-01,2026-08-01 08:36:45+07:00,2026-08-01 15:05:55+07:00,,
1481,530435310108,A06,BN HUB,Created,0.0174,2026-08-01,2026-08-01 09:38:50+07:00,,,
1482,530435320108,A06,BN HUB,Created,0.01,2026-08-01,2026-08-01 16:49:35+07:00,,,
1483,530436090107,A06,BN HUB,Transporting,0.01,2026-08-01,2026-08-01 14:33:42+07:00,2026-08-01 15:08:06+07:00,2026-08-01 16:22:34+07:00,
1484,530436290107,A06,BN HUB,Transporting,0.01,2026-08-01,2026-08-01 14:33:42+07:00,2026-08-01 15:08:32+07:00,2026-08-01 16:22:07+07:00,
1485,530436320108,A06,BN HUB,Created,0.0095,2026-08-01,2026-08-01 12:57:53+07:00,2026-08-01 14:59:18+07:00,,
1486,530436470107,A06,BN HUB,Transporting,0.012,2026-08-01,2026-07-31 14:15:41+07:00,2026-08-01 09:53:28+07:00,2026-08-01 11:12:42+07:00,
1487,530436490107,A06,BN HUB,Created,0.014,2026-08-01,2026-08-01 14:34:37+07:00,,,
1488,530437290107,A06,BN HUB,Created,0.009,2026-08-01,2026-08-01 14:58:03+07:00,2026-08-01 16:43:51+07:00,,
1489,530437520108,A06,BN HUB,Created,0.0105,2026-08-01,2026-08-01 13:08:03+07:00,2026-08-01 16:43:37+07:00,,
1490,530438680107,A06,BN HUB,Created,0.0089,2026-08-01,2026-08-01 12:07:09+07:00,,,
1491,530439280107,A06,BN HUB,Created,0.006,2026-08-01,2026-08-01 13:12:09+07:00,,,
1492,530441470107,A06,BN HUB,Transporting,0.01,2026-08-01,2026-08-01 08:37:39+07:00,2026-08-01 10:18:27+07:00,2026-08-01 16:23:46+07:00,
1493,530442120108,A06,BN HUB,Created,0.0068,2026-08-01,2026-08-01 14:57:40+07:00,,,
1494,530442880107,A06,BN HUB,Transporting,0.01,2026-08-01,2026-08-01 08:44:29+07:00,2026-08-01 10:57:52+07:00,2026-08-01 16:04:02+07:00,
1495,530443110108,A06,BN HUB,Created,0.0086,2026-08-01,2026-08-01 10:36:23+07:00,2026-08-01 11:19:33+07:00,,
1496,530443310108,A06,BN HUB,Created,0.0055,2026-08-01,2026-08-01 10:38:59+07:00,,,
1497,530446080107,A06,BN HUB,Transporting,0.01,2026-08-01,2026-08-01 13:08:19+07:00,2026-08-01 14:53:48+07:00,2026-08-01 15:45:00+07:00,
1498,530446280107,A06,BN HUB,Transporting,0.01,2026-08-01,2026-08-01 13:08:19+07:00,2026-08-01 14:53:52+07:00,2026-08-01 15:44:55+07:00,
1499,530447280107,A06,BN HUB,Created,0.0105,2026-08-01,2026-08-01 13:59:02+07:00,,,
1500,530448470107,A06,BN HUB,Created,0.0081,2026-08-01,2026-08-01 07:37:26+07:00,,,
1501,530449120108,A06,BN HUB,Created,0.0052,2026-08-01,2026-08-01 16:07:57+07:00,2026-08-01 16:48:52+07:00,,
1502,530449520108,A06,BN HUB,Created,0.008,2026-08-01,2026-08-01 16:10:56+07:00,,,
1503,530450110108,A06,BN HUB,Transporting,0.02,2026-08-01,2026-08-01 08:58:16+07:00,2026-08-01 10:15:42+07:00,2026-08-01 16:02:36+07:00,
1504,530450710108,A06,BN HUB,Created,0.0094,2026-08-01,2026-08-01 09:03:30+07:00,2026-08-01 14:03:01+07:00,,
1505,530450720108,A06,BN HUB,Transporting,0.01,2026-08-01,2026-08-01 13:40:19+07:00,2026-08-01 15:23:12+07:00,2026-08-01 16:18:42+07:00,
1506,530451490107,A06,BN HUB,Transporting,0.0055,2026-08-01,2026-08-01 16:04:57+07:00,2026-08-01 16:14:39+07:00,2026-08-01 16:14:46+07:00,
1507,530451510108,A06,BN HUB,Created,0.01,2026-08-01,2026-08-01 10:00:17+07:00,,,
1508,530451890107,A06,BN HUB,Created,0.01,2026-08-01,2026-08-01 16:05:09+07:00,,,
1509,530452680107,A06,BN HUB,Created,0.0065,2026-08-01,2026-08-01 13:26:42+07:00,2026-08-01 16:12:20+07:00,,
1510,530452880107,A06,BN HUB,Created,0.0055,2026-08-01,2026-08-01 13:26:51+07:00,2026-08-01 15:23:08+07:00,,
1511,530453720108,A06,BN HUB,Created,0.0052,2026-08-01,2026-08-01 13:42:14+07:00,2026-08-01 16:48:12+07:00,,
1512,530454470107,A06,BN HUB,Transporting,0.01,2026-08-01,2026-08-01 08:31:58+07:00,2026-08-01 10:43:51+07:00,2026-08-01 16:23:19+07:00,
1513,530455280107,A06,BN HUB,Created,0.0095,2026-08-01,2026-08-01 10:26:35+07:00,2026-08-01 14:39:53+07:00,,
1514,530455710108,A06,BN HUB,Created,0.006,2026-08-01,2026-08-01 07:25:11+07:00,,,
1515,530457080107,A06,BN HUB,Created,0.008,2026-08-01,2026-08-01 13:51:13+07:00,,,
1516,530458280107,A06,BN HUB,Transporting,0.01,2026-08-01,2026-08-01 13:08:19+07:00,2026-08-01 14:53:39+07:00,2026-08-01 15:45:08+07:00,
1517,530459280107,A06,BN HUB,Created,0.006,2026-08-01,2026-08-01 13:41:19+07:00,2026-08-01 16:19:22+07:00,,
1518,530459310108,A06,BN HUB,Created,0.0082,2026-08-01,2026-08-01 11:13:33+07:00,,,
1519,530460280107,A06,BN HUB,Created,0.0143,2026-08-01,2026-08-01 09:57:56+07:00,,,
1520,530460320108,A06,BN HUB,Created,0.0102,2026-08-01,2026-08-01 16:12:52+07:00,,,
1521,530460890107,A06,BN HUB,Created,0.01,2026-08-01,2026-08-01 16:39:11+07:00,,,
1522,530460910108,A06,BN HUB,Transporting,0.005,2026-08-01,2026-08-01 09:56:07+07:00,2026-08-01 11:04:55+07:00,2026-08-01 15:26:26+07:00,
1523,530460920108,A06,BN HUB,Created,0.0058,2026-08-01,2026-08-01 16:28:15+07:00,,,
1524,530461510108,A06,BN HUB,Created,0.01,2026-08-01,2026-08-01 11:00:45+07:00,,,
1525,530462110108,A06,BN HUB,Created,0.0117,2026-08-01,2026-08-01 07:43:16+07:00,2026-08-01 10:49:47+07:00,,
1526,530462920108,A06,BN HUB,Created,0.0187,2026-08-01,2026-08-01 16:05:40+07:00,,,
1527,530463880107,A06,BN HUB,Created,0.006,2026-08-01,2026-08-01 13:56:10+07:00,,,
1528,530464510108,A06,BN HUB,Created,0.0092,2026-08-01,2026-08-01 08:01:03+07:00,2026-08-01 09:59:51+07:00,,
1529,530465110108,A06,BN HUB,Created,0.0116,2026-08-01,2026-08-01 08:08:31+07:00,,,
1530,530465120108,A06,BN HUB,Created,0.006,2026-08-01,2026-08-01 14:00:35+07:00,,,
1531,530465880107,A06,BN HUB,Created,0.0055,2026-08-01,2026-08-01 15:39:57+07:00,,,
1532,530466280107,A06,BN HUB,Created,0.0055,2026-08-01,2026-08-01 10:52:20+07:00,,,
1533,530467270107,A06,BN HUB,Created,0.0063,2026-08-01,2026-08-01 08:36:46+07:00,2026-08-01 15:05:59+07:00,,
1534,530467910108,A06,BN HUB,Inbound,0.008,2026-08-01,2026-08-01 08:04:50+07:00,2026-08-01 13:38:51+07:00,2026-08-01 13:39:34+07:00,2026-08-01 16:46:42+07:00
1535,530468480107,A06,BN HUB,Created,0.0061,2026-08-01,2026-08-01 13:47:22+07:00,,,
1536,530471680107,A06,BN HUB,Created,0.007,2026-08-01,2026-08-01 14:16:00+07:00,,,
1537,530472680107,A06,BN HUB,Transporting,0.01,2026-08-01,2026-08-01 13:49:14+07:00,2026-08-01 15:24:23+07:00,2026-08-01 16:44:48+07:00,
1538,530474320108,A06,BN HUB,Transporting,0.01,2026-08-01,2026-08-01 14:33:42+07:00,2026-08-01 15:08:28+07:00,2026-08-01 16:22:05+07:00,
1539,530474680107,A06,BN HUB,Transporting,0.01,2026-08-01,2026-08-01 13:40:19+07:00,2026-08-01 15:23:54+07:00,2026-08-01 16:45:07+07:00,
1540,530474720108,A06,BN HUB,Transporting,0.01,2026-08-01,2026-08-01 14:33:42+07:00,2026-08-01 15:07:58+07:00,2026-08-01 16:22:45+07:00,
1541,530474920108,A06,BN HUB,Transporting,0.01,2026-08-01,2026-08-01 14:33:42+07:00,2026-08-01 15:08:17+07:00,2026-08-01 16:22:20+07:00,
1542,530475280107,A06,BN HUB,Created,0.02,2026-08-01,2026-08-01 13:58:53+07:00,,,
1543,530475300108,A06,BN HUB,Transporting,0.0033,2026-08-01,2026-07-31 18:36:16+07:00,2026-08-01 10:27:39+07:00,2026-08-01 14:48:21+07:00,
1544,530475320108,A06,BN HUB,Created,0.0265,2026-08-01,2026-08-01 14:54:18+07:00,,,
1545,530475860107,A06,BN HUB,Created,0.0106,2026-08-01,2026-07-31 14:18:33+07:00,2026-08-01 11:24:14+07:00,,
1546,530476270107,A06,BN HUB,Transporting,0.009,2026-08-01,2026-08-01 08:50:58+07:00,2026-08-01 14:05:01+07:00,2026-08-01 15:34:13+07:00,
1547,530476310108,A06,BN HUB,Created,0.0168,2026-08-01,2026-08-01 08:08:31+07:00,,,
1548,530476480107,A06,BN HUB,Created,0.0073,2026-08-01,2026-08-01 12:28:17+07:00,,,
1549,530476680107,A06,BN HUB,Created,0.0075,2026-08-01,2026-08-01 12:30:09+07:00,,,
1550,530478480107,A06,BN HUB,Created,0.012,2026-08-01,2026-08-01 14:50:58+07:00,,,
1551,530478710108,A06,BN HUB,Created,0.0075,2026-08-01,2026-08-01 12:12:56+07:00,2026-08-01 16:19:30+07:00,,
1552,530479110108,A06,BN HUB,Created,0.006,2026-08-01,2026-08-01 13:33:46+07:00,,,
1553,530481320108,A06,BN HUB,Created,0.0055,2026-08-01,2026-08-01 15:39:57+07:00,,,
1554,530482280107,A06,BN HUB,Created,0.0125,2026-08-01,2026-08-01 15:04:50+07:00,,,
1555,530483080107,A06,BN HUB,Created,0.0064,2026-08-01,2026-08-01 16:15:04+07:00,,,
1556,530483870107,A06,BN HUB,Transporting,0.005,2026-08-01,2026-08-01 09:02:31+07:00,2026-08-01 11:25:53+07:00,2026-08-01 15:27:45+07:00,
1557,530484670107,A06,BN HUB,Created,0.0113,2026-08-01,2026-08-01 08:56:25+07:00,,,
1558,530484870107,A06,BN HUB,Transporting,0.005,2026-08-01,2026-08-01 09:02:31+07:00,2026-08-01 11:25:52+07:00,2026-08-01 15:27:44+07:00,
1559,530484910108,A06,BN HUB,Created,0.0085,2026-08-01,2026-08-01 13:05:10+07:00,,,
1560,530485510108,A06,BN HUB,Transporting,0.01,2026-08-01,2026-08-01 13:40:20+07:00,2026-08-01 15:23:17+07:00,2026-08-01 16:18:08+07:00,
1561,530486280107,A06,BN HUB,Transporting,0.01,2026-08-01,2026-08-01 14:07:50+07:00,2026-08-01 15:11:53+07:00,2026-08-01 16:00:49+07:00,
1562,530486510108,A06,BN HUB,Created,0.0078,2026-08-01,2026-08-01 11:37:39+07:00,2026-08-01 15:16:05+07:00,,
1563,530486710108,A06,BN HUB,Created,0.006,2026-08-01,2026-08-01 11:38:50+07:00,,,
1564,530487070107,A06,BN HUB,Created,0.0094,2026-08-01,2026-08-01 11:06:06+07:00,2026-08-01 16:39:49+07:00,,
1565,530487870107,A06,BN HUB,Transporting,0.0051,2026-08-01,2026-08-01 11:21:40+07:00,2026-08-01 15:59:05+07:00,2026-08-01 16:15:33+07:00,
1566,530487900108,A06,BN HUB,Transporting,0.009,2026-08-01,2026-08-01 07:12:51+07:00,2026-08-01 13:56:10+07:00,2026-08-01 15:29:28+07:00,
1567,530488110108,A06,BN HUB,Transporting,0.008,2026-08-01,2026-08-01 12:04:16+07:00,2026-08-01 14:19:47+07:00,2026-08-01 14:19:57+07:00,
1568,530488910108,A06,BN HUB,Created,0.0094,2026-08-01,2026-08-01 12:06:46+07:00,,,
1569,530489310108,A06,BN HUB,Transporting,0.01,2026-08-01,2026-08-01 13:08:18+07:00,2026-08-01 14:54:17+07:00,2026-08-01 15:44:32+07:00,
1570,530489710108,A06,BN HUB,Created,0.0058,2026-08-01,2026-08-01 13:08:29+07:00,2026-08-01 14:58:07+07:00,,
1571,530489910108,A06,BN HUB,Created,0.0075,2026-08-01,2026-08-01 13:09:17+07:00,2026-08-01 15:15:46+07:00,,
1572,530490280107,A06,BN HUB,Transporting,0.01,2026-08-01,2026-08-01 14:33:42+07:00,2026-08-01 15:07:56+07:00,2026-08-01 16:22:50+07:00,
1573,530490480107,A06,BN HUB,Transporting,0.0055,2026-08-01,2026-08-01 14:33:56+07:00,2026-08-01 16:04:55+07:00,2026-08-01 16:04:58+07:00,
1574,530490880107,A06,BN HUB,Created,0.02,2026-08-01,2026-08-01 14:36:26+07:00,2026-08-01 15:05:07+07:00,,
1575,530491080107,A06,BN HUB,Created,0.011,2026-08-01,2026-08-01 15:54:40+07:00,,,
1576,530491310108,A06,BN HUB,Created,0.018,2026-08-01,2026-08-01 13:18:11+07:00,,,
1577,530492670107,A06,BN HUB,Transporting,0.0094,2026-08-01,2026-08-01 09:36:59+07:00,2026-08-01 14:04:32+07:00,2026-08-01 15:29:50+07:00,
1578,530495880107,A06,BN HUB,Created,0.0375,2026-08-01,2026-08-01 16:03:02+07:00,,,
1579,530497080107,A06,BN HUB,Created,0.009,2026-08-01,2026-08-01 16:04:13+07:00,,,
1580,530497910108,A06,BN HUB,Created,0.0058,2026-08-01,2026-08-01 13:08:29+07:00,2026-08-01 14:59:15+07:00,,
1581,530498880107,A06,BN HUB,Created,0.0053,2026-08-01,2026-08-01 13:09:04+07:00,2026-08-01 16:44:00+07:00,,
1582,530499880107,A06,BN HUB,Created,0.0055,2026-08-01,2026-08-01 13:26:51+07:00,2026-08-01 15:23:23+07:00,,
1583,530500730108,A06,BN HUB,Created,0.018,2026-08-01,2026-08-01 16:28:16+07:00,,,
1584,530500920108,A06,BN HUB,Created,0.016,2026-08-01,2026-08-01 13:43:23+07:00,2026-08-01 14:31:55+07:00,,
1585,530501090107,A06,BN HUB,Created,0.006,2026-08-01,2026-08-01 13:31:12+07:00,,,
1586,530501320108,A06,BN HUB,Transporting,0.009,2026-08-01,2026-08-01 14:14:47+07:00,2026-08-01 15:09:59+07:00,2026-08-01 15:35:05+07:00,
1587,530501490107,A06,BN HUB,Created,0.01,2026-08-01,2026-08-01 13:32:16+07:00,2026-08-01 15:28:24+07:00,,
1588,530503130108,A06,BN HUB,Created,0.0058,2026-08-01,2026-08-01 16:19:52+07:00,,,
1589,530503880107,A06,BN HUB,Created,0.0058,2026-08-01,2026-08-01 08:08:31+07:00,,,
1590,530504290107,A06,BN HUB,Created,0.006,2026-08-01,2026-08-01 14:27:51+07:00,,,
1591,530504490107,A06,BN HUB,Transporting,0.006,2026-08-01,2026-08-01 14:30:06+07:00,2026-08-01 15:15:00+07:00,2026-08-01 15:54:12+07:00,
1592,530506520108,A06,BN HUB,Transporting,0.0094,2026-08-01,2026-08-01 09:52:27+07:00,2026-08-01 14:05:46+07:00,2026-08-01 15:34:16+07:00,
1593,530507320108,A06,BN HUB,Transporting,0.008,2026-08-01,2026-08-01 10:14:31+07:00,2026-08-01 11:22:23+07:00,2026-08-01 15:26:45+07:00,
1594,530507510108,A06,BN HUB,Created,0.01,2026-08-01,2026-08-01 00:08:54+07:00,2026-08-01 16:19:40+07:00,,
1595,530507680107,A06,BN HUB,Created,0.0081,2026-08-01,2026-08-01 12:50:22+07:00,,,
1596,530507880107,A06,BN HUB,Created,0.0081,2026-08-01,2026-08-01 12:51:10+07:00,,,
1597,530508480107,A06,BN HUB,Created,0.0148,2026-08-01,2026-08-01 10:23:32+07:00,,,
1598,530508720108,A06,BN HUB,Transporting,0.01,2026-08-01,2026-08-01 13:40:19+07:00,2026-08-01 15:22:47+07:00,2026-08-01 16:20:04+07:00,
1599,530508880107,A06,BN HUB,Created,0.0065,2026-08-01,2026-08-01 10:26:02+07:00,2026-08-01 11:41:24+07:00,,
1600,530509120108,A06,BN HUB,Transporting,0.01,2026-08-01,2026-08-01 14:02:25+07:00,2026-08-01 15:14:02+07:00,2026-08-01 16:28:10+07:00,
1601,530509320108,A06,BN HUB,Transporting,0.01,2026-08-01,2026-08-01 14:02:25+07:00,2026-08-01 15:19:32+07:00,2026-08-01 16:04:55+07:00,
1602,530509920108,A06,BN HUB,Created,0.0078,2026-08-01,2026-08-01 14:05:06+07:00,,,
1603,530511880107,A06,BN HUB,Created,0.0082,2026-08-01,2026-08-01 07:38:35+07:00,,,
1604,530512320108,A06,BN HUB,Created,0.0102,2026-08-01,2026-08-01 13:23:13+07:00,,,
1605,530512720108,A06,BN HUB,Created,0.005,2026-08-01,2026-08-01 13:23:24+07:00,,,
1606,530513080107,A06,BN HUB,Created,0.0051,2026-08-01,2026-08-01 13:06:23+07:00,,,
1607,530513880107,A06,BN HUB,Transporting,0.01,2026-08-01,2026-08-01 13:08:19+07:00,2026-08-01 14:54:20+07:00,2026-08-01 15:44:29+07:00,
1608,530514290107,A06,BN HUB,Created,0.006,2026-08-01,2026-08-01 16:46:22+07:00,,,
1609,530514320108,A06,BN HUB,Transporting,0.01,2026-08-01,2026-08-01 14:02:25+07:00,2026-08-01 15:19:53+07:00,2026-08-01 16:05:19+07:00,
1610,530516080107,A06,BN HUB,Transporting,0.01,2026-08-01,2026-08-01 08:25:00+07:00,2026-08-01 10:12:54+07:00,2026-08-01 15:47:39+07:00,
1611,530516290107,A06,BN HUB,Created,0.01,2026-08-01,2026-08-01 14:02:25+07:00,2026-08-01 15:19:14+07:00,,
1612,530517520108,A06,BN HUB,Created,0.0075,2026-08-01,2026-08-01 14:12:15+07:00,,,
1613,530517670107,A06,BN HUB,Created,0.009,2026-08-01,2026-07-31 14:02:55+07:00,2026-08-01 12:28:37+07:00,,
1614,530518720108,A06,BN HUB,Transporting,0.01,2026-08-01,2026-08-01 13:49:14+07:00,2026-08-01 15:24:20+07:00,2026-08-01 16:44:47+07:00,
1615,530519080107,A06,BN HUB,Transporting,0.0056,2026-08-01,2026-08-01 12:29:47+07:00,2026-08-01 14:18:24+07:00,2026-08-01 14:33:21+07:00,
1616,530519280107,A06,BN HUB,Created,0.0094,2026-08-01,2026-08-01 12:38:39+07:00,,,
1617,530519920108,A06,BN HUB,Created,0.0082,2026-08-01,2026-08-01 14:08:34+07:00,,,
1618,530521720108,A06,BN HUB,Created,0.006,2026-08-01,2026-08-01 14:46:18+07:00,2026-08-01 16:49:49+07:00,,
1619,530521920108,A06,BN HUB,Created,0.0094,2026-08-01,2026-08-01 14:47:06+07:00,2026-08-01 16:36:35+07:00,,
1620,530522280107,A06,BN HUB,Inbound,0.0367,2026-08-01,2026-08-01 11:19:52+07:00,2026-08-01 14:23:37+07:00,2026-08-01 14:27:16+07:00,2026-08-01 15:40:09+07:00
1621,530522720108,A06,BN HUB,Created,0.008,2026-08-01,2026-08-01 10:40:07+07:00,,,
1622,530525080107,A06,BN HUB,Created,0.013,2026-08-01,2026-08-01 12:17:15+07:00,,,
1623,530525480107,A06,BN HUB,Transporting,0.0079,2026-08-01,2026-08-01 12:22:05+07:00,2026-08-01 14:13:24+07:00,2026-08-01 15:34:29+07:00,
1624,530525880107,A06,BN HUB,Created,0.013,2026-08-01,2026-08-01 12:27:16+07:00,,,
1625,530526120108,A06,BN HUB,Transporting,0.02,2026-08-01,2026-08-01 14:13:08+07:00,2026-08-01 15:10:37+07:00,2026-08-01 16:03:15+07:00,
1626,530526480107,A06,BN HUB,Created,0.006,2026-08-01,2026-08-01 07:19:02+07:00,,,
1627,530527510108,A06,BN HUB,Transporting,0.008,2026-08-01,2026-08-01 09:28:04+07:00,2026-08-01 11:24:34+07:00,2026-08-01 15:27:29+07:00,
1628,530528520108,A06,BN HUB,Created,0.02,2026-08-01,2026-08-01 14:36:26+07:00,2026-08-01 15:04:57+07:00,,
1629,530529710108,A06,BN HUB,Transporting,0.01,2026-08-01,2026-08-01 08:44:30+07:00,2026-08-01 10:58:20+07:00,2026-08-01 16:04:42+07:00,
1630,530530520108,A06,BN HUB,Transporting,0.0061,2026-08-01,2026-08-01 12:41:16+07:00,2026-08-01 14:05:21+07:00,2026-08-01 15:34:13+07:00,
1631,530530720108,A06,BN HUB,Created,0.012,2026-08-01,2026-08-01 12:41:28+07:00,,,
1632,530531080107,A06,BN HUB,Transporting,0.01,2026-08-01,2026-08-01 08:37:38+07:00,2026-08-01 10:18:31+07:00,2026-08-01 16:23:48+07:00,
1633,530532080107,A06,BN HUB,Created,0.0064,2026-08-01,2026-08-01 09:37:05+07:00,,,
1634,530532690107,A06,BN HUB,Transporting,0.01,2026-08-01,2026-08-01 14:07:50+07:00,2026-08-01 15:11:11+07:00,2026-08-01 16:01:24+07:00,
1635,530534880107,A06,BN HUB,Created,0.0051,2026-08-01,2026-08-01 11:51:53+07:00,2026-08-01 15:11:54+07:00,,
1636,530536090107,A06,BN HUB,Created,0.02,2026-08-01,2026-08-01 14:36:26+07:00,2026-08-01 15:05:12+07:00,,
1637,530536290107,A06,BN HUB,Created,0.02,2026-08-01,2026-08-01 14:36:26+07:00,2026-08-01 15:04:54+07:00,,
1638,530537090107,A06,BN HUB,Created,0.0084,2026-08-01,2026-08-01 15:02:09+07:00,2026-08-01 15:34:28+07:00,,
1639,530537680107,A06,BN HUB,Created,0.007,2026-08-01,2026-08-01 13:00:53+07:00,2026-08-01 14:07:08+07:00,,
1640,530538080107,A06,BN HUB,Created,0.012,2026-08-01,2026-08-01 12:14:39+07:00,,,
1641,530538120108,A06,BN HUB,Created,0.0055,2026-08-01,2026-08-01 14:09:35+07:00,,,
1642,530538320108,A06,BN HUB,Created,0.0094,2026-08-01,2026-08-01 14:09:57+07:00,2026-08-01 16:48:22+07:00,,
1643,530539320108,A06,BN HUB,Created,0.0062,2026-08-01,2026-08-01 15:03:36+07:00,,,
1644,530539670107,A06,BN HUB,Created,0.0225,2026-08-01,2026-08-01 07:09:37+07:00,2026-08-01 15:56:55+07:00,,
1645,530539890107,A06,BN HUB,Created,0.0375,2026-08-01,2026-08-01 14:47:33+07:00,,,
1646,530539920108,A06,BN HUB,Created,0.005,2026-08-01,2026-08-01 15:04:50+07:00,,,
1647,530540110108,A06,BN HUB,Transporting,0.01,2026-08-01,2026-08-01 08:48:37+07:00,2026-08-01 10:39:00+07:00,2026-08-01 16:25:46+07:00,
1648,530540520108,A06,BN HUB,Created,0.0082,2026-08-01,2026-08-01 13:09:42+07:00,,,
1649,530541480107,A06,BN HUB,Transporting,0.02,2026-08-01,2026-08-01 08:58:16+07:00,2026-08-01 10:15:34+07:00,2026-08-01 16:02:33+07:00,
1650,530542720108,A06,BN HUB,Created,0.005,2026-08-01,2026-08-01 15:04:50+07:00,,,
1651,530544510108,A06,BN HUB,Created,0.0093,2026-08-01,2026-08-01 10:28:42+07:00,2026-08-01 14:17:56+07:00,,
1652,530544920108,A06,BN HUB,Created,0.0108,2026-08-01,2026-08-01 16:07:29+07:00,,,
1653,530545910108,A06,BN HUB,Created,0.0051,2026-08-01,2026-08-01 12:51:28+07:00,,,
1654,530546870107,A06,BN HUB,Transporting,0.01,2026-08-01,2026-08-01 08:25:00+07:00,2026-08-01 10:12:50+07:00,2026-08-01 15:47:47+07:00,
1655,530546920108,A06,BN HUB,Created,0.012,2026-08-01,2026-08-01 15:58:44+07:00,,,
1656,530548270107,A06,BN HUB,Transporting,0.006,2026-08-01,2026-08-01 08:54:27+07:00,2026-08-01 16:48:51+07:00,2026-08-01 16:49:32+07:00,
1657,530549710108,A06,BN HUB,Created,0.0106,2026-08-01,2026-08-01 08:41:55+07:00,2026-08-01 10:21:22+07:00,,
1658,530549880107,A06,BN HUB,Transporting,0.006,2026-08-01,2026-08-01 09:44:05+07:00,2026-08-01 11:58:43+07:00,2026-08-01 12:15:08+07:00,
1659,530549920108,A06,BN HUB,Created,0.0116,2026-08-01,2026-08-01 16:19:42+07:00,,,
1660,530550280107,A06,BN HUB,Created,0.0093,2026-08-01,2026-08-01 09:26:09+07:00,,,
1661,530550520108,A06,BN HUB,Transporting,0.01,2026-08-01,2026-08-01 13:40:20+07:00,2026-08-01 15:23:23+07:00,2026-08-01 16:17:33+07:00,
1662,530550680107,A06,BN HUB,Created,0.0282,2026-08-01,2026-08-01 09:27:31+07:00,2026-08-01 11:27:07+07:00,,
1663,530550920108,A06,BN HUB,Transporting,0.01,2026-08-01,2026-08-01 13:40:20+07:00,2026-08-01 15:22:16+07:00,2026-08-01 16:17:47+07:00,
1664,530551690107,A06,BN HUB,Created,0.0053,2026-08-01,2026-08-01 16:07:57+07:00,2026-08-01 16:48:51+07:00,,
1665,530551900108,A06,BN HUB,Created,0.0069,2026-08-01,2026-07-31 14:57:02+07:00,2026-08-01 14:50:08+07:00,,
1666,530552080107,A06,BN HUB,Created,0.0055,2026-08-01,2026-08-01 13:26:51+07:00,2026-08-01 15:22:44+07:00,,
1667,530552310108,A06,BN HUB,Created,0.014,2026-08-01,2026-08-01 09:53:20+07:00,2026-08-01 15:37:54+07:00,,
1668,530552910108,A06,BN HUB,Created,0.0078,2026-08-01,2026-08-01 09:56:20+07:00,,,
1669,530554280107,A06,BN HUB,Transporting,0.005,2026-08-01,2026-08-01 09:56:09+07:00,2026-08-01 11:04:42+07:00,2026-08-01 15:26:20+07:00,
1670,530556120108,A06,BN HUB,Transporting,0.01,2026-08-01,2026-08-01 13:40:19+07:00,2026-08-01 15:24:04+07:00,2026-08-01 16:45:19+07:00,
1671,530558280107,A06,BN HUB,Transporting,0.02,2026-08-01,2026-08-01 13:14:26+07:00,2026-08-01 15:40:31+07:00,2026-08-01 15:52:19+07:00,
1672,530558510108,A06,BN HUB,Created,0.006,2026-08-01,2026-08-01 09:58:29+07:00,,,
1673,530558710108,A06,BN HUB,Created,0.01,2026-08-01,2026-08-01 10:02:10+07:00,2026-08-01 11:01:34+07:00,,
1674,530559310108,A06,BN HUB,Created,0.0121,2026-08-01,2026-08-01 11:19:26+07:00,,,
1675,530560280107,A06,BN HUB,Created,0.006,2026-08-01,2026-08-01 09:59:42+07:00,,,
1676,530560520108,A06,BN HUB,Created,0.01,2026-08-01,2026-08-01 16:33:50+07:00,,,
1677,530561680107,A06,BN HUB,Created,0.0073,2026-08-01,2026-08-01 10:21:41+07:00,,,
1678,530562480107,A06,BN HUB,Created,0.0102,2026-08-01,2026-08-01 13:23:13+07:00,,,
1679,530565910108,A06,BN HUB,Created,0.012,2026-08-01,2026-08-01 08:10:47+07:00,,,
1680,530567670107,A06,BN HUB,Created,0.0106,2026-08-01,2026-08-01 08:41:55+07:00,2026-08-01 10:21:31+07:00,,
1681,530567870107,A06,BN HUB,Created,0.0055,2026-08-01,2026-08-01 08:41:58+07:00,2026-08-01 09:59:24+07:00,,
1682,530568710108,A06,BN HUB,Transporting,0.01,2026-08-01,2026-08-01 08:54:01+07:00,2026-08-01 10:59:24+07:00,2026-08-01 15:59:38+07:00,
1683,530571510108,A06,BN HUB,Created,0.007,2026-08-01,2026-08-01 12:25:21+07:00,,,
1684,530571710108,A06,BN HUB,Created,0.0064,2026-08-01,2026-08-01 12:35:03+07:00,,,
1685,530572110108,A06,BN HUB,Created,0.0057,2026-08-01,2026-08-01 08:44:07+07:00,2026-08-01 16:51:23+07:00,,
1686,530572880107,A06,BN HUB,Inbound,0.0367,2026-08-01,2026-08-01 13:51:21+07:00,2026-08-01 14:23:03+07:00,2026-08-01 14:27:11+07:00,2026-08-01 15:39:57+07:00
1687,530573080107,A06,BN HUB,Transporting,0.015,2026-08-01,2026-08-01 14:17:57+07:00,2026-08-01 14:53:35+07:00,2026-08-01 15:34:59+07:00,
1688,530574510108,A06,BN HUB,Created,0.0062,2026-08-01,2026-08-01 10:55:20+07:00,,,
1689,530574520108,A06,BN HUB,Transporting,0.01,2026-08-01,2026-08-01 14:33:42+07:00,2026-08-01 15:08:09+07:00,2026-08-01 16:23:15+07:00,
1690,530574680107,A06,BN HUB,Transporting,0.01,2026-08-01,2026-08-01 13:40:20+07:00,2026-08-01 15:22:03+07:00,2026-08-01 16:17:54+07:00,
1691,530574720108,A06,BN HUB,Transporting,0.01,2026-08-01,2026-08-01 14:33:42+07:00,2026-08-01 15:08:14+07:00,2026-08-01 16:22:17+07:00,
1692,530574920108,A06,BN HUB,Created,0.0094,2026-08-01,2026-08-01 14:34:10+07:00,2026-08-01 16:47:01+07:00,,
1693,530575650107,A06,BN HUB,Transporting,0.0138,2026-08-01,2026-07-31 07:41:02+07:00,2026-08-01 13:27:12+07:00,2026-08-01 15:28:55+07:00,
1694,530575910108,A06,BN HUB,Created,0.008,2026-08-01,2026-08-01 12:37:16+07:00,2026-08-01 16:19:12+07:00,,
1695,530576080107,A06,BN HUB,Created,0.007,2026-08-01,2026-08-01 12:33:29+07:00,2026-08-01 16:49:38+07:00,,
1696,530576880107,A06,BN HUB,Created,0.0082,2026-08-01,2026-08-01 12:35:54+07:00,,,
1697,530577880107,A06,BN HUB,Transporting,0.008,2026-08-01,2026-08-01 13:03:29+07:00,2026-08-01 14:19:40+07:00,2026-08-01 14:19:51+07:00,
1698,530578080107,A06,BN HUB,Created,0.0075,2026-08-01,2026-08-01 14:58:56+07:00,2026-08-01 16:44:49+07:00,,
1699,530578280107,A06,BN HUB,Created,0.005,2026-08-01,2026-08-01 15:04:50+07:00,,,
1700,530580310108,A06,BN HUB,Created,0.006,2026-08-01,2026-08-01 12:54:33+07:00,,,
1701,530581320108,A06,BN HUB,Created,0.025,2026-08-01,2026-08-01 15:43:57+07:00,,,
1702,530581720108,A06,BN HUB,Created,0.01,2026-08-01,2026-08-01 15:45:50+07:00,,,
1703,530582270107,A06,BN HUB,Created,0.009,2026-08-01,2026-08-01 08:18:59+07:00,,,
1704,530582470107,A06,BN HUB,Created,0.025,2026-08-01,2026-08-01 08:20:47+07:00,2026-08-01 16:18:32+07:00,,
1705,530582880107,A06,BN HUB,Created,0.0065,2026-08-01,2026-08-01 15:14:41+07:00,,,
1706,530583280107,A06,BN HUB,Created,0.0082,2026-08-01,2026-08-01 16:27:15+07:00,,,
1707,530584080107,A06,BN HUB,Created,0.105,2026-08-01,2026-08-01 15:02:57+07:00,,,
1708,530584880107,A06,BN HUB,Created,0.005,2026-08-01,2026-08-01 15:04:50+07:00,,,
1709,530585080107,A06,BN HUB,Created,0.008,2026-08-01,2026-08-01 16:02:12+07:00,,,
1710,530585110108,A06,BN HUB,Created,0.0061,2026-08-01,2026-08-01 13:40:42+07:00,,,
1711,530585710108,A06,BN HUB,Created,0.0053,2026-08-01,2026-08-01 13:42:14+07:00,2026-08-01 16:48:22+07:00,,
1712,530586510108,A06,BN HUB,Created,0.0055,2026-08-01,2026-08-01 11:51:54+07:00,2026-08-01 15:23:26+07:00,,
1713,530587310108,A06,BN HUB,Created,0.0072,2026-08-01,2026-08-01 13:08:29+07:00,2026-08-01 14:57:49+07:00,,
1714,530587900108,A06,BN HUB,Transporting,0.015,2026-08-01,2026-08-01 07:29:30+07:00,2026-08-01 09:12:46+07:00,2026-08-01 12:30:08+07:00,
1715,530588480107,A06,BN HUB,Created,0.0055,2026-08-01,2026-08-01 14:25:39+07:00,,,
1716,530589310108,A06,BN HUB,Created,0.0084,2026-08-01,2026-08-01 13:09:55+07:00,2026-08-01 15:34:00+07:00,,
1717,530589880107,A06,BN HUB,Created,0.007,2026-08-01,2026-08-01 15:49:14+07:00,,,
1718,530592710108,A06,BN HUB,Transporting,0.01,2026-08-01,2026-08-01 13:08:18+07:00,2026-08-01 14:52:12+07:00,2026-08-01 15:46:59+07:00,
1719,530593310108,A06,BN HUB,Transporting,0.0061,2026-08-01,2026-08-01 13:44:22+07:00,2026-08-01 15:30:42+07:00,2026-08-01 15:31:48+07:00,
1720,530593480107,A06,BN HUB,Created,0.0058,2026-08-01,2026-08-01 15:18:46+07:00,2026-08-01 15:37:41+07:00,,
1721,530593880107,A06,BN HUB,Created,0.0186,2026-08-01,2026-08-01 15:22:04+07:00,,,
1722,530596270107,A06,BN HUB,Created,0.0082,2026-08-01,2026-08-01 09:27:29+07:00,,,
1723,530597880107,A06,BN HUB,Created,0.0067,2026-08-01,2026-08-01 16:08:54+07:00,,,
1724,530598680107,A06,BN HUB,Created,0.0084,2026-08-01,2026-08-01 13:09:55+07:00,2026-08-01 15:35:34+07:00,,
1725,530598710108,A06,BN HUB,Created,0.0105,2026-08-01,2026-08-01 12:53:27+07:00,2026-08-01 15:47:00+07:00,,
1726,530599080107,A06,BN HUB,Created,0.0055,2026-08-01,2026-08-01 13:26:51+07:00,2026-08-01 15:23:44+07:00,,
1727,530599310108,A06,BN HUB,Created,0.0156,2026-08-01,2026-08-01 13:23:20+07:00,,,
1728,530599670107,A06,BN HUB,Transporting,0.008,2026-08-01,2026-08-01 10:52:06+07:00,2026-08-01 14:19:42+07:00,2026-08-01 14:19:56+07:00,
1729,530599710108,A06,BN HUB,Created,0.0125,2026-08-01,2026-08-01 13:23:24+07:00,,,
1730,530600130108,A06,BN HUB,Created,0.0058,2026-08-01,2026-08-01 16:28:16+07:00,,,
1731,530600290107,A06,BN HUB,Transporting,0.02,2026-08-01,2026-08-01 13:14:26+07:00,2026-08-01 15:38:43+07:00,2026-08-01 15:52:37+07:00,
1732,530600520108,A06,BN HUB,Created,0.009,2026-08-01,2026-08-01 13:47:39+07:00,2026-08-01 16:49:11+07:00,,
1733,530600530108,A06,BN HUB,Created,0.01,2026-08-01,2026-08-01 16:28:31+07:00,,,
1734,530600730108,A06,BN HUB,Created,0.0098,2026-08-01,2026-08-01 16:31:39+07:00,,,
1735,530602690107,A06,BN HUB,Created,0.0113,2026-08-01,2026-08-01 15:15:21+07:00,,,
1736,530602720108,A06,BN HUB,Transporting,0.01,2026-08-01,2026-08-01 13:28:00+07:00,2026-08-01 15:27:21+07:00,2026-08-01 16:37:17+07:00,
1737,530602930108,A06,BN HUB,Created,0.005,2026-08-01,2026-08-01 16:04:38+07:00,2026-08-01 16:42:59+07:00,,
1738,530603720108,A06,BN HUB,Created,0.0061,2026-08-01,2026-08-01 13:59:42+07:00,,,
1739,530603880107,A06,BN HUB,Created,0.0055,2026-08-01,2026-08-01 08:09:41+07:00,2026-08-01 14:42:18+07:00,,
1740,530604120108,A06,BN HUB,Transporting,0.01,2026-08-01,2026-08-01 13:40:20+07:00,2026-08-01 15:21:53+07:00,2026-08-01 16:18:24+07:00,
1741,530605480107,A06,BN HUB,Created,0.013,2026-08-01,2026-08-01 11:58:55+07:00,,,
1742,530605490107,A06,BN HUB,Created,0.006,2026-08-01,2026-08-01 15:43:29+07:00,,,
1743,530605920108,A06,BN HUB,Transporting,0.01,2026-08-01,2026-08-01 14:33:42+07:00,2026-08-01 15:08:03+07:00,2026-08-01 16:22:37+07:00,
1744,530606100108,A06,BN HUB,Created,0.0033,2026-08-01,2026-07-31 12:56:13+07:00,2026-08-01 14:45:28+07:00,,
1745,530606290107,A06,BN HUB,Created,0.0053,2026-08-01,2026-08-01 15:48:53+07:00,2026-08-01 16:47:52+07:00,,
1746,530608320108,A06,BN HUB,Transporting,0.01,2026-08-01,2026-08-01 13:40:19+07:00,2026-08-01 15:23:26+07:00,2026-08-01 16:17:30+07:00,
1747,530608720108,A06,BN HUB,Transporting,0.01,2026-08-01,2026-08-01 13:40:20+07:00,2026-08-01 15:21:29+07:00,2026-08-01 16:19:05+07:00,
1748,530609120108,A06,BN HUB,Created,0.0093,2026-08-01,2026-08-01 14:05:14+07:00,,,
1749,530611120108,A06,BN HUB,Created,0.0082,2026-08-01,2026-08-01 11:51:55+07:00,,,
1750,530611720108,A06,BN HUB,Created,0.0064,2026-08-01,2026-08-01 11:59:03+07:00,,,
1751,530612520108,A06,BN HUB,Created,0.0055,2026-08-01,2026-08-01 13:26:51+07:00,2026-08-01 15:23:51+07:00,,
1752,530612530108,A06,BN HUB,Created,0.01,2026-08-01,2026-08-01 16:49:35+07:00,,,
1753,530612720108,A06,BN HUB,Transporting,0.01,2026-08-01,2026-08-01 13:28:00+07:00,2026-08-01 15:27:22+07:00,2026-08-01 16:37:15+07:00,
1754,530613280107,A06,BN HUB,Created,0.0084,2026-08-01,2026-08-01 13:09:55+07:00,2026-08-01 15:35:48+07:00,,
1755,530613520108,A06,BN HUB,Created,0.008,2026-08-01,2026-08-01 13:51:13+07:00,,,
1756,530613720108,A06,BN HUB,Created,0.008,2026-08-01,2026-08-01 13:51:14+07:00,,,
1757,530613880107,A06,BN HUB,Transporting,0.02,2026-08-01,2026-08-01 13:14:26+07:00,2026-08-01 15:37:58+07:00,2026-08-01 15:52:09+07:00,
1758,530615480107,A06,BN HUB,Created,0.0062,2026-08-01,2026-08-01 10:57:42+07:00,,,
1759,530615520108,A06,BN HUB,Created,0.005,2026-08-01,2026-08-01 15:04:50+07:00,,,
1760,530617870107,A06,BN HUB,Transporting,0.01,2026-08-01,2026-07-31 14:04:02+07:00,2026-08-01 12:04:47+07:00,2026-08-01 12:09:33+07:00,
1761,530618120108,A06,BN HUB,Created,0.0081,2026-08-01,2026-08-01 13:49:51+07:00,,,
1762,530618680107,A06,BN HUB,Created,0.0081,2026-08-01,2026-08-01 11:20:14+07:00,,,
1763,530618880107,A06,BN HUB,Created,0.013,2026-08-01,2026-08-01 11:22:37+07:00,,,
1764,530623080107,A06,BN HUB,Transporting,0.01,2026-08-01,2026-08-01 13:08:18+07:00,2026-08-01 14:53:28+07:00,2026-08-01 15:45:20+07:00,
1765,530625880107,A06,BN HUB,Created,0.0064,2026-08-01,2026-08-01 12:39:04+07:00,,,
1766,530626280107,A06,BN HUB,Transporting,0.02,2026-08-01,2026-08-01 07:32:04+07:00,2026-08-01 10:50:15+07:00,2026-08-01 15:54:03+07:00,
1767,530627520108,A06,BN HUB,Created,0.0094,2026-08-01,2026-08-01 15:15:24+07:00,,,
1768,530627680107,A06,BN HUB,Created,0.0075,2026-08-01,2026-08-01 08:09:42+07:00,2026-08-01 14:42:28+07:00,,
1769,530627710108,A06,BN HUB,Created,0.0052,2026-08-01,2026-08-01 09:33:29+07:00,,,
1770,530628510108,A06,BN HUB,Inbound,0.008,2026-08-01,2026-08-01 08:01:42+07:00,2026-08-01 13:38:47+07:00,2026-08-01 13:39:47+07:00,2026-08-01 16:35:50+07:00
1771,530629270107,A06,BN HUB,Created,0.013,2026-08-01,2026-08-01 06:59:09+07:00,2026-08-01 13:42:47+07:00,,
1772,530630480107,A06,BN HUB,Created,0.0082,2026-08-01,2026-08-01 07:54:43+07:00,,,
1773,530630920108,A06,BN HUB,Created,0.0075,2026-08-01,2026-08-01 12:49:23+07:00,2026-08-01 16:19:29+07:00,,
1774,530631880107,A06,BN HUB,Transporting,0.01,2026-08-01,2026-08-01 08:44:29+07:00,2026-08-01 10:57:55+07:00,2026-08-01 16:04:05+07:00,
1775,530631910108,A06,BN HUB,Created,0.0151,2026-08-01,2026-08-01 09:04:31+07:00,2026-08-01 10:58:34+07:00,,
1776,530632320108,A06,BN HUB,Created,0.0375,2026-08-01,2026-08-01 14:47:33+07:00,,,
1777,530633480107,A06,BN HUB,Created,0.0094,2026-08-01,2026-08-01 10:51:06+07:00,2026-08-01 13:58:06+07:00,,
1778,530634880107,A06,BN HUB,Created,0.0072,2026-08-01,2026-08-01 12:04:09+07:00,2026-08-01 16:50:04+07:00,,
1779,530634910108,A06,BN HUB,Created,0.0124,2026-08-01,2026-08-01 08:48:57+07:00,,,
1780,530636690107,A06,BN HUB,Created,0.0098,2026-08-01,2026-08-01 14:39:31+07:00,2026-08-01 16:38:39+07:00,,
1781,530639080107,A06,BN HUB,Created,0.0097,2026-08-01,2026-08-01 13:21:13+07:00,,,
1782,530640310108,A06,BN HUB,Transporting,0.01,2026-08-01,2026-08-01 08:54:01+07:00,2026-08-01 10:59:32+07:00,2026-08-01 15:59:46+07:00,
1783,530640680107,A06,BN HUB,Transporting,0.01,2026-08-01,2026-08-01 08:37:39+07:00,2026-08-01 10:20:22+07:00,2026-08-01 16:24:11+07:00,
1784,530641080107,A06,BN HUB,Transporting,0.009,2026-08-01,2026-08-01 09:01:00+07:00,2026-08-01 14:04:08+07:00,2026-08-01 15:34:10+07:00,
1785,530642120108,A06,BN HUB,Created,0.0064,2026-08-01,2026-08-01 15:05:08+07:00,2026-08-01 16:39:51+07:00,,
1786,530642880107,A06,BN HUB,Transporting,0.01,2026-08-01,2026-08-01 08:48:37+07:00,2026-08-01 10:38:41+07:00,2026-08-01 16:25:52+07:00,
1787,530643320108,A06,BN HUB,Created,0.0375,2026-08-01,2026-08-01 16:02:16+07:00,,,
1788,530644090107,A06,BN HUB,Created,0.0069,2026-08-01,2026-08-01 15:28:48+07:00,,,
1789,530645110108,A06,BN HUB,Created,0.0069,2026-08-01,2026-08-01 12:54:33+07:00,,,
1790,530646070107,A06,BN HUB,Transporting,0.01,2026-08-01,2026-08-01 08:25:00+07:00,2026-08-01 10:13:13+07:00,2026-08-01 15:47:22+07:00,
1791,530646280107,A06,BN HUB,Created,0.0102,2026-08-01,2026-08-01 13:17:28+07:00,,,
1792,530646480107,A06,BN HUB,Created,0.0081,2026-08-01,2026-08-01 13:21:42+07:00,,,
1793,530646680107,A06,BN HUB,Transporting,0.01,2026-08-01,2026-08-01 13:28:00+07:00,2026-08-01 15:27:13+07:00,2026-08-01 16:37:31+07:00,
1794,530648480107,A06,BN HUB,Created,0.0135,2026-08-01,2026-08-01 09:22:39+07:00,,,
1795,530649070107,A06,BN HUB,Transporting,0.0096,2026-08-01,2026-08-01 08:44:05+07:00,2026-08-01 14:03:56+07:00,2026-08-01 15:34:10+07:00,
1796,530649710108,A06,BN HUB,Transporting,0.01,2026-08-01,2026-08-01 08:44:30+07:00,2026-08-01 10:57:49+07:00,2026-08-01 16:04:00+07:00,
1797,530649920108,A06,BN HUB,Created,0.0194,2026-08-01,2026-08-01 16:28:16+07:00,,,
1798,530650290107,A06,BN HUB,Created,0.0084,2026-08-01,2026-08-01 16:00:38+07:00,,,
1799,530650320108,A06,BN HUB,Transporting,0.01,2026-08-01,2026-08-01 13:40:20+07:00,2026-08-01 15:22:04+07:00,2026-08-01 16:17:55+07:00,
1800,530651690107,A06,BN HUB,Created,0.0096,2026-08-01,2026-08-01 16:12:26+07:00,,,
1801,530652080107,A06,BN HUB,Transporting,0.02,2026-08-01,2026-08-01 13:30:36+07:00,2026-08-01 15:03:59+07:00,2026-08-01 15:58:54+07:00,
1802,530652680107,A06,BN HUB,Created,0.0055,2026-08-01,2026-08-01 13:33:03+07:00,2026-08-01 15:22:52+07:00,,
1803,530653070107,A06,BN HUB,Created,0.0055,2026-08-01,2026-08-01 08:41:59+07:00,2026-08-01 09:59:25+07:00,,
1804,530653510108,A06,BN HUB,Created,0.0069,2026-08-01,2026-08-01 10:57:08+07:00,2026-08-01 16:43:38+07:00,,
1805,530653910108,A06,BN HUB,Created,0.0098,2026-08-01,2026-08-01 10:57:30+07:00,,,
1806,530654470107,A06,BN HUB,Created,0.0106,2026-08-01,2026-08-01 08:41:55+07:00,2026-08-01 10:21:36+07:00,,
1807,530655910108,A06,BN HUB,Transporting,0.01,2026-08-01,2026-08-01 07:29:37+07:00,2026-08-01 10:10:58+07:00,2026-08-01 15:49:53+07:00,
1808,530656120108,A06,BN HUB,Transporting,0.01,2026-08-01,2026-08-01 13:40:20+07:00,2026-08-01 15:23:25+07:00,2026-08-01 16:17:30+07:00,
1809,530656680107,A06,BN HUB,Created,0.0053,2026-08-01,2026-08-01 13:32:54+07:00,2026-08-01 15:47:24+07:00,,
1810,530656720108,A06,BN HUB,Transporting,0.01,2026-08-01,2026-08-01 13:40:19+07:00,2026-08-01 15:23:01+07:00,2026-08-01 16:16:53+07:00,
1811,530657720108,A06,BN HUB,Created,0.008,2026-08-01,2026-08-01 13:51:13+07:00,,,
1812,530658680107,A06,BN HUB,Created,0.02,2026-08-01,2026-08-01 13:23:13+07:00,,,
1813,530658880107,A06,BN HUB,Created,0.0102,2026-08-01,2026-08-01 13:23:13+07:00,,,
1814,530660320108,A06,BN HUB,Created,0.0075,2026-08-01,2026-08-01 16:39:36+07:00,,,
1815,530660490107,A06,BN HUB,Created,0.01,2026-08-01,2026-08-01 16:49:35+07:00,,,
1816,530661110108,A06,BN HUB,Transporting,0.0071,2026-08-01,2026-08-01 11:09:28+07:00,2026-08-01 15:04:19+07:00,2026-08-01 16:25:52+07:00,
1817,530661310108,A06,BN HUB,Created,0.0067,2026-08-01,2026-08-01 11:10:05+07:00,,,
1818,530662480107,A06,BN HUB,Created,0.0094,2026-08-01,2026-08-01 13:33:08+07:00,,,
1819,530663080107,A06,BN HUB,Created,0.017,2026-08-01,2026-08-01 14:01:36+07:00,,,
1820,530664870107,A06,BN HUB,Transporting,0.0066,2026-08-01,2026-08-01 08:27:09+07:00,2026-08-01 13:19:51+07:00,2026-08-01 16:01:43+07:00,
1821,530667270107,A06,BN HUB,Transporting,0.014,2026-08-01,2026-08-01 08:46:19+07:00,2026-08-01 14:12:25+07:00,2026-08-01 15:30:04+07:00,
1822,530667670107,A06,BN HUB,Created,0.009,2026-08-01,2026-08-01 08:48:13+07:00,2026-08-01 13:42:32+07:00,,
1823,530668110108,A06,BN HUB,Transporting,0.009,2026-08-01,2026-08-01 08:54:33+07:00,2026-08-01 13:29:20+07:00,2026-08-01 15:29:05+07:00,
1824,530668510108,A06,BN HUB,Created,0.0055,2026-08-01,2026-08-01 08:56:48+07:00,2026-08-01 09:59:18+07:00,,
1825,530670310108,A06,BN HUB,Created,0.0058,2026-08-01,2026-08-01 10:57:40+07:00,,,
1826,530671880107,A06,BN HUB,Created,0.0081,2026-08-01,2026-08-01 14:31:16+07:00,,,
1827,530672710108,A06,BN HUB,Transporting,0.01,2026-08-01,2026-08-01 08:54:01+07:00,2026-08-01 10:59:25+07:00,2026-08-01 15:59:40+07:00,
1828,530675110108,A06,BN HUB,Created,0.0084,2026-08-01,2026-08-01 12:43:13+07:00,,,
1829,530675520108,A06,BN HUB,Created,0.0124,2026-08-01,2026-08-01 15:04:10+07:00,,,
1830,530676280107,A06,BN HUB,Transporting,0.005,2026-08-01,2026-08-01 12:36:34+07:00,2026-08-01 16:04:54+07:00,2026-08-01 16:04:59+07:00,
1831,530679510108,A06,BN HUB,Transporting,0.01,2026-08-01,2026-08-01 13:40:19+07:00,2026-08-01 15:23:13+07:00,2026-08-01 16:18:16+07:00,
1832,530679710108,A06,BN HUB,Transporting,0.01,2026-08-01,2026-08-01 13:40:20+07:00,2026-08-01 15:23:20+07:00,2026-08-01 16:17:39+07:00,
1833,530681110108,A06,BN HUB,Transporting,0.01,2026-08-01,2026-08-01 13:40:20+07:00,2026-08-01 15:22:43+07:00,2026-08-01 16:20:17+07:00,
1834,530682280107,A06,BN HUB,Transporting,0.0075,2026-08-01,2026-08-01 15:17:40+07:00,2026-08-01 16:23:33+07:00,2026-08-01 16:23:35+07:00,
1835,530682710108,A06,BN HUB,Transporting,0.0051,2026-08-01,2026-08-01 09:06:54+07:00,2026-08-01 11:59:52+07:00,2026-08-01 15:27:56+07:00,
1836,530682870107,A06,BN HUB,Created,0.012,2026-08-01,2026-08-01 08:30:15+07:00,,,
1837,530683080107,A06,BN HUB,Created,0.012,2026-08-01,2026-08-01 16:37:16+07:00,,,
1838,530683910108,A06,BN HUB,Created,0.0062,2026-08-01,2026-08-01 09:34:24+07:00,,,
1839,530684280107,A06,BN HUB,Created,0.02,2026-08-01,2026-08-01 15:07:21+07:00,2026-08-01 15:32:06+07:00,,
1840,530685310108,A06,BN HUB,Created,0.0094,2026-08-01,2026-08-01 13:46:28+07:00,,,
1841,530686480107,A06,BN HUB,Transporting,0.02,2026-08-01,2026-08-01 14:13:07+07:00,2026-08-01 15:10:36+07:00,2026-08-01 16:03:06+07:00,
1842,530687110108,A06,BN HUB,Created,0.0137,2026-08-01,2026-08-01 13:09:55+07:00,2026-08-01 15:35:23+07:00,,
1843,530687280107,A06,BN HUB,Transporting,0.0058,2026-08-01,2026-08-01 15:17:41+07:00,2026-08-01 16:23:51+07:00,2026-08-01 16:23:54+07:00,
1844,530687710108,A06,BN HUB,Created,0.0051,2026-08-01,2026-08-01 13:17:02+07:00,,,
1845,530688310108,A06,BN HUB,Created,0.0088,2026-08-01,2026-08-01 12:22:06+07:00,,,
1846,530688480107,A06,BN HUB,Transporting,0.01,2026-08-01,2026-08-01 14:33:42+07:00,2026-08-01 15:08:27+07:00,2026-08-01 16:22:03+07:00,
1847,530688680107,A06,BN HUB,Created,0.02,2026-08-01,2026-08-01 14:36:26+07:00,2026-08-01 15:05:17+07:00,,
1848,530689110108,A06,BN HUB,Created,0.0073,2026-08-01,2026-08-01 13:14:27+07:00,,,
1849,530689510108,A06,BN HUB,Created,0.012,2026-08-01,2026-08-01 13:19:42+07:00,2026-08-01 14:32:10+07:00,,
1850,530689910108,A06,BN HUB,Created,0.0102,2026-08-01,2026-08-01 13:21:13+07:00,,,
1851,530690880107,A06,BN HUB,Created,0.0075,2026-08-01,2026-08-01 15:02:36+07:00,,,
1852,530691310108,A06,BN HUB,Transporting,0.01,2026-08-01,2026-08-01 13:28:00+07:00,2026-08-01 15:27:44+07:00,2026-08-01 16:38:19+07:00,
1853,530691510108,A06,BN HUB,Transporting,0.01,2026-08-01,2026-08-01 13:28:00+07:00,2026-08-01 15:27:57+07:00,2026-08-01 16:38:29+07:00,
1854,530691910108,A06,BN HUB,Created,0.0094,2026-08-01,2026-08-01 13:32:40+07:00,,,
1855,530692110108,A06,BN HUB,Transporting,0.01,2026-08-01,2026-08-01 13:08:18+07:00,2026-08-01 14:52:20+07:00,2026-08-01 15:46:53+07:00,
1856,530693080107,A06,BN HUB,Created,0.0078,2026-08-01,2026-08-01 15:23:57+07:00,,,
1857,530693510108,A06,BN HUB,Created,0.008,2026-08-01,2026-08-01 13:51:13+07:00,,,
1858,530694310108,A06,BN HUB,Transporting,0.01,2026-08-01,2026-08-01 13:40:20+07:00,2026-08-01 15:21:00+07:00,2026-08-01 16:19:49+07:00,
1859,530695480107,A06,BN HUB,Created,0.008,2026-08-01,2026-08-01 16:18:44+07:00,,,
1860,530695710108,A06,BN HUB,Created,0.012,2026-08-01,2026-08-01 14:09:36+07:00,,,
1861,530695870107,A06,BN HUB,Inbound,0.04,2026-08-01,2026-08-01 06:49:08+07:00,2026-08-01 14:00:05+07:00,,2026-08-01 15:10:37+07:00
1862,530696310108,A06,BN HUB,Created,0.0094,2026-08-01,2026-08-01 12:16:14+07:00,,,
1863,530696910108,A06,BN HUB,Created,0.0051,2026-08-01,2026-08-01 12:26:05+07:00,,,
1864,530697510108,A06,BN HUB,Created,0.0064,2026-08-01,2026-08-01 13:11:05+07:00,,,
1865,530698280107,A06,BN HUB,Created,0.0153,2026-08-01,2026-08-01 13:10:27+07:00,,,
1866,530698470107,A06,BN HUB,Created,0.0064,2026-08-01,2026-08-01 09:48:29+07:00,,,
1867,530698710108,A06,BN HUB,Created,0.0082,2026-08-01,2026-08-01 12:57:07+07:00,,,
1868,530698910108,A06,BN HUB,Created,0.0094,2026-08-01,2026-08-01 12:57:35+07:00,,,
1869,530699700108,A06,BN HUB,Transporting,0.01,2026-08-01,2026-08-01 07:29:37+07:00,2026-08-01 10:11:42+07:00,2026-08-01 15:49:10+07:00,
1870,530700490107,A06,BN HUB,Created,0.0065,2026-08-01,2026-08-01 13:15:18+07:00,2026-08-01 16:27:24+07:00,,
1871,530702330108,A06,BN HUB,Created,0.005,2026-08-01,2026-08-01 16:04:38+07:00,2026-08-01 16:43:41+07:00,,
1872,530703510108,A06,BN HUB,Created,0.009,2026-08-01,2026-08-01 07:36:02+07:00,,,
1873,530704690107,A06,BN HUB,Created,0.01,2026-08-01,2026-08-01 14:42:27+07:00,,,
1874,530705320108,A06,BN HUB,Created,0.02,2026-08-01,2026-08-01 14:36:26+07:00,2026-08-01 15:05:20+07:00,,
1875,530706880107,A06,BN HUB,Created,0.007,2026-08-01,2026-08-01 11:00:25+07:00,2026-08-01 15:16:01+07:00,,
1876,530707880107,A06,BN HUB,Created,0.0072,2026-08-01,2026-08-01 13:06:09+07:00,2026-08-01 14:38:16+07:00,,
1877,530707920108,A06,BN HUB,Created,0.0082,2026-08-01,2026-08-01 10:20:04+07:00,,,
1878,530709080107,A06,BN HUB,Transporting,0.008,2026-08-01,2026-08-01 12:02:17+07:00,2026-08-01 14:19:39+07:00,2026-08-01 14:19:52+07:00,
1879,530709710108,A06,BN HUB,Created,0.0124,2026-08-01,2026-08-01 08:23:55+07:00,,,
1880,530709910108,A06,BN HUB,Transporting,0.01,2026-08-01,2026-08-01 08:25:00+07:00,2026-08-01 10:12:40+07:00,2026-08-01 15:47:59+07:00,
1881,530710920108,A06,BN HUB,Created,0.0064,2026-08-01,2026-08-01 11:13:02+07:00,,,
1882,530712120108,A06,BN HUB,Transporting,0.01,2026-08-01,2026-08-01 13:28:00+07:00,2026-08-01 15:27:46+07:00,2026-08-01 16:38:18+07:00,
1883,530714720108,A06,BN HUB,Created,0.0055,2026-08-01,2026-08-01 14:06:10+07:00,,,
1884,530717120108,A06,BN HUB,Created,0.008,2026-08-01,2026-08-01 14:18:11+07:00,,,
1885,530717720108,A06,BN HUB,Created,0.0058,2026-08-01,2026-08-01 14:23:34+07:00,2026-08-01 15:36:46+07:00,,
1886,530719110108,A06,BN HUB,Created,0.0094,2026-08-01,2026-08-01 08:23:52+07:00,2026-08-01 13:16:45+07:00,,
1887,530721080107,A06,BN HUB,Created,0.0124,2026-08-01,2026-08-01 12:44:07+07:00,,,
1888,530722680107,A06,BN HUB,Created,0.0193,2026-08-01,2026-08-01 11:54:46+07:00,,,
1889,530723920108,A06,BN HUB,Created,0.0088,2026-08-01,2026-08-01 11:07:08+07:00,,,
1890,530724880107,A06,BN HUB,Created,0.015,2026-08-01,2026-08-01 11:05:53+07:00,,,
1891,530725080107,A06,BN HUB,Created,0.0064,2026-08-01,2026-08-01 12:41:05+07:00,,,
1892,530725520108,A06,BN HUB,Created,0.0064,2026-08-01,2026-08-01 12:07:10+07:00,,,
1893,530725720108,A06,BN HUB,Created,0.0064,2026-08-01,2026-08-01 12:07:10+07:00,,,
1894,530726690107,A06,BN HUB,Created,0.01,2026-08-01,2026-08-01 16:49:52+07:00,,,
1895,530726710108,A06,BN HUB,Created,0.016,2026-08-01,2026-08-01 08:30:39+07:00,2026-08-01 11:22:17+07:00,,
1896,530726720108,A06,BN HUB,Transporting,0.01,2026-08-01,2026-08-01 14:23:09+07:00,2026-08-01 15:08:49+07:00,2026-08-01 16:36:56+07:00,
1897,530728510108,A06,BN HUB,Created,0.016,2026-08-01,2026-08-01 08:03:43+07:00,2026-08-01 11:22:16+07:00,,
1898,530729470107,A06,BN HUB,Created,0.0058,2026-08-01,2026-08-01 07:12:10+07:00,,,
1899,530729510108,A06,BN HUB,Created,0.0058,2026-08-01,2026-08-01 09:02:29+07:00,2026-08-01 10:32:02+07:00,,
1900,530729520108,A06,BN HUB,Created,0.0165,2026-08-01,2026-08-01 16:00:47+07:00,,,
1901,530730320108,A06,BN HUB,Created,0.0182,2026-08-01,2026-08-01 12:51:19+07:00,,,
1902,530730510108,A06,BN HUB,Created,0.001,2026-08-01,2026-08-01 08:20:47+07:00,2026-08-01 16:18:36+07:00,,
1903,530730520108,A06,BN HUB,Created,0.009,2026-08-01,2026-08-01 12:52:14+07:00,,,
1904,530730680107,A06,BN HUB,Created,0.0088,2026-08-01,2026-08-01 08:03:26+07:00,2026-08-01 13:41:25+07:00,,
1905,530731080107,A06,BN HUB,Transporting,0.01,2026-08-01,2026-08-01 08:44:29+07:00,2026-08-01 10:57:54+07:00,2026-08-01 16:04:04+07:00,
1906,530731880107,A06,BN HUB,Transporting,0.02,2026-08-01,2026-08-01 08:47:02+07:00,2026-08-01 10:16:19+07:00,2026-08-01 16:06:18+07:00,
1907,530735280107,A06,BN HUB,Transporting,0.01,2026-08-01,2026-08-01 13:08:19+07:00,2026-08-01 14:54:45+07:00,2026-08-01 15:44:04+07:00,
1908,530735480107,A06,BN HUB,Transporting,0.01,2026-08-01,2026-08-01 13:08:18+07:00,2026-08-01 14:52:07+07:00,2026-08-01 15:47:04+07:00,
1909,530736120108,A06,BN HUB,Created,0.0081,2026-08-01,2026-08-01 13:02:12+07:00,,,
1910,530737120108,A06,BN HUB,Transporting,0.01,2026-08-01,2026-08-01 13:08:19+07:00,2026-08-01 14:54:12+07:00,2026-08-01 15:44:36+07:00,
1911,530737280107,A06,BN HUB,Created,0.0081,2026-08-01,2026-08-01 13:02:22+07:00,,,
1912,530737290107,A06,BN HUB,Created,0.0094,2026-08-01,2026-08-01 15:06:21+07:00,2026-08-01 16:36:37+07:00,,
1913,530738690107,A06,BN HUB,Transporting,0.01,2026-08-01,2026-08-01 14:23:09+07:00,2026-08-01 15:08:50+07:00,2026-08-01 16:36:57+07:00,
1914,530739290107,A06,BN HUB,Created,0.009,2026-08-01,2026-08-01 14:51:43+07:00,2026-08-01 16:43:09+07:00,,
1915,530739320108,A06,BN HUB,Created,0.0065,2026-08-01,2026-08-01 15:15:23+07:00,,,
1916,530739480107,A06,BN HUB,Created,0.0055,2026-08-01,2026-08-01 13:29:10+07:00,,,
1917,530739490107,A06,BN HUB,Created,0.006,2026-08-01,2026-08-01 14:52:09+07:00,,,
1918,530739690107,A06,BN HUB,Created,0.009,2026-08-01,2026-08-01 14:52:19+07:00,2026-08-01 16:39:54+07:00,,
1919,530740110108,A06,BN HUB,Transporting,0.005,2026-08-01,2026-08-01 09:02:31+07:00,2026-08-01 11:25:56+07:00,2026-08-01 15:27:46+07:00,
1920,530741080107,A06,BN HUB,Transporting,0.005,2026-08-01,2026-08-01 09:02:31+07:00,2026-08-01 11:25:47+07:00,2026-08-01 15:27:43+07:00,
1921,530741280107,A06,BN HUB,Transporting,0.02,2026-08-01,2026-08-01 09:03:10+07:00,2026-08-01 10:49:25+07:00,2026-08-01 15:53:31+07:00,
1922,530741680107,A06,BN HUB,Created,0.0123,2026-08-01,2026-08-01 09:04:13+07:00,,,
1923,530741880107,A06,BN HUB,Created,0.011,2026-08-01,2026-08-01 09:04:31+07:00,2026-08-01 10:58:37+07:00,,
1924,530742680107,A06,BN HUB,Created,0.04,2026-08-01,2026-08-01 08:50:56+07:00,,,
1925,530742870107,A06,BN HUB,Created,0.0065,2026-08-01,2026-08-01 06:25:56+07:00,2026-08-01 16:10:50+07:00,,
1926,530743470107,A06,BN HUB,Inbound,0.008,2026-08-01,2026-08-01 08:02:15+07:00,2026-08-01 13:38:44+07:00,2026-08-01 13:39:35+07:00,2026-08-01 16:44:03+07:00
1927,530743910108,A06,BN HUB,Created,0.01,2026-08-01,2026-08-01 11:08:50+07:00,,,
1928,530744490107,A06,BN HUB,Created,0.006,2026-08-01,2026-08-01 15:33:13+07:00,,,
1929,530744860107,A06,BN HUB,Created,0.0057,2026-08-01,2026-07-31 10:52:47+07:00,2026-08-01 13:26:23+07:00,,
1930,530745080107,A06,BN HUB,Transporting,0.01,2026-08-01,2026-08-01 14:07:50+07:00,2026-08-01 15:11:13+07:00,2026-08-01 16:00:47+07:00,
1931,530745280107,A06,BN HUB,Transporting,0.01,2026-08-01,2026-08-01 14:07:50+07:00,2026-08-01 15:11:51+07:00,2026-08-01 16:00:51+07:00,
1932,530746070107,A06,BN HUB,Transporting,0.01,2026-08-01,2026-08-01 08:31:59+07:00,2026-08-01 10:43:50+07:00,2026-08-01 16:23:21+07:00,
1933,530746680107,A06,BN HUB,Created,0.0055,2026-08-01,2026-08-01 13:33:03+07:00,2026-08-01 15:24:10+07:00,,
1934,530746920108,A06,BN HUB,Created,0.005,2026-08-01,2026-08-01 16:04:38+07:00,2026-08-01 16:43:40+07:00,,
1935,530747470107,A06,BN HUB,Created,0.044,2026-08-01,2026-08-01 09:43:39+07:00,,,
1936,530748720108,A06,BN HUB,Created,0.0075,2026-08-01,2026-08-01 15:47:03+07:00,,,
1937,530749320108,A06,BN HUB,Created,0.0094,2026-08-01,2026-08-01 16:31:53+07:00,,,
1938,530749470107,A06,BN HUB,Transporting,0.01,2026-08-01,2026-08-01 08:54:01+07:00,2026-08-01 11:00:00+07:00,2026-08-01 16:00:27+07:00,
1939,530750120108,A06,BN HUB,Transporting,0.01,2026-08-01,2026-08-01 13:40:20+07:00,2026-08-01 15:21:35+07:00,2026-08-01 16:18:59+07:00,
1940,530750720108,A06,BN HUB,Transporting,0.01,2026-08-01,2026-08-01 13:40:20+07:00,2026-08-01 15:21:00+07:00,2026-08-01 16:19:48+07:00,
1941,530750910108,A06,BN HUB,Created,0.008,2026-08-01,2026-08-01 09:30:04+07:00,,,
1942,530751320108,A06,BN HUB,Created,0.016,2026-08-01,2026-08-01 13:55:49+07:00,,,
1943,530752080107,A06,BN HUB,Created,0.012,2026-08-01,2026-08-01 13:35:13+07:00,,,
1944,530752280107,A06,BN HUB,Created,0.01,2026-08-01,2026-08-01 13:35:42+07:00,2026-08-01 15:26:27+07:00,,
1945,530752520108,A06,BN HUB,Transporting,0.01,2026-08-01,2026-08-01 13:40:19+07:00,2026-08-01 15:24:00+07:00,2026-08-01 16:45:13+07:00,
1946,530752920108,A06,BN HUB,Transporting,0.01,2026-08-01,2026-08-01 13:40:20+07:00,2026-08-01 15:24:14+07:00,2026-08-01 16:45:47+07:00,
1947,530753680107,A06,BN HUB,Transporting,0.01,2026-08-01,2026-08-01 14:02:25+07:00,2026-08-01 15:14:11+07:00,2026-08-01 16:28:25+07:00,
1948,530753720108,A06,BN HUB,Transporting,0.008,2026-08-01,2026-08-01 13:46:53+07:00,2026-08-01 16:44:34+07:00,2026-08-01 16:44:36+07:00,
1949,530754480107,A06,BN HUB,Created,0.006,2026-08-01,2026-08-01 10:11:29+07:00,2026-08-01 15:20:58+07:00,,
1950,530755680107,A06,BN HUB,Created,0.0065,2026-08-01,2026-08-01 10:38:59+07:00,,,
1951,530756080107,A06,BN HUB,Created,0.006,2026-08-01,2026-08-01 13:33:46+07:00,,,
1952,530756120108,A06,BN HUB,Transporting,0.01,2026-08-01,2026-08-01 13:40:20+07:00,2026-08-01 15:23:57+07:00,2026-08-01 16:45:10+07:00,
1953,530756320108,A06,BN HUB,Transporting,0.01,2026-08-01,2026-08-01 13:40:19+07:00,2026-08-01 15:23:38+07:00,2026-08-01 16:44:46+07:00,
1954,530756880107,A06,BN HUB,Transporting,0.0075,2026-08-01,2026-08-01 13:34:42+07:00,2026-08-01 16:13:34+07:00,2026-08-01 16:42:54+07:00,
1955,530757480107,A06,BN HUB,Created,0.01,2026-08-01,2026-08-01 14:02:25+07:00,2026-08-01 15:19:16+07:00,,
1956,530758080107,A06,BN HUB,Created,0.02,2026-08-01,2026-08-01 13:23:13+07:00,,,
1957,530758280107,A06,BN HUB,Created,0.005,2026-08-01,2026-08-01 13:23:24+07:00,,,
1958,530758510108,A06,BN HUB,Created,0.0082,2026-08-01,2026-08-01 10:27:14+07:00,,,
1959,530759280107,A06,BN HUB,Created,0.0085,2026-08-01,2026-08-01 13:50:35+07:00,,,
1960,530759310108,A06,BN HUB,Created,0.009,2026-08-01,2026-08-01 11:36:44+07:00,,,
1961,530759910108,A06,BN HUB,Created,0.0081,2026-08-01,2026-08-01 11:46:24+07:00,,,
1962,530760070107,A06,BN HUB,Transporting,0.01,2026-08-01,2026-08-01 08:25:00+07:00,2026-08-01 10:12:49+07:00,2026-08-01 15:47:48+07:00,
1963,530760520108,A06,BN HUB,Created,0.0102,2026-08-01,2026-08-01 16:45:28+07:00,,,
1964,530760710108,A06,BN HUB,Created,0.0082,2026-08-01,2026-08-01 10:13:32+07:00,,,
1965,530760920108,A06,BN HUB,Created,0.01,2026-08-01,2026-08-01 16:49:35+07:00,,,
1966,530761910108,A06,BN HUB,Created,0.017,2026-08-01,2026-08-01 11:18:02+07:00,2026-08-01 15:39:12+07:00,,
1967,530763280107,A06,BN HUB,Transporting,0.01,2026-08-01,2026-08-01 14:02:25+07:00,2026-08-01 15:19:42+07:00,2026-08-01 16:05:27+07:00,
1968,530764280107,A06,BN HUB,Created,0.01,2026-08-01,2026-08-01 14:50:58+07:00,,,
1969,530765120108,A06,BN HUB,Transporting,0.01,2026-08-01,2026-08-01 14:02:25+07:00,2026-08-01 15:14:05+07:00,2026-08-01 16:28:34+07:00,
1970,530765320108,A06,BN HUB,Transporting,0.01,2026-08-01,2026-08-01 14:02:25+07:00,2026-08-01 15:13:57+07:00,2026-08-01 16:28:05+07:00,
1971,530765520108,A06,BN HUB,Transporting,0.01,2026-08-01,2026-08-01 14:02:25+07:00,2026-08-01 15:19:47+07:00,2026-08-01 16:05:13+07:00,
1972,530765870107,A06,BN HUB,Created,0.0071,2026-08-01,2026-08-01 09:55:41+07:00,,,
1973,530765920108,A06,BN HUB,Transporting,0.01,2026-08-01,2026-08-01 14:02:25+07:00,2026-08-01 15:19:44+07:00,2026-08-01 16:05:25+07:00,
1974,530766310108,A06,BN HUB,Transporting,0.01,2026-08-01,2026-08-01 07:29:37+07:00,2026-08-01 10:11:11+07:00,2026-08-01 15:49:42+07:00,
1975,530766710108,A06,BN HUB,Transporting,0.0094,2026-08-01,2026-08-01 07:33:20+07:00,2026-08-01 13:20:42+07:00,2026-08-01 15:28:46+07:00,
1976,530766880107,A06,BN HUB,Transporting,0.0075,2026-08-01,2026-08-01 11:00:55+07:00,2026-08-01 14:02:33+07:00,2026-08-01 15:29:42+07:00,
1977,530767480107,A06,BN HUB,Created,0.008,2026-08-01,2026-08-01 11:24:25+07:00,2026-08-01 16:19:22+07:00,,
1978,530767710108,A06,BN HUB,Created,0.0084,2026-08-01,2026-08-01 08:15:48+07:00,2026-08-01 09:59:55+07:00,,
1979,530767870107,A06,BN HUB,Transporting,0.01,2026-08-01,2026-08-01 08:54:01+07:00,2026-08-01 10:59:38+07:00,2026-08-01 15:59:54+07:00,
1980,530768310108,A06,BN HUB,Transporting,0.02,2026-08-01,2026-08-01 08:58:16+07:00,2026-08-01 10:15:31+07:00,2026-08-01 16:02:31+07:00,
1981,530769880107,A06,BN HUB,Created,0.02,2026-08-01,2026-08-01 14:36:26+07:00,2026-08-01 15:05:23+07:00,,
1982,530771080107,A06,BN HUB,Transporting,0.01,2026-08-01,2026-08-01 14:33:42+07:00,2026-08-01 15:08:12+07:00,2026-08-01 16:22:14+07:00,
1983,530771480107,A06,BN HUB,Transporting,0.01,2026-08-01,2026-08-01 14:33:42+07:00,2026-08-01 15:07:53+07:00,2026-08-01 16:22:53+07:00,
1984,530772310108,A06,BN HUB,Transporting,0.005,2026-08-01,2026-08-01 09:02:32+07:00,2026-08-01 11:25:42+07:00,2026-08-01 15:27:40+07:00,
1985,530772480107,A06,BN HUB,Created,0.0165,2026-08-01,2026-08-01 13:55:49+07:00,,,
1986,530773280107,A06,BN HUB,Created,0.0094,2026-08-01,2026-08-01 14:29:03+07:00,,,
1987,530774280107,A06,BN HUB,Transporting,0.01,2026-08-01,2026-08-01 13:40:20+07:00,2026-08-01 15:21:02+07:00,2026-08-01 16:19:47+07:00,
1988,530774320108,A06,BN HUB,Created,0.02,2026-08-01,2026-08-01 14:36:26+07:00,2026-08-01 15:05:03+07:00,,
1989,530774520108,A06,BN HUB,Created,0.02,2026-08-01,2026-08-01 14:36:26+07:00,2026-08-01 15:05:15+07:00,,
1990,530775120108,A06,BN HUB,Created,0.005,2026-08-01,2026-08-01 15:04:50+07:00,,,
1991,530775280107,A06,BN HUB,Created,0.011,2026-08-01,2026-08-01 14:04:13+07:00,,,
1992,530775680107,A06,BN HUB,Created,0.0058,2026-08-01,2026-08-01 14:06:40+07:00,,,
1993,530776870107,A06,BN HUB,Created,0.0144,2026-08-01,2026-08-01 09:21:42+07:00,2026-08-01 14:38:47+07:00,,
1994,530777470107,A06,BN HUB,Created,0.006,2026-08-01,2026-08-01 10:20:01+07:00,2026-08-01 15:34:45+07:00,,
1995,530778870107,A06,BN HUB,Created,0.006,2026-08-01,2026-08-01 08:47:03+07:00,2026-08-01 13:48:48+07:00,,
1996,530779710108,A06,BN HUB,Transporting,0.01,2026-08-01,2026-08-01 13:40:20+07:00,2026-08-01 15:21:43+07:00,2026-08-01 16:18:34+07:00,
1997,530779880107,A06,BN HUB,Created,0.0068,2026-08-01,2026-08-01 16:34:14+07:00,,,
1998,530780720108,A06,BN HUB,Created,0.0065,2026-08-01,2026-08-01 15:15:23+07:00,,,
1999,530781280107,A06,BN HUB,Created,0.0054,2026-08-01,2026-08-01 12:28:53+07:00,,,
2000,530781910108,A06,BN HUB,Transporting,0.01,2026-08-01,2026-08-01 13:49:14+07:00,2026-08-01 15:24:32+07:00,2026-08-01 16:16:55+07:00,
2001,530782680107,A06,BN HUB,Created,0.0102,2026-08-01,2026-08-01 15:38:22+07:00,,,
2002,530784120108,A06,BN HUB,Created,0.0055,2026-08-01,2026-08-01 15:39:57+07:00,,,
2003,530784270107,A06,BN HUB,Created,0.006,2026-08-01,2026-08-01 09:08:14+07:00,2026-08-01 09:14:26+07:00,,
2004,530784310108,A06,BN HUB,Transporting,0.01,2026-08-01,2026-08-01 13:08:19+07:00,2026-08-01 14:52:16+07:00,2026-08-01 15:46:56+07:00,
2005,530785080107,A06,BN HUB,Created,0.005,2026-08-01,2026-08-01 16:04:38+07:00,2026-08-01 16:43:35+07:00,,
2006,530785670107,A06,BN HUB,Created,0.012,2026-08-01,2026-08-01 10:02:10+07:00,2026-08-01 11:01:42+07:00,,
2007,530785920108,A06,BN HUB,Created,0.0094,2026-08-01,2026-08-01 16:00:08+07:00,,,
2008,530786680107,A06,BN HUB,Transporting,0.0075,2026-08-01,2026-08-01 14:17:57+07:00,2026-08-01 14:53:16+07:00,2026-08-01 15:34:58+07:00,
2009,530787710108,A06,BN HUB,Created,0.0055,2026-08-01,2026-08-01 13:26:51+07:00,2026-08-01 15:22:55+07:00,,
2010,530789710108,A06,BN HUB,Transporting,0.01,2026-08-01,2026-08-01 13:28:00+07:00,2026-08-01 15:27:44+07:00,2026-08-01 16:38:19+07:00,
2011,530790310108,A06,BN HUB,Created,0.006,2026-08-01,2026-08-01 12:57:48+07:00,,,
2012,530792280107,A06,BN HUB,Transporting,0.006,2026-08-01,2026-08-01 14:30:05+07:00,2026-08-01 15:14:44+07:00,2026-08-01 15:54:38+07:00,
2013,530793710108,A06,BN HUB,Created,0.016,2026-08-01,2026-08-01 13:54:21+07:00,,,
2014,530795880107,A06,BN HUB,Created,0.0065,2026-08-01,2026-08-01 16:28:16+07:00,,,
2015,530796910108,A06,BN HUB,Created,0.0082,2026-08-01,2026-08-01 12:43:25+07:00,,,
2016,530798680107,A06,BN HUB,Transporting,0.0059,2026-08-01,2026-08-01 13:13:49+07:00,2026-08-01 14:06:55+07:00,2026-08-01 15:34:16+07:00,
2017,530799110108,A06,BN HUB,Transporting,0.01,2026-08-01,2026-08-01 13:28:00+07:00,2026-08-01 15:27:49+07:00,2026-08-01 16:38:05+07:00,
2018,530799500108,A06,BN HUB,Transporting,0.02,2026-08-01,2026-08-01 07:32:04+07:00,2026-08-01 10:50:21+07:00,2026-08-01 15:53:54+07:00,
2019,530799510108,A06,BN HUB,Created,0.013,2026-08-01,2026-08-01 13:29:44+07:00,,,
2020,530801290107,A06,BN HUB,Created,0.0096,2026-08-01,2026-08-01 13:34:35+07:00,2026-08-01 16:43:35+07:00,,
2021,530801490107,A06,BN HUB,Created,0.01,2026-08-01,2026-08-01 13:34:43+07:00,,,
2022,530801720108,A06,BN HUB,Created,0.02,2026-08-01,2026-08-01 14:36:26+07:00,2026-08-01 15:05:25+07:00,,
2023,530802490107,A06,BN HUB,Created,0.01,2026-08-01,2026-08-01 15:29:49+07:00,,,
2024,530802930108,A06,BN HUB,Created,0.0102,2026-08-01,2026-08-01 16:06:14+07:00,,,
2025,530803520108,A06,BN HUB,Transporting,0.01,2026-08-01,2026-08-01 14:02:25+07:00,2026-08-01 15:14:14+07:00,2026-08-01 16:28:21+07:00,
2026,530803920108,A06,BN HUB,Created,0.0081,2026-08-01,2026-08-01 14:02:56+07:00,,,
2027,530804290107,A06,BN HUB,Created,0.0174,2026-08-01,2026-08-01 14:45:25+07:00,,,
2028,530805070107,A06,BN HUB,Created,0.019,2026-08-01,2026-07-31 17:30:29+07:00,2026-08-01 09:28:08+07:00,,
2029,530805920108,A06,BN HUB,Created,0.0051,2026-08-01,2026-08-01 14:51:57+07:00,2026-08-01 15:11:46+07:00,,
2030,530806280107,A06,BN HUB,Created,0.0093,2026-08-01,2026-08-01 11:01:13+07:00,2026-08-01 15:11:20+07:00,,
2031,530806320108,A06,BN HUB,Transporting,0.0098,2026-08-01,2026-08-01 09:56:07+07:00,2026-08-01 11:04:36+07:00,2026-08-01 15:26:17+07:00,
2032,530806720108,A06,BN HUB,Transporting,0.005,2026-08-01,2026-08-01 09:56:51+07:00,2026-08-01 11:05:07+07:00,2026-08-01 15:26:30+07:00,
2033,530806880107,A06,BN HUB,Created,0.008,2026-08-01,2026-08-01 11:04:24+07:00,,,
2034,530807480107,A06,BN HUB,Transporting,0.01,2026-08-01,2026-08-01 13:08:18+07:00,2026-08-01 14:53:13+07:00,2026-08-01 15:45:34+07:00,
2035,530807680107,A06,BN HUB,Transporting,0.01,2026-08-01,2026-08-01 13:08:18+07:00,2026-08-01 14:52:11+07:00,2026-08-01 15:47:00+07:00,
2036,530808720108,A06,BN HUB,Created,0.0104,2026-08-01,2026-08-01 13:42:39+07:00,2026-08-01 16:49:37+07:00,,
2037,530808910108,A06,BN HUB,Transporting,0.01,2026-08-01,2026-08-01 07:29:37+07:00,2026-08-01 10:11:24+07:00,2026-08-01 15:49:28+07:00,
2038,530811120108,A06,BN HUB,Transporting,0.008,2026-08-01,2026-08-01 12:03:19+07:00,2026-08-01 14:19:34+07:00,2026-08-01 14:19:50+07:00,
2039,530812720108,A06,BN HUB,Created,0.0053,2026-08-01,2026-08-01 13:32:54+07:00,2026-08-01 15:47:29+07:00,,
2040,530813280107,A06,BN HUB,Created,0.015,2026-08-01,2026-08-01 13:23:13+07:00,,,
2041,530813880107,A06,BN HUB,Created,0.0055,2026-08-01,2026-08-01 13:26:51+07:00,2026-08-01 15:24:00+07:00,,
2042,530815120108,A06,BN HUB,Created,0.0081,2026-08-01,2026-08-01 15:14:41+07:00,,,
2043,530815320108,A06,BN HUB,Created,0.005,2026-08-01,2026-08-01 15:17:25+07:00,,,
2044,530817320108,A06,BN HUB,Created,0.0116,2026-08-01,2026-08-01 14:27:26+07:00,2026-08-01 16:41:29+07:00,,
2045,530818480107,A06,BN HUB,Created,0.0055,2026-08-01,2026-08-01 11:44:19+07:00,2026-08-01 15:23:49+07:00,,
2046,530818710108,A06,BN HUB,Transporting,0.02,2026-08-01,2026-08-01 07:32:04+07:00,2026-08-01 10:50:16+07:00,2026-08-01 15:54:05+07:00,
2047,530818880107,A06,BN HUB,Created,0.0082,2026-08-01,2026-08-01 11:44:50+07:00,,,
2048,530819310108,A06,BN HUB,Created,0.0095,2026-08-01,2026-08-01 08:30:06+07:00,2026-08-01 14:41:23+07:00,,
2049,530819720108,A06,BN HUB,Transporting,0.0075,2026-08-01,2026-08-01 14:17:57+07:00,2026-08-01 14:53:25+07:00,2026-08-01 15:34:59+07:00,
2050,530821320108,A06,BN HUB,Created,0.009,2026-08-01,2026-08-01 15:00:58+07:00,2026-08-01 16:44:52+07:00,,
2051,530823070107,A06,BN HUB,Transporting,0.0146,2026-08-01,2026-07-31 17:09:00+07:00,2026-08-01 16:09:05+07:00,2026-08-01 16:09:07+07:00,
2052,530827670107,A06,BN HUB,Transporting,0.009,2026-08-01,2026-08-01 07:05:05+07:00,2026-08-01 14:02:38+07:00,2026-08-01 15:29:43+07:00,
2053,530827720108,A06,BN HUB,Created,0.0088,2026-08-01,2026-08-01 15:40:01+07:00,,,
2054,530828120108,A06,BN HUB,Created,0.0058,2026-08-01,2026-08-01 14:53:03+07:00,,,
2055,530828320108,A06,BN HUB,Created,0.0078,2026-08-01,2026-08-01 14:56:50+07:00,2026-08-01 16:47:40+07:00,,
2056,530830120108,A06,BN HUB,Created,0.0065,2026-08-01,2026-08-01 12:53:48+07:00,2026-08-01 14:38:40+07:00,,
2057,530831480107,A06,BN HUB,Transporting,0.0092,2026-08-01,2026-08-01 08:49:43+07:00,2026-08-01 11:03:19+07:00,2026-08-01 15:25:41+07:00,
2058,530831910108,A06,BN HUB,Created,0.006,2026-08-01,2026-08-01 09:28:56+07:00,,,
2059,530832120108,A06,BN HUB,Created,0.005,2026-08-01,2026-08-01 15:04:50+07:00,,,
2060,530833480107,A06,BN HUB,Created,0.015,2026-08-01,2026-08-01 11:04:07+07:00,,,
2061,530833690107,A06,BN HUB,Transporting,0.02,2026-08-01,2026-08-01 14:22:16+07:00,2026-08-01 15:04:41+07:00,2026-08-01 16:39:47+07:00,
2062,530834110108,A06,BN HUB,Transporting,0.01,2026-08-01,2026-08-01 08:54:01+07:00,2026-08-01 10:59:38+07:00,2026-08-01 15:59:53+07:00,
2063,530834910108,A06,BN HUB,Transporting,0.005,2026-08-01,2026-08-01 09:02:31+07:00,2026-08-01 11:25:39+07:00,2026-08-01 15:27:39+07:00,
2064,530837520108,A06,BN HUB,Transporting,0.01,2026-08-01,2026-08-01 13:08:18+07:00,2026-08-01 14:52:18+07:00,2026-08-01 15:46:55+07:00,
2065,530838520108,A06,BN HUB,Created,0.0055,2026-08-01,2026-08-01 14:21:54+07:00,2026-08-01 15:23:04+07:00,,
2066,530839070107,A06,BN HUB,Transporting,0.01,2026-08-01,2026-08-01 07:29:37+07:00,2026-08-01 10:11:09+07:00,2026-08-01 15:49:45+07:00,
2067,530839870107,A06,BN HUB,Created,0.0064,2026-08-01,2026-08-01 07:38:10+07:00,,,
2068,530840080107,A06,BN HUB,Transporting,0.0214,2026-08-01,2026-08-01 08:39:37+07:00,2026-08-01 10:18:17+07:00,2026-08-01 16:41:32+07:00,
2069,530841670107,A06,BN HUB,Transporting,0.005,2026-08-01,2026-08-01 09:02:31+07:00,2026-08-01 11:25:54+07:00,2026-08-01 15:27:45+07:00,
2070,530842270107,A06,BN HUB,Created,0.0008,2026-08-01,2026-08-01 06:56:36+07:00,2026-08-01 10:10:07+07:00,,
2071,530842680107,A06,BN HUB,Transporting,0.01,2026-08-01,2026-08-01 08:54:01+07:00,2026-08-01 10:59:53+07:00,2026-08-01 16:00:20+07:00,
2072,530843060107,A06,BN HUB,Created,0.0033,2026-08-01,2026-07-31 12:56:13+07:00,2026-08-01 14:45:30+07:00,,
2073,530844080107,A06,BN HUB,Transporting,0.01,2026-08-01,2026-08-01 13:40:20+07:00,2026-08-01 15:23:47+07:00,2026-08-01 16:45:42+07:00,
2074,530844120108,A06,BN HUB,Created,0.0182,2026-08-01,2026-08-01 16:36:32+07:00,,,
2075,530844310108,A06,BN HUB,Created,0.0096,2026-08-01,2026-08-01 11:03:59+07:00,,,
2076,530844490107,A06,BN HUB,Created,0.0067,2026-08-01,2026-08-01 15:34:08+07:00,,,
2077,530844910108,A06,BN HUB,Created,0.0096,2026-08-01,2026-08-01 11:07:01+07:00,2026-08-01 14:21:06+07:00,,
2078,530845290107,A06,BN HUB,Created,0.008,2026-08-01,2026-08-01 15:54:29+07:00,,,
2079,530845470107,A06,BN HUB,Transporting,0.011,2026-08-01,2026-08-01 08:02:15+07:00,2026-08-01 15:04:09+07:00,2026-08-01 15:04:24+07:00,
2080,530846270107,A06,BN HUB,Transporting,0.01,2026-08-01,2026-08-01 08:37:39+07:00,2026-08-01 10:20:09+07:00,2026-08-01 16:24:19+07:00,
2081,530846280107,A06,BN HUB,Created,0.0084,2026-08-01,2026-08-01 13:35:06+07:00,,,
2082,530847080107,A06,BN HUB,Created,0.0056,2026-08-01,2026-08-01 14:13:37+07:00,2026-08-01 16:10:56+07:00,,
2083,530849520108,A06,BN HUB,Created,0.0082,2026-08-01,2026-08-01 16:41:42+07:00,,,
2084,530849670107,A06,BN HUB,Transporting,0.005,2026-08-01,2026-08-01 09:02:31+07:00,2026-08-01 11:25:59+07:00,2026-08-01 15:27:47+07:00,
2085,530850290107,A06,BN HUB,Created,0.01,2026-08-01,2026-08-01 16:01:44+07:00,,,
2086,530850320108,A06,BN HUB,Created,0.0053,2026-08-01,2026-08-01 13:41:52+07:00,2026-08-01 16:36:14+07:00,,
2087,530850720108,A06,BN HUB,Created,0.0053,2026-08-01,2026-08-01 13:41:52+07:00,2026-08-01 16:36:35+07:00,,
2088,530850920108,A06,BN HUB,Created,0.009,2026-08-01,2026-08-01 13:42:11+07:00,,,
2089,530851510108,A06,BN HUB,Created,0.0081,2026-08-01,2026-08-01 10:22:47+07:00,,,
2090,530851710108,A06,BN HUB,Created,0.0086,2026-08-01,2026-08-01 10:23:32+07:00,,,
2091,530851890107,A06,BN HUB,Created,0.0064,2026-08-01,2026-08-01 16:18:43+07:00,,,
2092,530852110108,A06,BN HUB,Created,0.018,2026-08-01,2026-08-01 10:08:03+07:00,,,
2093,530852520108,A06,BN HUB,Transporting,0.01,2026-08-01,2026-08-01 13:40:20+07:00,2026-08-01 15:23:02+07:00,2026-08-01 16:18:55+07:00,
2094,530853110108,A06,BN HUB,Transporting,0.0094,2026-08-01,2026-08-01 11:08:43+07:00,2026-08-01 13:57:03+07:00,2026-08-01 15:29:32+07:00,
2095,530854070107,A06,BN HUB,Created,0.0112,2026-08-01,2026-08-01 08:53:01+07:00,2026-08-01 15:22:23+07:00,,
2096,530854270107,A06,BN HUB,Transporting,0.01,2026-08-01,2026-08-01 08:54:01+07:00,2026-08-01 10:59:22+07:00,2026-08-01 15:59:36+07:00,
2097,530854470107,A06,BN HUB,Transporting,0.01,2026-08-01,2026-08-01 08:54:01+07:00,2026-08-01 10:59:51+07:00,2026-08-01 16:00:17+07:00,
2098,530855270107,A06,BN HUB,Created,0.0082,2026-08-01,2026-08-01 10:19:36+07:00,,,
2099,530855670107,A06,BN HUB,Created,0.006,2026-08-01,2026-08-01 10:20:01+07:00,2026-08-01 15:34:38+07:00,,
2100,530855870107,A06,BN HUB,Transporting,0.0094,2026-08-01,2026-08-01 10:22:29+07:00,2026-08-01 14:03:15+07:00,2026-08-01 15:29:45+07:00,
2101,530856480107,A06,BN HUB,Created,0.01,2026-08-01,2026-08-01 13:35:42+07:00,2026-08-01 15:26:00+07:00,,
2102,530858880107,A06,BN HUB,Transporting,0.01,2026-08-01,2026-08-01 13:28:00+07:00,2026-08-01 15:28:00+07:00,2026-08-01 16:38:31+07:00,
2103,530858910108,A06,BN HUB,Created,0.0073,2026-08-01,2026-08-01 10:37:38+07:00,2026-08-01 14:15:15+07:00,,
2104,530860080107,A06,BN HUB,Created,0.0085,2026-08-01,2026-08-01 10:08:59+07:00,,,
2105,530860470107,A06,BN HUB,Created,0.01,2026-08-01,2026-08-01 08:33:30+07:00,2026-08-01 11:00:29+07:00,,
2106,530860480107,A06,BN HUB,Created,0.014,2026-08-01,2026-08-01 10:11:01+07:00,,,
2107,530860910108,A06,BN HUB,Created,0.0175,2026-08-01,2026-08-01 10:18:05+07:00,,,
2108,530862720108,A06,BN HUB,Created,0.0055,2026-08-01,2026-08-01 16:32:54+07:00,,,
2109,530863280107,A06,BN HUB,Created,0.01,2026-08-01,2026-08-01 14:05:20+07:00,2026-08-01 16:28:27+07:00,,
2110,530865110108,A06,BN HUB,Created,0.0082,2026-08-01,2026-08-01 08:12:59+07:00,,,
2111,530865270107,A06,BN HUB,Created,0.0062,2026-08-01,2026-08-01 10:03:05+07:00,,,
2112,530866080107,A06,BN HUB,Created,0.0064,2026-08-01,2026-08-01 11:01:03+07:00,,,
2113,530866510108,A06,BN HUB,Created,0.0087,2026-08-01,2026-08-01 07:42:11+07:00,2026-08-01 15:18:37+07:00,,
2114,530867880107,A06,BN HUB,Created,0.009,2026-08-01,2026-08-01 11:27:57+07:00,2026-08-01 16:44:56+07:00,,
2115,530869080107,A06,BN HUB,Created,0.02,2026-08-01,2026-08-01 14:36:26+07:00,2026-08-01 15:05:11+07:00,,
2116,530871470107,A06,BN HUB,Created,0.02,2026-08-01,2026-08-01 08:35:27+07:00,2026-08-01 10:47:18+07:00,,
2117,530873080107,A06,BN HUB,Transporting,0.01,2026-08-01,2026-08-01 14:33:42+07:00,2026-08-01 15:08:23+07:00,2026-08-01 16:22:28+07:00,
2118,530873280107,A06,BN HUB,Transporting,0.01,2026-08-01,2026-08-01 14:33:42+07:00,2026-08-01 15:07:52+07:00,2026-08-01 16:22:56+07:00,
2119,530873480107,A06,BN HUB,Transporting,0.01,2026-08-01,2026-08-01 14:33:42+07:00,2026-08-01 15:07:55+07:00,2026-08-01 16:22:51+07:00,
2120,530874110108,A06,BN HUB,Created,0.005,2026-08-01,2026-08-01 11:17:58+07:00,,,
2121,530874280107,A06,BN HUB,Created,0.0053,2026-08-01,2026-08-01 13:42:14+07:00,2026-08-01 16:48:33+07:00,,
2122,530874520108,A06,BN HUB,Transporting,0.02,2026-08-01,2026-08-01 14:40:10+07:00,2026-08-01 15:05:38+07:00,2026-08-01 16:29:01+07:00,
2123,530875280107,A06,BN HUB,Transporting,0.01,2026-08-01,2026-08-01 14:07:50+07:00,2026-08-01 15:11:08+07:00,2026-08-01 16:01:34+07:00,
2124,530875300108,A06,BN HUB,Inbound,0.036,2026-08-01,2026-08-01 06:48:20+07:00,2026-08-01 14:05:23+07:00,,2026-08-01 15:08:54+07:00
2125,530875310108,A06,BN HUB,Transporting,0.008,2026-08-01,2026-08-01 13:02:33+07:00,2026-08-01 14:19:41+07:00,2026-08-01 14:19:56+07:00,
2126,530876070107,A06,BN HUB,Created,0.006,2026-08-01,2026-08-01 09:23:53+07:00,,,
2127,530876080107,A06,BN HUB,Created,0.0081,2026-08-01,2026-08-01 12:43:47+07:00,,,
2128,530876480107,A06,BN HUB,Created,0.0082,2026-08-01,2026-08-01 12:44:33+07:00,,,
2129,530876670107,A06,BN HUB,Created,0.0081,2026-08-01,2026-08-01 09:27:36+07:00,,,
2130,530876880107,A06,BN HUB,Created,0.0064,2026-08-01,2026-08-01 12:47:04+07:00,,,
2131,530878080107,A06,BN HUB,Created,0.0053,2026-08-01,2026-08-01 15:34:36+07:00,2026-08-01 15:43:56+07:00,,
2132,530878270107,A06,BN HUB,Created,0.005,2026-08-01,2026-08-01 08:48:02+07:00,,,
2133,530879110108,A06,BN HUB,Transporting,0.01,2026-08-01,2026-08-01 13:40:20+07:00,2026-08-01 15:21:05+07:00,2026-08-01 16:19:44+07:00,
2134,530879280107,A06,BN HUB,Created,0.01,2026-08-01,2026-08-01 16:39:11+07:00,,,
2135,530879310108,A06,BN HUB,Transporting,0.01,2026-08-01,2026-08-01 13:40:20+07:00,2026-08-01 15:21:03+07:00,2026-08-01 16:19:46+07:00,
2136,530879870107,A06,BN HUB,Created,0.0102,2026-08-01,2026-08-01 09:34:33+07:00,,,
2137,530880520108,A06,BN HUB,Transporting,0.0196,2026-08-01,2026-08-01 15:17:36+07:00,2026-08-01 16:23:50+07:00,2026-08-01 16:23:52+07:00,
2138,530881080107,A06,BN HUB,Created,0.0055,2026-08-01,2026-08-01 12:33:06+07:00,,,
2139,530881720108,A06,BN HUB,Created,0.013,2026-08-01,2026-08-01 15:49:16+07:00,,,
2140,530881880107,A06,BN HUB,Created,0.0063,2026-08-01,2026-08-01 12:35:02+07:00,,,
2141,530882070107,A06,BN HUB,Created,0.01,2026-08-01,2026-08-01 08:33:30+07:00,2026-08-01 11:01:00+07:00,,
2142,530883110108,A06,BN HUB,Transporting,0.0185,2026-08-01,2026-08-01 09:37:58+07:00,2026-08-01 10:07:50+07:00,2026-08-01 15:25:24+07:00,
2143,530884310108,A06,BN HUB,Created,0.0084,2026-08-01,2026-08-01 13:09:55+07:00,2026-08-01 15:35:31+07:00,,
2144,530884670107,A06,BN HUB,Created,0.0125,2026-08-01,2026-08-01 09:15:10+07:00,2026-08-01 11:32:58+07:00,,
2145,530885880107,A06,BN HUB,Created,0.0135,2026-08-01,2026-08-01 16:22:57+07:00,,,
2146,530886670107,A06,BN HUB,Transporting,0.0056,2026-08-01,2026-08-01 10:22:42+07:00,2026-08-01 14:18:35+07:00,2026-08-01 14:33:03+07:00,
2147,530887870107,A06,BN HUB,Created,0.0055,2026-08-01,2026-08-01 12:33:06+07:00,,,
2148,530887910108,A06,BN HUB,Created,0.0053,2026-08-01,2026-08-01 13:32:54+07:00,2026-08-01 15:47:19+07:00,,
2149,530888310108,A06,BN HUB,Created,0.0081,2026-08-01,2026-08-01 12:42:57+07:00,,,
2150,530888910108,A06,BN HUB,Transporting,0.0066,2026-08-01,2026-08-01 12:48:02+07:00,2026-08-01 15:44:45+07:00,2026-08-01 16:27:31+07:00,
2151,530891310108,A06,BN HUB,Created,0.01,2026-08-01,2026-08-01 13:35:57+07:00,,,
2152,530892080107,A06,BN HUB,Created,0.0054,2026-08-01,2026-08-01 14:31:29+07:00,,,
2153,530892100108,A06,BN HUB,Transporting,0.009,2026-08-01,2026-07-31 17:57:33+07:00,2026-08-01 15:43:31+07:00,2026-08-01 16:44:20+07:00,
2154,530892480107,A06,BN HUB,Transporting,0.01,2026-08-01,2026-08-01 14:33:42+07:00,2026-08-01 15:07:54+07:00,2026-08-01 16:22:52+07:00,
2155,530892510108,A06,BN HUB,Created,0.0059,2026-08-01,2026-08-01 13:13:43+07:00,2026-08-01 14:56:46+07:00,,
2156,530892680107,A06,BN HUB,Created,0.0055,2026-08-01,2026-08-01 14:35:59+07:00,,,
2157,530892910108,A06,BN HUB,Created,0.0065,2026-08-01,2026-08-01 13:15:18+07:00,2026-08-01 16:27:37+07:00,,
2158,530894880107,A06,BN HUB,Created,0.0053,2026-08-01,2026-08-01 15:48:19+07:00,2026-08-01 16:47:58+07:00,,
2159,530895510108,A06,BN HUB,Transporting,0.01,2026-08-01,2026-08-01 14:18:56+07:00,2026-08-01 15:09:30+07:00,2026-08-01 15:51:04+07:00,
2160,530895880107,A06,BN HUB,Created,0.01,2026-08-01,2026-08-01 16:44:32+07:00,,,
2161,530897080107,A06,BN HUB,Created,0.0117,2026-08-01,2026-08-01 16:26:41+07:00,,,
2162,530897470107,A06,BN HUB,Created,0.0053,2026-08-01,2026-08-01 10:32:08+07:00,,,
2163,530897480107,A06,BN HUB,Created,0.01,2026-08-01,2026-08-01 16:33:50+07:00,,,
2164,530899710108,A06,BN HUB,Created,0.01,2026-08-01,2026-08-01 13:32:16+07:00,2026-08-01 15:28:27+07:00,,
2165,530899880107,A06,BN HUB,Created,0.01,2026-08-01,2026-08-01 13:32:16+07:00,2026-08-01 15:28:35+07:00,,
2166,530900090107,A06,BN HUB,Created,0.013,2026-08-01,2026-08-01 13:19:35+07:00,2026-08-01 13:52:02+07:00,,
2167,530900290107,A06,BN HUB,Created,0.0063,2026-08-01,2026-08-01 13:21:05+07:00,,,
2168,530900330108,A06,BN HUB,Created,0.007,2026-08-01,2026-08-01 16:49:52+07:00,,,
2169,530901290107,A06,BN HUB,Created,0.01,2026-08-01,2026-08-01 13:35:42+07:00,2026-08-01 15:26:26+07:00,,
2170,530901490107,A06,BN HUB,Created,0.01,2026-08-01,2026-08-01 13:35:42+07:00,2026-08-01 15:26:07+07:00,,
2171,530902730108,A06,BN HUB,Created,0.0059,2026-08-01,2026-08-01 16:06:50+07:00,,,
2172,530903330108,A06,BN HUB,Created,0.015,2026-08-01,2026-08-01 16:31:04+07:00,,,
2173,530903690107,A06,BN HUB,Created,0.0053,2026-08-01,2026-08-01 16:07:57+07:00,2026-08-01 16:48:54+07:00,,
2174,530903720108,A06,BN HUB,Created,0.0052,2026-08-01,2026-08-01 14:06:51+07:00,2026-08-01 16:47:46+07:00,,
2175,530903920108,A06,BN HUB,Created,0.013,2026-08-01,2026-08-01 14:07:17+07:00,,,
2176,530904290107,A06,BN HUB,Created,0.0124,2026-08-01,2026-08-01 14:49:02+07:00,,,
2177,530904890107,A06,BN HUB,Created,0.0064,2026-08-01,2026-08-01 14:53:04+07:00,,,
2178,530905480107,A06,BN HUB,Created,0.0085,2026-08-01,2026-08-01 12:27:45+07:00,2026-08-01 15:18:26+07:00,,
2179,530905680107,A06,BN HUB,Transporting,0.0056,2026-08-01,2026-08-01 12:29:48+07:00,2026-08-01 14:18:29+07:00,2026-08-01 14:33:05+07:00,
2180,530906480107,A06,BN HUB,Created,0.0082,2026-08-01,2026-08-01 11:06:20+07:00,,,
2181,530906920108,A06,BN HUB,Created,0.0074,2026-08-01,2026-08-01 09:58:25+07:00,2026-08-01 13:28:56+07:00,,
2182,530907880107,A06,BN HUB,Created,0.0065,2026-08-01,2026-08-01 13:09:55+07:00,2026-08-01 15:34:49+07:00,,
2183,530908110108,A06,BN HUB,Transporting,0.01,2026-08-01,2026-08-01 07:29:37+07:00,2026-08-01 10:10:50+07:00,2026-08-01 15:49:59+07:00,
2184,530909470107,A06,BN HUB,Created,0.0054,2026-08-01,2026-07-31 16:12:11+07:00,2026-08-01 11:54:01+07:00,,
2185,530909680107,A06,BN HUB,Created,0.006,2026-08-01,2026-08-01 12:30:06+07:00,,,
2186,530909880107,A06,BN HUB,Created,0.0094,2026-08-01,2026-08-01 12:31:08+07:00,,,
2187,530909920108,A06,BN HUB,Created,0.0073,2026-08-01,2026-08-01 14:16:49+07:00,,,
2188,530910520108,A06,BN HUB,Created,0.0082,2026-08-01,2026-08-01 11:23:17+07:00,,,
2189,530911520108,A06,BN HUB,Created,0.0094,2026-08-01,2026-08-01 12:04:25+07:00,,,
2190,530912090107,A06,BN HUB,Created,0.0078,2026-08-01,2026-08-01 16:29:07+07:00,,,
2191,530912290107,A06,BN HUB,Created,0.011,2026-08-01,2026-08-01 16:31:04+07:00,,,
2192,530912490107,A06,BN HUB,Created,0.0055,2026-08-01,2026-08-01 16:32:54+07:00,,,
2193,530913080107,A06,BN HUB,Transporting,0.01,2026-08-01,2026-08-01 13:28:00+07:00,2026-08-01 15:27:54+07:00,2026-08-01 16:38:14+07:00,
2194,530913680107,A06,BN HUB,Transporting,0.02,2026-08-01,2026-08-01 13:30:36+07:00,2026-08-01 15:04:01+07:00,2026-08-01 15:59:00+07:00,
2195,530914080107,A06,BN HUB,Created,0.02,2026-08-01,2026-08-01 10:09:29+07:00,2026-08-01 11:05:59+07:00,,
2196,530915320108,A06,BN HUB,Created,0.0095,2026-08-01,2026-08-01 15:32:45+07:00,,,
2197,530917720108,A06,BN HUB,Transporting,0.01,2026-08-01,2026-08-01 14:33:42+07:00,2026-08-01 15:08:25+07:00,2026-08-01 16:22:01+07:00,
2198,530918310108,A06,BN HUB,Created,0.009,2026-08-01,2026-08-01 07:34:28+07:00,,,
2199,530919720108,A06,BN HUB,Created,0.0094,2026-08-01,2026-08-01 14:22:08+07:00,,,
2200,530920090107,A06,BN HUB,Created,0.01,2026-08-01,2026-08-01 14:02:25+07:00,2026-08-01 15:19:15+07:00,,
2201,530920690107,A06,BN HUB,Created,0.01,2026-08-01,2026-08-01 14:02:25+07:00,2026-08-01 15:19:11+07:00,,
2202,530921520108,A06,BN HUB,Created,0.005,2026-08-01,2026-08-01 15:04:50+07:00,,,
2203,530923680107,A06,BN HUB,Created,0.005,2026-08-01,2026-08-01 13:23:24+07:00,,,
2204,530924280107,A06,BN HUB,Inbound,0.0367,2026-08-01,2026-08-01 11:19:52+07:00,2026-08-01 14:23:41+07:00,2026-08-01 14:27:24+07:00,2026-08-01 15:39:54+07:00
2205,530924880107,A06,BN HUB,Transporting,0.0075,2026-08-01,2026-08-01 11:21:53+07:00,2026-08-01 13:52:41+07:00,2026-08-01 15:29:20+07:00,
2206,530925520108,A06,BN HUB,Created,0.006,2026-08-01,2026-08-01 12:14:39+07:00,,,
2207,530925670107,A06,BN HUB,Inbound,0.008,2026-08-01,2026-08-01 08:01:42+07:00,2026-08-01 13:38:52+07:00,2026-08-01 13:39:25+07:00,2026-08-01 16:47:49+07:00
2208,530925680107,A06,BN HUB,Created,0.0076,2026-08-01,2026-08-01 13:00:23+07:00,,,
2209,530925880107,A06,BN HUB,Created,0.0076,2026-08-01,2026-08-01 13:00:23+07:00,,,
2210,530926120108,A06,BN HUB,Transporting,0.01,2026-08-01,2026-08-01 14:33:42+07:00,2026-08-01 15:08:08+07:00,2026-08-01 16:23:13+07:00,
2211,530926720108,A06,BN HUB,Created,0.02,2026-08-01,2026-08-01 14:36:26+07:00,2026-08-01 15:04:51+07:00,,
2212,530928510108,A06,BN HUB,Transporting,0.0072,2026-08-01,2026-08-01 08:15:27+07:00,2026-08-01 12:43:25+07:00,2026-08-01 15:28:11+07:00,
2213,530929080107,A06,BN HUB,Transporting,0.01,2026-08-01,2026-08-01 08:37:39+07:00,2026-08-01 10:18:24+07:00,2026-08-01 16:23:45+07:00,
2214,530929470107,A06,BN HUB,Created,0.0094,2026-08-01,2026-08-01 07:33:32+07:00,2026-08-01 16:36:26+07:00,,
2215,530931320108,A06,BN HUB,Created,0.0098,2026-08-01,2026-08-01 13:08:11+07:00,,,
2216,530932520108,A06,BN HUB,Transporting,0.008,2026-08-01,2026-08-01 15:09:19+07:00,2026-08-01 16:45:44+07:00,2026-08-01 16:46:00+07:00,
2217,530932920108,A06,BN HUB,Created,0.01,2026-08-01,2026-08-01 15:13:46+07:00,,,
2218,530933720108,A06,BN HUB,Created,0.005,2026-08-01,2026-08-01 16:04:38+07:00,2026-08-01 16:43:19+07:00,,
2219,530934110108,A06,BN HUB,Transporting,0.005,2026-08-01,2026-08-01 09:02:32+07:00,2026-08-01 11:25:43+07:00,2026-08-01 15:27:41+07:00,
2220,530934480107,A06,BN HUB,Created,0.0064,2026-08-01,2026-08-01 12:23:03+07:00,,,
2221,530936490107,A06,BN HUB,Created,0.005,2026-08-01,2026-08-01 14:43:06+07:00,,,
2222,530936680107,A06,BN HUB,Created,0.0079,2026-08-01,2026-08-01 12:07:10+07:00,,,
2223,530936920108,A06,BN HUB,Transporting,0.006,2026-08-01,2026-08-01 13:03:57+07:00,2026-08-01 13:09:28+07:00,2026-08-01 16:01:19+07:00,
2224,530937080107,A06,BN HUB,Created,0.0051,2026-08-01,2026-08-01 13:06:22+07:00,,,
2225,530938710108,A06,BN HUB,Created,0.0086,2026-08-01,2026-07-31 20:35:34+07:00,2026-08-01 15:57:45+07:00,,
2226,530938920108,A06,BN HUB,Created,0.0151,2026-08-01,2026-08-01 14:33:25+07:00,,,
2227,530939280107,A06,BN HUB,Created,0.006,2026-08-01,2026-08-01 13:33:47+07:00,,,
2228,530939690107,A06,BN HUB,Created,0.0051,2026-08-01,2026-08-01 14:59:29+07:00,,,
2229,530939880107,A06,BN HUB,Created,0.01,2026-08-01,2026-08-01 13:35:41+07:00,2026-08-01 15:26:08+07:00,,
2230,530939920108,A06,BN HUB,Created,0.0094,2026-08-01,2026-08-01 15:39:38+07:00,,,
2231,530940110108,A06,BN HUB,Created,0.013,2026-08-01,2026-08-01 09:08:59+07:00,,,
2232,530940270107,A06,BN HUB,Created,0.006,2026-08-01,2026-08-01 08:11:00+07:00,2026-08-01 09:47:07+07:00,,
2233,530940320108,A06,BN HUB,Transporting,0.02,2026-08-01,2026-08-01 13:14:26+07:00,2026-08-01 15:39:07+07:00,2026-08-01 15:52:49+07:00,
2234,530942470107,A06,BN HUB,Created,0.0112,2026-08-01,2026-08-01 07:09:50+07:00,2026-08-01 15:22:05+07:00,,
2235,530942680107,A06,BN HUB,Created,0.012,2026-08-01,2026-08-01 08:55:14+07:00,2026-08-01 14:41:17+07:00,,
2236,530942720108,A06,BN HUB,Created,0.016,2026-08-01,2026-08-01 15:28:14+07:00,2026-08-01 15:42:38+07:00,,
2237,530943710108,A06,BN HUB,Created,0.01,2026-08-01,2026-08-01 11:28:28+07:00,2026-08-01 16:48:39+07:00,,
2238,530944080107,A06,BN HUB,Transporting,0.01,2026-08-01,2026-08-01 13:40:20+07:00,2026-08-01 15:20:38+07:00,2026-08-01 16:20:24+07:00,
2239,530944480107,A06,BN HUB,Transporting,0.0056,2026-08-01,2026-08-01 13:42:16+07:00,2026-08-01 14:18:52+07:00,2026-08-01 14:33:26+07:00,
2240,530944490107,A06,BN HUB,Created,0.006,2026-08-01,2026-08-01 15:37:17+07:00,,,
2241,530945480107,A06,BN HUB,Transporting,0.01,2026-08-01,2026-08-01 14:17:07+07:00,2026-08-01 15:10:14+07:00,2026-08-01 16:23:07+07:00,
2242,530946480107,A06,BN HUB,Transporting,0.01,2026-08-01,2026-08-01 13:40:19+07:00,2026-08-01 15:23:34+07:00,2026-08-01 16:16:59+07:00,
2243,530946880107,A06,BN HUB,Transporting,0.01,2026-08-01,2026-08-01 13:40:19+07:00,2026-08-01 15:23:52+07:00,2026-08-01 16:45:04+07:00,
2244,530948670107,A06,BN HUB,Created,0.0096,2026-08-01,2026-08-01 08:06:53+07:00,,,
2245,530949320108,A06,BN HUB,Created,0.0102,2026-08-01,2026-08-01 16:43:19+07:00,,,
2246,530949910108,A06,BN HUB,Transporting,0.01,2026-08-01,2026-08-01 09:01:32+07:00,2026-08-01 10:12:30+07:00,2026-08-01 15:48:18+07:00,
2247,530950520108,A06,BN HUB,Created,0.0053,2026-08-01,2026-08-01 13:42:14+07:00,2026-08-01 16:48:16+07:00,,
2248,530952080107,A06,BN HUB,Transporting,0.01,2026-08-01,2026-08-01 13:40:19+07:00,2026-08-01 15:23:57+07:00,2026-08-01 16:45:09+07:00,
2249,530952120108,A06,BN HUB,Transporting,0.01,2026-08-01,2026-08-01 13:40:19+07:00,2026-08-01 15:22:55+07:00,2026-08-01 16:19:22+07:00,
2250,530952880107,A06,BN HUB,Transporting,0.01,2026-08-01,2026-08-01 13:40:20+07:00,2026-08-01 15:22:18+07:00,2026-08-01 16:17:45+07:00,
2251,530952920108,A06,BN HUB,Transporting,0.01,2026-08-01,2026-08-01 13:40:20+07:00,2026-08-01 15:22:48+07:00,2026-08-01 16:20:05+07:00,
2252,530953110108,A06,BN HUB,Transporting,0.0051,2026-08-01,2026-08-01 11:21:40+07:00,2026-08-01 15:59:02+07:00,2026-08-01 16:14:56+07:00,
2253,530953120108,A06,BN HUB,Transporting,0.01,2026-08-01,2026-08-01 13:49:14+07:00,2026-08-01 15:24:34+07:00,2026-08-01 16:16:54+07:00,
2254,530953470107,A06,BN HUB,Transporting,0.01,2026-08-01,2026-08-01 09:01:32+07:00,2026-08-01 10:12:22+07:00,2026-08-01 15:48:28+07:00,
2255,530953870107,A06,BN HUB,Transporting,0.005,2026-08-01,2026-08-01 09:02:31+07:00,2026-08-01 11:25:40+07:00,2026-08-01 15:27:40+07:00,
2256,530954670107,A06,BN HUB,Transporting,0.02,2026-08-01,2026-08-01 09:03:10+07:00,2026-08-01 10:49:24+07:00,2026-08-01 15:53:27+07:00,
2257,530955910108,A06,BN HUB,Transporting,0.02,2026-08-01,2026-08-01 07:32:04+07:00,2026-08-01 10:50:24+07:00,2026-08-01 15:52:45+07:00,
2258,530956680107,A06,BN HUB,Created,0.019,2026-08-01,2026-08-01 13:38:53+07:00,2026-08-01 15:44:19+07:00,,
2259,530960510108,A06,BN HUB,Created,0.01,2026-08-01,2026-08-01 10:21:11+07:00,,,
2260,530961080107,A06,BN HUB,Created,0.008,2026-08-01,2026-08-01 10:35:00+07:00,2026-08-01 16:29:21+07:00,,
2261,530961710108,A06,BN HUB,Created,0.0164,2026-08-01,2026-08-01 11:40:39+07:00,,,
2262,530962120108,A06,BN HUB,Created,0.0102,2026-08-01,2026-08-01 16:38:58+07:00,,,
2263,530962680107,A06,BN HUB,Transporting,0.01,2026-08-01,2026-08-01 13:40:19+07:00,2026-08-01 15:24:10+07:00,2026-08-01 16:45:44+07:00,
2264,530962720108,A06,BN HUB,Created,0.0088,2026-08-01,2026-08-01 16:46:22+07:00,,,
2265,530963080107,A06,BN HUB,Created,0.015,2026-08-01,2026-08-01 14:08:45+07:00,,,
2266,530963710108,A06,BN HUB,Inbound,0.0058,2026-08-01,2026-08-01 08:04:18+07:00,2026-08-01 13:37:03+07:00,2026-08-01 13:37:16+07:00,2026-08-01 16:50:47+07:00
2267,530964310108,A06,BN HUB,Created,0.013,2026-08-01,2026-08-01 08:04:39+07:00,2026-08-01 13:52:40+07:00,,
2268,530964480107,A06,BN HUB,Transporting,0.008,2026-08-01,2026-08-01 15:08:23+07:00,2026-08-01 16:46:32+07:00,2026-08-01 16:46:41+07:00,
2269,530964670107,A06,BN HUB,Transporting,0.01,2026-08-01,2026-08-01 08:48:37+07:00,2026-08-01 10:39:08+07:00,2026-08-01 16:25:25+07:00,
2270,530965070107,A06,BN HUB,Created,0.008,2026-08-01,2026-08-01 10:06:27+07:00,2026-08-01 11:34:27+07:00,,
2271,530965870107,A06,BN HUB,Created,0.02,2026-08-01,2026-08-01 10:09:29+07:00,2026-08-01 11:05:58+07:00,,
2272,530967470107,A06,BN HUB,Transporting,0.02,2026-08-01,2026-08-01 09:03:10+07:00,2026-08-01 10:49:29+07:00,2026-08-01 15:53:24+07:00,
2273,530969880107,A06,BN HUB,Created,0.0102,2026-08-01,2026-08-01 14:50:33+07:00,,,
2274,530970070107,A06,BN HUB,Transporting,0.008,2026-08-01,2026-08-01 08:05:00+07:00,2026-08-01 13:38:45+07:00,2026-08-01 13:39:36+07:00,
2275,530970880107,A06,BN HUB,Transporting,0.02,2026-08-01,2026-08-01 14:06:09+07:00,2026-08-01 15:12:51+07:00,2026-08-01 16:27:54+07:00,
2276,530972280107,A06,BN HUB,Created,0.0061,2026-08-01,2026-08-01 13:59:02+07:00,,,
2277,530974080107,A06,BN HUB,Transporting,0.0061,2026-08-01,2026-08-01 13:44:21+07:00,2026-08-01 15:30:40+07:00,2026-08-01 15:31:51+07:00,
2278,530975500108,A06,BN HUB,Transporting,0.01,2026-08-01,2026-08-01 07:15:22+07:00,2026-08-01 10:16:08+07:00,2026-08-01 15:59:18+07:00,
2279,530976870107,A06,BN HUB,Created,0.008,2026-08-01,2026-08-01 09:40:16+07:00,,,
2280,530977670107,A06,BN HUB,Created,0.007,2026-08-01,2026-08-01 10:29:59+07:00,,,
2281,530978310108,A06,BN HUB,Transporting,0.01,2026-08-01,2026-08-01 13:08:18+07:00,2026-08-01 14:52:53+07:00,2026-08-01 15:45:51+07:00,
2282,530978710108,A06,BN HUB,Transporting,0.01,2026-08-01,2026-08-01 13:08:19+07:00,2026-08-01 14:52:31+07:00,2026-08-01 15:46:38+07:00,
2283,530978870107,A06,BN HUB,Transporting,0.01,2026-08-01,2026-08-01 08:54:01+07:00,2026-08-01 10:59:45+07:00,2026-08-01 16:00:04+07:00,
2284,530979070107,A06,BN HUB,Created,0.0102,2026-08-01,2026-08-01 09:34:33+07:00,,,
2285,530980110108,A06,BN HUB,Transporting,0.01,2026-08-01,2026-08-01 13:08:19+07:00,2026-08-01 14:54:34+07:00,2026-08-01 15:44:13+07:00,
2286,530981720108,A06,BN HUB,Created,0.006,2026-08-01,2026-08-01 15:51:25+07:00,,,
2287,530984120108,A06,BN HUB,Created,0.012,2026-08-01,2026-08-01 15:45:50+07:00,,,
2288,530986270107,A06,BN HUB,Created,0.008,2026-08-01,2026-08-01 10:30:44+07:00,,,
2289,530986280107,A06,BN HUB,Created,0.02,2026-08-01,2026-08-01 14:36:26+07:00,2026-08-01 15:05:01+07:00,,
2290,530986480107,A06,BN HUB,Created,0.02,2026-08-01,2026-08-01 14:36:26+07:00,2026-08-01 15:05:24+07:00,,
2291,530986510108,A06,BN HUB,Created,0.007,2026-08-01,2026-08-01 12:48:31+07:00,,,
2292,530986670107,A06,BN HUB,Created,0.0095,2026-08-01,2026-08-01 10:42:47+07:00,2026-08-01 15:09:09+07:00,,
2293,530986680107,A06,BN HUB,Created,0.02,2026-08-01,2026-08-01 14:36:26+07:00,2026-08-01 15:05:15+07:00,,
2294,530987670107,A06,BN HUB,Created,0.0094,2026-08-01,2026-08-01 12:39:04+07:00,,,
2295,530987870107,A06,BN HUB,Created,0.0061,2026-08-01,2026-08-01 12:39:44+07:00,,,
2296,530988910108,A06,BN HUB,Created,0.013,2026-08-01,2026-08-01 12:57:17+07:00,,,
2297,530989080107,A06,BN HUB,Created,0.0446,2026-08-01,2026-08-01 16:03:02+07:00,,,
2298,530989670107,A06,BN HUB,Created,0.02,2026-08-01,2026-08-01 00:08:54+07:00,2026-08-01 16:19:33+07:00,,
2299,530990510108,A06,BN HUB,Created,0.0085,2026-08-01,2026-08-01 13:05:10+07:00,,,
2300,530990680107,A06,BN HUB,Created,0.005,2026-08-01,2026-08-01 15:17:25+07:00,,,
2301,530992710108,A06,BN HUB,Created,0.0081,2026-08-01,2026-08-01 13:22:23+07:00,,,
2302,530993100108,A06,BN HUB,Created,0.0095,2026-08-01,2026-08-01 08:15:08+07:00,2026-08-01 15:09:11+07:00,,
2303,530993300108,A06,BN HUB,Transporting,0.0098,2026-08-01,2026-08-01 08:16:05+07:00,2026-08-01 13:28:54+07:00,2026-08-01 15:29:03+07:00,
2304,530993470107,A06,BN HUB,Created,0.0055,2026-08-01,2026-08-01 11:02:15+07:00,2026-08-01 15:30:18+07:00,,
2305,530993710108,A06,BN HUB,Created,0.0058,2026-08-01,2026-08-01 13:58:03+07:00,,,
2306,530994080107,A06,BN HUB,Created,0.0055,2026-08-01,2026-08-01 15:48:28+07:00,,,
2307,530994480107,A06,BN HUB,Created,0.0102,2026-08-01,2026-08-01 15:49:11+07:00,,,
2308,530995480107,A06,BN HUB,Created,0.0093,2026-08-01,2026-08-01 16:49:48+07:00,,,
2309,530996310108,A06,BN HUB,Created,0.006,2026-08-01,2026-08-01 12:54:33+07:00,,,
2310,530996480107,A06,BN HUB,Created,0.008,2026-08-01,2026-08-01 15:51:25+07:00,,,
2311,530997070107,A06,BN HUB,Transporting,0.0065,2026-08-01,2026-08-01 10:41:33+07:00,2026-08-01 12:43:06+07:00,2026-08-01 15:28:09+07:00,
2312,530997480107,A06,BN HUB,Created,0.007,2026-08-01,2026-08-01 16:44:32+07:00,,,
2313,530997880107,A06,BN HUB,Created,0.0094,2026-08-01,2026-08-01 16:49:21+07:00,,,
2314,530998480107,A06,BN HUB,Created,0.0125,2026-08-01,2026-08-01 13:14:32+07:00,2026-08-01 16:35:23+07:00,,
2315,530998880107,A06,BN HUB,Created,0.0065,2026-08-01,2026-08-01 13:15:18+07:00,2026-08-01 16:27:32+07:00,,
2316,530999280107,A06,BN HUB,Created,0.01,2026-08-01,2026-08-01 13:32:16+07:00,2026-08-01 15:28:18+07:00,,
2317,530002920108,A09,CT NINH KIỀU,Created,0.0085,2026-08-01,2026-08-01 13:05:09+07:00,,,
2318,530004880107,A09,CT NINH KIỀU,Transporting,0.0064,2026-08-01,2026-08-01 09:48:14+07:00,2026-08-01 14:43:33+07:00,2026-08-01 14:43:36+07:00,
2319,530006320108,A09,CT NINH KIỀU,Created,0.006,2026-08-01,2026-08-01 09:47:06+07:00,,,
2320,530011990107,A09,CT NINH KIỀU,Inbound,0.006,2026-08-01,2026-08-01 15:30:38+07:00,,2026-07-30 22:02:22+07:00,2026-08-01 15:30:38+07:00
2321,530022690107,A09,CT NINH KIỀU,Created,0.0064,2026-08-01,2026-08-01 16:37:07+07:00,,,
2322,530024890107,A09,CT NINH KIỀU,Created,0.0093,2026-08-01,2026-08-01 16:10:18+07:00,,,
2323,530025120108,A09,CT NINH KIỀU,Created,0.006,2026-08-01,2026-08-01 11:55:57+07:00,2026-08-01 11:57:48+07:00,,
2324,530026670107,A09,CT NINH KIỀU,Created,0.0087,2026-08-01,2026-07-31 16:23:01+07:00,2026-08-01 11:38:13+07:00,,
2325,530026970107,A09,CT NINH KIỀU,Inbound,0.012,2026-08-01,2026-08-01 16:01:51+07:00,,2026-07-30 21:26:22+07:00,2026-08-01 16:01:51+07:00
2326,530030080107,A09,CT NINH KIỀU,Created,0.0051,2026-08-01,2026-08-01 06:51:20+07:00,2026-08-01 09:38:52+07:00,,
2327,530030280107,A09,CT NINH KIỀU,Created,0.0051,2026-08-01,2026-08-01 06:51:20+07:00,2026-08-01 09:38:53+07:00,,
2328,530032520108,A09,CT NINH KIỀU,Transporting,0.01,2026-08-01,2026-08-01 14:18:56+07:00,2026-08-01 15:09:34+07:00,2026-08-01 15:51:09+07:00,
2329,530040670107,A09,CT NINH KIỀU,Transporting,0.01,2026-08-01,2026-08-01 07:29:37+07:00,2026-08-01 10:11:23+07:00,2026-08-01 15:49:29+07:00,
2330,530041070107,A09,CT NINH KIỀU,Created,0.008,2026-08-01,2026-08-01 08:12:57+07:00,,,
2331,530041880107,A09,CT NINH KIỀU,Created,0.015,2026-08-01,2026-08-01 08:43:40+07:00,2026-08-01 11:22:22+07:00,,
2332,530047110108,A09,CT NINH KIỀU,Transporting,0.0087,2026-08-01,2026-07-31 21:28:17+07:00,2026-08-01 13:26:03+07:00,2026-08-01 15:28:49+07:00,
2333,530048280107,A09,CT NINH KIỀU,Created,0.006,2026-08-01,2026-08-01 09:08:14+07:00,2026-08-01 09:14:18+07:00,,
2334,530061470107,A09,CT NINH KIỀU,Transporting,0.0051,2026-08-01,2026-08-01 08:43:29+07:00,2026-08-01 13:03:33+07:00,2026-08-01 16:00:42+07:00,
2335,530066670107,A09,CT NINH KIỀU,Created,0.01,2026-08-01,2026-08-01 07:39:42+07:00,,,
2336,530068510108,A09,CT NINH KIỀU,Created,0.012,2026-08-01,2026-08-01 08:30:39+07:00,2026-08-01 11:22:23+07:00,,
2337,530075520108,A09,CT NINH KIỀU,Created,0.0073,2026-08-01,2026-08-01 14:44:21+07:00,,,
2338,530076270107,A09,CT NINH KIỀU,Transporting,0.01,2026-08-01,2026-08-01 08:31:58+07:00,2026-08-01 10:43:46+07:00,2026-08-01 16:23:25+07:00,
2339,530077070107,A09,CT NINH KIỀU,Inbound,0.0051,2026-08-01,2026-08-01 09:41:30+07:00,2026-08-01 13:33:40+07:00,2026-08-01 13:34:08+07:00,2026-08-01 16:42:03+07:00
2340,530079480107,A09,CT NINH KIỀU,Created,0.005,2026-08-01,2026-08-01 15:49:13+07:00,2026-08-01 16:38:06+07:00,,
2341,530080110108,A09,CT NINH KIỀU,Transporting,0.01,2026-08-01,2026-08-01 11:20:31+07:00,2026-08-01 16:43:31+07:00,2026-08-01 16:43:37+07:00,
2342,530081320108,A09,CT NINH KIỀU,Created,0.0063,2026-08-01,2026-08-01 15:32:05+07:00,2026-08-01 16:47:19+07:00,,
2343,530085260107,A09,CT NINH KIỀU,Created,0.0088,2026-08-01,2026-07-31 14:32:34+07:00,2026-08-01 12:50:37+07:00,,
2344,530085880107,A09,CT NINH KIỀU,Created,0.005,2026-08-01,2026-08-01 15:49:13+07:00,2026-08-01 16:37:14+07:00,,
2345,530086870107,A09,CT NINH KIỀU,Transporting,0.008,2026-08-01,2026-08-01 09:25:53+07:00,2026-08-01 11:24:25+07:00,2026-08-01 15:27:25+07:00,
2346,530088880107,A09,CT NINH KIỀU,Created,0.0092,2026-08-01,2026-08-01 14:08:12+07:00,,,
2347,530090100108,A09,CT NINH KIỀU,Created,0.0051,2026-08-01,2026-07-31 13:37:15+07:00,2026-08-01 14:58:43+07:00,,
2348,530097080107,A09,CT NINH KIỀU,Transporting,0.0051,2026-08-01,2026-08-01 15:52:22+07:00,2026-08-01 16:26:12+07:00,2026-08-01 16:27:14+07:00,
2349,530099270107,A09,CT NINH KIỀU,Created,0.016,2026-08-01,2026-08-01 10:17:03+07:00,,,
2350,530102520108,A09,CT NINH KIỀU,Transporting,0.0063,2026-08-01,2026-08-01 13:06:16+07:00,2026-08-01 14:48:01+07:00,2026-08-01 15:54:52+07:00,
2351,530104120108,A09,CT NINH KIỀU,Transporting,0.02,2026-08-01,2026-08-01 13:30:36+07:00,2026-08-01 15:03:59+07:00,2026-08-01 15:58:49+07:00,
2352,530111480107,A09,CT NINH KIỀU,Transporting,0.01,2026-08-01,2026-08-01 07:29:37+07:00,2026-08-01 10:11:45+07:00,2026-08-01 15:49:07+07:00,
2353,530112680107,A09,CT NINH KIỀU,Created,0.0058,2026-08-01,2026-08-01 10:57:20+07:00,,,
2354,530118690107,A09,CT NINH KIỀU,Created,0.0081,2026-08-01,2026-08-01 16:09:42+07:00,,,
2355,530118720108,A09,CT NINH KIỀU,Created,0.0111,2026-08-01,2026-08-01 13:37:54+07:00,,,
2356,530121690107,A09,CT NINH KIỀU,Created,0.0057,2026-08-01,2026-08-01 14:02:57+07:00,2026-08-01 16:51:08+07:00,,
2357,530122480107,A09,CT NINH KIỀU,Created,0.006,2026-08-01,2026-08-01 10:47:50+07:00,,,
2358,530123120108,A09,CT NINH KIỀU,Transporting,0.0051,2026-08-01,2026-08-01 10:52:06+07:00,2026-08-01 14:33:26+07:00,2026-08-01 14:33:37+07:00,
2359,530129180107,A09,CT NINH KIỀU,Inbound,0.0062,2026-08-01,2026-08-01 16:35:18+07:00,,2026-07-30 21:07:42+07:00,2026-08-01 16:35:18+07:00
2360,530130520108,A09,CT NINH KIỀU,Created,0.0051,2026-08-01,2026-08-01 12:20:50+07:00,,,
2361,530130720108,A09,CT NINH KIỀU,Created,0.0051,2026-08-01,2026-08-01 12:20:50+07:00,,,
2362,530135280107,A09,CT NINH KIỀU,Created,0.0061,2026-08-01,2026-08-01 12:39:20+07:00,,,
2363,530137680107,A09,CT NINH KIỀU,Created,0.0051,2026-08-01,2026-08-01 12:20:50+07:00,,,
2364,530138120108,A09,CT NINH KIỀU,Transporting,0.0051,2026-08-01,2026-08-01 14:02:11+07:00,2026-08-01 16:43:14+07:00,2026-08-01 16:43:30+07:00,
2365,530140280107,A09,CT NINH KIỀU,Created,0.0089,2026-08-01,2026-08-01 08:28:04+07:00,,,
2366,530143470107,A09,CT NINH KIỀU,Transporting,0.01,2026-08-01,2026-08-01 07:29:37+07:00,2026-08-01 10:11:27+07:00,2026-08-01 15:49:25+07:00,
2367,530143680107,A09,CT NINH KIỀU,Transporting,0.01,2026-08-01,2026-08-01 09:01:31+07:00,2026-08-01 10:12:08+07:00,2026-08-01 15:48:44+07:00,
2368,530145670107,A09,CT NINH KIỀU,Created,0.012,2026-08-01,2026-08-01 07:04:53+07:00,,,
2369,530149520108,A09,CT NINH KIỀU,Created,0.0446,2026-08-01,2026-08-01 16:02:16+07:00,,,
2370,530151480107,A09,CT NINH KIỀU,Transporting,0.0055,2026-08-01,2026-08-01 09:34:32+07:00,2026-08-01 10:46:33+07:00,2026-08-01 14:46:14+07:00,
2371,530152080107,A09,CT NINH KIỀU,Transporting,0.01,2026-08-01,2026-08-01 13:08:19+07:00,2026-08-01 14:52:09+07:00,2026-08-01 15:47:03+07:00,
2372,530153080107,A09,CT NINH KIỀU,Created,0.0063,2026-08-01,2026-08-01 13:45:03+07:00,,,
2373,530155680107,A09,CT NINH KIỀU,Created,0.0063,2026-08-01,2026-08-01 10:18:58+07:00,2026-08-01 12:21:11+07:00,,
2374,530155770107,A09,CT NINH KIỀU,Inbound,0.0078,2026-08-01,2026-08-01 14:47:43+07:00,,2026-07-31 00:17:00+07:00,2026-08-01 14:47:43+07:00
2375,530163880107,A09,CT NINH KIỀU,Created,0.0055,2026-08-01,2026-08-01 13:43:29+07:00,2026-08-01 15:37:15+07:00,,
2376,530165920108,A09,CT NINH KIỀU,Created,0.0103,2026-08-01,2026-08-01 13:57:24+07:00,2026-08-01 16:42:15+07:00,,
2377,530169280107,A09,CT NINH KIỀU,Created,0.0075,2026-08-01,2026-08-01 14:03:42+07:00,,,
2378,530171270107,A09,CT NINH KIỀU,Created,0.006,2026-08-01,2026-08-01 08:11:09+07:00,2026-08-01 08:20:34+07:00,,
2379,530175680107,A09,CT NINH KIỀU,Created,0.0165,2026-08-01,2026-08-01 13:55:49+07:00,,,
2380,530182110108,A09,CT NINH KIỀU,Transporting,0.0094,2026-08-01,2026-08-01 08:59:47+07:00,2026-08-01 13:15:37+07:00,2026-08-01 15:28:26+07:00,
2381,530188080107,A09,CT NINH KIỀU,Created,0.008,2026-08-01,2026-08-01 14:08:27+07:00,,,
2382,530190310108,A09,CT NINH KIỀU,Created,0.0075,2026-08-01,2026-08-01 11:56:44+07:00,2026-08-01 16:19:27+07:00,,
2383,530190710108,A09,CT NINH KIỀU,Transporting,0.0055,2026-08-01,2026-08-01 11:58:13+07:00,2026-08-01 16:04:19+07:00,2026-08-01 16:16:54+07:00,
2384,530192710108,A09,CT NINH KIỀU,Created,0.0053,2026-08-01,2026-08-01 12:57:23+07:00,2026-08-01 16:44:05+07:00,,
2385,530193480107,A09,CT NINH KIỀU,Created,0.0051,2026-08-01,2026-08-01 14:51:57+07:00,2026-08-01 15:11:44+07:00,,
2386,530195480107,A09,CT NINH KIỀU,Created,0.0098,2026-08-01,2026-08-01 15:51:38+07:00,2026-08-01 16:41:56+07:00,,
2387,530200730108,A09,CT NINH KIỀU,Created,0.005,2026-08-01,2026-08-01 16:04:39+07:00,2026-08-01 16:44:21+07:00,,
2388,530202080107,A09,CT NINH KIỀU,Transporting,0.01,2026-08-01,2026-08-01 07:29:37+07:00,2026-08-01 10:11:20+07:00,2026-08-01 15:49:31+07:00,
2389,530202120108,A09,CT NINH KIỀU,Created,0.0102,2026-08-01,2026-08-01 13:08:15+07:00,,,
2390,530203890107,A09,CT NINH KIỀU,Created,0.005,2026-08-01,2026-08-01 15:49:13+07:00,2026-08-01 16:38:39+07:00,,
2391,530204480107,A09,CT NINH KIỀU,Created,0.0071,2026-08-01,2026-08-01 09:55:41+07:00,,,
2392,530210050107,A09,CT NINH KIỀU,Inbound,0.01,2026-08-01,2026-08-01 14:48:44+07:00,,2026-07-31 00:09:43+07:00,2026-08-01 14:48:44+07:00
2393,530210490107,A09,CT NINH KIỀU,Created,0.0059,2026-08-01,2026-08-01 16:37:07+07:00,,,
2394,530214680107,A09,CT NINH KIỀU,Inbound,0.0051,2026-08-01,2026-08-01 09:44:46+07:00,2026-08-01 13:34:24+07:00,2026-08-01 13:34:32+07:00,2026-08-01 16:39:54+07:00
2395,530214690107,A09,CT NINH KIỀU,Created,0.0051,2026-08-01,2026-08-01 16:18:43+07:00,,,
2396,530220880107,A09,CT NINH KIỀU,Created,0.0058,2026-08-01,2026-08-01 10:36:28+07:00,2026-08-01 15:44:17+07:00,,
2397,530221890107,A09,CT NINH KIỀU,Created,0.0077,2026-08-01,2026-08-01 14:04:40+07:00,,,
2398,530222490107,A09,CT NINH KIỀU,Created,0.007,2026-08-01,2026-08-01 16:50:00+07:00,,,
2399,530222680107,A09,CT NINH KIỀU,Created,0.011,2026-08-01,2026-08-01 10:52:17+07:00,2026-08-01 15:32:46+07:00,,
2400,530225480107,A09,CT NINH KIỀU,Transporting,0.0055,2026-08-01,2026-08-01 11:58:13+07:00,2026-08-01 16:00:31+07:00,2026-08-01 16:15:51+07:00,
2401,530232680107,A09,CT NINH KIỀU,Created,0.0082,2026-08-01,2026-08-01 09:15:10+07:00,2026-08-01 11:33:06+07:00,,
2402,530233440107,A09,CT NINH KIỀU,Inbound,0.0053,2026-08-01,2026-08-01 15:50:18+07:00,,2026-07-30 21:32:55+07:00,2026-08-01 15:50:18+07:00
2403,530233680107,A09,CT NINH KIỀU,Created,0.0128,2026-08-01,2026-08-01 10:20:01+07:00,2026-08-01 15:32:28+07:00,,
2404,530235380107,A09,CT NINH KIỀU,Inbound,0.0062,2026-08-01,2026-08-01 14:52:49+07:00,,2026-07-31 00:10:06+07:00,2026-08-01 14:52:49+07:00
2405,530238520108,A09,CT NINH KIỀU,Created,0.01,2026-08-01,2026-08-01 14:02:50+07:00,,,
2406,530250270107,A09,CT NINH KIỀU,Created,0.0051,2026-08-01,2026-07-31 21:56:08+07:00,2026-08-01 11:50:26+07:00,,
2407,530251890107,A09,CT NINH KIỀU,Created,0.0098,2026-08-01,2026-08-01 16:04:32+07:00,2026-08-01 16:40:25+07:00,,
2408,530253080107,A09,CT NINH KIỀU,Created,0.008,2026-08-01,2026-08-01 13:51:13+07:00,,,
2409,530254670107,A09,CT NINH KIỀU,Transporting,0.01,2026-08-01,2026-08-01 08:23:47+07:00,2026-08-01 12:05:03+07:00,2026-08-01 12:09:20+07:00,
2410,530256480107,A09,CT NINH KIỀU,Created,0.0094,2026-08-01,2026-08-01 13:12:47+07:00,,,
2411,530261310108,A09,CT NINH KIỀU,Created,0.007,2026-08-01,2026-08-01 10:44:02+07:00,2026-08-01 15:40:34+07:00,,
2412,530278680107,A09,CT NINH KIỀU,Created,0.02,2026-08-01,2026-08-01 14:36:26+07:00,2026-08-01 15:05:22+07:00,,
2413,530279070107,A09,CT NINH KIỀU,Transporting,0.005,2026-08-01,2026-08-01 09:02:31+07:00,2026-08-01 11:25:28+07:00,2026-08-01 15:27:35+07:00,
2414,530282480107,A09,CT NINH KIỀU,Created,0.0103,2026-08-01,2026-08-01 14:45:33+07:00,,,
2415,530284320108,A09,CT NINH KIỀU,Created,0.008,2026-08-01,2026-08-01 15:25:16+07:00,,,
2416,530287080107,A09,CT NINH KIỀU,Created,0.007,2026-08-01,2026-08-01 14:54:57+07:00,,,
2417,530291080107,A09,CT NINH KIỀU,Created,0.0175,2026-08-01,2026-08-01 15:43:47+07:00,2026-08-01 15:47:29+07:00,,
2418,530296280107,A09,CT NINH KIỀU,Created,0.0153,2026-08-01,2026-08-01 14:58:05+07:00,2026-08-01 15:45:23+07:00,,
2419,530309480107,A09,CT NINH KIỀU,Created,0.0094,2026-08-01,2026-08-01 11:18:33+07:00,2026-08-01 13:57:43+07:00,,
2420,530318690107,A09,CT NINH KIỀU,Created,0.005,2026-08-01,2026-08-01 16:33:12+07:00,,,
2421,530324690107,A09,CT NINH KIỀU,Created,0.007,2026-08-01,2026-08-01 16:44:09+07:00,,,
2422,530325720108,A09,CT NINH KIỀU,Transporting,0.0085,2026-08-01,2026-08-01 12:02:17+07:00,2026-08-01 14:15:59+07:00,2026-08-01 14:16:16+07:00,
2423,530328720108,A09,CT NINH KIỀU,Created,0.006,2026-08-01,2026-08-01 14:26:51+07:00,,,
2424,530331110108,A09,CT NINH KIỀU,Created,0.006,2026-08-01,2026-08-01 08:43:09+07:00,2026-08-01 10:07:42+07:00,,
2425,530337320108,A09,CT NINH KIỀU,Transporting,0.0085,2026-08-01,2026-08-01 13:05:53+07:00,2026-08-01 14:54:11+07:00,2026-08-01 14:54:21+07:00,
2426,530347270107,A09,CT NINH KIỀU,Transporting,0.01,2026-08-01,2026-08-01 09:04:26+07:00,2026-08-01 10:44:32+07:00,2026-08-01 16:08:58+07:00,
2427,530349560107,A09,CT NINH KIỀU,Inbound,0.0063,2026-08-01,2026-08-01 15:21:53+07:00,,2026-07-30 22:04:25+07:00,2026-08-01 15:21:53+07:00
2428,530350110108,A09,CT NINH KIỀU,Transporting,0.01,2026-08-01,2026-08-01 08:48:37+07:00,2026-08-01 10:39:09+07:00,2026-08-01 16:25:26+07:00,
2429,530354720108,A09,CT NINH KIỀU,Created,0.0098,2026-08-01,2026-08-01 16:04:32+07:00,2026-08-01 16:39:31+07:00,,
2430,530357880107,A09,CT NINH KIỀU,Created,0.008,2026-08-01,2026-08-01 13:51:13+07:00,,,
2431,530361080107,A09,CT NINH KIỀU,Created,0.007,2026-08-01,2026-08-01 10:17:36+07:00,2026-08-01 11:43:02+07:00,,
2432,530365080107,A09,CT NINH KIỀU,Created,0.0082,2026-08-01,2026-08-01 15:32:12+07:00,,,
2433,530366480107,A09,CT NINH KIỀU,Created,0.014,2026-08-01,2026-08-01 10:51:36+07:00,,,
2434,530366510108,A09,CT NINH KIỀU,Created,0.0105,2026-08-01,2026-08-01 06:33:25+07:00,2026-08-01 16:47:03+07:00,,
2435,530373480107,A09,CT NINH KIỀU,Transporting,0.0072,2026-08-01,2026-08-01 14:10:42+07:00,2026-08-01 16:15:30+07:00,2026-08-01 16:15:32+07:00,
2436,530376480107,A09,CT NINH KIỀU,Created,0.0098,2026-08-01,2026-08-01 12:20:50+07:00,,,
2437,530377300108,A09,CT NINH KIỀU,Transporting,0.0081,2026-08-01,2026-07-31 17:35:07+07:00,2026-08-01 16:48:38+07:00,2026-08-01 16:49:28+07:00,
2438,530380080107,A09,CT NINH KIỀU,Created,0.0203,2026-08-01,2026-08-01 11:45:02+07:00,,,
2439,530398470107,A09,CT NINH KIỀU,Created,0.013,2026-08-01,2026-08-01 09:31:20+07:00,,,
2440,530399300108,A09,CT NINH KIỀU,Created,0.0053,2026-08-01,2026-08-01 06:38:26+07:00,2026-08-01 16:47:17+07:00,,
2441,530402930108,A09,CT NINH KIỀU,Created,0.005,2026-08-01,2026-08-01 16:04:32+07:00,2026-08-01 16:39:47+07:00,,
2442,530406920108,A09,CT NINH KIỀU,Created,0.0058,2026-08-01,2026-08-01 09:51:15+07:00,,,
2443,530407640107,A09,CT NINH KIỀU,Inbound,0.0053,2026-08-01,2026-08-01 15:30:21+07:00,,2026-07-30 21:55:57+07:00,2026-08-01 15:30:21+07:00
2444,530409710108,A09,CT NINH KIỀU,Created,0.006,2026-08-01,2026-08-01 08:11:09+07:00,2026-08-01 08:20:45+07:00,,
2445,530409910108,A09,CT NINH KIỀU,Created,0.008,2026-08-01,2026-08-01 08:12:57+07:00,,,
2446,530410320108,A09,CT NINH KIỀU,Created,0.0051,2026-08-01,2026-08-01 11:00:43+07:00,,,
2447,530419710108,A09,CT NINH KIỀU,Created,0.008,2026-08-01,2026-08-01 08:12:57+07:00,,,
2448,530423320108,A09,CT NINH KIỀU,Transporting,0.0059,2026-08-01,2026-08-01 10:58:08+07:00,2026-08-01 12:27:36+07:00,2026-08-01 16:38:51+07:00,
2449,530423520108,A09,CT NINH KIỀU,Transporting,0.0059,2026-08-01,2026-08-01 10:58:08+07:00,2026-08-01 12:26:26+07:00,2026-08-01 16:39:14+07:00,
2450,530424270107,A09,CT NINH KIỀU,Created,0.0095,2026-08-01,2026-07-31 16:58:02+07:00,2026-08-01 15:41:43+07:00,,
2451,530424320108,A09,CT NINH KIỀU,Transporting,0.0078,2026-08-01,2026-08-01 11:29:14+07:00,2026-08-01 14:19:24+07:00,2026-08-01 14:19:26+07:00,
2452,530430080107,A09,CT NINH KIỀU,Transporting,0.008,2026-08-01,2026-08-01 07:35:19+07:00,2026-08-01 11:23:09+07:00,2026-08-01 15:26:49+07:00,
2453,530431680107,A09,CT NINH KIỀU,Created,0.0088,2026-08-01,2026-08-01 08:36:32+07:00,2026-08-01 11:40:16+07:00,,
2454,530442080107,A09,CT NINH KIỀU,Transporting,0.0051,2026-08-01,2026-08-01 08:43:29+07:00,2026-08-01 13:03:23+07:00,2026-08-01 16:01:46+07:00,
2455,530448270107,A09,CT NINH KIỀU,Transporting,0.0065,2026-08-01,2026-08-01 07:36:07+07:00,2026-08-01 10:07:02+07:00,2026-08-01 15:25:21+07:00,
2456,530449870107,A09,CT NINH KIỀU,Transporting,0.01,2026-08-01,2026-08-01 08:31:59+07:00,2026-08-01 10:43:45+07:00,2026-08-01 16:23:28+07:00,
2457,530452310108,A09,CT NINH KIỀU,Created,0.007,2026-08-01,2026-08-01 09:48:38+07:00,2026-08-01 11:43:22+07:00,,
2458,530466080107,A09,CT NINH KIỀU,Created,0.0085,2026-08-01,2026-08-01 10:52:15+07:00,,,
2459,530472510108,A09,CT NINH KIỀU,Created,0.0051,2026-08-01,2026-08-01 08:43:23+07:00,,,
2460,530475080107,A09,CT NINH KIỀU,Created,0.02,2026-08-01,2026-08-01 13:55:50+07:00,,,
2461,530476980107,A09,CT NINH KIỀU,Inbound,0.0085,2026-08-01,2026-08-01 14:41:21+07:00,,2026-07-31 00:22:13+07:00,2026-08-01 14:41:21+07:00
2462,530477630107,A09,CT NINH KIỀU,Inbound,0.018,2026-08-01,2026-08-01 15:03:07+07:00,,2026-07-30 23:43:50+07:00,2026-08-01 15:03:07+07:00
2463,530479080107,A09,CT NINH KIỀU,Created,0.0098,2026-08-01,2026-08-01 16:04:32+07:00,2026-08-01 16:40:18+07:00,,
2464,530479670107,A09,CT NINH KIỀU,Created,0.0067,2026-08-01,2026-08-01 09:11:43+07:00,2026-08-01 11:25:03+07:00,,
2465,530487680107,A09,CT NINH KIỀU,Transporting,0.0051,2026-08-01,2026-08-01 15:09:11+07:00,2026-08-01 16:44:46+07:00,2026-08-01 16:44:51+07:00,
2466,530489110108,A09,CT NINH KIỀU,Transporting,0.01,2026-08-01,2026-08-01 13:08:19+07:00,2026-08-01 14:52:28+07:00,2026-08-01 15:46:46+07:00,
2467,530489830107,A09,CT NINH KIỀU,Inbound,0.006,2026-08-01,2026-08-01 15:48:33+07:00,,2026-07-30 21:55:13+07:00,2026-08-01 15:48:33+07:00
2468,530492270107,A09,CT NINH KIỀU,Created,0.0094,2026-08-01,2026-08-01 09:33:36+07:00,2026-08-01 13:28:52+07:00,,
2469,530494110108,A09,CT NINH KIỀU,Transporting,0.01,2026-08-01,2026-08-01 13:35:42+07:00,2026-08-01 15:25:56+07:00,2026-08-01 16:47:02+07:00,
2470,530503510108,A09,CT NINH KIỀU,Created,0.0055,2026-08-01,2026-08-01 07:19:01+07:00,2026-08-01 10:47:14+07:00,,
2471,530506880107,A09,CT NINH KIỀU,Transporting,0.0051,2026-08-01,2026-08-01 10:52:37+07:00,2026-08-01 14:33:31+07:00,2026-08-01 14:33:40+07:00,
2472,530511080107,A09,CT NINH KIỀU,Transporting,0.008,2026-08-01,2026-08-01 07:37:42+07:00,2026-08-01 11:23:42+07:00,2026-08-01 15:27:05+07:00,
2473,530512090107,A09,CT NINH KIỀU,Created,0.0062,2026-08-01,2026-08-01 16:04:05+07:00,,,
2474,530516320108,A09,CT NINH KIỀU,Created,0.012,2026-08-01,2026-08-01 13:47:27+07:00,2026-08-01 16:25:34+07:00,,
2475,530517720108,A09,CT NINH KIỀU,Transporting,0.0052,2026-08-01,2026-08-01 14:12:52+07:00,2026-08-01 16:14:40+07:00,2026-08-01 16:14:45+07:00,
2476,530518850107,A09,CT NINH KIỀU,Inbound,0.006,2026-08-01,2026-08-01 15:33:41+07:00,,2026-07-30 21:57:25+07:00,2026-08-01 15:33:41+07:00
2477,530520320108,A09,CT NINH KIỀU,Created,0.0064,2026-08-01,2026-08-01 14:06:51+07:00,2026-08-01 16:47:52+07:00,,
2478,530522680107,A09,CT NINH KIỀU,Created,0.006,2026-08-01,2026-08-01 11:24:57+07:00,2026-08-01 15:37:17+07:00,,
2479,530529320108,A09,CT NINH KIỀU,Created,0.005,2026-08-01,2026-08-01 15:49:13+07:00,2026-08-01 16:38:58+07:00,,
2480,530529510108,A09,CT NINH KIỀU,Transporting,0.01,2026-08-01,2026-08-01 08:44:29+07:00,2026-08-01 10:58:24+07:00,2026-08-01 16:04:48+07:00,
2481,530535910108,A09,CT NINH KIỀU,Transporting,0.0051,2026-08-01,2026-08-01 09:48:14+07:00,2026-08-01 15:02:37+07:00,2026-08-01 15:02:46+07:00,
2482,530538090107,A09,CT NINH KIỀU,Transporting,0.01,2026-08-01,2026-08-01 14:18:56+07:00,2026-08-01 15:09:47+07:00,2026-08-01 15:50:40+07:00,
2483,530540920108,A09,CT NINH KIỀU,Created,0.007,2026-08-01,2026-08-01 13:09:52+07:00,,,
2484,530545090107,A09,CT NINH KIỀU,Created,0.005,2026-08-01,2026-08-01 15:49:13+07:00,2026-08-01 16:38:34+07:00,,
2485,530550510108,A09,CT NINH KIỀU,Created,0.006,2026-08-01,2026-08-01 09:06:08+07:00,2026-08-01 15:44:34+07:00,,
2486,530551510108,A09,CT NINH KIỀU,Created,0.0072,2026-08-01,2026-08-01 10:07:18+07:00,2026-08-01 16:29:40+07:00,,
2487,530554520108,A09,CT NINH KIỀU,Created,0.009,2026-08-01,2026-08-01 16:16:40+07:00,2026-08-01 16:47:28+07:00,,
2488,530554680107,A09,CT NINH KIỀU,Transporting,0.008,2026-08-01,2026-08-01 09:58:16+07:00,2026-08-01 16:04:27+07:00,2026-08-01 16:06:04+07:00,
2489,530556280107,A09,CT NINH KIỀU,Transporting,0.01,2026-08-01,2026-08-01 13:28:00+07:00,2026-08-01 15:27:12+07:00,2026-08-01 16:37:33+07:00,
2490,530564080107,A09,CT NINH KIỀU,Created,0.0094,2026-08-01,2026-08-01 14:20:14+07:00,2026-08-01 16:46:47+07:00,,
2491,530565670107,A09,CT NINH KIỀU,Created,0.0066,2026-08-01,2026-08-01 09:44:30+07:00,2026-08-01 11:26:15+07:00,,
2492,530573110108,A09,CT NINH KIỀU,Created,0.005,2026-08-01,2026-08-01 09:50:40+07:00,2026-08-01 11:03:25+07:00,,
2493,530581120108,A09,CT NINH KIỀU,Created,0.0081,2026-08-01,2026-08-01 15:42:44+07:00,,,
2494,530596470107,A09,CT NINH KIỀU,Transporting,0.0096,2026-08-01,2026-08-01 09:28:37+07:00,2026-08-01 14:01:49+07:00,2026-08-01 15:29:39+07:00,
2495,530599700108,A09,CT NINH KIỀU,Transporting,0.016,2026-08-01,2026-08-01 07:23:43+07:00,2026-08-01 11:57:04+07:00,2026-08-01 12:13:07+07:00,
2496,530604310108,A09,CT NINH KIỀU,Created,0.0088,2026-08-01,2026-07-31 13:57:42+07:00,2026-08-01 15:01:03+07:00,,
2497,530607520108,A09,CT NINH KIỀU,Created,0.016,2026-08-01,2026-08-01 10:17:03+07:00,,,
2498,530610710108,A09,CT NINH KIỀU,Created,0.0051,2026-08-01,2026-08-01 06:55:45+07:00,2026-08-01 09:39:05+07:00,,
2499,530611320108,A09,CT NINH KIỀU,Transporting,0.0055,2026-08-01,2026-08-01 11:58:13+07:00,2026-08-01 16:03:10+07:00,2026-08-01 16:22:10+07:00,
2500,530616120108,A09,CT NINH KIỀU,Created,0.0094,2026-08-01,2026-08-01 13:49:31+07:00,,,
2501,530624680107,A09,CT NINH KIỀU,Transporting,0.0059,2026-08-01,2026-08-01 10:58:08+07:00,2026-08-01 12:26:08+07:00,2026-08-01 16:38:29+07:00,
2502,530626080107,A09,CT NINH KIỀU,Transporting,0.01,2026-08-01,2026-08-01 07:29:37+07:00,2026-08-01 10:10:49+07:00,2026-08-01 15:50:00+07:00,
2503,530629110108,A09,CT NINH KIỀU,Created,0.018,2026-08-01,2026-08-01 08:45:17+07:00,2026-08-01 09:28:06+07:00,,
2504,530631320108,A09,CT NINH KIỀU,Transporting,0.0051,2026-08-01,2026-08-01 13:05:53+07:00,2026-08-01 14:32:24+07:00,2026-08-01 14:32:29+07:00,
2505,530641710108,A09,CT NINH KIỀU,Transporting,0.005,2026-08-01,2026-08-01 09:56:07+07:00,2026-08-01 11:04:50+07:00,2026-08-01 15:26:23+07:00,
2506,530646510108,A09,CT NINH KIỀU,Created,0.0055,2026-08-01,2026-07-31 19:34:16+07:00,2026-08-01 10:11:10+07:00,,
2507,530650120108,A09,CT NINH KIỀU,Transporting,0.01,2026-08-01,2026-08-01 13:40:20+07:00,2026-08-01 15:22:17+07:00,2026-08-01 16:17:46+07:00,
2508,530654110108,A09,CT NINH KIỀU,Created,0.0051,2026-08-01,2026-08-01 06:55:45+07:00,2026-08-01 09:39:06+07:00,,
2509,530654720108,A09,CT NINH KIỀU,Created,0.008,2026-08-01,2026-08-01 16:33:50+07:00,,,
2510,530662120108,A09,CT NINH KIỀU,Created,0.0052,2026-08-01,2026-08-01 16:14:42+07:00,,,
2511,530669910108,A09,CT NINH KIỀU,Transporting,0.005,2026-08-01,2026-08-01 09:50:39+07:00,2026-08-01 11:03:40+07:00,2026-08-01 15:25:55+07:00,
2512,530674920108,A09,CT NINH KIỀU,Created,0.02,2026-08-01,2026-08-01 14:36:26+07:00,2026-08-01 15:05:21+07:00,,
2513,530675920108,A09,CT NINH KIỀU,Created,0.005,2026-08-01,2026-08-01 15:04:50+07:00,,,
2514,530681080107,A09,CT NINH KIỀU,Created,0.007,2026-08-01,2026-08-01 12:24:22+07:00,,,
2515,530682670107,A09,CT NINH KIỀU,Created,0.0113,2026-08-01,2026-08-01 08:29:43+07:00,2026-08-01 11:10:55+07:00,,
2516,530684110108,A09,CT NINH KIỀU,Transporting,0.01,2026-08-01,2026-08-01 13:08:18+07:00,2026-08-01 14:52:14+07:00,2026-08-01 15:46:58+07:00,
2517,530689270107,A09,CT NINH KIỀU,Created,0.006,2026-08-01,2026-07-31 22:07:10+07:00,2026-08-01 11:45:16+07:00,,
2518,530692680107,A09,CT NINH KIỀU,Created,0.01,2026-08-01,2026-08-01 14:23:57+07:00,,,
2519,530697910108,A09,CT NINH KIỀU,Created,0.0053,2026-08-01,2026-08-01 13:13:13+07:00,2026-08-01 16:44:03+07:00,,
2520,530699080107,A09,CT NINH KIỀU,Transporting,0.01,2026-08-01,2026-08-01 13:28:00+07:00,2026-08-01 15:27:34+07:00,2026-08-01 16:38:01+07:00,
2521,530702130108,A09,CT NINH KIỀU,Created,0.005,2026-08-01,2026-08-01 16:04:38+07:00,2026-08-01 16:43:44+07:00,,
2522,530704680107,A09,CT NINH KIỀU,Created,0.0059,2026-08-01,2026-08-01 10:48:00+07:00,,,
2523,530720580107,A09,CT NINH KIỀU,Inbound,0.0065,2026-08-01,2026-08-01 14:43:19+07:00,,2026-07-30 22:06:11+07:00,2026-08-01 14:43:19+07:00
2524,530724720108,A09,CT NINH KIỀU,Transporting,0.0052,2026-08-01,2026-08-01 11:44:26+07:00,2026-08-01 14:00:37+07:00,2026-08-01 14:00:39+07:00,
2525,530732880107,A09,CT NINH KIỀU,Transporting,0.0051,2026-08-01,2026-08-01 09:48:14+07:00,2026-08-01 15:02:36+07:00,2026-08-01 15:02:45+07:00,
2526,530733680107,A09,CT NINH KIỀU,Transporting,0.0059,2026-08-01,2026-08-01 10:58:08+07:00,2026-08-01 12:26:57+07:00,2026-08-01 16:38:31+07:00,
2527,530734110108,A09,CT NINH KIỀU,Created,0.0095,2026-08-01,2026-08-01 08:50:11+07:00,2026-08-01 11:02:37+07:00,,
2528,530734710108,A09,CT NINH KIỀU,Transporting,0.01,2026-08-01,2026-08-01 08:54:01+07:00,2026-08-01 10:59:46+07:00,2026-08-01 16:00:05+07:00,
2529,530745880107,A09,CT NINH KIỀU,Created,0.039,2026-08-01,2026-08-01 14:11:28+07:00,,,
2530,530751090107,A09,CT NINH KIỀU,Created,0.0101,2026-08-01,2026-08-01 16:14:12+07:00,,,
2531,530755280107,A09,CT NINH KIỀU,Created,0.009,2026-08-01,2026-08-01 10:35:54+07:00,,,
2532,530756850107,A09,CT NINH KIỀU,Inbound,0.0053,2026-08-01,2026-08-01 15:50:05+07:00,,2026-07-30 21:28:47+07:00,2026-08-01 15:50:05+07:00
2533,530756920108,A09,CT NINH KIỀU,Transporting,0.01,2026-08-01,2026-08-01 13:40:20+07:00,2026-08-01 15:22:02+07:00,2026-08-01 16:18:16+07:00,
2534,530757320108,A09,CT NINH KIỀU,Created,0.008,2026-08-01,2026-08-01 13:51:14+07:00,,,
2535,530757720108,A09,CT NINH KIỀU,Created,0.008,2026-08-01,2026-08-01 13:51:14+07:00,,,
2536,530761700108,A09,CT NINH KIỀU,Created,0.0135,2026-08-01,2026-07-31 13:37:55+07:00,2026-08-01 14:58:36+07:00,,
2537,530765110108,A09,CT NINH KIỀU,Created,0.006,2026-08-01,2026-08-01 08:11:09+07:00,2026-08-01 08:20:43+07:00,,
2538,530765280107,A09,CT NINH KIỀU,Created,0.008,2026-08-01,2026-08-01 15:54:29+07:00,,,
2539,530776510108,A09,CT NINH KIỀU,Created,0.0109,2026-08-01,2026-08-01 08:13:03+07:00,,,
2540,530776710108,A09,CT NINH KIỀU,Transporting,0.0182,2026-08-01,2026-08-01 08:13:13+07:00,2026-08-01 12:00:13+07:00,2026-08-01 15:01:25+07:00,
2541,530780520108,A09,CT NINH KIỀU,Created,0.0061,2026-08-01,2026-08-01 15:15:14+07:00,,,
2542,530784910108,A09,CT NINH KIỀU,Created,0.0058,2026-08-01,2026-08-01 13:09:19+07:00,,,
2543,530786510108,A09,CT NINH KIỀU,Created,0.006,2026-08-01,2026-08-01 12:02:06+07:00,,,
2544,530787110108,A09,CT NINH KIỀU,Created,0.0156,2026-08-01,2026-08-01 13:21:18+07:00,,,
2545,530797110108,A09,CT NINH KIỀU,Created,0.006,2026-08-01,2026-08-01 13:13:34+07:00,2026-08-01 16:41:24+07:00,,
2546,530797270107,A09,CT NINH KIỀU,Transporting,0.0056,2026-08-01,2026-08-01 10:22:42+07:00,2026-08-01 14:18:37+07:00,2026-08-01 14:32:43+07:00,
2547,530803280107,A09,CT NINH KIỀU,Transporting,0.016,2026-08-01,2026-08-01 08:14:52+07:00,2026-08-01 12:00:24+07:00,2026-08-01 15:01:41+07:00,
2548,530803690107,A09,CT NINH KIỀU,Created,0.005,2026-08-01,2026-08-01 16:04:38+07:00,2026-08-01 16:43:24+07:00,,
2549,530806970107,A09,CT NINH KIỀU,Inbound,0.0062,2026-08-01,2026-08-01 16:35:58+07:00,,2026-07-30 21:01:57+07:00,2026-08-01 16:35:58+07:00
2550,530810910108,A09,CT NINH KIỀU,Transporting,0.01,2026-08-01,2026-08-01 07:29:37+07:00,2026-08-01 10:10:48+07:00,2026-08-01 15:50:02+07:00,
2551,530811980107,A09,CT NINH KIỀU,Inbound,0.01,2026-08-01,2026-08-01 15:03:45+07:00,,2026-07-30 23:44:20+07:00,2026-08-01 15:03:45+07:00
2552,530816680107,A09,CT NINH KIỀU,Created,0.01,2026-08-01,2026-08-01 08:33:30+07:00,2026-08-01 11:00:49+07:00,,
2553,530824880107,A09,CT NINH KIỀU,Created,0.009,2026-08-01,2026-08-01 11:14:19+07:00,,,
2554,530825270107,A09,CT NINH KIỀU,Transporting,0.0098,2026-08-01,2026-08-01 07:52:32+07:00,2026-08-01 13:28:24+07:00,2026-08-01 15:29:01+07:00,
2555,530825280107,A09,CT NINH KIỀU,Created,0.011,2026-08-01,2026-08-01 12:54:33+07:00,,,
2556,530825480107,A09,CT NINH KIỀU,Created,0.006,2026-08-01,2026-08-01 12:54:33+07:00,,,
2557,530831880107,A09,CT NINH KIỀU,Transporting,0.01,2026-08-01,2026-08-01 08:54:01+07:00,2026-08-01 10:59:46+07:00,2026-08-01 16:00:06+07:00,
2558,530842480107,A09,CT NINH KIỀU,Transporting,0.01,2026-08-01,2026-08-01 08:54:01+07:00,2026-08-01 10:59:27+07:00,2026-08-01 15:59:41+07:00,
2559,530845090107,A09,CT NINH KIỀU,Created,0.01,2026-08-01,2026-08-01 15:53:59+07:00,,,
2560,530846110108,A09,CT NINH KIỀU,Created,0.007,2026-08-01,2026-07-31 20:20:59+07:00,2026-08-01 11:26:17+07:00,,
2561,530849080107,A09,CT NINH KIỀU,Created,0.0056,2026-08-01,2026-08-01 09:45:53+07:00,2026-08-01 11:25:39+07:00,,
2562,530851480107,A09,CT NINH KIỀU,Created,0.0066,2026-08-01,2026-08-01 09:44:30+07:00,2026-08-01 11:26:11+07:00,,
2563,530853480107,A09,CT NINH KIỀU,Created,0.011,2026-08-01,2026-08-01 14:02:43+07:00,,,
2564,530857080107,A09,CT NINH KIỀU,Transporting,0.0051,2026-08-01,2026-08-01 14:03:42+07:00,2026-08-01 16:43:17+07:00,2026-08-01 16:43:34+07:00,
2565,530861470107,A09,CT NINH KIỀU,Created,0.02,2026-08-01,2026-08-01 09:36:40+07:00,,,
2566,530868310108,A09,CT NINH KIỀU,Created,0.008,2026-08-01,2026-08-01 09:02:10+07:00,,,
2567,530871870107,A09,CT NINH KIỀU,Created,0.0069,2026-08-01,2026-08-01 08:36:38+07:00,2026-08-01 11:01:01+07:00,,
2568,530873910108,A09,CT NINH KIỀU,Created,0.0058,2026-08-01,2026-08-01 10:14:20+07:00,,,
2569,530881320108,A09,CT NINH KIỀU,Created,0.005,2026-08-01,2026-08-01 15:49:13+07:00,2026-08-01 16:37:24+07:00,,
2570,530881920108,A09,CT NINH KIỀU,Transporting,0.0086,2026-08-01,2026-08-01 15:49:27+07:00,2026-08-01 16:42:33+07:00,2026-08-01 16:42:35+07:00,
2571,530884270107,A09,CT NINH KIỀU,Created,0.0091,2026-08-01,2026-08-01 09:12:25+07:00,2026-08-01 10:33:18+07:00,,
2572,530886470107,A09,CT NINH KIỀU,Transporting,0.0056,2026-08-01,2026-08-01 10:22:42+07:00,2026-08-01 14:19:01+07:00,2026-08-01 14:32:40+07:00,
2573,530890880107,A09,CT NINH KIỀU,Created,0.0094,2026-08-01,2026-08-01 15:12:54+07:00,,,
2574,530896510108,A09,CT NINH KIỀU,Created,0.0154,2026-08-01,2026-08-01 12:53:16+07:00,,,
2575,530897110108,A09,CT NINH KIỀU,Transporting,0.02,2026-08-01,2026-08-01 13:14:26+07:00,2026-08-01 15:37:49+07:00,2026-08-01 15:52:04+07:00,
2576,530899300108,A09,CT NINH KIỀU,Created,0.0135,2026-08-01,2026-08-01 07:36:25+07:00,2026-08-01 11:28:22+07:00,,
2577,530905280107,A09,CT NINH KIỀU,Created,0.006,2026-08-01,2026-08-01 12:26:54+07:00,2026-08-01 14:54:26+07:00,,
2578,530907980107,A09,CT NINH KIỀU,Inbound,0.0062,2026-08-01,2026-08-01 14:42:38+07:00,,2026-07-31 00:12:30+07:00,2026-08-01 14:42:38+07:00
2579,530912320108,A09,CT NINH KIỀU,Created,0.006,2026-08-01,2026-08-01 13:34:42+07:00,,,
2580,530920250107,A09,CT NINH KIỀU,Inbound,0.0085,2026-08-01,2026-08-01 15:01:48+07:00,,2026-07-30 23:53:22+07:00,2026-08-01 15:01:48+07:00
2581,530922180107,A09,CT NINH KIỀU,Inbound,0.008,2026-08-01,2026-08-01 15:25:46+07:00,,2026-07-30 22:02:40+07:00,2026-08-01 15:25:46+07:00
2582,530929910108,A09,CT NINH KIỀU,Created,0.018,2026-08-01,2026-08-01 09:21:30+07:00,2026-08-01 16:49:41+07:00,,
2583,530933120108,A09,CT NINH KIỀU,Created,0.0064,2026-08-01,2026-08-01 16:04:05+07:00,,,
2584,530933290107,A09,CT NINH KIỀU,Created,0.0085,2026-08-01,2026-08-01 14:23:09+07:00,,,
2585,530940870107,A09,CT NINH KIỀU,Created,0.008,2026-08-01,2026-08-01 08:12:57+07:00,,,
2586,530942310108,A09,CT NINH KIỀU,Transporting,0.005,2026-08-01,2026-08-01 09:50:37+07:00,2026-08-01 11:03:20+07:00,2026-08-01 15:25:42+07:00,
2587,530947270107,A09,CT NINH KIỀU,Transporting,0.0125,2026-08-01,2026-08-01 09:49:21+07:00,2026-08-01 14:41:54+07:00,2026-08-01 14:41:53+07:00,
2588,530947670107,A09,CT NINH KIỀU,Created,0.005,2026-08-01,2026-08-01 09:50:42+07:00,2026-08-01 11:03:27+07:00,,
2589,530948270107,A09,CT NINH KIỀU,Created,0.0065,2026-08-01,2026-08-01 08:04:45+07:00,,,
2590,530958180107,A09,CT NINH KIỀU,Inbound,0.0135,2026-08-01,2026-08-01 15:33:18+07:00,,2026-07-30 21:56:12+07:00,2026-08-01 15:33:18+07:00
2591,530961270107,A09,CT NINH KIỀU,Transporting,0.0056,2026-08-01,2026-08-01 09:42:02+07:00,2026-08-01 15:59:37+07:00,2026-08-01 16:15:59+07:00,
2592,530964880107,A09,CT NINH KIỀU,Created,0.0165,2026-08-01,2026-08-01 15:11:37+07:00,2026-08-01 15:44:23+07:00,,
2593,530972840107,A09,CT NINH KIỀU,Inbound,0.0083,2026-08-01,2026-08-01 15:21:38+07:00,,2026-07-30 22:09:06+07:00,2026-08-01 15:21:38+07:00
2594,530974120108,A09,CT NINH KIỀU,Created,0.0055,2026-08-01,2026-08-01 14:42:19+07:00,,,
2595,530977470107,A09,CT NINH KIỀU,Created,0.0055,2026-08-01,2026-08-01 10:29:51+07:00,2026-08-01 11:12:44+07:00,,
2596,530985520108,A09,CT NINH KIỀU,Created,0.0375,2026-08-01,2026-08-01 16:02:16+07:00,,,
2597,530987500108,A09,CT NINH KIỀU,Created,0.015,2026-08-01,2026-08-01 07:56:27+07:00,2026-08-01 10:59:08+07:00,,
2598,530989180107,A09,CT NINH KIỀU,Inbound,0.0108,2026-08-01,2026-08-01 15:34:30+07:00,,2026-07-30 21:56:40+07:00,2026-08-01 15:34:30+07:00
2599,530995080107,A09,CT NINH KIỀU,Created,0.0055,2026-08-01,2026-08-01 16:45:44+07:00,,,
2600,530997300108,A09,CT NINH KIỀU,Created,0.0062,2026-08-01,2026-07-31 17:49:55+07:00,2026-08-01 10:58:36+07:00,,
2601,530997670107,A09,CT NINH KIỀU,Created,0.006,2026-08-01,2026-08-01 10:44:51+07:00,,,
2602,530000320108,X,DT TN,Created,0.006,2026-08-01,2026-08-01 13:32:31+07:00,,,
2603,530011080107,X,DT TN,Created,0.0057,2026-08-01,2026-08-01 07:23:57+07:00,,,
2604,530012720108,X,DT TN,Transporting,0.01,2026-08-01,2026-08-01 13:08:18+07:00,2026-08-01 14:52:47+07:00,2026-08-01 15:45:55+07:00,
2605,530013920108,X,DT TN,Created,0.006,2026-08-01,2026-08-01 13:38:57+07:00,,,
2606,530017050107,X,DT TN,Inbound,0.0098,2026-08-01,2026-08-01 14:43:31+07:00,,2026-07-30 23:56:34+07:00,2026-08-01 14:43:31+07:00
2607,530023920108,X,DT TN,Transporting,0.0051,2026-08-01,2026-08-01 10:52:06+07:00,2026-08-01 14:33:26+07:00,2026-08-01 14:33:36+07:00,
2608,530026380107,X,DT TN,Inbound,0.0051,2026-08-01,2026-08-01 16:48:02+07:00,,2026-07-30 21:04:28+07:00,2026-08-01 16:48:02+07:00
2609,530028880107,X,DT TN,Created,0.0068,2026-08-01,2026-08-01 08:16:13+07:00,,,
2610,530029580107,X,DT TN,Inbound,0.0062,2026-08-01,2026-08-01 16:26:54+07:00,,2026-07-30 21:06:32+07:00,2026-08-01 16:26:54+07:00
2611,530032490107,X,DT TN,Transporting,0.0085,2026-08-01,2026-08-01 14:02:43+07:00,2026-08-01 16:46:29+07:00,2026-08-01 16:46:40+07:00,
2612,530034510108,X,DT TN,Transporting,0.0052,2026-08-01,2026-08-01 08:18:01+07:00,2026-08-01 08:58:48+07:00,2026-08-01 12:30:37+07:00,
2613,530039080107,X,DT TN,Created,0.0098,2026-08-01,2026-08-01 13:01:55+07:00,,,
2614,530042620107,X,DT TN,Inbound,0.0066,2026-08-01,2026-08-01 15:08:45+07:00,,2026-07-30 23:40:17+07:00,2026-08-01 15:08:45+07:00
2615,530044680107,X,DT TN,Created,0.01,2026-08-01,2026-08-01 13:11:15+07:00,,,
2616,530046920108,X,DT TN,Created,0.006,2026-08-01,2026-08-01 15:08:38+07:00,2026-08-01 15:37:09+07:00,,
2617,530047680107,X,DT TN,Transporting,0.01,2026-08-01,2026-08-01 13:40:20+07:00,2026-08-01 15:20:54+07:00,2026-08-01 16:19:59+07:00,
2618,530049500108,X,DT TN,Created,0.013,2026-08-01,2026-07-31 15:33:08+07:00,2026-08-01 08:32:22+07:00,,
2619,530051840107,X,DT TN,Inbound,0.0065,2026-08-01,2026-08-01 14:53:20+07:00,,2026-07-30 23:49:58+07:00,2026-08-01 14:53:20+07:00
2620,530054720108,X,DT TN,Created,0.008,2026-08-01,2026-08-01 15:54:29+07:00,,,
2621,530056680107,X,DT TN,Transporting,0.01,2026-08-01,2026-08-01 13:08:19+07:00,2026-08-01 14:54:35+07:00,2026-08-01 15:44:13+07:00,
2622,530060270107,X,DT TN,Inbound,0.0051,2026-08-01,2026-08-01 08:02:16+07:00,2026-08-01 13:33:38+07:00,2026-08-01 13:34:03+07:00,2026-08-01 16:38:07+07:00
2623,530061670107,X,DT TN,Transporting,0.01,2026-08-01,2026-08-01 08:44:29+07:00,2026-08-01 10:58:21+07:00,2026-08-01 16:04:45+07:00,
2624,530065270107,X,DT TN,Transporting,0.01,2026-08-01,2026-08-01 08:54:01+07:00,2026-08-01 11:00:02+07:00,2026-08-01 16:00:29+07:00,
2625,530071970107,X,DT TN,Inbound,0.0064,2026-08-01,2026-08-01 14:52:29+07:00,,2026-07-31 00:09:09+07:00,2026-08-01 14:52:29+07:00
2626,530073510108,X,DT TN,Created,0.0055,2026-08-01,2026-08-01 09:25:14+07:00,,,
2627,530075920108,X,DT TN,Created,0.0082,2026-08-01,2026-08-01 14:46:32+07:00,,,
2628,530084280107,X,DT TN,Transporting,0.01,2026-08-01,2026-08-01 14:33:42+07:00,2026-08-01 15:08:26+07:00,2026-08-01 16:22:02+07:00,
2629,530085120108,X,DT TN,Created,0.0055,2026-08-01,2026-08-01 15:48:33+07:00,,,
2630,530085520108,X,DT TN,Created,0.005,2026-08-01,2026-08-01 15:49:13+07:00,2026-08-01 16:38:31+07:00,,
2631,530091910108,X,DT TN,Transporting,0.01,2026-08-01,2026-08-01 13:08:19+07:00,2026-08-01 14:54:25+07:00,2026-08-01 15:44:24+07:00,
2632,530094080107,X,DT TN,Created,0.0065,2026-08-01,2026-08-01 14:53:03+07:00,,,
2633,530098310108,X,DT TN,Transporting,0.0051,2026-08-01,2026-08-01 12:02:50+07:00,2026-08-01 14:35:35+07:00,2026-08-01 14:35:53+07:00,
2634,530098480107,X,DT TN,Transporting,0.01,2026-08-01,2026-08-01 13:08:18+07:00,2026-08-01 14:53:32+07:00,2026-08-01 15:45:15+07:00,
2635,530103320108,X,DT TN,Transporting,0.01,2026-08-01,2026-08-01 13:40:19+07:00,2026-08-01 15:22:21+07:00,2026-08-01 16:17:42+07:00,
2636,530106920108,X,DT TN,Inbound,0.0095,2026-08-01,2026-08-01 09:48:14+07:00,2026-08-01 13:46:01+07:00,2026-08-01 13:46:13+07:00,2026-08-01 16:50:13+07:00
2637,530107850107,X,DT TN,Inbound,0.0051,2026-08-01,2026-08-01 16:45:23+07:00,,2026-07-30 21:04:36+07:00,2026-08-01 16:45:23+07:00
2638,530110720108,X,DT TN,Transporting,0.0085,2026-08-01,2026-08-01 10:54:15+07:00,2026-08-01 14:19:32+07:00,2026-08-01 14:19:48+07:00,
2639,530115680107,X,DT TN,Created,0.0095,2026-08-01,2026-08-01 10:26:34+07:00,2026-08-01 14:39:31+07:00,,
2640,530118510108,X,DT TN,Created,0.0084,2026-08-01,2026-07-31 21:53:55+07:00,2026-08-01 15:54:58+07:00,,
2641,530126890107,X,DT TN,Created,0.0194,2026-08-01,2026-08-01 16:04:32+07:00,2026-08-01 16:40:19+07:00,,
2642,530132320108,X,DT TN,Created,0.0105,2026-08-01,2026-08-01 14:25:21+07:00,2026-08-01 16:47:57+07:00,,
2643,530136290107,X,DT TN,Created,0.0085,2026-08-01,2026-08-01 14:23:09+07:00,,,
2644,530138320108,X,DT TN,Created,0.01,2026-08-01,2026-08-01 14:02:25+07:00,2026-08-01 15:19:12+07:00,,
2645,530139080107,X,DT TN,Transporting,0.0051,2026-08-01,2026-08-01 13:05:25+07:00,2026-08-01 14:32:27+07:00,2026-08-01 14:32:31+07:00,
2646,530144710108,X,DT TN,Created,0.0052,2026-08-01,2026-08-01 10:05:34+07:00,2026-08-01 12:10:48+07:00,,
2647,530149880107,X,DT TN,Transporting,0.0165,2026-08-01,2026-08-01 09:35:40+07:00,2026-08-01 12:00:34+07:00,2026-08-01 15:04:14+07:00,
2648,530150580107,X,DT TN,Inbound,0.0062,2026-08-01,2026-08-01 16:41:16+07:00,,2026-07-30 21:07:22+07:00,2026-08-01 16:41:16+07:00
2649,530150890107,X,DT TN,Created,0.006,2026-08-01,2026-08-01 15:54:22+07:00,,,
2650,530154280107,X,DT TN,Inbound,0.0064,2026-08-01,2026-08-01 09:44:46+07:00,2026-08-01 13:37:05+07:00,2026-08-01 13:37:18+07:00,2026-08-01 16:49:18+07:00
2651,530157680107,X,DT TN,Transporting,0.01,2026-08-01,2026-08-01 13:40:20+07:00,2026-08-01 15:21:09+07:00,2026-08-01 16:19:38+07:00,
2652,530166670107,X,DT TN,Created,0.0194,2026-08-01,2026-08-01 07:50:27+07:00,2026-08-01 12:05:32+07:00,,
2653,530171510108,X,DT TN,Created,0.0103,2026-08-01,2026-08-01 11:59:33+07:00,,,
2654,530172510108,X,DT TN,Created,0.0084,2026-08-01,2026-08-01 08:28:38+07:00,2026-08-01 11:20:22+07:00,,
2655,530178480107,X,DT TN,Created,0.005,2026-08-01,2026-08-01 14:28:01+07:00,,,
2656,530180100108,X,DT TN,Created,0.019,2026-08-01,2026-07-31 15:33:08+07:00,2026-08-01 08:35:58+07:00,,
2657,530182270107,X,DT TN,Created,0.017,2026-08-01,2026-08-01 08:11:47+07:00,,,
2658,530183470107,X,DT TN,Transporting,0.01,2026-08-01,2026-08-01 08:44:30+07:00,2026-08-01 10:58:03+07:00,2026-08-01 16:04:14+07:00,
2659,530183910108,X,DT TN,Transporting,0.008,2026-08-01,2026-08-01 09:25:53+07:00,2026-08-01 11:24:07+07:00,2026-08-01 15:27:17+07:00,
2660,530187080107,X,DT TN,Created,0.009,2026-08-01,2026-08-01 14:49:43+07:00,,,
2661,530187900108,X,DT TN,Transporting,0.0098,2026-08-01,2026-07-31 21:47:54+07:00,2026-08-01 11:02:38+07:00,2026-08-01 15:25:32+07:00,
2662,530189840107,X,DT TN,Inbound,0.009,2026-08-01,2026-08-01 15:33:10+07:00,,2026-07-30 21:55:34+07:00,2026-08-01 15:33:10+07:00
2663,530192480107,X,DT TN,Created,0.008,2026-08-01,2026-08-01 14:08:27+07:00,,,
2664,530195080107,X,DT TN,Created,0.008,2026-08-01,2026-08-01 15:51:21+07:00,,,
2665,530197510108,X,DT TN,Created,0.0085,2026-08-01,2026-08-01 13:05:10+07:00,,,
2666,530201180107,X,DT TN,Inbound,0.007,2026-08-01,2026-08-01 16:25:21+07:00,,2026-07-30 21:29:19+07:00,2026-08-01 16:25:21+07:00
2667,530202490107,X,DT TN,Transporting,0.0058,2026-08-01,2026-08-01 15:02:24+07:00,2026-08-01 16:13:50+07:00,2026-08-01 16:42:49+07:00,
2668,530204490107,X,DT TN,Transporting,0.01,2026-08-01,2026-08-01 14:18:56+07:00,2026-08-01 15:09:32+07:00,2026-08-01 15:51:06+07:00,
2669,530211870107,X,DT TN,Created,0.0103,2026-08-01,2026-07-31 15:45:44+07:00,2026-08-01 13:20:40+07:00,,
2670,530212120108,X,DT TN,Created,0.01,2026-08-01,2026-08-01 13:08:53+07:00,2026-08-01 16:19:21+07:00,,
2671,530217090107,X,DT TN,Created,0.015,2026-08-01,2026-08-01 14:09:06+07:00,,,
2672,530217920108,X,DT TN,Created,0.0064,2026-08-01,2026-08-01 14:04:21+07:00,,,
2673,530219910108,X,DT TN,Created,0.009,2026-08-01,2026-08-01 08:03:21+07:00,,,
2674,530222720108,X,DT TN,Transporting,0.0096,2026-08-01,2026-08-01 10:28:22+07:00,2026-08-01 14:08:04+07:00,2026-08-01 15:34:22+07:00,
2675,530225280107,X,DT TN,Transporting,0.0055,2026-08-01,2026-08-01 11:58:13+07:00,2026-08-01 16:03:01+07:00,2026-08-01 16:22:27+07:00,
2676,530228710108,X,DT TN,Created,0.0125,2026-08-01,2026-08-01 07:43:43+07:00,,,
2677,530229320108,X,DT TN,Created,0.0056,2026-08-01,2026-08-01 15:33:50+07:00,,,
2678,530230320108,X,DT TN,Created,0.0101,2026-08-01,2026-08-01 12:23:17+07:00,,,
2679,530235680107,X,DT TN,Created,0.0111,2026-08-01,2026-08-01 12:49:29+07:00,,,
2680,530239480107,X,DT TN,Transporting,0.01,2026-08-01,2026-08-01 13:08:19+07:00,2026-08-01 14:54:11+07:00,2026-08-01 15:44:36+07:00,
2681,530241570107,X,DT TN,Inbound,0.0055,2026-08-01,2026-08-01 15:34:48+07:00,,2026-07-30 21:58:33+07:00,2026-08-01 15:34:48+07:00
2682,530243110108,X,DT TN,Created,0.016,2026-08-01,2026-08-01 10:17:03+07:00,,,
2683,530243470107,X,DT TN,Created,0.008,2026-08-01,2026-08-01 07:35:19+07:00,2026-08-01 11:23:18+07:00,,
2684,530246080107,X,DT TN,Created,0.0085,2026-08-01,2026-08-01 13:05:09+07:00,,,
2685,530246320108,X,DT TN,Created,0.0058,2026-08-01,2026-08-01 15:16:03+07:00,,,
2686,530247670107,X,DT TN,Transporting,0.01,2026-08-01,2026-08-01 09:01:31+07:00,2026-08-01 10:12:26+07:00,2026-08-01 15:48:23+07:00,
2687,530250510108,X,DT TN,Created,0.012,2026-08-01,2026-08-01 08:46:50+07:00,2026-08-01 16:33:59+07:00,,
2688,530254680107,X,DT TN,Inbound,0.0051,2026-08-01,2026-08-01 09:48:38+07:00,2026-08-01 13:34:57+07:00,2026-08-01 13:35:13+07:00,2026-08-01 16:36:40+07:00
2689,530259880107,X,DT TN,Transporting,0.01,2026-08-01,2026-08-01 13:40:20+07:00,2026-08-01 15:22:33+07:00,2026-08-01 16:17:23+07:00,
2690,530262810107,X,DT TN,Inbound,0.0063,2026-08-01,2026-08-01 15:17:32+07:00,,2026-07-30 22:15:40+07:00,2026-08-01 15:17:32+07:00
2691,530265520108,X,DT TN,Created,0.0066,2026-08-01,2026-08-01 13:59:02+07:00,,,
2692,530266680107,X,DT TN,Transporting,0.0084,2026-08-01,2026-08-01 10:50:06+07:00,2026-08-01 14:41:50+07:00,2026-08-01 14:41:50+07:00,
2693,530268110108,X,DT TN,Created,0.01,2026-08-01,2026-08-01 08:33:30+07:00,2026-08-01 11:00:27+07:00,,
2694,530270480107,X,DT TN,Created,0.0052,2026-08-01,2026-08-01 13:42:14+07:00,2026-08-01 16:48:35+07:00,,
2695,530272040107,X,DT TN,Inbound,0.008,2026-08-01,2026-08-01 14:41:08+07:00,,2026-07-31 00:22:23+07:00,2026-08-01 14:41:08+07:00
2696,530274680107,X,DT TN,Created,0.01,2026-08-01,2026-08-01 13:35:41+07:00,2026-08-01 15:26:16+07:00,,
2697,530280520108,X,DT TN,Created,0.0073,2026-08-01,2026-08-01 15:03:56+07:00,,,
2698,530281470107,X,DT TN,Created,0.0076,2026-08-01,2026-07-31 17:24:49+07:00,2026-08-01 14:18:35+07:00,,
2699,530282580107,X,DT TN,Inbound,0.0096,2026-08-01,2026-08-01 15:55:40+07:00,,2026-07-30 21:36:57+07:00,2026-08-01 15:55:40+07:00
2700,530283270107,X,DT TN,Created,0.0075,2026-08-01,2026-08-01 08:46:50+07:00,2026-08-01 16:33:38+07:00,,
2701,530284880107,X,DT TN,Created,0.0081,2026-08-01,2026-08-01 14:53:01+07:00,,,
2702,530289030107,X,DT TN,Inbound,0.006,2026-08-01,2026-08-01 15:30:09+07:00,,2026-07-30 22:01:23+07:00,2026-08-01 15:30:09+07:00
2703,530289310108,X,DT TN,Transporting,0.011,2026-08-01,2026-08-01 13:04:26+07:00,2026-08-01 15:04:13+07:00,2026-08-01 15:04:21+07:00,
2704,530295550107,X,DT TN,Inbound,0.008,2026-08-01,2026-08-01 15:07:44+07:00,,2026-07-30 23:48:46+07:00,2026-08-01 15:07:44+07:00
2705,530299080107,X,DT TN,Created,0.007,2026-08-01,2026-08-01 13:21:57+07:00,,,
2706,530303480107,X,DT TN,Created,0.008,2026-08-01,2026-08-01 08:04:44+07:00,,,
2707,530305280107,X,DT TN,Created,0.0132,2026-08-01,2026-08-01 11:18:02+07:00,,,
2708,530310920108,X,DT TN,Transporting,0.0059,2026-08-01,2026-08-01 10:58:08+07:00,2026-08-01 12:26:30+07:00,2026-08-01 16:39:09+07:00,
2709,530311510108,X,DT TN,Transporting,0.0243,2026-08-01,2026-08-01 08:01:23+07:00,2026-08-01 11:02:28+07:00,2026-08-01 15:25:27+07:00,
2710,530312130108,X,DT TN,Created,0.0065,2026-08-01,2026-08-01 16:38:56+07:00,,,
2711,530314520108,X,DT TN,Transporting,0.0051,2026-08-01,2026-08-01 14:01:14+07:00,2026-08-01 16:43:46+07:00,2026-08-01 16:43:51+07:00,
2712,530328980107,X,DT TN,Inbound,0.0064,2026-08-01,2026-08-01 14:41:24+07:00,,2026-07-31 00:09:16+07:00,2026-08-01 14:41:24+07:00
2713,530333700108,X,DT TN,Created,0.0219,2026-08-01,2026-07-31 14:45:02+07:00,2026-08-01 16:00:07+07:00,,
2714,530335920108,X,DT TN,Created,0.006,2026-08-01,2026-08-01 16:47:54+07:00,,,
2715,530339070107,X,DT TN,Created,0.0053,2026-08-01,2026-08-01 06:34:23+07:00,2026-08-01 16:47:26+07:00,,
2716,530341310108,X,DT TN,Created,0.0116,2026-08-01,2026-08-01 09:38:13+07:00,,,
2717,530341870107,X,DT TN,Transporting,0.0094,2026-08-01,2026-08-01 08:35:03+07:00,2026-08-01 13:14:00+07:00,2026-08-01 15:28:21+07:00,
2718,530343310108,X,DT TN,Created,0.0051,2026-08-01,2026-08-01 10:29:39+07:00,,,
2719,530343920108,X,DT TN,Created,0.0082,2026-08-01,2026-08-01 15:52:09+07:00,,,
2720,530344480107,X,DT TN,Transporting,0.01,2026-08-01,2026-08-01 13:28:00+07:00,2026-08-01 15:27:41+07:00,2026-08-01 16:38:22+07:00,
2721,530344690107,X,DT TN,Created,0.014,2026-08-01,2026-08-01 15:19:46+07:00,,,
2722,530344880107,X,DT TN,Created,0.0112,2026-08-01,2026-08-01 13:29:10+07:00,,,
2723,530345890107,X,DT TN,Created,0.005,2026-08-01,2026-08-01 15:49:13+07:00,2026-08-01 16:38:29+07:00,,
2724,530351970107,X,DT TN,Inbound,0.0055,2026-08-01,2026-08-01 16:39:23+07:00,,2026-07-30 21:04:22+07:00,2026-08-01 16:39:23+07:00
2725,530353310108,X,DT TN,Created,0.0085,2026-08-01,2026-08-01 10:38:54+07:00,,,
2726,530354910108,X,DT TN,Created,0.009,2026-08-01,2026-08-01 06:38:46+07:00,2026-08-01 10:54:41+07:00,,
2727,530357680107,X,DT TN,Created,0.008,2026-08-01,2026-08-01 13:51:13+07:00,,,
2728,530358310108,X,DT TN,Inbound,0.0446,2026-08-01,2026-08-01 09:47:34+07:00,2026-08-01 12:47:02+07:00,,2026-08-01 15:13:17+07:00
2729,530359880107,X,DT TN,Transporting,0.01,2026-08-01,2026-08-01 13:40:20+07:00,2026-08-01 15:21:30+07:00,2026-08-01 16:19:05+07:00,
2730,530360310108,X,DT TN,Transporting,0.005,2026-08-01,2026-08-01 09:50:37+07:00,2026-08-01 11:03:34+07:00,2026-08-01 15:25:51+07:00,
2731,530360470107,X,DT TN,Created,0.0058,2026-08-01,2026-08-01 08:11:09+07:00,2026-08-01 08:20:57+07:00,,
2732,530361270107,X,DT TN,Transporting,0.01,2026-08-01,2026-08-01 09:01:32+07:00,2026-08-01 10:12:21+07:00,2026-08-01 15:48:29+07:00,
2733,530362310108,X,DT TN,Transporting,0.008,2026-08-01,2026-08-01 07:41:35+07:00,2026-08-01 11:23:58+07:00,2026-08-01 15:27:13+07:00,
2734,530364270107,X,DT TN,Transporting,0.0165,2026-08-01,2026-08-01 08:09:16+07:00,2026-08-01 12:00:07+07:00,2026-08-01 15:03:58+07:00,
2735,530370470107,X,DT TN,Created,0.008,2026-08-01,2026-08-01 07:35:19+07:00,2026-08-01 11:23:25+07:00,,
2736,530372710108,X,DT TN,Transporting,0.02,2026-08-01,2026-08-01 08:40:58+07:00,2026-08-01 10:46:25+07:00,2026-08-01 16:07:46+07:00,
2737,530374680107,X,DT TN,Created,0.006,2026-08-01,2026-08-01 13:37:46+07:00,,,
2738,530380170107,X,DT TN,Inbound,0.007,2026-08-01,2026-08-01 15:02:05+07:00,,2026-07-30 23:51:43+07:00,2026-08-01 15:02:05+07:00
2739,530383470107,X,DT TN,Created,0.0085,2026-08-01,2026-08-01 08:53:04+07:00,,,
2740,530384110108,X,DT TN,Transporting,0.0051,2026-08-01,2026-08-01 13:03:03+07:00,2026-08-01 14:38:29+07:00,2026-08-01 14:38:46+07:00,
2741,530384710108,X,DT TN,Transporting,0.0051,2026-08-01,2026-08-01 13:03:57+07:00,2026-08-01 13:06:12+07:00,2026-08-01 16:01:22+07:00,
2742,530391080107,X,DT TN,Created,0.005,2026-08-01,2026-08-01 15:49:13+07:00,2026-08-01 16:37:39+07:00,,
2743,530392850107,X,DT TN,Inbound,0.0053,2026-08-01,2026-08-01 16:24:39+07:00,,2026-07-30 21:25:16+07:00,2026-08-01 16:24:39+07:00
2744,530400920108,X,DT TN,Transporting,0.01,2026-08-01,2026-08-01 13:40:20+07:00,2026-08-01 15:20:53+07:00,2026-08-01 16:19:59+07:00,
2745,530403290107,X,DT TN,Created,0.008,2026-08-01,2026-08-01 15:54:29+07:00,,,
2746,530407710108,X,DT TN,Transporting,0.0074,2026-08-01,2026-07-31 20:56:54+07:00,2026-08-01 11:09:40+07:00,2026-08-01 15:26:30+07:00,
2747,530408520108,X,DT TN,Created,0.014,2026-08-01,2026-08-01 13:38:09+07:00,,,
2748,530409720108,X,DT TN,Transporting,0.0051,2026-08-01,2026-08-01 14:02:11+07:00,2026-08-01 16:43:12+07:00,2026-08-01 16:43:28+07:00,
2749,530411880107,X,DT TN,Transporting,0.008,2026-08-01,2026-08-01 07:37:42+07:00,2026-08-01 11:23:54+07:00,2026-08-01 15:27:11+07:00,
2750,530414720108,X,DT TN,Transporting,0.01,2026-08-01,2026-08-01 14:02:25+07:00,2026-08-01 15:14:01+07:00,2026-08-01 16:28:09+07:00,
2751,530416480107,X,DT TN,Created,0.01,2026-08-01,2026-08-01 08:23:07+07:00,2026-08-01 11:21:42+07:00,,
2752,530419640107,X,DT TN,Inbound,0.0059,2026-08-01,2026-08-01 15:29:04+07:00,,2026-07-30 22:10:01+07:00,2026-08-01 15:29:04+07:00
2753,530423470107,X,DT TN,Created,0.0055,2026-08-01,2026-07-31 16:51:55+07:00,2026-08-01 13:05:17+07:00,,
2754,530423920108,X,DT TN,Created,0.0058,2026-08-01,2026-08-01 11:00:17+07:00,,,
2755,530425320108,X,DT TN,Transporting,0.0085,2026-08-01,2026-08-01 12:02:50+07:00,2026-08-01 14:15:53+07:00,2026-08-01 14:16:13+07:00,
2756,530430480107,X,DT TN,Created,0.006,2026-08-01,2026-08-01 07:36:32+07:00,,,
2757,530434480107,X,DT TN,Created,0.0173,2026-08-01,2026-08-01 11:35:21+07:00,2026-08-01 16:14:41+07:00,,
2758,530439320108,X,DT TN,Transporting,0.0071,2026-08-01,2026-08-01 15:02:24+07:00,2026-08-01 16:13:45+07:00,2026-08-01 16:42:39+07:00,
2759,530441110108,X,DT TN,Transporting,0.006,2026-08-01,2026-08-01 09:43:58+07:00,2026-08-01 11:57:44+07:00,2026-08-01 12:13:12+07:00,
2760,530441670107,X,DT TN,Transporting,0.02,2026-08-01,2026-08-01 08:40:58+07:00,2026-08-01 10:46:27+07:00,2026-08-01 16:07:47+07:00,
2761,530441680107,X,DT TN,Created,0.0116,2026-08-01,2026-08-01 08:55:37+07:00,,,
2762,530444070107,X,DT TN,Transporting,0.006,2026-08-01,2026-07-31 19:10:14+07:00,2026-08-01 11:10:04+07:00,2026-08-01 15:26:36+07:00,
2763,530445910108,X,DT TN,Created,0.0079,2026-08-01,2026-08-01 12:40:08+07:00,,,
2764,530446270107,X,DT TN,Transporting,0.0094,2026-08-01,2026-08-01 08:18:42+07:00,2026-08-01 13:16:40+07:00,2026-08-01 15:28:33+07:00,
2765,530450920108,X,DT TN,Transporting,0.01,2026-08-01,2026-08-01 13:40:19+07:00,2026-08-01 15:23:45+07:00,2026-08-01 16:45:38+07:00,
2766,530451290107,X,DT TN,Created,0.005,2026-08-01,2026-08-01 16:04:38+07:00,2026-08-01 16:43:23+07:00,,
2767,530451770107,X,DT TN,Inbound,0.006,2026-08-01,2026-08-01 14:41:37+07:00,,2026-07-31 00:25:47+07:00,2026-08-01 14:41:37+07:00
2768,530451910108,X,DT TN,Transporting,0.009,2026-08-01,2026-08-01 10:04:17+07:00,2026-08-01 14:13:08+07:00,2026-08-01 15:34:27+07:00,
2769,530453710108,X,DT TN,Created,0.007,2026-08-01,2026-08-01 10:51:25+07:00,2026-08-01 15:41:57+07:00,,
2770,530454070107,X,DT TN,Transporting,0.01,2026-08-01,2026-08-01 08:27:09+07:00,2026-08-01 13:19:53+07:00,2026-08-01 16:00:50+07:00,
2771,530456680107,X,DT TN,Created,0.0103,2026-08-01,2026-08-01 13:23:40+07:00,,,
2772,530461070106,X,DT TN,Inbound,0.009,2026-08-01,2026-08-01 15:22:55+07:00,,2026-07-30 22:13:30+07:00,2026-08-01 15:22:55+07:00
2773,530461470107,X,DT TN,Transporting,0.02,2026-08-01,2026-08-01 09:11:19+07:00,2026-08-01 16:43:45+07:00,2026-08-01 16:43:49+07:00,
2774,530461680107,X,DT TN,Created,0.01,2026-08-01,2026-08-01 10:20:32+07:00,,,
2775,530465310108,X,DT TN,Created,0.0075,2026-08-01,2026-08-01 08:08:49+07:00,2026-08-01 10:51:15+07:00,,
2776,530465910108,X,DT TN,Transporting,0.016,2026-08-01,2026-08-01 08:08:58+07:00,2026-08-01 11:59:46+07:00,2026-08-01 15:03:19+07:00,
2777,530467470107,X,DT TN,Transporting,0.01,2026-08-01,2026-08-01 08:37:38+07:00,2026-08-01 10:18:28+07:00,2026-08-01 16:23:47+07:00,
2778,530469910108,X,DT TN,Created,0.0056,2026-08-01,2026-08-01 09:45:52+07:00,2026-08-01 11:25:41+07:00,,
2779,530476070107,X,DT TN,Created,0.0233,2026-08-01,2026-08-01 08:46:50+07:00,2026-08-01 16:34:07+07:00,,
2780,530480910108,X,DT TN,Created,0.0116,2026-08-01,2026-08-01 12:30:18+07:00,,,
2781,530485970107,X,DT TN,Inbound,0.0055,2026-08-01,2026-08-01 15:37:22+07:00,,2026-07-30 21:34:35+07:00,2026-08-01 15:37:22+07:00
2782,530487080107,X,DT TN,Transporting,0.0075,2026-08-01,2026-08-01 15:08:06+07:00,2026-08-01 16:47:06+07:00,2026-08-01 16:47:10+07:00,
2783,530487880107,X,DT TN,Transporting,0.0085,2026-08-01,2026-08-01 15:09:20+07:00,2026-08-01 16:45:49+07:00,2026-08-01 16:46:04+07:00,
2784,530492870107,X,DT TN,Created,0.0055,2026-08-01,2026-08-01 09:38:47+07:00,2026-08-01 15:54:18+07:00,,
2785,530495080107,X,DT TN,Created,0.0051,2026-08-01,2026-08-01 16:01:39+07:00,,,
2786,530496670107,X,DT TN,Created,0.0056,2026-08-01,2026-08-01 09:25:14+07:00,2026-08-01 15:21:56+07:00,,
2787,530497280107,X,DT TN,Created,0.0096,2026-08-01,2026-08-01 16:04:32+07:00,2026-08-01 16:40:16+07:00,,
2788,530499070107,X,DT TN,Created,0.008,2026-08-01,2026-08-01 10:44:03+07:00,2026-08-01 12:14:48+07:00,,
2789,530505990107,X,DT TN,Inbound,0.01,2026-08-01,2026-07-31 06:44:11+07:00,2026-08-01 11:16:00+07:00,2026-08-01 14:48:28+07:00,2026-08-01 15:38:15+07:00
2790,530508310108,X,DT TN,Created,0.0098,2026-08-01,2026-08-01 06:51:20+07:00,2026-08-01 09:39:10+07:00,,
2791,530508910108,X,DT TN,Transporting,0.0052,2026-08-01,2026-08-01 07:02:06+07:00,2026-08-01 16:04:43+07:00,2026-08-01 16:06:05+07:00,
2792,530512870107,X,DT TN,Created,0.0063,2026-08-01,2026-07-31 13:17:20+07:00,2026-08-01 15:55:21+07:00,,
2793,530513920108,X,DT TN,Created,0.0189,2026-08-01,2026-08-01 13:49:03+07:00,,,
2794,530518920108,X,DT TN,Created,0.013,2026-08-01,2026-08-01 13:49:31+07:00,,,
2795,530520280107,X,DT TN,Transporting,0.0095,2026-08-01,2026-08-01 10:54:16+07:00,2026-08-01 13:51:40+07:00,2026-08-01 13:52:36+07:00,
2796,530524980107,X,DT TN,Inbound,0.0053,2026-08-01,2026-08-01 15:52:01+07:00,,2026-07-30 21:32:48+07:00,2026-08-01 15:52:01+07:00
2797,530525380107,X,DT TN,Inbound,0.006,2026-08-01,2026-08-01 14:50:48+07:00,,2026-07-31 00:08:30+07:00,2026-08-01 14:50:48+07:00
2798,530527070107,X,DT TN,Transporting,0.015,2026-08-01,2026-07-31 20:13:57+07:00,2026-08-01 11:09:52+07:00,2026-08-01 15:26:32+07:00,
2799,530527720108,X,DT TN,Transporting,0.0051,2026-08-01,2026-08-01 15:09:47+07:00,2026-08-01 16:44:08+07:00,2026-08-01 16:44:23+07:00,
2800,530530880107,X,DT TN,Created,0.0172,2026-08-01,2026-08-01 07:50:27+07:00,2026-08-01 12:05:20+07:00,,
2801,530531480107,X,DT TN,Transporting,0.01,2026-08-01,2026-08-01 08:37:39+07:00,2026-08-01 10:21:11+07:00,2026-08-01 16:24:55+07:00,
2802,530532090107,X,DT TN,Created,0.0302,2026-08-01,2026-08-01 14:06:51+07:00,2026-08-01 16:47:32+07:00,,
2803,530536920108,X,DT TN,Created,0.0107,2026-08-01,2026-08-01 13:00:35+07:00,2026-08-01 16:20:04+07:00,,
2804,530540050107,X,DT TN,Inbound,0.0135,2026-08-01,2026-08-01 16:45:18+07:00,,2026-07-30 21:02:54+07:00,2026-08-01 16:45:18+07:00
2805,530540310108,X,DT TN,Transporting,0.01,2026-08-01,2026-08-01 08:48:37+07:00,2026-08-01 10:38:46+07:00,2026-08-01 16:25:56+07:00,
2806,530540510108,X,DT TN,Transporting,0.01,2026-08-01,2026-08-01 08:48:37+07:00,2026-08-01 10:39:10+07:00,2026-08-01 16:25:27+07:00,
2807,530545470107,X,DT TN,Created,0.0131,2026-08-01,2026-08-01 07:52:16+07:00,,,
2808,530546310108,X,DT TN,Created,0.0064,2026-08-01,2026-07-31 19:19:03+07:00,2026-08-01 10:39:13+07:00,,
2809,530549580107,X,DT TN,Inbound,0.0076,2026-08-01,2026-08-01 15:07:36+07:00,,2026-07-30 23:47:55+07:00,2026-08-01 15:07:36+07:00
2810,530550670107,X,DT TN,Transporting,0.0165,2026-08-01,2026-08-01 07:05:11+07:00,2026-08-01 10:33:41+07:00,2026-08-01 12:35:03+07:00,
2811,530551110108,X,DT TN,Created,0.006,2026-08-01,2026-08-01 10:06:27+07:00,2026-08-01 11:34:28+07:00,,
2812,530552110108,X,DT TN,Transporting,0.0098,2026-08-01,2026-08-01 09:53:10+07:00,2026-08-01 14:21:44+07:00,2026-08-01 15:34:47+07:00,
2813,530556880107,X,DT TN,Created,0.0127,2026-08-01,2026-08-01 13:31:06+07:00,,,
2814,530558670107,X,DT TN,Transporting,0.01,2026-08-01,2026-07-31 16:36:59+07:00,2026-08-01 11:51:02+07:00,2026-08-01 12:05:35+07:00,
2815,530559910108,X,DT TN,Created,0.006,2026-08-01,2026-08-01 11:28:03+07:00,,,
2816,530560290107,X,DT TN,Created,0.008,2026-08-01,2026-08-01 16:41:12+07:00,,,
2817,530567080107,X,DT TN,Created,0.0101,2026-08-01,2026-08-01 11:21:28+07:00,,,
2818,530568510108,X,DT TN,Transporting,0.01,2026-08-01,2026-08-01 08:54:01+07:00,2026-08-01 10:59:53+07:00,2026-08-01 16:00:21+07:00,
2819,530569110108,X,DT TN,Created,0.0056,2026-08-01,2026-08-01 09:45:51+07:00,2026-08-01 11:25:54+07:00,,
2820,530573480107,X,DT TN,Transporting,0.01,2026-08-01,2026-08-01 14:23:09+07:00,2026-08-01 15:08:52+07:00,2026-08-01 16:36:59+07:00,
2821,530575510108,X,DT TN,Created,0.0084,2026-08-01,2026-08-01 12:27:59+07:00,,,
2822,530576560107,X,DT TN,Inbound,0.0061,2026-08-01,2026-08-01 14:54:06+07:00,,2026-07-30 23:56:44+07:00,2026-08-01 14:54:06+07:00
2823,530580770107,X,DT TN,Inbound,0.0064,2026-08-01,2026-08-01 16:35:34+07:00,,2026-07-30 21:10:04+07:00,2026-08-01 16:35:34+07:00
2824,530582680107,X,DT TN,Transporting,0.0051,2026-08-01,2026-08-01 15:10:15+07:00,2026-08-01 16:44:42+07:00,2026-08-01 16:44:47+07:00,
2825,530585270107,X,DT TN,Inbound,0.0051,2026-08-01,2026-08-01 09:48:16+07:00,2026-08-01 13:34:45+07:00,2026-08-01 13:35:03+07:00,2026-08-01 16:36:00+07:00
2826,530607120108,X,DT TN,Transporting,0.0165,2026-08-01,2026-08-01 10:16:40+07:00,2026-08-01 12:00:57+07:00,2026-08-01 15:03:24+07:00,
2827,530608110108,X,DT TN,Transporting,0.02,2026-08-01,2026-08-01 07:05:11+07:00,2026-08-01 10:33:44+07:00,2026-08-01 12:34:49+07:00,
2828,530608920108,X,DT TN,Transporting,0.01,2026-08-01,2026-08-01 13:40:20+07:00,2026-08-01 15:22:00+07:00,2026-08-01 16:18:18+07:00,
2829,530612130108,X,DT TN,Created,0.013,2026-08-01,2026-08-01 16:48:03+07:00,,,
2830,530623280107,X,DT TN,Transporting,0.01,2026-08-01,2026-08-01 13:08:18+07:00,2026-08-01 14:57:29+07:00,2026-08-01 15:50:24+07:00,
2831,530623880107,X,DT TN,Transporting,0.01,2026-08-01,2026-08-01 13:08:19+07:00,2026-08-01 14:54:31+07:00,2026-08-01 15:44:16+07:00,
2832,530626480107,X,DT TN,Transporting,0.02,2026-08-01,2026-08-01 07:32:04+07:00,2026-08-01 10:50:11+07:00,2026-08-01 15:53:41+07:00,
2833,530626520108,X,DT TN,Transporting,0.01,2026-08-01,2026-08-01 14:17:07+07:00,2026-08-01 15:10:08+07:00,2026-08-01 16:23:00+07:00,
2834,530633680107,X,DT TN,Transporting,0.0085,2026-08-01,2026-08-01 10:53:09+07:00,2026-08-01 14:19:42+07:00,2026-08-01 14:19:55+07:00,
2835,530635310108,X,DT TN,Transporting,0.005,2026-08-01,2026-08-01 09:50:40+07:00,2026-08-01 11:03:49+07:00,2026-08-01 15:26:00+07:00,
2836,530642920108,X,DT TN,Created,0.0101,2026-08-01,2026-08-01 15:08:53+07:00,,,
2837,530643070107,X,DT TN,Created,0.012,2026-08-01,2026-08-01 08:00:34+07:00,2026-08-01 08:21:52+07:00,,
2838,530647280107,X,DT TN,Transporting,0.01,2026-08-01,2026-08-01 14:07:50+07:00,2026-08-01 15:11:57+07:00,2026-08-01 16:00:33+07:00,
2839,530654870107,X,DT TN,Transporting,0.01,2026-08-01,2026-08-01 08:44:30+07:00,2026-08-01 10:58:16+07:00,2026-08-01 16:04:38+07:00,
2840,530657120108,X,DT TN,Created,0.008,2026-08-01,2026-08-01 13:51:13+07:00,,,
2841,530666880107,X,DT TN,Created,0.0138,2026-08-01,2026-08-01 10:56:04+07:00,2026-08-01 16:25:01+07:00,,
2842,530672110108,X,DT TN,Transporting,0.01,2026-08-01,2026-08-01 08:48:37+07:00,2026-08-01 10:38:43+07:00,2026-08-01 16:25:55+07:00,
2843,530675080107,X,DT TN,Created,0.01,2026-08-01,2026-08-01 14:02:25+07:00,2026-08-01 15:18:39+07:00,,
2844,530675150107,X,DT TN,Inbound,0.0145,2026-08-01,2026-08-01 15:03:26+07:00,,2026-07-30 23:49:46+07:00,2026-08-01 15:03:26+07:00
2845,530680520108,X,DT TN,Created,0.008,2026-08-01,2026-08-01 15:10:44+07:00,,,
2846,530684310108,X,DT TN,Transporting,0.01,2026-08-01,2026-08-01 13:08:19+07:00,2026-08-01 14:57:35+07:00,2026-08-01 15:50:32+07:00,
2847,530687300108,X,DT TN,Transporting,0.0075,2026-08-01,2026-08-01 07:36:07+07:00,2026-08-01 10:07:17+07:00,2026-08-01 15:25:22+07:00,
2848,530690710108,X,DT TN,Created,0.007,2026-08-01,2026-08-01 12:49:29+07:00,,,
2849,530694680107,X,DT TN,Created,0.0075,2026-08-01,2026-08-01 15:32:05+07:00,2026-08-01 16:51:42+07:00,,
2850,530699510108,X,DT TN,Created,0.009,2026-08-01,2026-08-01 13:26:37+07:00,,,
2851,530703910108,X,DT TN,Transporting,0.008,2026-08-01,2026-08-01 07:37:42+07:00,2026-08-01 11:23:57+07:00,2026-08-01 15:27:12+07:00,
2852,530704920108,X,DT TN,Created,0.008,2026-08-01,2026-08-01 13:51:13+07:00,,,
2853,530708120108,X,DT TN,Transporting,0.01,2026-08-01,2026-08-01 13:40:20+07:00,2026-08-01 15:21:58+07:00,2026-08-01 16:18:20+07:00,
2854,530709580107,X,DT TN,Inbound,0.007,2026-08-01,2026-08-01 16:24:36+07:00,,2026-07-30 21:29:43+07:00,2026-08-01 16:24:36+07:00
2855,530711520108,X,DT TN,Transporting,0.0051,2026-08-01,2026-08-01 12:01:42+07:00,2026-08-01 14:35:44+07:00,2026-08-01 14:35:59+07:00,
2856,530715680107,X,DT TN,Created,0.006,2026-08-01,2026-08-01 11:07:18+07:00,,,
2857,530727670107,X,DT TN,Transporting,0.0098,2026-08-01,2026-08-01 06:00:25+07:00,2026-08-01 11:18:32+07:00,2026-08-01 13:53:02+07:00,
2858,530737860107,X,DT TN,Created,0.0557,2026-08-01,2026-07-31 11:29:57+07:00,2026-08-01 11:25:22+07:00,,
2859,530738490107,X,DT TN,Transporting,0.01,2026-08-01,2026-08-01 14:23:09+07:00,2026-08-01 15:08:53+07:00,2026-08-01 16:37:00+07:00,
2860,530738870107,X,DT TN,Transporting,0.009,2026-08-01,2026-07-31 18:23:12+07:00,2026-08-01 11:09:45+07:00,2026-08-01 15:26:31+07:00,
2861,530739910108,X,DT TN,Inbound,0.008,2026-08-01,2026-08-01 07:01:00+07:00,2026-08-01 13:35:45+07:00,2026-08-01 13:36:25+07:00,2026-08-01 16:34:04+07:00
2862,530739920108,X,DT TN,Transporting,0.0054,2026-08-01,2026-08-01 15:27:00+07:00,2026-08-01 16:04:07+07:00,2026-08-01 16:06:00+07:00,
2863,530740120108,X,DT TN,Created,0.0103,2026-08-01,2026-08-01 13:13:08+07:00,2026-08-01 16:49:53+07:00,,
2864,530741870107,X,DT TN,Transporting,0.01,2026-08-01,2026-08-01 08:54:01+07:00,2026-08-01 10:59:32+07:00,2026-08-01 15:59:47+07:00,
2865,530751670107,X,DT TN,Created,0.007,2026-08-01,2026-08-01 08:15:26+07:00,2026-08-01 16:47:40+07:00,,
2866,530751910108,X,DT TN,Created,0.0073,2026-08-01,2026-08-01 10:21:41+07:00,,,
2867,530755910108,X,DT TN,Transporting,0.01,2026-08-01,2026-08-01 07:29:37+07:00,2026-08-01 10:11:35+07:00,2026-08-01 15:49:18+07:00,
2868,530756720108,X,DT TN,Transporting,0.01,2026-08-01,2026-08-01 13:40:20+07:00,2026-08-01 15:22:09+07:00,2026-08-01 16:18:02+07:00,
2869,530766680107,X,DT TN,Created,0.006,2026-08-01,2026-08-01 10:59:47+07:00,,,
2870,530767670107,X,DT TN,Transporting,0.0103,2026-08-01,2026-08-01 08:51:18+07:00,2026-08-01 13:15:27+07:00,2026-08-01 15:28:23+07:00,
2871,530768580107,X,DT TN,Inbound,0.0053,2026-08-01,2026-08-01 16:44:55+07:00,,2026-07-30 21:05:10+07:00,2026-08-01 16:44:55+07:00
2872,530770070107,X,DT TN,Created,0.009,2026-08-01,2026-08-01 08:00:34+07:00,2026-08-01 08:21:50+07:00,,
2873,530772680107,X,DT TN,Created,0.0165,2026-08-01,2026-08-01 13:55:49+07:00,,,
2874,530774720108,X,DT TN,Transporting,0.0075,2026-08-01,2026-08-01 14:37:50+07:00,2026-08-01 16:13:16+07:00,2026-08-01 16:43:48+07:00,
2875,530776480107,X,DT TN,Created,0.012,2026-08-01,2026-08-01 12:43:05+07:00,,,
2876,530777280107,X,DT TN,Created,0.0106,2026-08-01,2026-08-01 13:04:32+07:00,2026-08-01 16:44:10+07:00,,
2877,530778300108,X,DT TN,Created,0.011,2026-08-01,2026-07-31 17:31:20+07:00,2026-08-01 16:11:33+07:00,,
2878,530782870107,X,DT TN,Created,0.01,2026-08-01,2026-08-01 08:33:29+07:00,2026-08-01 11:00:51+07:00,,
2879,530783310108,X,DT TN,Transporting,0.006,2026-08-01,2026-08-01 09:34:40+07:00,2026-08-01 11:57:14+07:00,2026-08-01 12:14:29+07:00,
2880,530785310108,X,DT TN,Created,0.0061,2026-08-01,2026-08-01 13:52:10+07:00,2026-08-01 16:33:45+07:00,,
2881,530789150107,X,DT TN,Inbound,0.008,2026-08-01,2026-08-01 14:58:30+07:00,,2026-07-30 23:49:03+07:00,2026-08-01 14:58:30+07:00
2882,530789350107,X,DT TN,Inbound,0.008,2026-08-01,2026-08-01 14:59:59+07:00,,2026-07-30 23:48:27+07:00,2026-08-01 14:59:59+07:00
2883,530789510108,X,DT TN,Created,0.0082,2026-08-01,2026-08-01 13:25:51+07:00,,,
2884,530808520108,X,DT TN,Created,0.0063,2026-08-01,2026-08-01 13:42:39+07:00,2026-08-01 16:49:36+07:00,,
2885,530808710108,X,DT TN,Transporting,0.01,2026-08-01,2026-08-01 07:29:37+07:00,2026-08-01 10:11:33+07:00,2026-08-01 15:49:21+07:00,
2886,530810920108,X,DT TN,Created,0.0094,2026-08-01,2026-08-01 11:20:26+07:00,2026-08-01 13:53:01+07:00,,
2887,530812680107,X,DT TN,Created,0.008,2026-08-01,2026-08-01 12:01:28+07:00,2026-08-01 12:45:58+07:00,,
2888,530820080107,X,DT TN,Created,0.0058,2026-08-01,2026-08-01 11:12:55+07:00,,,
2889,530825080107,X,DT TN,Created,0.011,2026-08-01,2026-08-01 12:54:33+07:00,,,
2890,530827680107,X,DT TN,Created,0.01,2026-08-01,2026-08-01 08:16:45+07:00,2026-08-01 11:01:37+07:00,,
2891,530829870107,X,DT TN,Created,0.006,2026-08-01,2026-08-01 07:30:13+07:00,2026-08-01 10:07:48+07:00,,
2892,530832880107,X,DT TN,Transporting,0.005,2026-08-01,2026-08-01 09:50:40+07:00,2026-08-01 11:03:23+07:00,2026-08-01 15:25:44+07:00,
2893,530834680107,X,DT TN,Created,0.0196,2026-08-01,2026-08-01 12:15:11+07:00,,,
2894,530835480107,X,DT TN,Created,0.0101,2026-08-01,2026-08-01 13:09:51+07:00,,,
2895,530837320108,X,DT TN,Transporting,0.01,2026-08-01,2026-08-01 13:08:18+07:00,2026-08-01 14:51:58+07:00,2026-08-01 15:47:11+07:00,
2896,530838720108,X,DT TN,Transporting,0.01,2026-08-01,2026-08-01 14:22:16+07:00,2026-08-01 15:04:43+07:00,2026-08-01 16:39:43+07:00,
2897,530838870107,X,DT TN,Created,0.006,2026-08-01,2026-07-31 20:54:21+07:00,2026-08-01 10:58:44+07:00,,
2898,530838910108,X,DT TN,Transporting,0.015,2026-08-01,2026-07-31 20:13:57+07:00,2026-08-01 11:09:48+07:00,2026-08-01 15:26:31+07:00,
2899,530842080107,X,DT TN,Created,0.0101,2026-08-01,2026-08-01 08:52:28+07:00,2026-08-01 16:23:54+07:00,,
2900,530842780107,X,DT TN,Inbound,0.0052,2026-08-01,2026-08-01 14:49:54+07:00,,2026-07-31 00:13:06+07:00,2026-08-01 14:49:54+07:00
2901,530845110108,X,DT TN,Created,0.0085,2026-08-01,2026-08-01 13:05:10+07:00,,,
2902,530848310108,X,DT TN,Transporting,0.0165,2026-08-01,2026-08-01 08:09:15+07:00,2026-08-01 11:59:51+07:00,2026-08-01 15:01:25+07:00,
2903,530848510108,X,DT TN,Created,0.0053,2026-08-01,2026-08-01 08:10:44+07:00,2026-08-01 16:37:43+07:00,,
2904,530850470107,X,DT TN,Transporting,0.01,2026-08-01,2026-08-01 07:29:37+07:00,2026-08-01 10:10:44+07:00,2026-08-01 15:50:07+07:00,
2905,530851880107,X,DT TN,Inbound,0.0051,2026-08-01,2026-08-01 09:44:46+07:00,2026-08-01 13:34:27+07:00,2026-08-01 13:34:34+07:00,2026-08-01 16:41:42+07:00
2906,530856720108,X,DT TN,Transporting,0.01,2026-08-01,2026-08-01 13:40:20+07:00,2026-08-01 15:22:00+07:00,2026-08-01 16:18:19+07:00,
2907,530866860107,X,DT TN,Transporting,0.01,2026-08-01,2026-07-31 13:16:02+07:00,2026-08-01 11:55:16+07:00,2026-08-01 12:00:53+07:00,
2908,530866880107,X,DT TN,Created,0.0152,2026-08-01,2026-08-01 11:01:50+07:00,,,
2909,530873880107,X,DT TN,Created,0.02,2026-08-01,2026-08-01 14:36:26+07:00,2026-08-01 15:04:52+07:00,,
2910,530874710108,X,DT TN,Transporting,0.0175,2026-08-01,2026-08-01 11:20:30+07:00,2026-08-01 16:41:57+07:00,2026-08-01 16:42:01+07:00,
2911,530880080107,X,DT TN,Transporting,0.0051,2026-08-01,2026-08-01 12:04:16+07:00,2026-08-01 14:35:34+07:00,2026-08-01 14:35:52+07:00,
2912,530882670107,X,DT TN,Created,0.0052,2026-08-01,2026-08-01 08:34:34+07:00,2026-08-01 11:21:02+07:00,,
2913,530883510108,X,DT TN,Inbound,0.0051,2026-08-01,2026-08-01 09:41:30+07:00,2026-08-01 13:33:41+07:00,2026-08-01 13:34:07+07:00,2026-08-01 16:39:56+07:00
2914,530892880107,X,DT TN,Created,0.02,2026-08-01,2026-08-01 14:36:26+07:00,2026-08-01 15:05:18+07:00,,
2915,530895280107,X,DT TN,Created,0.0059,2026-08-01,2026-08-01 16:32:17+07:00,,,
2916,530895710108,X,DT TN,Transporting,0.01,2026-08-01,2026-08-01 14:18:56+07:00,2026-08-01 15:09:21+07:00,2026-08-01 15:50:49+07:00,
2917,530898500108,X,DT TN,Created,0.0062,2026-08-01,2026-07-31 20:08:41+07:00,2026-08-01 10:58:08+07:00,,
2918,530899680107,X,DT TN,Created,0.01,2026-08-01,2026-08-01 13:32:16+07:00,2026-08-01 15:28:38+07:00,,
2919,530916080107,X,DT TN,Created,0.01,2026-08-01,2026-08-01 08:33:30+07:00,2026-08-01 11:00:53+07:00,,
2920,530920280107,X,DT TN,Created,0.008,2026-08-01,2026-08-01 11:18:22+07:00,2026-08-01 11:28:18+07:00,,
2921,530920290107,X,DT TN,Transporting,0.01,2026-08-01,2026-08-01 14:02:25+07:00,2026-08-01 15:14:08+07:00,2026-08-01 16:28:28+07:00,
2922,530924320108,X,DT TN,Created,0.0059,2026-08-01,2026-08-01 11:51:45+07:00,2026-08-01 14:57:47+07:00,,
2923,530924710108,X,DT TN,Created,0.009,2026-08-01,2026-07-31 15:33:08+07:00,2026-08-01 08:34:34+07:00,,
2924,530925120108,X,DT TN,Created,0.006,2026-08-01,2026-08-01 12:11:48+07:00,,,
2925,530931370107,X,DT TN,Inbound,0.0055,2026-08-01,2026-08-01 14:41:38+07:00,,2026-07-31 00:19:47+07:00,2026-08-01 14:41:38+07:00
2926,530932320108,X,DT TN,Created,0.0095,2026-08-01,2026-08-01 15:08:53+07:00,,,
2927,530938290107,X,DT TN,Created,0.0098,2026-08-01,2026-08-01 14:28:43+07:00,2026-08-01 16:39:46+07:00,,
2928,530940280107,X,DT TN,Transporting,0.02,2026-08-01,2026-08-01 08:40:58+07:00,2026-08-01 10:46:24+07:00,2026-08-01 16:07:38+07:00,
2929,530941910108,X,DT TN,Created,0.008,2026-08-01,2026-08-01 10:17:03+07:00,,,
2930,530945680107,X,DT TN,Transporting,0.01,2026-08-01,2026-08-01 14:17:07+07:00,2026-08-01 15:10:15+07:00,2026-08-01 16:23:08+07:00,
2931,530946180107,X,DT TN,Inbound,0.007,2026-08-01,2026-08-01 15:48:15+07:00,,2026-07-30 22:02:39+07:00,2026-08-01 15:48:15+07:00
2932,530946280107,X,DT TN,Transporting,0.01,2026-08-01,2026-08-01 13:40:20+07:00,2026-08-01 15:23:41+07:00,2026-08-01 16:45:02+07:00,
2933,530949120108,X,DT TN,Created,0.0102,2026-08-01,2026-08-01 16:43:19+07:00,,,
2934,530956050107,X,DT TN,Created,0.0061,2026-08-01,2026-07-30 17:32:38+07:00,2026-08-01 14:47:19+07:00,,
2935,530971470107,X,DT TN,Transporting,0.01,2026-08-01,2026-08-01 08:37:39+07:00,2026-08-01 10:20:58+07:00,2026-08-01 16:24:43+07:00,
2936,530972680107,X,DT TN,Transporting,0.0085,2026-08-01,2026-08-01 14:01:13+07:00,2026-08-01 16:47:52+07:00,2026-08-01 16:47:56+07:00,
2937,530976480107,X,DT TN,Created,0.0095,2026-08-01,2026-08-01 12:49:04+07:00,,,
2938,530980320108,X,DT TN,Created,0.011,2026-08-01,2026-08-01 15:21:17+07:00,2026-08-01 16:36:33+07:00,,
2939,530985470107,X,DT TN,Transporting,0.008,2026-08-01,2026-08-01 10:16:31+07:00,2026-08-01 16:49:05+07:00,2026-08-01 16:49:25+07:00,
2940,530985510108,X,DT TN,Transporting,0.0051,2026-08-01,2026-08-01 14:01:45+07:00,2026-08-01 16:43:44+07:00,2026-08-01 16:43:49+07:00,
2941,530987710108,X,DT TN,Created,0.01,2026-08-01,2026-08-01 13:33:49+07:00,,,
2942,530990110108,X,DT TN,Transporting,0.0085,2026-08-01,2026-08-01 13:03:28+07:00,2026-08-01 14:54:19+07:00,2026-08-01 14:54:30+07:00,
2943,530993270107,X,DT TN,Created,0.0183,2026-08-01,2026-08-01 11:01:50+07:00,,,
2944,530993680107,X,DT TN,Created,0.0072,2026-08-01,2026-08-01 15:53:51+07:00,,,
2945,530999680107,X,DT TN,Created,0.01,2026-08-01,2026-08-01 13:32:16+07:00,2026-08-01 15:28:20+07:00,,
2946,530003720108,C01,SG CHỢ LỚN,Transporting,0.01,2026-08-01,2026-08-01 13:40:19+07:00,2026-08-01 15:22:52+07:00,2026-08-01 16:19:29+07:00,
2947,530008320108,C01,SG CHỢ LỚN,Created,0.0061,2026-08-01,2026-08-01 13:21:16+07:00,,,
2948,530011720108,C01,SG CHỢ LỚN,Transporting,0.0052,2026-08-01,2026-08-01 11:26:35+07:00,2026-08-01 14:17:01+07:00,2026-08-01 14:17:54+07:00,
2949,530019310108,C01,SG CHỢ LỚN,Created,0.0187,2026-08-01,2026-08-01 07:50:27+07:00,2026-08-01 12:05:38+07:00,,
2950,530022290107,C01,SG CHỢ LỚN,Created,0.0116,2026-08-01,2026-08-01 16:33:29+07:00,,,
2951,530025470107,C01,SG CHỢ LỚN,Created,0.0062,2026-08-01,2026-07-31 21:15:39+07:00,2026-08-01 10:58:20+07:00,,
2952,530031370107,C01,SG CHỢ LỚN,Inbound,0.013,2026-08-01,2026-08-01 15:58:43+07:00,,2026-07-30 21:29:48+07:00,2026-08-01 15:58:43+07:00
2953,530044290107,C01,SG CHỢ LỚN,Created,0.006,2026-08-01,2026-08-01 15:11:37+07:00,2026-08-01 15:46:32+07:00,,
2954,530050090107,C01,SG CHỢ LỚN,Created,0.0098,2026-08-01,2026-08-01 15:51:38+07:00,2026-08-01 16:41:34+07:00,,
2955,530067510108,C01,SG CHỢ LỚN,Created,0.0108,2026-08-01,2026-08-01 07:50:27+07:00,2026-08-01 12:05:12+07:00,,
2956,530072110108,C01,SG CHỢ LỚN,Transporting,0.009,2026-08-01,2026-08-01 08:20:18+07:00,2026-08-01 13:52:50+07:00,2026-08-01 15:29:23+07:00,
2957,530072880107,C01,SG CHỢ LỚN,Transporting,0.01,2026-08-01,2026-08-01 13:40:20+07:00,2026-08-01 15:22:50+07:00,2026-08-01 16:20:07+07:00,
2958,530074320108,C01,SG CHỢ LỚN,Created,0.0063,2026-08-01,2026-08-01 14:25:02+07:00,,,
2959,530075110108,C01,SG CHỢ LỚN,Created,0.0055,2026-08-01,2026-08-01 11:31:23+07:00,,,
2960,530077880107,C01,SG CHỢ LỚN,Created,0.006,2026-08-01,2026-08-01 12:54:33+07:00,,,
2961,530085710108,C01,SG CHỢ LỚN,Transporting,0.01,2026-08-01,2026-08-01 13:28:00+07:00,2026-08-01 15:27:25+07:00,2026-08-01 16:37:12+07:00,
2962,530087910108,C01,SG CHỢ LỚN,Created,0.0105,2026-08-01,2026-08-01 12:59:54+07:00,2026-08-01 16:44:08+07:00,,
2963,530099970107,C01,SG CHỢ LỚN,Inbound,0.008,2026-08-01,2026-08-01 15:55:04+07:00,,2026-07-30 21:35:32+07:00,2026-08-01 15:55:04+07:00
2964,530100890107,C01,SG CHỢ LỚN,Created,0.0058,2026-08-01,2026-08-01 13:08:51+07:00,2026-08-01 15:31:51+07:00,,
2965,530105920108,C01,SG CHỢ LỚN,Created,0.0102,2026-08-01,2026-08-01 14:04:40+07:00,,,
2966,530106890107,C01,SG CHỢ LỚN,Created,0.006,2026-08-01,2026-08-01 15:11:37+07:00,2026-08-01 15:39:41+07:00,,
2967,530110920108,C01,SG CHỢ LỚN,Transporting,0.0095,2026-08-01,2026-08-01 10:54:23+07:00,2026-08-01 13:51:38+07:00,2026-08-01 13:52:34+07:00,
2968,530112520108,C01,SG CHỢ LỚN,Transporting,0.01,2026-08-01,2026-08-01 13:08:19+07:00,2026-08-01 14:52:57+07:00,2026-08-01 15:45:48+07:00,
2969,530114490107,C01,SG CHỢ LỚN,Created,0.0077,2026-08-01,2026-08-01 16:10:42+07:00,,,
2970,530117690107,C01,SG CHỢ LỚN,Created,0.0113,2026-08-01,2026-08-01 14:09:01+07:00,,,
2971,530119720108,C01,SG CHỢ LỚN,Transporting,0.0085,2026-08-01,2026-08-01 14:01:45+07:00,2026-08-01 16:46:24+07:00,2026-08-01 16:46:33+07:00,
2972,530142270107,C01,SG CHỢ LỚN,Created,0.0068,2026-08-01,2026-07-31 17:32:28+07:00,2026-08-01 11:31:52+07:00,,
2973,530146520108,C01,SG CHỢ LỚN,Transporting,0.0085,2026-08-01,2026-08-01 15:09:47+07:00,2026-08-01 16:48:08+07:00,2026-08-01 16:48:07+07:00,
2974,530147520108,C01,SG CHỢ LỚN,Created,0.008,2026-08-01,2026-08-01 16:33:50+07:00,,,
2975,530148070107,C01,SG CHỢ LỚN,Created,0.007,2026-08-01,2026-08-01 07:19:51+07:00,,,
2976,530153520108,C01,SG CHỢ LỚN,Transporting,0.01,2026-08-01,2026-08-01 13:40:20+07:00,2026-08-01 15:21:35+07:00,2026-08-01 16:18:59+07:00,
2977,530162910108,C01,SG CHỢ LỚN,Transporting,0.013,2026-08-01,2026-08-01 07:37:16+07:00,2026-08-01 15:22:10+07:00,2026-08-01 16:28:53+07:00,
2978,530170510108,C01,SG CHỢ LỚN,Created,0.006,2026-08-01,2026-08-01 10:20:38+07:00,2026-08-01 13:52:47+07:00,,
2979,530174790107,C01,SG CHỢ LỚN,Created,0.0095,2026-08-01,2026-07-31 07:36:50+07:00,2026-08-01 11:42:10+07:00,,
2980,530179270107,C01,SG CHỢ LỚN,Transporting,0.01,2026-08-01,2026-08-01 09:01:31+07:00,2026-08-01 10:11:55+07:00,2026-08-01 15:48:55+07:00,
2981,530181880107,C01,SG CHỢ LỚN,Created,0.0072,2026-08-01,2026-08-01 12:07:16+07:00,,,
2982,530183480107,C01,SG CHỢ LỚN,Created,0.0054,2026-08-01,2026-08-01 16:01:46+07:00,,,
2983,530194850106,C01,SG CHỢ LỚN,Inbound,0.0145,2026-08-01,2026-08-01 15:19:42+07:00,,2026-07-30 22:09:33+07:00,2026-08-01 15:19:42+07:00
2984,530197470107,C01,SG CHỢ LỚN,Transporting,0.005,2026-08-01,2026-08-01 09:50:39+07:00,2026-08-01 11:03:50+07:00,2026-08-01 15:26:00+07:00,
2985,530200330108,C01,SG CHỢ LỚN,Created,0.005,2026-08-01,2026-08-01 16:04:38+07:00,2026-08-01 16:43:43+07:00,,
2986,530204680107,C01,SG CHỢ LỚN,Transporting,0.005,2026-08-01,2026-08-01 09:56:34+07:00,2026-08-01 11:04:29+07:00,2026-08-01 15:26:14+07:00,
2987,530204690107,C01,SG CHỢ LỚN,Created,0.01,2026-08-01,2026-08-01 14:18:56+07:00,2026-08-01 15:09:28+07:00,,
2988,530205280107,C01,SG CHỢ LỚN,Created,0.01,2026-08-01,2026-08-01 11:11:12+07:00,,,
2989,530206680107,C01,SG CHỢ LỚN,Created,0.0125,2026-08-01,2026-08-01 10:26:29+07:00,,,
2990,530209280107,C01,SG CHỢ LỚN,Created,0.0068,2026-08-01,2026-08-01 11:10:52+07:00,,,
2991,530218880107,C01,SG CHỢ LỚN,Created,0.006,2026-08-01,2026-08-01 10:48:52+07:00,,,
2992,530229670107,C01,SG CHỢ LỚN,Transporting,0.0051,2026-08-01,2026-07-31 22:02:09+07:00,2026-08-01 13:58:44+07:00,2026-08-01 13:58:54+07:00,
2993,530230680107,C01,SG CHỢ LỚN,Transporting,0.01,2026-08-01,2026-08-01 07:29:37+07:00,2026-08-01 10:11:36+07:00,2026-08-01 15:49:17+07:00,
2994,530231080107,C01,SG CHỢ LỚN,Created,0.0084,2026-08-01,2026-08-01 08:19:03+07:00,,,
2995,530254870107,C01,SG CHỢ LỚN,Transporting,0.0075,2026-08-01,2026-08-01 08:23:52+07:00,2026-08-01 10:18:15+07:00,2026-08-01 16:43:17+07:00,
2996,530256320108,C01,SG CHỢ LỚN,Created,0.0081,2026-08-01,2026-08-01 13:37:48+07:00,,,
2997,530268910108,C01,SG CHỢ LỚN,Transporting,0.01,2026-08-01,2026-08-01 08:37:39+07:00,2026-08-01 10:18:44+07:00,2026-08-01 16:23:57+07:00,
2998,530272810107,C01,SG CHỢ LỚN,Inbound,0.0091,2026-08-01,2026-08-01 15:17:43+07:00,,2026-07-30 23:41:36+07:00,2026-08-01 15:17:43+07:00
2999,530273240107,C01,SG CHỢ LỚN,Inbound,0.0053,2026-08-01,2026-08-01 15:24:40+07:00,,2026-07-30 22:02:48+07:00,2026-08-01 15:24:40+07:00
3000,530284910108,C01,SG CHỢ LỚN,Transporting,0.0051,2026-08-01,2026-08-01 13:01:29+07:00,2026-08-01 14:38:15+07:00,2026-08-01 14:38:37+07:00,
3001,530297070107,C01,SG CHỢ LỚN,Created,0.005,2026-08-01,2026-08-01 09:52:40+07:00,2026-08-01 14:22:15+07:00,,
3002,530297870107,C01,SG CHỢ LỚN,Transporting,0.005,2026-08-01,2026-08-01 09:56:07+07:00,2026-08-01 11:04:37+07:00,2026-08-01 15:26:18+07:00,
3003,530299510108,C01,SG CHỢ LỚN,Transporting,0.01,2026-08-01,2026-08-01 13:08:18+07:00,2026-08-01 14:53:59+07:00,2026-08-01 15:44:50+07:00,
3004,530302690107,C01,SG CHỢ LỚN,Created,0.0062,2026-08-01,2026-08-01 15:03:36+07:00,,,
3005,530305090107,C01,SG CHỢ LỚN,Created,0.005,2026-08-01,2026-08-01 15:13:11+07:00,,,
3006,530315980107,C01,SG CHỢ LỚN,Inbound,0.0053,2026-08-01,2026-08-01 15:30:25+07:00,,2026-07-30 21:56:51+07:00,2026-08-01 15:30:25+07:00
3007,530326110108,C01,SG CHỢ LỚN,Created,0.0059,2026-08-01,2026-08-01 08:08:08+07:00,2026-08-01 10:10:31+07:00,,
3008,530334720108,C01,SG CHỢ LỚN,Created,0.0064,2026-08-01,2026-08-01 15:33:23+07:00,,,
3009,530338120108,C01,SG CHỢ LỚN,Transporting,0.0051,2026-08-01,2026-08-01 14:04:13+07:00,2026-08-01 16:44:11+07:00,2026-08-01 16:44:25+07:00,
3010,530339520108,C01,SG CHỢ LỚN,Created,0.0081,2026-08-01,2026-08-01 14:53:01+07:00,,,
3011,530344280107,C01,SG CHỢ LỚN,Transporting,0.01,2026-08-01,2026-08-01 13:28:00+07:00,2026-08-01 15:27:37+07:00,2026-08-01 16:38:27+07:00,
3012,530344720108,C01,SG CHỢ LỚN,Created,0.0065,2026-08-01,2026-08-01 15:56:30+07:00,,,
3013,530345510108,C01,SG CHỢ LỚN,Created,0.0136,2026-08-01,2026-08-01 12:29:37+07:00,,,
3014,530348270107,C01,SG CHỢ LỚN,Transporting,0.02,2026-08-01,2026-08-01 07:32:04+07:00,2026-08-01 10:50:21+07:00,2026-08-01 15:54:11+07:00,
3015,530350920108,C01,SG CHỢ LỚN,Created,0.008,2026-08-01,2026-08-01 13:39:52+07:00,,,
3016,530352110108,C01,SG CHỢ LỚN,Created,0.0056,2026-08-01,2026-08-01 09:43:52+07:00,2026-08-01 11:26:53+07:00,,
3017,530354280107,C01,SG CHỢ LỚN,Transporting,0.005,2026-08-01,2026-08-01 09:50:37+07:00,2026-08-01 11:03:53+07:00,2026-08-01 15:26:03+07:00,
3018,530354670107,C01,SG CHỢ LỚN,Transporting,0.01,2026-08-01,2026-08-01 08:25:00+07:00,2026-08-01 10:12:45+07:00,2026-08-01 15:47:54+07:00,
3019,530357280107,C01,SG CHỢ LỚN,Transporting,0.01,2026-08-01,2026-08-01 13:49:14+07:00,2026-08-01 15:24:27+07:00,2026-08-01 16:44:56+07:00,
3020,530357720108,C01,SG CHỢ LỚN,Transporting,0.0093,2026-08-01,2026-08-01 13:48:54+07:00,2026-08-01 14:36:23+07:00,2026-08-01 15:56:14+07:00,
3021,530360110108,C01,SG CHỢ LỚN,Transporting,0.008,2026-08-01,2026-08-01 09:49:44+07:00,2026-08-01 13:53:54+07:00,2026-08-01 13:54:05+07:00,
3022,530360670107,C01,SG CHỢ LỚN,Created,0.007,2026-08-01,2026-08-01 08:11:10+07:00,2026-08-01 08:20:54+07:00,,
3023,530367080107,C01,SG CHỢ LỚN,Created,0.0081,2026-08-01,2026-08-01 11:16:46+07:00,2026-08-01 13:53:46+07:00,,
3024,530376880107,C01,SG CHỢ LỚN,Created,0.013,2026-08-01,2026-08-01 12:23:11+07:00,,,
3025,530377670107,C01,SG CHỢ LỚN,Created,0.0168,2026-08-01,2026-08-01 09:52:45+07:00,2026-08-01 16:40:28+07:00,,
3026,530380310108,C01,SG CHỢ LỚN,Transporting,0.0051,2026-08-01,2026-08-01 12:02:17+07:00,2026-08-01 14:35:43+07:00,2026-08-01 14:35:59+07:00,
3027,530396910108,C01,SG CHỢ LỚN,Created,0.0092,2026-08-01,2026-08-01 12:07:45+07:00,,,
3028,530397670107,C01,SG CHỢ LỚN,Inbound,0.009,2026-08-01,2026-08-01 10:01:15+07:00,2026-08-01 13:19:23+07:00,2026-08-01 14:48:38+07:00,2026-08-01 15:37:24+07:00
3029,530400720108,C01,SG CHỢ LỚN,Transporting,0.01,2026-08-01,2026-08-01 13:40:20+07:00,2026-08-01 15:21:42+07:00,2026-08-01 16:18:33+07:00,
3030,530403710108,C01,SG CHỢ LỚN,Created,0.0084,2026-08-01,2026-08-01 07:16:37+07:00,,,
3031,530407490107,C01,SG CHỢ LỚN,Created,0.0081,2026-08-01,2026-08-01 16:39:49+07:00,,,
3032,530421080107,C01,SG CHỢ LỚN,Created,0.0063,2026-08-01,2026-08-01 12:02:17+07:00,,,
3033,530422320108,C01,SG CHỢ LỚN,Created,0.006,2026-08-01,2026-08-01 10:38:02+07:00,2026-08-01 11:36:25+07:00,,
3034,530427280107,C01,SG CHỢ LỚN,Transporting,0.0065,2026-08-01,2026-08-01 08:05:02+07:00,2026-08-01 15:03:02+07:00,2026-08-01 15:03:02+07:00,
3035,530427720108,C01,SG CHỢ LỚN,Created,0.0057,2026-08-01,2026-08-01 15:07:22+07:00,2026-08-01 16:51:02+07:00,,
3036,530445090107,C01,SG CHỢ LỚN,Created,0.005,2026-08-01,2026-08-01 15:49:13+07:00,2026-08-01 16:38:20+07:00,,
3037,530446520108,C01,SG CHỢ LỚN,Created,0.005,2026-08-01,2026-08-01 15:49:13+07:00,2026-08-01 16:37:21+07:00,,
3038,530453310108,C01,SG CHỢ LỚN,Transporting,0.0082,2026-08-01,2026-08-01 10:50:38+07:00,2026-08-01 14:55:43+07:00,2026-08-01 14:55:47+07:00,
3039,530453520108,C01,SG CHỢ LỚN,Created,0.0053,2026-08-01,2026-08-01 13:41:52+07:00,2026-08-01 16:35:59+07:00,,
3040,530456920108,C01,SG CHỢ LỚN,Created,0.0051,2026-08-01,2026-08-01 13:39:50+07:00,,,
3041,530461310108,C01,SG CHỢ LỚN,Transporting,0.0089,2026-08-01,2026-08-01 10:58:08+07:00,2026-08-01 12:26:42+07:00,2026-08-01 16:38:19+07:00,
3042,530462310108,C01,SG CHỢ LỚN,Transporting,0.0121,2026-08-01,2026-08-01 07:43:25+07:00,2026-08-01 13:27:14+07:00,2026-08-01 15:28:56+07:00,
3043,530462710108,C01,SG CHỢ LỚN,Created,0.0094,2026-08-01,2026-08-01 07:44:01+07:00,2026-08-01 13:27:10+07:00,,
3044,530466110108,C01,SG CHỢ LỚN,Created,0.0093,2026-08-01,2026-08-01 06:53:40+07:00,2026-08-01 09:38:49+07:00,,
3045,530474380107,C01,SG CHỢ LỚN,Inbound,0.0085,2026-08-01,2026-08-01 16:48:15+07:00,,2026-07-30 21:04:52+07:00,2026-08-01 16:48:15+07:00
3046,530474510108,C01,SG CHỢ LỚN,Transporting,0.0051,2026-08-01,2026-08-01 10:51:34+07:00,2026-08-01 14:32:34+07:00,2026-08-01 14:32:37+07:00,
3047,530481110108,C01,SG CHỢ LỚN,Created,0.0129,2026-08-01,2026-08-01 13:38:57+07:00,,,
3048,530487500108,C01,SG CHỢ LỚN,Transporting,0.015,2026-08-01,2026-08-01 07:05:11+07:00,2026-08-01 10:34:45+07:00,2026-08-01 12:35:17+07:00,
3049,530493300108,C01,SG CHỢ LỚN,Transporting,0.01,2026-08-01,2026-08-01 07:29:37+07:00,2026-08-01 10:11:19+07:00,2026-08-01 15:49:32+07:00,
3050,530495360107,C01,SG CHỢ LỚN,Inbound,0.006,2026-08-01,2026-08-01 14:42:25+07:00,,2026-07-30 23:58:48+07:00,2026-08-01 14:42:25+07:00
3051,530496870107,C01,SG CHỢ LỚN,Transporting,0.008,2026-08-01,2026-08-01 09:25:53+07:00,2026-08-01 11:24:23+07:00,2026-08-01 15:27:25+07:00,
3052,530521680107,C01,SG CHỢ LỚN,Created,0.0128,2026-08-01,2026-08-01 12:09:01+07:00,2026-08-01 16:45:14+07:00,,
3053,530527380107,C01,SG CHỢ LỚN,Inbound,0.015,2026-08-01,2026-08-01 16:39:52+07:00,,2026-07-30 21:05:14+07:00,2026-08-01 16:39:52+07:00
3054,530528120108,C01,SG CHỢ LỚN,Transporting,0.01,2026-08-01,2026-08-01 14:33:42+07:00,2026-08-01 15:08:02+07:00,2026-08-01 16:22:38+07:00,
3055,530530680107,C01,SG CHỢ LỚN,Created,0.0108,2026-08-01,2026-08-01 07:50:27+07:00,2026-08-01 12:05:05+07:00,,
3056,530540970107,C01,SG CHỢ LỚN,Inbound,0.0062,2026-08-01,2026-08-01 16:45:04+07:00,,2026-07-30 21:07:07+07:00,2026-08-01 16:45:04+07:00
3057,530541880107,C01,SG CHỢ LỚN,Created,0.0069,2026-08-01,2026-08-01 08:59:05+07:00,,,
3058,530542080107,C01,SG CHỢ LỚN,Created,0.011,2026-08-01,2026-08-01 08:45:00+07:00,2026-08-01 16:11:35+07:00,,
3059,530547110108,C01,SG CHỢ LỚN,Inbound,0.0057,2026-08-01,2026-08-01 00:36:19+07:00,2026-08-01 13:36:37+07:00,2026-08-01 13:36:44+07:00,2026-08-01 16:47:04+07:00
3060,530552480107,C01,SG CHỢ LỚN,Transporting,0.01,2026-08-01,2026-08-01 13:28:00+07:00,2026-08-01 15:27:27+07:00,2026-08-01 16:37:52+07:00,
3061,530556720108,C01,SG CHỢ LỚN,Transporting,0.01,2026-08-01,2026-08-01 13:40:19+07:00,2026-08-01 15:24:06+07:00,2026-08-01 16:45:22+07:00,
3062,530567070107,C01,SG CHỢ LỚN,Transporting,0.01,2026-08-01,2026-08-01 08:37:39+07:00,2026-08-01 10:20:17+07:00,2026-08-01 16:24:13+07:00,
3063,530569710108,C01,SG CHỢ LỚN,Created,0.0056,2026-08-01,2026-08-01 09:47:31+07:00,2026-08-01 16:10:26+07:00,,
3064,530570910108,C01,SG CHỢ LỚN,Created,0.0074,2026-08-01,2026-08-01 10:54:55+07:00,,,
3065,530572510108,C01,SG CHỢ LỚN,Transporting,0.01,2026-08-01,2026-08-01 08:44:29+07:00,2026-08-01 10:58:02+07:00,2026-08-01 16:04:12+07:00,
3066,530574120108,C01,SG CHỢ LỚN,Transporting,0.01,2026-08-01,2026-08-01 14:33:42+07:00,2026-08-01 15:08:02+07:00,2026-08-01 16:22:37+07:00,
3067,530574320108,C01,SG CHỢ LỚN,Transporting,0.01,2026-08-01,2026-08-01 14:33:42+07:00,2026-08-01 15:08:00+07:00,2026-08-01 16:22:43+07:00,
3068,530575310108,C01,SG CHỢ LỚN,Created,0.0095,2026-08-01,2026-08-01 12:26:05+07:00,,,
3069,530580310107,C01,SG CHỢ LỚN,Inbound,0.0117,2026-08-01,2026-08-01 15:05:55+07:00,,2026-07-30 23:40:56+07:00,2026-08-01 15:05:55+07:00
3070,530580910108,C01,SG CHỢ LỚN,Inbound,0.0221,2026-08-01,2026-08-01 12:58:10+07:00,2026-08-01 13:58:14+07:00,,2026-08-01 15:11:35+07:00
3071,530582110108,C01,SG CHỢ LỚN,Transporting,0.008,2026-08-01,2026-08-01 09:06:09+07:00,2026-08-01 15:09:13+07:00,2026-08-01 15:35:01+07:00,
3072,530582480107,C01,SG CHỢ LỚN,Created,0.0102,2026-08-01,2026-08-01 15:10:10+07:00,,,
3073,530583070107,C01,SG CHỢ LỚN,Created,0.006,2026-08-01,2026-08-01 09:04:04+07:00,,,
3074,530591110108,C01,SG CHỢ LỚN,Created,0.0166,2026-08-01,2026-08-01 13:24:38+07:00,,,
3075,530595110108,C01,SG CHỢ LỚN,Transporting,0.01,2026-08-01,2026-08-01 14:07:50+07:00,2026-08-01 15:11:19+07:00,2026-08-01 16:01:48+07:00,
3076,530603510108,C01,SG CHỢ LỚN,Transporting,0.01,2026-08-01,2026-08-01 07:29:37+07:00,2026-08-01 10:10:54+07:00,2026-08-01 15:49:57+07:00,
3077,530606300108,C01,SG CHỢ LỚN,Created,0.0102,2026-08-01,2026-07-31 12:59:08+07:00,2026-08-01 15:26:58+07:00,,
3078,530610110108,C01,SG CHỢ LỚN,Transporting,0.0055,2026-08-01,2026-08-01 06:45:41+07:00,2026-08-01 16:14:47+07:00,2026-08-01 16:14:50+07:00,
3079,530612490107,C01,SG CHỢ LỚN,Created,0.008,2026-08-01,2026-08-01 16:09:45+07:00,,,
3080,530629680107,C01,SG CHỢ LỚN,Created,0.01,2026-08-01,2026-08-01 08:33:30+07:00,2026-08-01 11:00:43+07:00,,
3081,530640280107,C01,SG CHỢ LỚN,Transporting,0.01,2026-08-01,2026-08-01 08:37:38+07:00,2026-08-01 10:18:38+07:00,2026-08-01 16:23:53+07:00,
3082,530647840107,C01,SG CHỢ LỚN,Inbound,0.0132,2026-08-01,2026-08-01 14:56:28+07:00,,2026-07-31 00:12:04+07:00,2026-08-01 14:56:28+07:00
3083,530650520108,C01,SG CHỢ LỚN,Transporting,0.01,2026-08-01,2026-08-01 13:40:20+07:00,2026-08-01 15:21:16+07:00,2026-08-01 16:19:12+07:00,
3084,530651080107,C01,SG CHỢ LỚN,Inbound,0.0051,2026-08-01,2026-08-01 09:42:23+07:00,2026-08-01 13:33:56+07:00,2026-08-01 13:34:15+07:00,2026-08-01 16:40:44+07:00
3085,530656920108,C01,SG CHỢ LỚN,Transporting,0.01,2026-08-01,2026-08-01 13:40:20+07:00,2026-08-01 15:23:18+07:00,2026-08-01 16:18:07+07:00,
3086,530657920108,C01,SG CHỢ LỚN,Created,0.008,2026-08-01,2026-08-01 13:51:13+07:00,,,
3087,530668280107,C01,SG CHỢ LỚN,Inbound,0.0367,2026-08-01,2026-08-01 13:51:21+07:00,2026-08-01 14:24:18+07:00,2026-08-01 14:27:08+07:00,2026-08-01 15:40:26+07:00
3088,530669510108,C01,SG CHỢ LỚN,Inbound,0.0051,2026-08-01,2026-08-01 09:49:43+07:00,2026-08-01 13:34:54+07:00,2026-08-01 13:35:10+07:00,2026-08-01 16:40:15+07:00
3089,530673480107,C01,SG CHỢ LỚN,Created,0.0105,2026-08-01,2026-08-01 14:26:27+07:00,2026-08-01 16:47:51+07:00,,
3090,530687030107,C01,SG CHỢ LỚN,Inbound,0.009,2026-08-01,2026-08-01 15:50:11+07:00,,2026-07-30 21:37:03+07:00,2026-08-01 15:50:11+07:00
3091,530689480107,C01,SG CHỢ LỚN,Created,0.0098,2026-08-01,2026-08-01 15:51:39+07:00,2026-08-01 16:42:05+07:00,,
3092,530694630107,C01,SG CHỢ LỚN,Inbound,0.0065,2026-08-01,2026-08-01 15:21:25+07:00,,2026-07-30 22:14:03+07:00,2026-08-01 15:21:25+07:00
3093,530699100108,C01,SG CHỢ LỚN,Created,0.0144,2026-08-01,2026-08-01 07:26:27+07:00,,,
3094,530700120108,C01,SG CHỢ LỚN,Transporting,0.0093,2026-08-01,2026-08-01 13:48:54+07:00,2026-08-01 14:35:55+07:00,2026-08-01 15:56:11+07:00,
3095,530706120108,C01,SG CHỢ LỚN,Transporting,0.005,2026-08-01,2026-08-01 09:52:40+07:00,2026-08-01 11:04:11+07:00,2026-08-01 15:26:07+07:00,
3096,530713080107,C01,SG CHỢ LỚN,Transporting,0.02,2026-08-01,2026-08-01 13:14:26+07:00,2026-08-01 15:39:10+07:00,2026-08-01 15:52:51+07:00,
3097,530714080107,C01,SG CHỢ LỚN,Created,0.0145,2026-08-01,2026-08-01 09:53:09+07:00,2026-08-01 13:56:56+07:00,,
3098,530715720108,C01,SG CHỢ LỚN,Transporting,0.0085,2026-08-01,2026-08-01 15:08:54+07:00,2026-08-01 16:45:58+07:00,2026-08-01 16:46:10+07:00,
3099,530717480107,C01,SG CHỢ LỚN,Created,0.013,2026-08-01,2026-08-01 08:50:22+07:00,,,
3100,530719480107,C01,SG CHỢ LỚN,Created,0.0216,2026-08-01,2026-08-01 12:58:09+07:00,2026-08-01 15:12:21+07:00,,
3101,530734720108,C01,SG CHỢ LỚN,Created,0.0063,2026-08-01,2026-08-01 15:58:23+07:00,,,
3102,530738510108,C01,SG CHỢ LỚN,Transporting,0.0067,2026-08-01,2026-07-31 18:36:16+07:00,2026-08-01 10:27:42+07:00,2026-08-01 14:46:38+07:00,
3103,530740080107,C01,SG CHỢ LỚN,Transporting,0.01,2026-08-01,2026-08-01 08:37:39+07:00,2026-08-01 10:20:05+07:00,2026-08-01 16:24:21+07:00,
3104,530740280107,C01,SG CHỢ LỚN,Transporting,0.01,2026-08-01,2026-08-01 08:37:39+07:00,2026-08-01 10:21:15+07:00,2026-08-01 16:24:59+07:00,
3105,530748280107,C01,SG CHỢ LỚN,Transporting,0.008,2026-08-01,2026-08-01 09:25:53+07:00,2026-08-01 11:24:09+07:00,2026-08-01 15:27:18+07:00,
3106,530750320108,C01,SG CHỢ LỚN,Transporting,0.01,2026-08-01,2026-08-01 13:40:20+07:00,2026-08-01 15:21:38+07:00,2026-08-01 16:18:56+07:00,
3107,530755510108,C01,SG CHỢ LỚN,Transporting,0.01,2026-08-01,2026-08-01 07:29:37+07:00,2026-08-01 10:11:44+07:00,2026-08-01 15:49:09+07:00,
3108,530758110108,C01,SG CHỢ LỚN,Created,0.02,2026-08-01,2026-08-01 10:26:01+07:00,,,
3109,530767980107,C01,SG CHỢ LỚN,Inbound,0.0072,2026-08-01,2026-08-01 14:49:31+07:00,,2026-07-31 00:25:25+07:00,2026-08-01 14:49:31+07:00
3110,530769710108,C01,SG CHỢ LỚN,Created,0.005,2026-08-01,2026-08-01 09:52:40+07:00,2026-08-01 14:21:48+07:00,,
3111,530771880107,C01,SG CHỢ LỚN,Created,0.008,2026-08-01,2026-08-01 14:33:46+07:00,2026-08-01 14:43:47+07:00,,
3112,530775630107,C01,SG CHỢ LỚN,Inbound,0.0079,2026-08-01,2026-08-01 16:27:49+07:00,,2026-07-30 21:10:18+07:00,2026-08-01 16:27:49+07:00
3113,530776880107,C01,SG CHỢ LỚN,Created,0.0057,2026-08-01,2026-08-01 12:43:35+07:00,2026-08-01 15:54:23+07:00,,
3114,530798500108,C01,SG CHỢ LỚN,Created,0.009,2026-08-01,2026-07-31 19:07:00+07:00,2026-08-01 08:09:59+07:00,,
3115,530809080107,C01,SG CHỢ LỚN,Transporting,0.0075,2026-08-01,2026-08-01 12:07:44+07:00,2026-08-01 16:13:18+07:00,2026-08-01 16:45:22+07:00,
3116,530822920108,C01,SG CHỢ LỚN,Created,0.0153,2026-08-01,2026-08-01 10:49:43+07:00,,,
3117,530825520108,C01,SG CHỢ LỚN,Created,0.006,2026-08-01,2026-08-01 12:08:56+07:00,,,
3118,530829480107,C01,SG CHỢ LỚN,Transporting,0.013,2026-08-01,2026-08-01 08:37:19+07:00,2026-08-01 15:22:14+07:00,2026-08-01 16:28:45+07:00,
3119,530839280107,C01,SG CHỢ LỚN,Created,0.01,2026-08-01,2026-08-01 13:32:16+07:00,2026-08-01 15:28:39+07:00,,
3120,530848920108,C01,SG CHỢ LỚN,Created,0.005,2026-08-01,2026-08-01 15:49:13+07:00,2026-08-01 16:37:44+07:00,,
3121,530856280107,C01,SG CHỢ LỚN,Created,0.01,2026-08-01,2026-08-01 13:35:42+07:00,2026-08-01 15:26:10+07:00,,
3122,530862570107,C01,SG CHỢ LỚN,Inbound,0.0062,2026-08-01,2026-08-01 16:41:29+07:00,,2026-07-30 21:06:25+07:00,2026-08-01 16:41:29+07:00
3123,530865070107,C01,SG CHỢ LỚN,Created,0.005,2026-08-01,2026-08-01 09:56:07+07:00,2026-08-01 11:04:34+07:00,,
3124,530865480107,C01,SG CHỢ LỚN,Created,0.008,2026-08-01,2026-08-01 16:01:18+07:00,,,
3125,530866910108,C01,SG CHỢ LỚN,Created,0.0079,2026-08-01,2026-08-01 07:45:27+07:00,2026-08-01 10:49:59+07:00,,
3126,530870880107,C01,SG CHỢ LỚN,Created,0.0114,2026-08-01,2026-08-01 14:03:51+07:00,,,
3127,530876280107,C01,SG CHỢ LỚN,Created,0.0101,2026-08-01,2026-08-01 12:43:47+07:00,,,
3128,530878070107,C01,SG CHỢ LỚN,Transporting,0.0205,2026-08-01,2026-08-01 08:47:40+07:00,2026-08-01 13:13:47+07:00,2026-08-01 15:28:19+07:00,
3129,530890080107,C01,SG CHỢ LỚN,Created,0.0059,2026-08-01,2026-08-01 15:08:54+07:00,2026-08-01 16:49:47+07:00,,
3130,530900690107,C01,SG CHỢ LỚN,Created,0.0061,2026-08-01,2026-08-01 13:21:12+07:00,,,
3131,530904880107,C01,SG CHỢ LỚN,Created,0.0128,2026-08-01,2026-08-01 10:57:57+07:00,,,
3132,530910320108,C01,SG CHỢ LỚN,Transporting,0.0051,2026-08-01,2026-08-01 11:21:40+07:00,2026-08-01 15:59:03+07:00,2026-08-01 16:14:59+07:00,
3133,530931120108,C01,SG CHỢ LỚN,Created,0.0089,2026-08-01,2026-08-01 13:08:06+07:00,,,
3134,530936280107,C01,SG CHỢ LỚN,Transporting,0.0068,2026-08-01,2026-08-01 12:04:46+07:00,2026-08-01 15:03:13+07:00,2026-08-01 15:03:17+07:00,
3135,530937320108,C01,SG CHỢ LỚN,Transporting,0.01,2026-08-01,2026-08-01 13:08:19+07:00,2026-08-01 14:54:32+07:00,2026-08-01 15:44:15+07:00,
3136,530941310108,C01,SG CHỢ LỚN,Created,0.0084,2026-08-01,2026-08-01 10:14:00+07:00,,,
3137,530943470107,C01,SG CHỢ LỚN,Created,0.01,2026-08-01,2026-08-01 08:08:40+07:00,2026-08-01 16:48:55+07:00,,
3138,530950720108,C01,SG CHỢ LỚN,Created,0.0182,2026-08-01,2026-08-01 13:42:28+07:00,2026-08-01 16:40:22+07:00,,
3139,530951880107,C01,SG CHỢ LỚN,Created,0.0099,2026-08-01,2026-08-01 09:46:45+07:00,2026-08-01 11:25:26+07:00,,
3140,530955900108,C01,SG CHỢ LỚN,Created,0.018,2026-08-01,2026-07-31 15:33:08+07:00,2026-08-01 08:36:37+07:00,,
3141,530956920108,C01,SG CHỢ LỚN,Created,0.0072,2026-08-01,2026-08-01 13:40:28+07:00,,,
3142,530957280107,C01,SG CHỢ LỚN,Transporting,0.01,2026-08-01,2026-08-01 14:07:50+07:00,2026-08-01 15:11:49+07:00,2026-08-01 16:00:53+07:00,
3143,530961070107,C01,SG CHỢ LỚN,Inbound,0.0051,2026-08-01,2026-08-01 09:41:57+07:00,2026-08-01 13:33:35+07:00,2026-08-01 13:33:59+07:00,2026-08-01 16:37:57+07:00
3144,530967110108,C01,SG CHỢ LỚN,Created,0.0084,2026-08-01,2026-08-01 08:20:02+07:00,,,
3145,530982280107,C01,SG CHỢ LỚN,Created,0.005,2026-08-01,2026-08-01 15:49:13+07:00,2026-08-01 16:38:21+07:00,,
3146,530993310108,C01,SG CHỢ LỚN,Created,0.008,2026-08-01,2026-08-01 13:55:50+07:00,,,
3147,530007080107,B08,SG CỦ CHI,Created,0.0084,2026-08-01,2026-08-01 11:16:55+07:00,,,
3148,530011710108,B08,SG CỦ CHI,Created,0.0087,2026-08-01,2026-08-01 07:42:11+07:00,2026-08-01 15:18:30+07:00,,
3149,530012280107,B08,SG CỦ CHI,Created,0.007,2026-08-01,2026-08-01 10:29:36+07:00,,,
3150,530012490107,B08,SG CỦ CHI,Created,0.005,2026-08-01,2026-08-01 15:49:13+07:00,2026-08-01 16:38:14+07:00,,
3151,530013080107,B08,SG CỦ CHI,Created,0.0079,2026-08-01,2026-08-01 12:07:10+07:00,,,
3152,530025880107,B08,SG CỦ CHI,Transporting,0.0052,2026-08-01,2026-08-01 11:31:28+07:00,2026-08-01 14:01:09+07:00,2026-08-01 14:01:10+07:00,
3153,530026290107,B08,SG CỦ CHI,Created,0.0165,2026-08-01,2026-08-01 16:00:47+07:00,,,
3154,530036120108,B08,SG CỦ CHI,Transporting,0.008,2026-08-01,2026-08-01 12:37:56+07:00,2026-08-01 16:42:18+07:00,2026-08-01 16:42:25+07:00,
3155,530039120108,B08,SG CỦ CHI,Transporting,0.01,2026-08-01,2026-08-01 14:33:42+07:00,2026-08-01 15:08:01+07:00,2026-08-01 16:22:41+07:00,
3156,530039270107,B08,SG CỦ CHI,Created,0.0066,2026-08-01,2026-07-31 21:53:35+07:00,2026-08-01 15:54:54+07:00,,
3157,530041720108,B08,SG CỦ CHI,Created,0.0061,2026-08-01,2026-08-01 13:21:13+07:00,,,
3158,530043680107,B08,SG CỦ CHI,Created,0.009,2026-08-01,2026-08-01 09:00:05+07:00,,,
3159,530048270107,B08,SG CỦ CHI,Created,0.0053,2026-08-01,2026-08-01 07:02:49+07:00,2026-08-01 10:37:42+07:00,,
3160,530049570107,B08,SG CỦ CHI,Inbound,0.008,2026-08-01,2026-08-01 14:53:31+07:00,,2026-07-30 23:55:59+07:00,2026-08-01 14:53:31+07:00
3161,530053920108,B08,SG CỦ CHI,Transporting,0.01,2026-08-01,2026-08-01 13:40:20+07:00,2026-08-01 15:22:07+07:00,2026-08-01 16:17:58+07:00,
3162,530056480107,B08,SG CỦ CHI,Transporting,0.01,2026-08-01,2026-08-01 13:08:18+07:00,2026-08-01 14:53:13+07:00,2026-08-01 15:45:33+07:00,
3163,530058650107,B08,SG CỦ CHI,Created,0.007,2026-08-01,2026-07-30 14:07:45+07:00,2026-08-01 15:29:25+07:00,,
3164,530060580107,B08,SG CỦ CHI,Inbound,0.0052,2026-08-01,2026-08-01 15:01:03+07:00,,2026-07-30 23:53:36+07:00,2026-08-01 15:01:03+07:00
3165,530060880107,B08,SG CỦ CHI,Transporting,0.005,2026-08-01,2026-08-01 09:50:43+07:00,2026-08-01 11:03:14+07:00,2026-08-01 15:25:39+07:00,
3166,530068080107,B08,SG CỦ CHI,Created,0.01,2026-08-01,2026-08-01 13:35:42+07:00,2026-08-01 15:26:17+07:00,,
3167,530075310108,B08,SG CỦ CHI,Transporting,0.0052,2026-08-01,2026-08-01 11:31:28+07:00,2026-08-01 14:00:49+07:00,2026-08-01 14:00:59+07:00,
3168,530076680107,B08,SG CỦ CHI,Created,0.0064,2026-08-01,2026-08-01 12:07:10+07:00,,,
3169,530082470107,B08,SG CỦ CHI,Created,0.0084,2026-08-01,2026-08-01 08:09:55+07:00,,,
3170,530084480107,B08,SG CỦ CHI,Transporting,0.01,2026-08-01,2026-08-01 14:33:42+07:00,2026-08-01 15:07:57+07:00,2026-08-01 16:22:47+07:00,
3171,530084980107,B08,SG CỦ CHI,Inbound,0.0108,2026-08-01,2026-08-01 15:01:33+07:00,,2026-07-30 23:50:37+07:00,2026-08-01 15:01:33+07:00
3172,530093480107,B08,SG CỦ CHI,Created,0.042,2026-08-01,2026-08-01 14:47:33+07:00,,,
3173,530094310108,B08,SG CỦ CHI,Created,0.0059,2026-08-01,2026-08-01 13:13:44+07:00,2026-08-01 14:56:44+07:00,,
3174,530106960107,B08,SG CỦ CHI,Inbound,0.008,2026-08-01,2026-08-01 15:02:16+07:00,,2026-07-30 23:48:17+07:00,2026-08-01 15:02:16+07:00
3175,530121520108,B08,SG CỦ CHI,Transporting,0.02,2026-08-01,2026-08-01 14:22:16+07:00,2026-08-01 15:04:36+07:00,2026-08-01 16:39:55+07:00,
3176,530122090107,B08,SG CỦ CHI,Created,0.0101,2026-08-01,2026-08-01 16:40:12+07:00,,,
3177,530124970107,B08,SG CỦ CHI,Inbound,0.006,2026-08-01,2026-08-01 15:07:34+07:00,,2026-07-30 23:47:24+07:00,2026-08-01 15:07:34+07:00
3178,530131720108,B08,SG CỦ CHI,Created,0.0059,2026-08-01,2026-08-01 13:01:34+07:00,2026-08-01 16:27:45+07:00,,
3179,530131920108,B08,SG CỦ CHI,Created,0.0109,2026-08-01,2026-08-01 13:01:41+07:00,,,
3180,530135480107,B08,SG CỦ CHI,Created,0.012,2026-08-01,2026-08-01 12:40:12+07:00,,,
3181,530137290107,B08,SG CỦ CHI,Created,0.0076,2026-08-01,2026-08-01 14:48:23+07:00,,,
3182,530140080107,B08,SG CỦ CHI,Created,0.0095,2026-08-01,2026-08-01 08:27:50+07:00,2026-08-01 14:40:57+07:00,,
3183,530150310108,B08,SG CỦ CHI,Transporting,0.01,2026-08-01,2026-08-01 08:44:29+07:00,2026-08-01 10:58:18+07:00,2026-08-01 16:04:40+07:00,
3184,530151890107,B08,SG CỦ CHI,Created,0.0054,2026-08-01,2026-08-01 16:04:05+07:00,,,
3185,530153070107,B08,SG CỦ CHI,Created,0.01,2026-08-01,2026-08-01 08:23:07+07:00,2026-08-01 11:20:57+07:00,,
3186,530160310108,B08,SG CỦ CHI,Transporting,0.0065,2026-08-01,2026-08-01 09:47:11+07:00,2026-08-01 15:09:35+07:00,2026-08-01 15:09:45+07:00,
3187,530172110108,B08,SG CỦ CHI,Created,0.0095,2026-08-01,2026-08-01 08:27:50+07:00,2026-08-01 14:41:37+07:00,,
3188,530181720108,B08,SG CỦ CHI,Created,0.013,2026-08-01,2026-08-01 15:37:16+07:00,,,
3189,530182710108,B08,SG CỦ CHI,Transporting,0.01,2026-08-01,2026-08-01 09:01:31+07:00,2026-08-01 10:12:02+07:00,2026-08-01 15:48:46+07:00,
3190,530189310108,B08,SG CỦ CHI,Transporting,0.0143,2026-08-01,2026-08-01 13:02:33+07:00,2026-08-01 15:42:59+07:00,2026-08-01 15:42:58+07:00,
3191,530193880107,B08,SG CỦ CHI,Created,0.0081,2026-08-01,2026-08-01 14:53:01+07:00,,,
3192,530209680107,B08,SG CỦ CHI,Created,0.0059,2026-08-01,2026-08-01 11:12:36+07:00,,,
3193,530218480107,B08,SG CỦ CHI,Created,0.0189,2026-08-01,2026-08-01 10:44:15+07:00,,,
3194,530223320108,B08,SG CỦ CHI,Transporting,0.0051,2026-08-01,2026-08-01 10:54:23+07:00,2026-08-01 14:34:06+07:00,2026-08-01 14:34:35+07:00,
3195,530239470107,B08,SG CỦ CHI,Transporting,0.0057,2026-08-01,2026-08-01 02:00:59+07:00,2026-08-01 13:36:35+07:00,2026-08-01 13:36:42+07:00,
3196,530241720108,B08,SG CỦ CHI,Created,0.0061,2026-08-01,2026-08-01 13:23:28+07:00,,,
3197,530241910108,B08,SG CỦ CHI,Transporting,0.0059,2026-08-01,2026-08-01 09:34:32+07:00,2026-08-01 10:46:13+07:00,2026-08-01 14:46:30+07:00,
3198,530242120108,B08,SG CỦ CHI,Transporting,0.01,2026-08-01,2026-08-01 14:33:42+07:00,2026-08-01 15:08:28+07:00,2026-08-01 16:22:04+07:00,
3199,530242720108,B08,SG CỦ CHI,Transporting,0.02,2026-08-01,2026-08-01 14:40:10+07:00,2026-08-01 15:05:36+07:00,2026-08-01 16:28:51+07:00,
3200,530245030107,B08,SG CỦ CHI,Inbound,0.003,2026-08-01,2026-08-01 15:06:12+07:00,,2026-07-30 23:41:02+07:00,2026-08-01 15:06:12+07:00
3201,530251090107,B08,SG CỦ CHI,Created,0.0089,2026-08-01,2026-08-01 16:04:05+07:00,,,
3202,530251870107,B08,SG CỦ CHI,Created,0.0084,2026-08-01,2026-08-01 07:49:01+07:00,,,
3203,530260720108,B08,SG CỦ CHI,Created,0.0086,2026-08-01,2026-08-01 16:03:33+07:00,,,
3204,530261710108,B08,SG CỦ CHI,Created,0.0081,2026-08-01,2026-08-01 10:49:56+07:00,,,
3205,530262880107,B08,SG CỦ CHI,Created,0.0058,2026-08-01,2026-08-01 13:09:19+07:00,,,
3206,530265870107,B08,SG CỦ CHI,Created,0.0116,2026-08-01,2026-08-01 09:17:22+07:00,,,
3207,530265980107,B08,SG CỦ CHI,Inbound,0.006,2026-08-01,2026-08-01 14:56:41+07:00,,2026-07-31 00:12:55+07:00,2026-08-01 14:56:41+07:00
3208,530271280107,B08,SG CỦ CHI,Created,0.0117,2026-08-01,2026-08-01 14:10:22+07:00,2026-08-01 16:38:41+07:00,,
3209,530276840107,B08,SG CỦ CHI,Inbound,0.0065,2026-08-01,2026-08-01 14:44:07+07:00,,2026-07-30 22:06:02+07:00,2026-08-01 14:44:07+07:00
3210,530277480107,B08,SG CỦ CHI,Created,0.006,2026-08-01,2026-08-01 13:00:01+07:00,,,
3211,530278310108,B08,SG CỦ CHI,Transporting,0.0051,2026-08-01,2026-08-01 12:01:15+07:00,2026-08-01 14:35:01+07:00,2026-08-01 14:35:07+07:00,
3212,530279110108,B08,SG CỦ CHI,Created,0.007,2026-08-01,2026-08-01 13:21:11+07:00,,,
3213,530283960107,B08,SG CỦ CHI,Inbound,0.006,2026-08-01,2026-08-01 15:47:57+07:00,,2026-07-30 21:57:55+07:00,2026-08-01 15:47:57+07:00
3214,530284480107,B08,SG CỦ CHI,Created,0.01,2026-08-01,2026-08-01 14:50:58+07:00,,,
3215,530287100108,B08,SG CỦ CHI,Created,0.0128,2026-08-01,2026-07-31 21:53:03+07:00,2026-08-01 10:38:57+07:00,,
3216,530290510108,B08,SG CỦ CHI,Created,0.0071,2026-08-01,2026-08-01 12:07:09+07:00,,,
3217,530290710108,B08,SG CỦ CHI,Created,0.0062,2026-08-01,2026-08-01 12:07:10+07:00,,,
3218,530292030107,B08,SG CỦ CHI,Inbound,0.0075,2026-08-01,2026-08-01 16:36:36+07:00,,2026-07-30 21:08:34+07:00,2026-08-01 16:36:36+07:00
3219,530295770107,B08,SG CỦ CHI,Inbound,0.0053,2026-08-01,2026-08-01 15:30:59+07:00,,2026-07-30 21:56:43+07:00,2026-08-01 15:30:59+07:00
3220,530296510108,B08,SG CỦ CHI,Created,0.0075,2026-08-01,2026-08-01 12:04:10+07:00,2026-08-01 16:49:34+07:00,,
3221,530305120108,B08,SG CỦ CHI,Transporting,0.01,2026-08-01,2026-08-01 14:07:50+07:00,2026-08-01 15:11:07+07:00,2026-08-01 16:01:35+07:00,
3222,530312450107,B08,SG CỦ CHI,Inbound,0.0062,2026-08-01,2026-08-01 15:03:43+07:00,,2026-07-30 23:44:12+07:00,2026-08-01 15:03:43+07:00
3223,530323440107,B08,SG CỦ CHI,Inbound,0.0085,2026-08-01,2026-08-01 14:42:04+07:00,,2026-07-31 00:20:50+07:00,2026-08-01 14:42:04+07:00
3224,530324490107,B08,SG CỦ CHI,Created,0.0112,2026-08-01,2026-08-01 16:43:19+07:00,,,
3225,530326850107,B08,SG CỦ CHI,Inbound,0.0068,2026-08-01,2026-08-01 14:44:06+07:00,,2026-07-31 00:12:54+07:00,2026-08-01 14:44:06+07:00
3226,530330770107,B08,SG CỦ CHI,Inbound,0.0062,2026-08-01,2026-08-01 16:37:03+07:00,,2026-07-30 21:07:47+07:00,2026-08-01 16:37:03+07:00
3227,530339490107,B08,SG CỦ CHI,Created,0.0056,2026-08-01,2026-08-01 14:41:18+07:00,2026-08-01 16:50:32+07:00,,
3228,530341850107,B08,SG CỦ CHI,Inbound,0.0063,2026-08-01,2026-08-01 14:59:24+07:00,,2026-07-30 23:54:56+07:00,2026-08-01 14:59:24+07:00
3229,530343050107,B08,SG CỦ CHI,Inbound,0.0068,2026-08-01,2026-08-01 16:46:55+07:00,,2026-07-30 21:05:38+07:00,2026-08-01 16:46:55+07:00
3230,530350890107,B08,SG CỦ CHI,Created,0.0117,2026-08-01,2026-08-01 15:57:12+07:00,,,
3231,530351310108,B08,SG CỦ CHI,Transporting,0.0096,2026-08-01,2026-08-01 09:52:40+07:00,2026-08-01 14:21:58+07:00,2026-08-01 15:34:51+07:00,
3232,530354080107,B08,SG CỦ CHI,Transporting,0.0102,2026-08-01,2026-08-01 09:49:44+07:00,2026-08-01 13:52:54+07:00,2026-08-01 13:53:05+07:00,
3233,530357580107,B08,SG CỦ CHI,Inbound,0.0155,2026-08-01,2026-08-01 16:28:48+07:00,,2026-07-30 21:10:21+07:00,2026-08-01 16:28:48+07:00
3234,530366850107,B08,SG CỦ CHI,Inbound,0.0055,2026-08-01,2026-08-01 15:50:30+07:00,,2026-07-30 21:28:56+07:00,2026-08-01 15:50:30+07:00
3235,530366880107,B08,SG CỦ CHI,Transporting,0.0065,2026-08-01,2026-08-01 10:52:06+07:00,2026-08-01 15:09:34+07:00,2026-08-01 15:09:43+07:00,
3236,530371880107,B08,SG CỦ CHI,Transporting,0.02,2026-08-01,2026-08-01 14:13:08+07:00,2026-08-01 15:10:41+07:00,2026-08-01 16:02:57+07:00,
3237,530371910108,B08,SG CỦ CHI,Created,0.006,2026-08-01,2026-08-01 12:10:09+07:00,,,
3238,530375910108,B08,SG CỦ CHI,Created,0.006,2026-08-01,2026-08-01 12:09:52+07:00,,,
3239,530381240107,B08,SG CỦ CHI,Inbound,0.006,2026-08-01,2026-08-01 14:42:37+07:00,,2026-07-31 00:13:13+07:00,2026-08-01 14:42:37+07:00
3240,530383480107,B08,SG CỦ CHI,Created,0.0176,2026-08-01,2026-08-01 16:10:59+07:00,,,
3241,530385640107,B08,SG CỦ CHI,Inbound,0.01,2026-08-01,2026-08-01 15:59:49+07:00,,2026-07-30 21:29:59+07:00,2026-08-01 15:59:49+07:00
3242,530385920108,B08,SG CỦ CHI,Created,0.0098,2026-08-01,2026-08-01 15:51:39+07:00,2026-08-01 16:41:41+07:00,,
3243,530388510108,B08,SG CỦ CHI,Transporting,0.0054,2026-08-01,2026-08-01 12:00:38+07:00,2026-08-01 14:00:06+07:00,2026-08-01 14:00:22+07:00,
3244,530389480107,B08,SG CỦ CHI,Created,0.0051,2026-08-01,2026-08-01 15:33:48+07:00,,,
3245,530393100108,B08,SG CỦ CHI,Created,0.0088,2026-08-01,2026-08-01 07:04:42+07:00,2026-08-01 10:59:07+07:00,,
3246,530397510108,B08,SG CỦ CHI,Transporting,0.01,2026-08-01,2026-08-01 13:08:19+07:00,2026-08-01 14:54:54+07:00,2026-08-01 15:43:59+07:00,
3247,530398480107,B08,SG CỦ CHI,Transporting,0.01,2026-08-01,2026-08-01 13:08:19+07:00,2026-08-01 14:53:47+07:00,2026-08-01 15:45:01+07:00,
3248,530398680107,B08,SG CỦ CHI,Transporting,0.01,2026-08-01,2026-08-01 13:08:19+07:00,2026-08-01 14:54:30+07:00,2026-08-01 15:44:16+07:00,
3249,530402120108,B08,SG CỦ CHI,Created,0.0084,2026-08-01,2026-08-01 13:09:55+07:00,2026-08-01 15:35:37+07:00,,
3250,530407080107,B08,SG CỦ CHI,Created,0.011,2026-08-01,2026-08-01 12:10:42+07:00,,,
3251,530415680107,B08,SG CỦ CHI,Transporting,0.0054,2026-08-01,2026-08-01 10:52:37+07:00,2026-08-01 14:02:09+07:00,2026-08-01 14:02:08+07:00,
3252,530416090107,B08,SG CỦ CHI,Transporting,0.0085,2026-08-01,2026-08-01 14:01:44+07:00,2026-08-01 16:47:53+07:00,2026-08-01 16:47:57+07:00,
3253,530419920108,B08,SG CỦ CHI,Transporting,0.01,2026-08-01,2026-08-01 14:07:50+07:00,2026-08-01 15:11:27+07:00,2026-08-01 16:01:06+07:00,
3254,530423480107,B08,SG CỦ CHI,Transporting,0.0051,2026-08-01,2026-08-01 13:04:54+07:00,2026-08-01 14:37:18+07:00,2026-08-01 14:37:30+07:00,
3255,530424080107,B08,SG CỦ CHI,Created,0.0098,2026-08-01,2026-08-01 10:51:51+07:00,2026-08-01 15:41:07+07:00,,
3256,530436120108,B08,SG CỦ CHI,Created,0.0075,2026-08-01,2026-08-01 12:55:31+07:00,,,
3257,530441910108,B08,SG CỦ CHI,Created,0.0375,2026-08-01,2026-08-01 09:47:34+07:00,2026-08-01 12:12:37+07:00,,
3258,530445250107,B08,SG CỦ CHI,Inbound,0.0053,2026-08-01,2026-08-01 16:00:48+07:00,,2026-07-30 21:27:08+07:00,2026-08-01 16:00:48+07:00
3259,530451170107,B08,SG CỦ CHI,Inbound,0.0055,2026-08-01,2026-08-01 16:48:30+07:00,,2026-07-30 21:03:36+07:00,2026-08-01 16:48:30+07:00
3260,530451470107,B08,SG CỦ CHI,Created,0.0055,2026-08-01,2026-08-01 08:00:34+07:00,2026-08-01 08:22:06+07:00,,
3261,530452050107,B08,SG CỦ CHI,Inbound,0.0059,2026-08-01,2026-08-01 15:25:23+07:00,,2026-07-30 22:10:11+07:00,2026-08-01 15:25:23+07:00
3262,530460490107,B08,SG CỦ CHI,Created,0.1271,2026-08-01,2026-08-01 16:35:16+07:00,,,
3263,530462510108,B08,SG CỦ CHI,Created,0.006,2026-08-01,2026-08-01 07:43:48+07:00,2026-08-01 10:49:16+07:00,,
3264,530464110108,B08,SG CỦ CHI,Transporting,0.0051,2026-08-01,2026-08-01 08:00:51+07:00,2026-08-01 15:02:42+07:00,2026-08-01 15:02:49+07:00,
3265,530473110108,B08,SG CỦ CHI,Created,0.0084,2026-08-01,2026-08-01 09:46:45+07:00,2026-08-01 11:25:30+07:00,,
3266,530478680107,B08,SG CỦ CHI,Created,0.009,2026-08-01,2026-08-01 14:55:11+07:00,,,
3267,530479480107,B08,SG CỦ CHI,Created,0.005,2026-08-01,2026-08-01 16:04:38+07:00,2026-08-01 16:43:37+07:00,,
3268,530482670107,B08,SG CỦ CHI,Transporting,0.0052,2026-08-01,2026-08-01 08:18:01+07:00,2026-08-01 08:58:34+07:00,2026-08-01 12:30:00+07:00,
3269,530489480107,B08,SG CỦ CHI,Created,0.0055,2026-08-01,2026-08-01 15:39:57+07:00,,,
3270,530492050107,B08,SG CỦ CHI,Inbound,0.0055,2026-08-01,2026-08-01 15:59:23+07:00,,2026-07-30 21:28:55+07:00,2026-08-01 15:59:23+07:00
3271,530495310108,B08,SG CỦ CHI,Created,0.01,2026-08-01,2026-08-01 14:05:20+07:00,2026-08-01 16:29:02+07:00,,
3272,530495410107,B08,SG CỦ CHI,Inbound,0.0053,2026-08-01,2026-08-01 16:27:05+07:00,,2026-07-30 21:11:36+07:00,2026-08-01 16:27:05+07:00
3273,530496480107,B08,SG CỦ CHI,Transporting,0.0051,2026-08-01,2026-08-01 15:07:30+07:00,2026-08-01 16:44:10+07:00,2026-08-01 16:44:24+07:00,
3274,530497480107,B08,SG CỦ CHI,Created,0.005,2026-08-01,2026-08-01 16:04:32+07:00,2026-08-01 16:40:45+07:00,,
3275,530504720108,B08,SG CỦ CHI,Transporting,0.01,2026-08-01,2026-08-01 13:40:20+07:00,2026-08-01 15:22:05+07:00,2026-08-01 16:17:57+07:00,
3276,530505880107,B08,SG CỦ CHI,Created,0.0092,2026-08-01,2026-08-01 11:54:16+07:00,,,
3277,530507280107,B08,SG CỦ CHI,Created,0.0089,2026-08-01,2026-08-01 12:28:05+07:00,,,
3278,530507710108,B08,SG CỦ CHI,Transporting,0.0051,2026-08-01,2026-08-01 00:34:23+07:00,2026-08-01 13:58:45+07:00,2026-08-01 13:58:50+07:00,
3279,530508110108,B08,SG CỦ CHI,Created,0.006,2026-08-01,2026-08-01 06:42:31+07:00,2026-08-01 11:36:00+07:00,,
3280,530515080107,B08,SG CỦ CHI,Created,0.0135,2026-08-01,2026-08-01 10:53:21+07:00,,,
3281,530515720108,B08,SG CỦ CHI,Created,0.019,2026-08-01,2026-08-01 15:00:10+07:00,,,
3282,530519110108,B08,SG CỦ CHI,Created,0.0105,2026-08-01,2026-08-01 08:15:08+07:00,2026-08-01 15:23:15+07:00,,
3283,530525320108,B08,SG CỦ CHI,Transporting,0.0068,2026-08-01,2026-08-01 12:04:15+07:00,2026-08-01 15:03:11+07:00,2026-08-01 15:03:16+07:00,
3284,530528720108,B08,SG CỦ CHI,Created,0.0081,2026-08-01,2026-08-01 14:37:56+07:00,,,
3285,530529920108,B08,SG CỦ CHI,Created,0.0098,2026-08-01,2026-08-01 15:51:38+07:00,2026-08-01 16:41:44+07:00,,
3286,530532680107,B08,SG CỦ CHI,Created,0.0066,2026-08-01,2026-08-01 09:43:13+07:00,2026-08-01 11:27:24+07:00,,
3287,530532890107,B08,SG CỦ CHI,Transporting,0.01,2026-08-01,2026-08-01 14:07:50+07:00,2026-08-01 15:11:01+07:00,2026-08-01 16:01:49+07:00,
3288,530534310108,B08,SG CỦ CHI,Created,0.0074,2026-08-01,2026-08-01 08:38:37+07:00,2026-08-01 10:01:12+07:00,,
3289,530536690107,B08,SG CỦ CHI,Created,0.0078,2026-08-01,2026-08-01 14:37:54+07:00,,,
3290,530537520108,B08,SG CỦ CHI,Transporting,0.01,2026-08-01,2026-08-01 13:08:18+07:00,2026-08-01 14:52:10+07:00,2026-08-01 15:47:01+07:00,
3291,530543470107,B08,SG CỦ CHI,Transporting,0.011,2026-08-01,2026-08-01 07:56:12+07:00,2026-08-01 16:44:00+07:00,2026-08-01 16:44:02+07:00,
3292,530550880107,B08,SG CỦ CHI,Transporting,0.008,2026-08-01,2026-08-01 09:28:04+07:00,2026-08-01 11:24:33+07:00,2026-08-01 15:27:29+07:00,
3293,530551280107,B08,SG CỦ CHI,Transporting,0.013,2026-08-01,2026-08-01 09:41:57+07:00,2026-08-01 15:09:12+07:00,2026-08-01 15:09:11+07:00,
3294,530551480107,B08,SG CỦ CHI,Transporting,0.0101,2026-08-01,2026-08-01 09:41:57+07:00,2026-08-01 14:51:21+07:00,2026-08-01 14:51:42+07:00,
3295,530551870107,B08,SG CỦ CHI,Inbound,0.0085,2026-08-01,2026-08-01 08:05:02+07:00,2026-08-01 13:39:10+07:00,2026-08-01 13:39:39+07:00,2026-08-01 16:49:19+07:00
3296,530553870107,B08,SG CỦ CHI,Created,0.0145,2026-08-01,2026-08-01 08:41:55+07:00,2026-08-01 10:21:32+07:00,,
3297,530554670107,B08,SG CỦ CHI,Transporting,0.01,2026-08-01,2026-08-01 08:37:38+07:00,2026-08-01 10:18:14+07:00,2026-08-01 16:23:38+07:00,
3298,530559710108,B08,SG CỦ CHI,Transporting,0.0051,2026-08-01,2026-08-01 11:21:40+07:00,2026-08-01 15:59:09+07:00,2026-08-01 16:15:06+07:00,
3299,530562120108,B08,SG CỦ CHI,Created,0.0058,2026-08-01,2026-08-01 16:06:50+07:00,,,
3300,530566480107,B08,SG CỦ CHI,Transporting,0.0051,2026-08-01,2026-08-01 10:53:42+07:00,2026-08-01 14:34:29+07:00,2026-08-01 14:34:56+07:00,
3301,530571310108,B08,SG CỦ CHI,Created,0.0094,2026-08-01,2026-08-01 12:22:17+07:00,,,
3302,530571680107,B08,SG CỦ CHI,Created,0.0151,2026-08-01,2026-08-01 14:22:27+07:00,2026-08-01 16:22:02+07:00,,
3303,530574110108,B08,SG CỦ CHI,Created,0.0083,2026-08-01,2026-08-01 10:53:57+07:00,,,
3304,530580110108,B08,SG CỦ CHI,Created,0.0072,2026-08-01,2026-08-01 12:37:28+07:00,,,
3305,530581710108,B08,SG CỦ CHI,Transporting,0.01,2026-08-01,2026-08-01 13:40:20+07:00,2026-08-01 15:23:07+07:00,2026-08-01 16:18:49+07:00,
3306,530592070107,B08,SG CỦ CHI,Inbound,0.0051,2026-08-01,2026-08-01 09:41:57+07:00,2026-08-01 13:33:35+07:00,2026-08-01 13:34:00+07:00,2026-08-01 16:36:56+07:00
3307,530605880107,B08,SG CỦ CHI,Created,0.0075,2026-08-01,2026-08-01 12:04:09+07:00,2026-08-01 16:47:36+07:00,,
3308,530616480107,B08,SG CỦ CHI,Created,0.0095,2026-08-01,2026-08-01 08:27:50+07:00,2026-08-01 14:41:48+07:00,,
3309,530626090107,B08,SG CỦ CHI,Created,0.0057,2026-08-01,2026-08-01 16:37:43+07:00,2026-08-01 16:49:18+07:00,,
3310,530627460107,B08,SG CỦ CHI,Created,0.014,2026-08-01,2026-07-31 11:18:49+07:00,2026-08-01 11:42:01+07:00,,
3311,530630970107,B08,SG CỦ CHI,Inbound,0.0053,2026-08-01,2026-08-01 15:51:25+07:00,,2026-07-30 21:32:51+07:00,2026-08-01 15:51:25+07:00
3312,530637290107,B08,SG CỦ CHI,Created,0.008,2026-08-01,2026-08-01 15:03:48+07:00,,,
3313,530641470107,B08,SG CỦ CHI,Created,0.018,2026-08-01,2026-08-01 08:45:16+07:00,2026-08-01 09:28:07+07:00,,
3314,530644080107,B08,SG CỦ CHI,Created,0.006,2026-08-01,2026-08-01 13:37:47+07:00,,,
3315,530645310108,B08,SG CỦ CHI,Created,0.01,2026-08-01,2026-08-01 12:54:51+07:00,,,
3316,530653880107,B08,SG CỦ CHI,Created,0.007,2026-08-01,2026-08-01 14:01:35+07:00,,,
3317,530658080107,B08,SG CỦ CHI,Created,0.0072,2026-08-01,2026-08-01 13:20:54+07:00,,,
3318,530668430107,B08,SG CỦ CHI,Inbound,0.0079,2026-08-01,2026-08-01 16:27:13+07:00,,2026-07-30 21:10:36+07:00,2026-08-01 16:27:13+07:00
3319,530671670107,B08,SG CỦ CHI,Created,0.01,2026-08-01,2026-08-01 08:29:39+07:00,2026-08-01 10:30:16+07:00,,
3320,530676470107,B08,SG CỦ CHI,Created,0.007,2026-08-01,2026-08-01 09:07:56+07:00,2026-08-01 11:25:38+07:00,,
3321,530687870107,B08,SG CỦ CHI,Created,0.0059,2026-08-01,2026-08-01 11:51:45+07:00,2026-08-01 14:57:58+07:00,,
3322,530696780107,B08,SG CỦ CHI,Inbound,0.01,2026-08-01,2026-08-01 14:44:35+07:00,,2026-07-30 22:05:04+07:00,2026-08-01 14:44:35+07:00
3323,530696870107,B08,SG CỦ CHI,Transporting,0.0059,2026-08-01,2026-08-01 09:34:32+07:00,2026-08-01 10:46:56+07:00,2026-08-01 14:46:45+07:00,
3324,530702690107,B08,SG CỦ CHI,Created,0.012,2026-08-01,2026-08-01 15:23:51+07:00,,,
3325,530703280107,B08,SG CỦ CHI,Created,0.0059,2026-08-01,2026-08-01 08:10:18+07:00,2026-08-01 10:10:40+07:00,,
3326,530703290107,B08,SG CỦ CHI,Created,0.0051,2026-08-01,2026-08-01 16:02:39+07:00,,,
3327,530707480107,B08,SG CỦ CHI,Created,0.0086,2026-08-01,2026-08-01 13:05:05+07:00,,,
3328,530708720108,B08,SG CỦ CHI,Created,0.0117,2026-08-01,2026-08-01 13:40:37+07:00,,,
3329,530716090107,B08,SG CỦ CHI,Created,0.011,2026-08-01,2026-08-01 14:03:18+07:00,,,
3330,530725320108,B08,SG CỦ CHI,Created,0.0088,2026-08-01,2026-08-01 12:07:09+07:00,,,
3331,530731710108,B08,SG CỦ CHI,Created,0.0085,2026-08-01,2026-08-01 09:13:31+07:00,2026-08-01 11:00:11+07:00,,
3332,530737880107,B08,SG CỦ CHI,Transporting,0.0051,2026-08-01,2026-08-01 13:04:26+07:00,2026-08-01 14:38:17+07:00,2026-08-01 14:38:36+07:00,
3333,530739080107,B08,SG CỦ CHI,Transporting,0.01,2026-08-01,2026-08-01 13:28:00+07:00,2026-08-01 15:27:50+07:00,2026-08-01 16:38:06+07:00,
3334,530739510108,B08,SG CỦ CHI,Created,0.0051,2026-08-01,2026-08-01 06:53:40+07:00,2026-08-01 09:39:01+07:00,,
3335,530741070107,B08,SG CỦ CHI,Transporting,0.01,2026-08-01,2026-08-01 08:48:37+07:00,2026-08-01 10:38:53+07:00,2026-08-01 16:25:39+07:00,
3336,530746910108,B08,SG CỦ CHI,Created,0.01,2026-08-01,2026-07-31 20:14:06+07:00,2026-08-01 16:49:29+07:00,,
3337,530748520108,B08,SG CỦ CHI,Created,0.0164,2026-08-01,2026-08-01 15:41:43+07:00,,,
3338,530749510108,B08,SG CỦ CHI,Created,0.0055,2026-08-01,2026-08-01 08:48:02+07:00,,,
3339,530749670107,B08,SG CỦ CHI,Transporting,0.01,2026-08-01,2026-08-01 08:54:01+07:00,2026-08-01 10:59:59+07:00,2026-08-01 16:00:24+07:00,
3340,530752670107,B08,SG CỦ CHI,Created,0.0059,2026-08-01,2026-08-01 08:08:08+07:00,2026-08-01 10:10:32+07:00,,
3341,530755710108,B08,SG CỦ CHI,Transporting,0.01,2026-08-01,2026-08-01 07:29:37+07:00,2026-08-01 10:10:54+07:00,2026-08-01 15:49:56+07:00,
3342,530772280107,B08,SG CỦ CHI,Created,0.0059,2026-08-01,2026-08-01 13:54:52+07:00,2026-08-01 14:54:49+07:00,,
3343,530775310108,B08,SG CỦ CHI,Inbound,0.04,2026-08-01,2026-08-01 12:58:10+07:00,2026-08-01 13:56:59+07:00,,2026-08-01 15:11:08+07:00
3344,530775480107,B08,SG CỦ CHI,Created,0.01,2026-08-01,2026-08-01 14:06:12+07:00,,,
3345,530777670107,B08,SG CỦ CHI,Created,0.0073,2026-08-01,2026-08-01 10:20:32+07:00,,,
3346,530781880107,B08,SG CỦ CHI,Created,0.0707,2026-08-01,2026-08-01 12:31:22+07:00,2026-08-01 16:20:43+07:00,,
3347,530787880107,B08,SG CỦ CHI,Created,0.0051,2026-08-01,2026-08-01 15:33:48+07:00,,,
3348,530802690107,B08,SG CỦ CHI,Created,0.009,2026-08-01,2026-08-01 15:30:59+07:00,2026-08-01 15:44:22+07:00,,
3349,530808050107,B08,SG CỦ CHI,Inbound,0.0085,2026-08-01,2026-08-01 14:41:02+07:00,,2026-07-31 00:22:56+07:00,2026-08-01 14:41:02+07:00
3350,530818510108,B08,SG CỦ CHI,Transporting,0.01,2026-08-01,2026-08-01 07:29:37+07:00,2026-08-01 10:11:48+07:00,2026-08-01 15:49:03+07:00,
3351,530821980107,B08,SG CỦ CHI,Created,0.0823,2026-08-01,2026-07-30 14:17:43+07:00,2026-08-01 14:26:10+07:00,,
3352,530834710108,B08,SG CỦ CHI,Transporting,0.01,2026-08-01,2026-08-01 09:01:31+07:00,2026-08-01 10:12:16+07:00,2026-08-01 15:48:35+07:00,
3353,530837720108,B08,SG CỦ CHI,Transporting,0.01,2026-08-01,2026-08-01 13:08:19+07:00,2026-08-01 14:53:57+07:00,2026-08-01 15:44:52+07:00,
3354,530839720108,B08,SG CỦ CHI,Created,0.0057,2026-08-01,2026-08-01 15:34:13+07:00,,,
3355,530842110108,B08,SG CỦ CHI,Inbound,0.042,2026-08-01,2026-08-01 09:47:34+07:00,2026-08-01 12:42:01+07:00,,2026-08-01 15:14:49+07:00
3356,530842320108,B08,SG CỦ CHI,Created,0.013,2026-08-01,2026-08-01 15:17:19+07:00,,,
3357,530846080107,B08,SG CỦ CHI,Created,0.0094,2026-08-01,2026-08-01 13:34:59+07:00,,,
3358,530848880107,B08,SG CỦ CHI,Created,0.008,2026-08-01,2026-08-01 09:28:04+07:00,2026-08-01 11:24:32+07:00,,
3359,530851090107,B08,SG CỦ CHI,Created,0.0084,2026-08-01,2026-08-01 16:17:13+07:00,,,
3360,530851910108,B08,SG CỦ CHI,Created,0.0071,2026-08-01,2026-08-01 10:24:43+07:00,,,
3361,530861680107,B08,SG CỦ CHI,Created,0.0088,2026-08-01,2026-08-01 10:32:47+07:00,,,
3362,530877870107,B08,SG CỦ CHI,Created,0.007,2026-08-01,2026-08-01 10:24:15+07:00,2026-08-01 11:43:11+07:00,,
3363,530879240107,B08,SG CỦ CHI,Inbound,0.0053,2026-08-01,2026-08-01 15:26:46+07:00,,2026-07-30 22:00:40+07:00,2026-08-01 15:26:46+07:00
3364,530879360107,B08,SG CỦ CHI,Inbound,0.006,2026-08-01,2026-08-01 15:02:20+07:00,,2026-07-30 23:46:32+07:00,2026-08-01 15:02:20+07:00
3365,530881480107,B08,SG CỦ CHI,Created,0.007,2026-08-01,2026-08-01 12:33:29+07:00,,,
3366,530886870107,B08,SG CỦ CHI,Created,0.0089,2026-08-01,2026-08-01 10:23:32+07:00,,,
3367,530887310108,B08,SG CỦ CHI,Created,0.0085,2026-08-01,2026-08-01 13:30:06+07:00,,,
3368,530890280107,B08,SG CỦ CHI,Transporting,0.0051,2026-08-01,2026-08-01 15:09:21+07:00,2026-08-01 16:44:45+07:00,2026-08-01 16:44:50+07:00,
3369,530891680107,B08,SG CỦ CHI,Created,0.0051,2026-08-01,2026-08-01 16:26:42+07:00,,,
3370,530892280107,B08,SG CỦ CHI,Created,0.0115,2026-08-01,2026-08-01 14:33:03+07:00,,,
3371,530902660107,B08,SG CỦ CHI,Transporting,0.0053,2026-08-01,2026-07-31 08:30:58+07:00,2026-08-01 12:31:06+07:00,2026-08-01 15:00:32+07:00,
3372,530902910108,B08,SG CỦ CHI,Created,0.0075,2026-08-01,2026-07-31 23:29:13+07:00,2026-08-01 16:14:56+07:00,,
3373,530926380107,B08,SG CỦ CHI,Inbound,0.008,2026-08-01,2026-08-01 16:02:01+07:00,,2026-07-30 21:29:47+07:00,2026-08-01 16:02:01+07:00
3374,530931680107,B08,SG CỦ CHI,Created,0.0125,2026-08-01,2026-08-01 08:59:12+07:00,,,
3375,530932690107,B08,SG CỦ CHI,Created,0.0117,2026-08-01,2026-08-01 14:10:29+07:00,,,
3376,530933060107,B08,SG CỦ CHI,Transporting,0.0096,2026-08-01,2026-07-31 08:40:23+07:00,2026-08-01 12:31:08+07:00,2026-08-01 15:00:31+07:00,
3377,530933320108,B08,SG CỦ CHI,Created,0.005,2026-08-01,2026-08-01 16:04:32+07:00,2026-08-01 16:40:24+07:00,,
3378,530933480107,B08,SG CỦ CHI,Created,0.0056,2026-08-01,2026-08-01 11:12:37+07:00,2026-08-01 16:46:15+07:00,,
3379,530937920108,B08,SG CỦ CHI,Transporting,0.01,2026-08-01,2026-08-01 13:08:19+07:00,2026-08-01 14:54:16+07:00,2026-08-01 15:44:33+07:00,
3380,530939090107,B08,SG CỦ CHI,Created,0.012,2026-08-01,2026-08-01 14:57:17+07:00,,,
3381,530946680107,B08,SG CỦ CHI,Transporting,0.01,2026-08-01,2026-08-01 13:40:19+07:00,2026-08-01 15:24:00+07:00,2026-08-01 16:45:12+07:00,
3382,530947070107,B08,SG CỦ CHI,Inbound,0.0054,2026-08-01,2026-08-01 09:49:11+07:00,2026-08-01 13:36:30+07:00,2026-08-01 13:36:39+07:00,2026-08-01 16:47:18+07:00
3383,530951280107,B08,SG CỦ CHI,Created,0.0056,2026-08-01,2026-08-01 09:45:50+07:00,2026-08-01 11:25:58+07:00,,
3384,530952280107,B08,SG CỦ CHI,Transporting,0.01,2026-08-01,2026-08-01 13:40:19+07:00,2026-08-01 15:24:13+07:00,2026-08-01 16:45:46+07:00,
3385,530952680107,B08,SG CỦ CHI,Transporting,0.01,2026-08-01,2026-08-01 13:40:20+07:00,2026-08-01 15:22:23+07:00,2026-08-01 16:17:15+07:00,
3386,530957080107,B08,SG CỦ CHI,Transporting,0.01,2026-08-01,2026-08-01 14:07:14+07:00,2026-08-01 16:43:44+07:00,2026-08-01 16:43:47+07:00,
3387,530971680107,B08,SG CỦ CHI,Created,0.0095,2026-08-01,2026-08-01 14:51:22+07:00,,,
3388,530973310108,B08,SG CỦ CHI,Created,0.007,2026-08-01,2026-08-01 10:17:36+07:00,2026-08-01 11:15:24+07:00,,
3389,530978070107,B08,SG CỦ CHI,Transporting,0.01,2026-08-01,2026-08-01 08:48:37+07:00,2026-08-01 10:39:13+07:00,2026-08-01 16:25:32+07:00,
3390,530981630107,B08,SG CỦ CHI,Inbound,0.0065,2026-08-01,2026-08-01 14:45:35+07:00,,2026-07-30 22:04:02+07:00,2026-08-01 14:45:35+07:00
3391,530981920108,B08,SG CỦ CHI,Created,0.0098,2026-08-01,2026-08-01 15:51:38+07:00,2026-08-01 16:41:48+07:00,,
3392,530982480107,B08,SG CỦ CHI,Created,0.0098,2026-08-01,2026-08-01 15:51:38+07:00,2026-08-01 16:41:30+07:00,,
3393,530984880107,B08,SG CỦ CHI,Created,0.0103,2026-08-01,2026-08-01 15:45:26+07:00,,,
3394,530994310108,B08,SG CỦ CHI,Inbound,0.0367,2026-08-01,2026-08-01 13:51:21+07:00,2026-08-01 14:22:46+07:00,2026-08-01 14:27:46+07:00,2026-08-01 15:39:34+07:00
3395,530998470107,B08,SG CỦ CHI,Created,0.0124,2026-08-01,2026-08-01 10:04:03+07:00,,,
3396,530006920108,B10,SG GÒ VẤP,Inbound,0.0375,2026-08-01,2026-08-01 09:47:34+07:00,2026-08-01 12:41:36+07:00,,2026-08-01 15:16:40+07:00
3397,530008120108,B10,SG GÒ VẤP,Created,0.01,2026-08-01,2026-08-01 13:21:11+07:00,,,
3398,530008710108,B10,SG GÒ VẤP,Created,0.0064,2026-08-01,2026-07-31 19:49:06+07:00,2026-08-01 10:39:07+07:00,,
3399,530011110108,B10,SG GÒ VẤP,Created,0.0065,2026-08-01,2026-08-01 07:33:22+07:00,2026-08-01 13:17:16+07:00,,
3400,530019570107,B10,SG GÒ VẤP,Inbound,0.0078,2026-08-01,2026-08-01 14:53:12+07:00,,2026-07-30 23:59:28+07:00,2026-08-01 14:53:12+07:00
3401,530021880107,B10,SG GÒ VẤP,Transporting,0.0052,2026-08-01,2026-08-01 11:26:59+07:00,2026-08-01 14:17:25+07:00,2026-08-01 14:18:43+07:00,
3402,530022180107,B10,SG GÒ VẤP,Inbound,0.0062,2026-08-01,2026-08-01 14:48:22+07:00,,2026-07-31 00:11:15+07:00,2026-08-01 14:48:22+07:00
3403,530022670107,B10,SG GÒ VẤP,Created,0.018,2026-08-01,2026-07-31 15:33:08+07:00,2026-08-01 08:36:16+07:00,,
3404,530025320108,B10,SG GÒ VẤP,Created,0.0075,2026-08-01,2026-08-01 11:56:44+07:00,2026-08-01 16:19:13+07:00,,
3405,530032690107,B10,SG GÒ VẤP,Transporting,0.0051,2026-08-01,2026-08-01 14:02:43+07:00,2026-08-01 16:43:21+07:00,2026-08-01 16:43:37+07:00,
3406,530042080107,B10,SG GÒ VẤP,Transporting,0.01,2026-08-01,2026-08-01 08:37:39+07:00,2026-08-01 10:20:34+07:00,2026-08-01 16:24:26+07:00,
3407,530042110108,B10,SG GÒ VẤP,Transporting,0.0055,2026-08-01,2026-08-01 09:06:09+07:00,2026-08-01 15:09:10+07:00,2026-08-01 15:35:01+07:00,
3408,530042280107,B10,SG GÒ VẤP,Transporting,0.01,2026-08-01,2026-08-01 08:37:39+07:00,2026-08-01 10:21:02+07:00,2026-08-01 16:24:48+07:00,
3409,530046250107,B10,SG GÒ VẤP,Inbound,0.01,2026-08-01,2026-08-01 15:17:50+07:00,,2026-07-30 22:08:27+07:00,2026-08-01 15:17:50+07:00
3410,530046380107,B10,SG GÒ VẤP,Inbound,0.0067,2026-08-01,2026-08-01 14:43:45+07:00,,2026-07-31 00:17:30+07:00,2026-08-01 14:43:45+07:00
3411,530048910108,B10,SG GÒ VẤP,Transporting,0.01,2026-08-01,2026-08-01 07:29:37+07:00,2026-08-01 10:11:00+07:00,2026-08-01 15:49:52+07:00,
3412,530049180107,B10,SG GÒ VẤP,Inbound,0.0062,2026-08-01,2026-08-01 14:57:01+07:00,,2026-07-30 23:51:39+07:00,2026-08-01 14:57:01+07:00
3413,530051070107,B10,SG GÒ VẤP,Transporting,0.008,2026-08-01,2026-08-01 07:37:42+07:00,2026-08-01 11:23:37+07:00,2026-08-01 15:27:03+07:00,
3414,530051870107,B10,SG GÒ VẤP,Created,0.008,2026-08-01,2026-08-01 07:39:31+07:00,2026-08-01 15:57:16+07:00,,
3415,530055270107,B10,SG GÒ VẤP,Created,0.0058,2026-08-01,2026-08-01 09:05:20+07:00,2026-08-01 15:38:35+07:00,,
3416,530063080107,B10,SG GÒ VẤP,Transporting,0.01,2026-08-01,2026-08-01 13:40:20+07:00,2026-08-01 15:23:07+07:00,2026-08-01 16:18:50+07:00,
3417,530065110108,B10,SG GÒ VẤP,Inbound,0.0051,2026-08-01,2026-08-01 08:05:00+07:00,2026-08-01 13:33:09+07:00,2026-08-01 13:33:15+07:00,2026-08-01 16:40:54+07:00
3418,530072470107,B10,SG GÒ VẤP,Created,0.0084,2026-08-01,2026-07-31 16:00:41+07:00,2026-08-01 10:51:12+07:00,,
3419,530078280107,B10,SG GÒ VẤP,Created,0.0063,2026-08-01,2026-08-01 14:16:03+07:00,2026-08-01 15:09:37+07:00,,
3420,530081110108,B10,SG GÒ VẤP,Created,0.0078,2026-08-01,2026-08-01 13:11:49+07:00,,,
3421,530083680107,B10,SG GÒ VẤP,Created,0.006,2026-08-01,2026-08-01 15:59:31+07:00,,,
3422,530084520108,B10,SG GÒ VẤP,Created,0.0098,2026-08-01,2026-08-01 15:15:48+07:00,2026-08-01 16:47:45+07:00,,
3423,530085510108,B10,SG GÒ VẤP,Transporting,0.01,2026-08-01,2026-08-01 13:28:00+07:00,2026-08-01 15:27:13+07:00,2026-08-01 16:37:32+07:00,
3424,530086670107,B10,SG GÒ VẤP,Created,0.0093,2026-08-01,2026-08-01 09:13:00+07:00,2026-08-01 14:17:55+07:00,,
3425,530088280107,B10,SG GÒ VẤP,Transporting,0.01,2026-08-01,2026-08-01 14:07:50+07:00,2026-08-01 15:11:46+07:00,2026-08-01 16:00:57+07:00,
3426,530101520108,B10,SG GÒ VẤP,Created,0.0059,2026-08-01,2026-08-01 14:01:45+07:00,2026-08-01 16:49:45+07:00,,
3427,530102490107,B10,SG GÒ VẤP,Created,0.0164,2026-08-01,2026-08-01 14:56:35+07:00,2026-08-01 16:44:53+07:00,,
3428,530103120108,B10,SG GÒ VẤP,Transporting,0.01,2026-08-01,2026-08-01 13:40:20+07:00,2026-08-01 15:23:19+07:00,2026-08-01 16:18:04+07:00,
3429,530104280107,B10,SG GÒ VẤP,Transporting,0.011,2026-08-01,2026-08-01 09:49:44+07:00,2026-08-01 15:04:07+07:00,2026-08-01 15:04:23+07:00,
3430,530105490107,B10,SG GÒ VẤP,Created,0.0103,2026-08-01,2026-08-01 15:04:04+07:00,2026-08-01 16:36:31+07:00,,
3431,530106320108,B10,SG GÒ VẤP,Created,0.0068,2026-08-01,2026-08-01 09:47:51+07:00,,,
3432,530106390107,B10,SG GÒ VẤP,Inbound,0.0065,2026-08-01,2026-08-01 16:37:44+07:00,,2026-07-30 21:06:08+07:00,2026-08-01 16:37:44+07:00
3433,530109880107,B10,SG GÒ VẤP,Created,0.0056,2026-08-01,2026-08-01 11:06:34+07:00,2026-08-01 15:40:22+07:00,,
3434,530113520108,B10,SG GÒ VẤP,Transporting,0.01,2026-08-01,2026-08-01 13:40:19+07:00,2026-08-01 15:22:49+07:00,2026-08-01 16:20:06+07:00,
3435,530125920108,B10,SG GÒ VẤP,Created,0.0084,2026-08-01,2026-08-01 11:59:50+07:00,,,
3436,530132290107,B10,SG GÒ VẤP,Created,0.0057,2026-08-01,2026-08-01 14:03:20+07:00,2026-08-01 16:51:01+07:00,,
3437,530139120108,B10,SG GÒ VẤP,Created,0.0066,2026-08-01,2026-08-01 14:41:18+07:00,2026-08-01 16:50:37+07:00,,
3438,530141520108,B10,SG GÒ VẤP,Created,0.0117,2026-08-01,2026-08-01 13:22:12+07:00,2026-08-01 16:15:38+07:00,,
3439,530145680107,B10,SG GÒ VẤP,Created,0.0165,2026-08-01,2026-08-01 13:55:49+07:00,,,
3440,530146280107,B10,SG GÒ VẤP,Created,0.0064,2026-08-01,2026-08-01 12:59:36+07:00,2026-08-01 15:28:27+07:00,,
3441,530147070107,B10,SG GÒ VẤP,Created,0.0097,2026-08-01,2026-08-01 08:45:01+07:00,2026-08-01 16:42:41+07:00,,
3442,530151110108,B10,SG GÒ VẤP,Transporting,0.0093,2026-08-01,2026-08-01 11:39:37+07:00,2026-08-01 16:49:02+07:00,2026-08-01 16:49:35+07:00,
3443,530158850107,B10,SG GÒ VẤP,Inbound,0.006,2026-08-01,2026-08-01 14:52:32+07:00,,2026-07-30 23:59:00+07:00,2026-08-01 14:52:32+07:00
3444,530160490107,B10,SG GÒ VẤP,Created,0.0078,2026-08-01,2026-08-01 16:28:16+07:00,,,
3445,530162720108,B10,SG GÒ VẤP,Created,0.005,2026-08-01,2026-08-01 15:49:13+07:00,2026-08-01 16:38:45+07:00,,
3446,530163280107,B10,SG GÒ VẤP,Transporting,0.01,2026-08-01,2026-08-01 13:40:20+07:00,2026-08-01 15:21:09+07:00,2026-08-01 16:19:37+07:00,
3447,530164080107,B10,SG GÒ VẤP,Transporting,0.02,2026-08-01,2026-08-01 14:06:09+07:00,2026-08-01 15:12:53+07:00,2026-08-01 16:27:53+07:00,
3448,530166510108,B10,SG GÒ VẤP,Created,0.0062,2026-08-01,2026-07-31 22:46:44+07:00,2026-08-01 10:59:42+07:00,,
3449,530167110108,B10,SG GÒ VẤP,Created,0.0053,2026-08-01,2026-08-01 07:51:31+07:00,2026-08-01 10:41:01+07:00,,
3450,530167480107,B10,SG GÒ VẤP,Created,0.0082,2026-08-01,2026-08-01 11:09:13+07:00,,,
3451,530168260107,B10,SG GÒ VẤP,Transporting,0.01,2026-08-01,2026-07-31 13:16:02+07:00,2026-08-01 12:04:44+07:00,2026-08-01 12:09:32+07:00,
3452,530168280107,B10,SG GÒ VẤP,Transporting,0.01,2026-08-01,2026-08-01 13:40:19+07:00,2026-08-01 15:22:52+07:00,2026-08-01 16:19:26+07:00,
3453,530170480107,B10,SG GÒ VẤP,Transporting,0.01,2026-08-01,2026-08-01 13:40:20+07:00,2026-08-01 15:22:32+07:00,2026-08-01 16:17:22+07:00,
3454,530170670107,B10,SG GÒ VẤP,Created,0.011,2026-08-01,2026-08-01 07:21:45+07:00,,,
3455,530176270107,B10,SG GÒ VẤP,Created,0.01,2026-08-01,2026-08-01 08:33:30+07:00,2026-08-01 11:00:38+07:00,,
3456,530177270107,B10,SG GÒ VẤP,Created,0.0056,2026-08-01,2026-08-01 09:43:52+07:00,2026-08-01 11:27:01+07:00,,
3457,530179910108,B10,SG GÒ VẤP,Created,0.01,2026-08-01,2026-08-01 13:21:09+07:00,,,
3458,530185680107,B10,SG GÒ VẤP,Created,0.005,2026-08-01,2026-08-01 15:49:13+07:00,2026-08-01 16:38:38+07:00,,
3459,530185880107,B10,SG GÒ VẤP,Created,0.016,2026-08-01,2026-08-01 15:50:05+07:00,,,
3460,530185920108,B10,SG GÒ VẤP,Created,0.0084,2026-08-01,2026-08-01 15:50:07+07:00,,,
3461,530186710108,B10,SG GÒ VẤP,Created,0.008,2026-08-01,2026-08-01 11:18:22+07:00,2026-08-01 11:22:28+07:00,,
3462,530188470107,B10,SG GÒ VẤP,Created,0.011,2026-08-01,2026-07-31 17:42:47+07:00,2026-08-01 15:39:58+07:00,,
3463,530192780107,B10,SG GÒ VẤP,Inbound,0.01,2026-08-01,2026-08-01 15:19:53+07:00,,2026-07-30 22:14:33+07:00,2026-08-01 15:19:53+07:00
3464,530195510108,B10,SG GÒ VẤP,Created,0.0165,2026-08-01,2026-08-01 13:55:50+07:00,,,
3465,530195980107,B10,SG GÒ VẤP,Inbound,0.0052,2026-08-01,2026-08-01 14:54:16+07:00,,2026-07-31 00:08:06+07:00,2026-08-01 14:54:16+07:00
3466,530197840107,B10,SG GÒ VẤP,Inbound,0.0062,2026-08-01,2026-08-01 14:43:47+07:00,,2026-07-31 00:11:55+07:00,2026-08-01 14:43:47+07:00
3467,530197870107,B10,SG GÒ VẤP,Transporting,0.0101,2026-08-01,2026-08-01 09:52:40+07:00,2026-08-01 11:04:11+07:00,2026-08-01 15:26:07+07:00,
3468,530200130108,B10,SG GÒ VẤP,Created,0.0098,2026-08-01,2026-08-01 16:04:32+07:00,2026-08-01 16:40:12+07:00,,
3469,530202520108,B10,SG GÒ VẤP,Transporting,0.01,2026-08-01,2026-08-01 13:08:18+07:00,2026-08-01 14:53:34+07:00,2026-08-01 15:45:11+07:00,
3470,530205680107,B10,SG GÒ VẤP,Created,0.0191,2026-08-01,2026-08-01 11:13:02+07:00,,,
3471,530207670107,B10,SG GÒ VẤP,Created,0.019,2026-08-01,2026-07-31 15:43:19+07:00,2026-08-01 08:35:50+07:00,,
3472,530221270107,B10,SG GÒ VẤP,Created,0.0056,2026-08-01,2026-07-31 16:23:00+07:00,2026-08-01 11:41:22+07:00,,
3473,530226920108,B10,SG GÒ VẤP,Transporting,0.008,2026-08-01,2026-08-01 14:03:42+07:00,2026-08-01 16:47:07+07:00,2026-08-01 16:47:11+07:00,
3474,530229280107,B10,SG GÒ VẤP,Created,0.01,2026-08-01,2026-08-01 08:29:39+07:00,2026-08-01 10:30:18+07:00,,
3475,530229710108,B10,SG GÒ VẤP,Transporting,0.0113,2026-08-01,2026-08-01 08:27:32+07:00,2026-08-01 11:11:10+07:00,2026-08-01 15:26:41+07:00,
3476,530236080107,B10,SG GÒ VẤP,Created,0.0056,2026-08-01,2026-08-01 10:54:07+07:00,,,
3477,530236490107,B10,SG GÒ VẤP,Created,0.006,2026-08-01,2026-08-01 14:28:54+07:00,,,
3478,530243520108,B10,SG GÒ VẤP,Created,0.005,2026-08-01,2026-08-01 15:49:13+07:00,2026-08-01 16:37:19+07:00,,
3479,530243720108,B10,SG GÒ VẤP,Created,0.0062,2026-08-01,2026-08-01 15:49:28+07:00,,,
3480,530244880107,B10,SG GÒ VẤP,Created,0.006,2026-08-01,2026-08-01 13:27:03+07:00,,,
3481,530249110108,B10,SG GÒ VẤP,Transporting,0.01,2026-08-01,2026-08-01 08:25:00+07:00,2026-08-01 10:12:55+07:00,2026-08-01 15:47:38+07:00,
3482,530251690107,B10,SG GÒ VẤP,Created,0.005,2026-08-01,2026-08-01 16:04:32+07:00,2026-08-01 16:40:43+07:00,,
3483,530262440107,B10,SG GÒ VẤP,Inbound,0.006,2026-08-01,2026-08-01 15:23:00+07:00,,2026-07-30 23:41:23+07:00,2026-08-01 15:23:00+07:00
3484,530263170107,B10,SG GÒ VẤP,Inbound,0.006,2026-08-01,2026-08-01 15:02:13+07:00,,2026-07-30 23:54:51+07:00,2026-08-01 15:02:13+07:00
3485,530267670107,B10,SG GÒ VẤP,Transporting,0.01,2026-08-01,2026-08-01 08:31:58+07:00,2026-08-01 10:43:47+07:00,2026-08-01 16:23:23+07:00,
3486,530267710108,B10,SG GÒ VẤP,Created,0.0174,2026-08-01,2026-08-01 08:00:34+07:00,,,
3487,530268880107,B10,SG GÒ VẤP,Transporting,0.01,2026-08-01,2026-08-01 13:40:20+07:00,2026-08-01 15:21:31+07:00,2026-08-01 16:19:03+07:00,
3488,530272260107,B10,SG GÒ VẤP,Created,0.0062,2026-08-01,2026-07-31 13:14:23+07:00,2026-08-01 15:55:17+07:00,,
3489,530278880107,B10,SG GÒ VẤP,Created,0.02,2026-08-01,2026-08-01 14:36:26+07:00,2026-08-01 15:05:11+07:00,,
3490,530281320108,B10,SG GÒ VẤP,Created,0.0081,2026-08-01,2026-08-01 15:38:43+07:00,,,
3491,530286270107,B10,SG GÒ VẤP,Inbound,0.0051,2026-08-01,2026-08-01 09:41:29+07:00,2026-08-01 13:33:47+07:00,2026-08-01 13:34:09+07:00,2026-08-01 16:35:33+07:00
3492,530287500108,B10,SG GÒ VẤP,Inbound,0.0097,2026-08-01,2026-08-01 06:00:25+07:00,2026-08-01 11:18:32+07:00,2026-08-01 13:46:43+07:00,2026-08-01 16:48:22+07:00
3493,530291910108,B10,SG GÒ VẤP,Created,0.013,2026-08-01,2026-08-01 13:11:56+07:00,,,
3494,530294480107,B10,SG GÒ VẤP,Created,0.0103,2026-08-01,2026-08-01 15:04:56+07:00,2026-08-01 16:36:30+07:00,,
3495,530298980107,B10,SG GÒ VẤP,Inbound,0.01,2026-08-01,2026-08-01 15:02:59+07:00,,2026-07-30 23:44:58+07:00,2026-08-01 15:02:59+07:00
3496,530304290107,B10,SG GÒ VẤP,Created,0.0063,2026-08-01,2026-08-01 14:19:02+07:00,,,
3497,530304680107,B10,SG GÒ VẤP,Transporting,0.0055,2026-08-01,2026-08-01 10:08:54+07:00,2026-08-01 11:57:58+07:00,2026-08-01 12:13:45+07:00,
3498,530304720108,B10,SG GÒ VẤP,Created,0.0103,2026-08-01,2026-08-01 13:38:41+07:00,2026-08-01 16:46:43+07:00,,
3499,530308680107,B10,SG GÒ VẤP,Created,0.005,2026-08-01,2026-08-01 10:18:03+07:00,,,
3500,530309710108,B10,SG GÒ VẤP,Created,0.0342,2026-08-01,2026-08-01 08:07:30+07:00,,,
3501,530310710108,B10,SG GÒ VẤP,Created,0.0075,2026-08-01,2026-07-31 21:00:23+07:00,2026-08-01 16:14:54+07:00,,
3502,530312730108,B10,SG GÒ VẤP,Created,0.0081,2026-08-01,2026-08-01 16:39:48+07:00,,,
3503,530314280107,B10,SG GÒ VẤP,Inbound,0.0051,2026-08-01,2026-08-01 09:47:18+07:00,2026-08-01 13:34:48+07:00,2026-08-01 13:35:05+07:00,2026-08-01 16:37:00+07:00
3504,530318310108,B10,SG GÒ VẤP,Created,0.016,2026-08-01,2026-08-01 00:08:34+07:00,2026-08-01 16:19:37+07:00,,
3505,530319030107,B10,SG GÒ VẤP,Inbound,0.006,2026-08-01,2026-08-01 16:37:12+07:00,,2026-07-30 21:09:21+07:00,2026-08-01 16:37:12+07:00
3506,530322720108,B10,SG GÒ VẤP,Transporting,0.009,2026-08-01,2026-08-01 10:35:21+07:00,2026-08-01 14:11:50+07:00,2026-08-01 15:34:25+07:00,
3507,530340720108,B10,SG GÒ VẤP,Transporting,0.01,2026-08-01,2026-08-01 13:08:19+07:00,2026-08-01 14:53:40+07:00,2026-08-01 15:45:07+07:00,
3508,530342080107,B10,SG GÒ VẤP,Created,0.0097,2026-08-01,2026-08-01 08:41:28+07:00,2026-08-01 11:02:43+07:00,,
3509,530348920108,B10,SG GÒ VẤP,Transporting,0.0086,2026-08-01,2026-08-01 15:17:41+07:00,2026-08-01 16:23:34+07:00,2026-08-01 16:23:37+07:00,
3510,530350910108,B10,SG GÒ VẤP,Created,0.0113,2026-08-01,2026-08-01 08:56:25+07:00,,,
3511,530351880107,B10,SG GÒ VẤP,Transporting,0.0051,2026-08-01,2026-08-01 09:38:46+07:00,2026-08-01 13:52:49+07:00,2026-08-01 15:29:23+07:00,
3512,530352710108,B10,SG GÒ VẤP,Created,0.0056,2026-08-01,2026-08-01 09:45:50+07:00,2026-08-01 11:25:51+07:00,,
3513,530368310108,B10,SG GÒ VẤP,Transporting,0.01,2026-08-01,2026-08-01 08:37:39+07:00,2026-08-01 10:18:59+07:00,2026-08-01 16:24:10+07:00,
3514,530368480107,B10,SG GÒ VẤP,Created,0.0053,2026-08-01,2026-08-01 13:41:52+07:00,2026-08-01 16:36:11+07:00,,
3515,530376470107,B10,SG GÒ VẤP,Transporting,0.0051,2026-08-01,2026-08-01 08:43:29+07:00,2026-08-01 13:03:09+07:00,2026-08-01 16:00:32+07:00,
3516,530377470107,B10,SG GÒ VẤP,Created,0.0098,2026-08-01,2026-08-01 09:52:25+07:00,,,
3517,530382280107,B10,SG GÒ VẤP,Transporting,0.017,2026-08-01,2026-08-01 14:53:46+07:00,2026-08-01 16:04:38+07:00,2026-08-01 16:04:41+07:00,
3518,530384270107,B10,SG GÒ VẤP,Created,0.0105,2026-08-01,2026-08-01 08:52:44+07:00,2026-08-01 10:23:15+07:00,,
3519,530385520108,B10,SG GÒ VẤP,Created,0.0096,2026-08-01,2026-08-01 15:51:38+07:00,2026-08-01 16:41:38+07:00,,
3520,530387710108,B10,SG GÒ VẤP,Transporting,0.0051,2026-08-01,2026-08-01 13:04:54+07:00,2026-08-01 14:37:57+07:00,2026-08-01 14:38:03+07:00,
3521,530393710108,B10,SG GÒ VẤP,Transporting,0.01,2026-08-01,2026-08-01 13:40:20+07:00,2026-08-01 15:20:50+07:00,2026-08-01 16:19:54+07:00,
3522,530394080107,B10,SG GÒ VẤP,Transporting,0.0051,2026-08-01,2026-08-01 15:08:19+07:00,2026-08-01 16:44:40+07:00,2026-08-01 16:44:46+07:00,
3523,530395670107,B10,SG GÒ VẤP,Transporting,0.0033,2026-08-01,2026-07-31 20:25:55+07:00,2026-08-01 10:27:35+07:00,2026-08-01 14:48:29+07:00,
3524,530398280107,B10,SG GÒ VẤP,Transporting,0.01,2026-08-01,2026-08-01 13:08:19+07:00,2026-08-01 14:57:41+07:00,2026-08-01 15:50:36+07:00,
3525,530399980107,B10,SG GÒ VẤP,Inbound,0.0053,2026-08-01,2026-08-01 16:24:23+07:00,,2026-07-30 21:28:44+07:00,2026-08-01 16:24:23+07:00
3526,530400520108,B10,SG GÒ VẤP,Transporting,0.01,2026-08-01,2026-08-01 13:40:20+07:00,2026-08-01 15:21:25+07:00,2026-08-01 16:19:17+07:00,
3527,530402730108,B10,SG GÒ VẤP,Created,0.005,2026-08-01,2026-08-01 16:04:32+07:00,2026-08-01 16:40:26+07:00,,
3528,530405280107,B10,SG GÒ VẤP,Transporting,0.0052,2026-08-01,2026-08-01 11:30:20+07:00,2026-08-01 14:00:45+07:00,2026-08-01 14:00:56+07:00,
3529,530405520108,B10,SG GÒ VẤP,Created,0.0066,2026-08-01,2026-08-01 14:18:21+07:00,,,
3530,530414690107,B10,SG GÒ VẤP,Created,0.0108,2026-08-01,2026-08-01 16:42:24+07:00,2026-08-01 16:45:46+07:00,,
3531,530418320108,B10,SG GÒ VẤP,Created,0.0055,2026-08-01,2026-08-01 13:43:29+07:00,2026-08-01 15:31:44+07:00,,
3532,530422720108,B10,SG GÒ VẤP,Created,0.0125,2026-08-01,2026-08-01 10:38:20+07:00,2026-08-01 11:33:17+07:00,,
3533,530424290107,B10,SG GÒ VẤP,Created,0.0101,2026-08-01,2026-08-01 16:48:10+07:00,,,
3534,530424680107,B10,SG GÒ VẤP,Created,0.0052,2026-08-01,2026-08-01 10:53:42+07:00,,,
3535,530425870107,B10,SG GÒ VẤP,Transporting,0.01,2026-08-01,2026-08-01 07:29:37+07:00,2026-08-01 10:10:52+07:00,2026-08-01 15:49:58+07:00,
3536,530426890107,B10,SG GÒ VẤP,Created,0.0078,2026-08-01,2026-08-01 16:28:16+07:00,,,
3537,530429980107,B10,SG GÒ VẤP,Inbound,0.0053,2026-08-01,2026-08-01 15:50:35+07:00,,2026-07-30 21:33:40+07:00,2026-08-01 15:50:35+07:00
3538,530431480107,B10,SG GÒ VẤP,Transporting,0.0088,2026-08-01,2026-08-01 08:35:03+07:00,2026-08-01 13:35:50+07:00,2026-08-01 15:29:06+07:00,
3539,530438690107,B10,SG GÒ VẤP,Transporting,0.01,2026-08-01,2026-08-01 14:17:08+07:00,2026-08-01 15:10:09+07:00,2026-08-01 16:23:02+07:00,
3540,530441070107,B10,SG GÒ VẤP,Created,0.02,2026-08-01,2026-08-01 08:35:27+07:00,2026-08-01 10:47:14+07:00,,
3541,530445080107,B10,SG GÒ VẤP,Transporting,0.0051,2026-08-01,2026-08-01 14:01:14+07:00,2026-08-01 16:43:49+07:00,2026-08-01 16:43:52+07:00,
3542,530445280107,B10,SG GÒ VẤP,Created,0.0054,2026-08-01,2026-08-01 14:01:45+07:00,,,
3543,530445290107,B10,SG GÒ VẤP,Created,0.005,2026-08-01,2026-08-01 15:49:13+07:00,2026-08-01 16:38:12+07:00,,
3544,530446720108,B10,SG GÒ VẤP,Created,0.005,2026-08-01,2026-08-01 15:49:13+07:00,2026-08-01 16:37:23+07:00,,
3545,530450520108,B10,SG GÒ VẤP,Transporting,0.01,2026-08-01,2026-08-01 13:40:19+07:00,2026-08-01 15:23:55+07:00,2026-08-01 16:45:25+07:00,
3546,530450910108,B10,SG GÒ VẤP,Created,0.0064,2026-08-01,2026-08-01 09:05:39+07:00,,,
3547,530451110108,B10,SG GÒ VẤP,Transporting,0.0096,2026-08-01,2026-08-01 09:56:51+07:00,2026-08-01 11:05:06+07:00,2026-08-01 15:26:29+07:00,
3548,530451880107,B10,SG GÒ VẤP,Transporting,0.0103,2026-08-01,2026-08-01 09:40:21+07:00,2026-08-01 13:15:42+07:00,2026-08-01 15:28:28+07:00,
3549,530457480107,B10,SG GÒ VẤP,Created,0.0061,2026-08-01,2026-08-01 13:52:10+07:00,2026-08-01 16:33:39+07:00,,
3550,530460710108,B10,SG GÒ VẤP,Created,0.0055,2026-08-01,2026-08-01 09:55:44+07:00,2026-08-01 12:48:41+07:00,,
3551,530461670107,B10,SG GÒ VẤP,Created,0.0067,2026-08-01,2026-08-01 09:11:43+07:00,2026-08-01 11:23:46+07:00,,
3552,530464070107,B10,SG GÒ VẤP,Created,0.015,2026-08-01,2026-08-01 08:15:01+07:00,2026-08-01 13:40:28+07:00,,
3553,530477680107,B10,SG GÒ VẤP,Transporting,0.0095,2026-08-01,2026-08-01 13:02:33+07:00,2026-08-01 13:51:32+07:00,2026-08-01 13:52:35+07:00,
3554,530478470107,B10,SG GÒ VẤP,Created,0.01,2026-08-01,2026-08-01 08:33:30+07:00,2026-08-01 11:00:57+07:00,,
3555,530482870107,B10,SG GÒ VẤP,Transporting,0.0052,2026-08-01,2026-08-01 08:18:01+07:00,2026-08-01 08:58:38+07:00,2026-08-01 12:31:09+07:00,
3556,530485710108,B10,SG GÒ VẤP,Transporting,0.01,2026-08-01,2026-08-01 13:40:20+07:00,2026-08-01 15:20:54+07:00,2026-08-01 16:20:00+07:00,
3557,530485910108,B10,SG GÒ VẤP,Transporting,0.01,2026-08-01,2026-08-01 13:40:20+07:00,2026-08-01 15:21:28+07:00,2026-08-01 16:19:06+07:00,
3558,530498270107,B10,SG GÒ VẤP,Created,0.0103,2026-08-01,2026-08-01 09:38:34+07:00,2026-08-01 13:19:58+07:00,,
3559,530499580107,B10,SG GÒ VẤP,Inbound,0.0053,2026-08-01,2026-08-01 15:51:00+07:00,,2026-07-30 21:28:37+07:00,2026-08-01 15:51:00+07:00
3560,530502130108,B10,SG GÒ VẤP,Created,0.005,2026-08-01,2026-08-01 16:04:32+07:00,2026-08-01 16:40:22+07:00,,
3561,530502530108,B10,SG GÒ VẤP,Created,0.0098,2026-08-01,2026-08-01 16:04:32+07:00,2026-08-01 16:39:37+07:00,,
3562,530503990107,B10,SG GÒ VẤP,Inbound,0.0055,2026-08-01,2026-08-01 16:21:58+07:00,,2026-07-30 21:26:56+07:00,2026-08-01 16:21:58+07:00
3563,530513520108,B10,SG GÒ VẤP,Transporting,0.0083,2026-08-01,2026-08-01 13:46:53+07:00,2026-08-01 16:43:30+07:00,2026-08-01 16:43:34+07:00,
3564,530516520108,B10,SG GÒ VẤP,Created,0.0062,2026-08-01,2026-08-01 13:47:27+07:00,2026-08-01 14:48:30+07:00,,
3565,530518110108,B10,SG GÒ VẤP,Inbound,0.044,2026-08-01,2026-08-01 06:48:20+07:00,2026-08-01 14:05:38+07:00,,2026-08-01 15:06:26+07:00
3566,530519310108,B10,SG GÒ VẤP,Transporting,0.008,2026-08-01,2026-08-01 08:15:27+07:00,2026-08-01 12:41:51+07:00,2026-08-01 15:28:04+07:00,
3567,530520080107,B10,SG GÒ VẤP,Transporting,0.0051,2026-08-01,2026-08-01 10:53:10+07:00,2026-08-01 14:37:02+07:00,2026-08-01 14:37:03+07:00,
3568,530522320108,B10,SG GÒ VẤP,Created,0.0111,2026-08-01,2026-08-01 10:38:55+07:00,,,
3569,530526720108,B10,SG GÒ VẤP,Created,0.0125,2026-08-01,2026-08-01 14:15:06+07:00,2026-08-01 16:35:38+07:00,,
3570,530533280107,B10,SG GÒ VẤP,Transporting,0.0157,2026-08-01,2026-08-01 10:34:21+07:00,2026-08-01 14:07:41+07:00,2026-08-01 15:34:18+07:00,
3571,530536470107,B10,SG GÒ VẤP,Created,0.0075,2026-08-01,2026-07-31 14:17:47+07:00,2026-08-01 13:26:52+07:00,,
3572,530540770107,B10,SG GÒ VẤP,Inbound,0.0062,2026-08-01,2026-08-01 16:35:16+07:00,,2026-07-30 21:06:45+07:00,2026-08-01 16:35:16+07:00
3573,530541520108,B10,SG GÒ VẤP,Created,0.01,2026-08-01,2026-08-01 13:32:16+07:00,2026-08-01 15:28:27+07:00,,
3574,530545080107,B10,SG GÒ VẤP,Transporting,0.0085,2026-08-01,2026-08-01 14:04:13+07:00,2026-08-01 16:47:33+07:00,2026-08-01 16:47:36+07:00,
3575,530545290107,B10,SG GÒ VẤP,Created,0.005,2026-08-01,2026-08-01 15:49:13+07:00,2026-08-01 16:38:19+07:00,,
3576,530548920108,B10,SG GÒ VẤP,Created,0.0051,2026-08-01,2026-08-01 15:34:14+07:00,,,
3577,530549110108,B10,SG GÒ VẤP,Created,0.008,2026-08-01,2026-08-01 08:36:38+07:00,2026-08-01 11:00:59+07:00,,
3578,530550470107,B10,SG GÒ VẤP,Transporting,0.008,2026-08-01,2026-08-01 07:02:31+07:00,2026-08-01 16:04:47+07:00,2026-08-01 16:05:53+07:00,
3579,530553070107,B10,SG GÒ VẤP,Transporting,0.01,2026-08-01,2026-08-01 08:37:39+07:00,2026-08-01 10:20:50+07:00,2026-08-01 16:24:41+07:00,
3580,530553110108,B10,SG GÒ VẤP,Created,0.0075,2026-08-01,2026-08-01 10:53:42+07:00,2026-08-01 16:49:18+07:00,,
3581,530554310108,B10,SG GÒ VẤP,Inbound,0.045,2026-08-01,2026-08-01 06:48:20+07:00,2026-08-01 14:04:39+07:00,,2026-08-01 15:07:34+07:00
3582,530560470107,B10,SG GÒ VẤP,Transporting,0.0052,2026-08-01,2026-08-01 08:18:01+07:00,2026-08-01 08:58:39+07:00,2026-08-01 12:31:10+07:00,
3583,530566470107,B10,SG GÒ VẤP,Transporting,0.0101,2026-08-01,2026-08-01 08:04:50+07:00,2026-08-01 14:51:17+07:00,2026-08-01 14:51:33+07:00,
3584,530570670107,B10,SG GÒ VẤP,Transporting,0.012,2026-08-01,2026-08-01 07:51:29+07:00,2026-08-01 11:38:46+07:00,2026-08-01 11:49:31+07:00,
3585,530573910108,B10,SG GÒ VẤP,Created,0.0065,2026-08-01,2026-08-01 09:51:49+07:00,2026-08-01 12:48:44+07:00,,
3586,530576070107,B10,SG GÒ VẤP,Created,0.0113,2026-08-01,2026-08-01 08:56:25+07:00,,,
3587,530576270107,B10,SG GÒ VẤP,Transporting,0.02,2026-08-01,2026-08-01 09:03:10+07:00,2026-08-01 10:49:26+07:00,2026-08-01 15:53:45+07:00,
3588,530584680107,B10,SG GÒ VẤP,Created,0.0152,2026-08-01,2026-08-01 15:03:21+07:00,,,
3589,530587470107,B10,SG GÒ VẤP,Created,0.0111,2026-08-01,2026-08-01 11:23:48+07:00,,,
3590,530589300108,B10,SG GÒ VẤP,Transporting,0.0168,2026-08-01,2026-07-31 20:21:13+07:00,2026-08-01 16:02:23+07:00,2026-08-01 16:02:24+07:00,
3591,530590080107,B10,SG GÒ VẤP,Created,0.015,2026-08-01,2026-08-01 14:38:45+07:00,,,
3592,530594680107,B10,SG GÒ VẤP,Created,0.0051,2026-08-01,2026-08-01 15:23:24+07:00,,,
3593,530596680107,B10,SG GÒ VẤP,Created,0.0064,2026-08-01,2026-08-01 15:19:03+07:00,,,
3594,530599280107,B10,SG GÒ VẤP,Transporting,0.01,2026-08-01,2026-08-01 13:28:00+07:00,2026-08-01 15:27:17+07:00,2026-08-01 16:37:26+07:00,
3595,530599300108,B10,SG GÒ VẤP,Created,0.0055,2026-08-01,2026-08-01 07:19:01+07:00,2026-08-01 10:46:48+07:00,,
3596,530601920108,B10,SG GÒ VẤP,Transporting,0.01,2026-08-01,2026-08-01 14:18:56+07:00,2026-08-01 15:09:26+07:00,2026-08-01 15:50:58+07:00,
3597,530603090107,B10,SG GÒ VẤP,Created,0.01,2026-08-01,2026-08-01 16:01:44+07:00,,,
3598,530603110108,B10,SG GÒ VẤP,Transporting,0.006,2026-08-01,2026-08-01 07:23:43+07:00,2026-08-01 11:57:22+07:00,2026-08-01 12:14:52+07:00,
3599,530606080107,B10,SG GÒ VẤP,Transporting,0.0051,2026-08-01,2026-08-01 10:52:38+07:00,2026-08-01 14:33:29+07:00,2026-08-01 14:33:39+07:00,
3600,530607680107,B10,SG GÒ VẤP,Created,0.0094,2026-08-01,2026-08-01 13:03:00+07:00,,,
3601,530607880107,B10,SG GÒ VẤP,Transporting,0.0082,2026-08-01,2026-08-01 13:04:26+07:00,2026-08-01 14:55:57+07:00,2026-08-01 14:55:56+07:00,
3602,530608520108,B10,SG GÒ VẤP,Transporting,0.01,2026-08-01,2026-08-01 13:40:19+07:00,2026-08-01 15:22:08+07:00,2026-08-01 16:18:00+07:00,
3603,530614120108,B10,SG GÒ VẤP,Created,0.0085,2026-08-01,2026-08-01 14:03:41+07:00,,,
3604,530616680107,B10,SG GÒ VẤP,Created,0.0086,2026-08-01,2026-08-01 08:28:43+07:00,2026-08-01 11:19:09+07:00,,
3605,530619920108,B10,SG GÒ VẤP,Transporting,0.02,2026-08-01,2026-08-01 14:13:07+07:00,2026-08-01 15:10:42+07:00,2026-08-01 16:03:02+07:00,
3606,530620120108,B10,SG GÒ VẤP,Transporting,0.01,2026-08-01,2026-08-01 14:07:50+07:00,2026-08-01 15:11:30+07:00,2026-08-01 16:01:13+07:00,
3607,530621080107,B10,SG GÒ VẤP,Created,0.0148,2026-08-01,2026-08-01 12:16:33+07:00,,,
3608,530623920108,B10,SG GÒ VẤP,Created,0.0054,2026-08-01,2026-08-01 11:04:10+07:00,2026-08-01 12:48:37+07:00,,
3609,530624320108,B10,SG GÒ VẤP,Created,0.0116,2026-08-01,2026-08-01 11:34:26+07:00,,,
3610,530625120108,B10,SG GÒ VẤP,Transporting,0.0051,2026-08-01,2026-08-01 12:04:46+07:00,2026-08-01 14:35:33+07:00,2026-08-01 14:35:51+07:00,
3611,530628720108,B10,SG GÒ VẤP,Created,0.0066,2026-08-01,2026-08-01 14:41:18+07:00,2026-08-01 16:50:39+07:00,,
3612,530629480107,B10,SG GÒ VẤP,Created,0.01,2026-08-01,2026-08-01 08:33:29+07:00,2026-08-01 11:00:59+07:00,,
3613,530632480107,B10,SG GÒ VẤP,Inbound,0.0051,2026-08-01,2026-08-01 09:44:22+07:00,2026-08-01 13:33:58+07:00,2026-08-01 13:34:19+07:00,2026-08-01 16:39:33+07:00
3614,530632720108,B10,SG GÒ VẤP,Created,0.0059,2026-08-01,2026-08-01 14:53:03+07:00,,,
3615,530633670107,B10,SG GÒ VẤP,Created,0.0075,2026-08-01,2026-07-31 21:10:25+07:00,2026-08-01 16:14:41+07:00,,
3616,530636290107,B10,SG GÒ VẤP,Created,0.01,2026-08-01,2026-08-01 14:38:37+07:00,2026-08-01 15:07:18+07:00,,
3617,530637520108,B10,SG GÒ VẤP,Transporting,0.01,2026-08-01,2026-08-01 13:08:18+07:00,2026-08-01 14:54:50+07:00,2026-08-01 15:44:01+07:00,
3618,530642280107,B10,SG GÒ VẤP,Created,0.0075,2026-08-01,2026-08-01 08:46:45+07:00,2026-08-01 14:59:27+07:00,,
3619,530642520108,B10,SG GÒ VẤP,Transporting,0.0065,2026-08-01,2026-08-01 15:07:55+07:00,2026-08-01 16:44:54+07:00,2026-08-01 16:44:54+07:00,
3620,530648380107,B10,SG GÒ VẤP,Inbound,0.0062,2026-08-01,2026-08-01 14:50:01+07:00,,2026-07-31 00:11:47+07:00,2026-08-01 14:50:01+07:00
3621,530651710108,B10,SG GÒ VẤP,Created,0.008,2026-08-01,2026-08-01 10:17:03+07:00,,,
3622,530654120108,B10,SG GÒ VẤP,Created,0.007,2026-08-01,2026-08-01 16:21:12+07:00,2026-08-01 16:45:59+07:00,,
3623,530654280107,B10,SG GÒ VẤP,Inbound,0.0067,2026-08-01,2026-08-01 10:01:16+07:00,2026-08-01 13:20:23+07:00,2026-08-01 14:48:34+07:00,2026-08-01 15:37:44+07:00
3624,530662080107,B10,SG GÒ VẤP,Transporting,0.01,2026-08-01,2026-08-01 13:28:00+07:00,2026-08-01 15:27:35+07:00,2026-08-01 16:38:02+07:00,
3625,530667070107,B10,SG GÒ VẤP,Created,0.011,2026-08-01,2026-08-01 08:45:00+07:00,2026-08-01 16:11:29+07:00,,
3626,530671280107,B10,SG GÒ VẤP,Created,0.015,2026-08-01,2026-08-01 14:25:39+07:00,,,
3627,530673310108,B10,SG GÒ VẤP,Transporting,0.0098,2026-08-01,2026-08-01 09:53:01+07:00,2026-08-01 14:21:37+07:00,2026-08-01 15:34:44+07:00,
3628,530674080107,B10,SG GÒ VẤP,Transporting,0.01,2026-08-01,2026-08-01 13:40:20+07:00,2026-08-01 15:21:54+07:00,2026-08-01 16:18:25+07:00,
3629,530674880107,B10,SG GÒ VẤP,Transporting,0.01,2026-08-01,2026-08-01 13:40:20+07:00,2026-08-01 15:20:51+07:00,2026-08-01 16:19:55+07:00,
3630,530679280107,B10,SG GÒ VẤP,Created,0.0093,2026-08-01,2026-08-01 16:18:44+07:00,,,
3631,530681320108,B10,SG GÒ VẤP,Created,0.0154,2026-08-01,2026-08-01 15:48:02+07:00,,,
3632,530683480107,B10,SG GÒ VẤP,Created,0.0051,2026-08-01,2026-08-01 16:40:44+07:00,,,
3633,530684070107,B10,SG GÒ VẤP,Created,0.0094,2026-08-01,2026-08-01 09:06:20+07:00,2026-08-01 13:41:26+07:00,,
3634,530685070107,B10,SG GÒ VẤP,Transporting,0.005,2026-08-01,2026-08-01 09:50:37+07:00,2026-08-01 11:03:45+07:00,2026-08-01 15:25:58+07:00,
3635,530692670107,B10,SG GÒ VẤP,Transporting,0.006,2026-08-01,2026-08-01 09:45:54+07:00,2026-08-01 11:58:34+07:00,2026-08-01 12:13:49+07:00,
3636,530694380107,B10,SG GÒ VẤP,Created,0.0102,2026-08-01,2026-07-30 14:07:45+07:00,2026-08-01 15:30:36+07:00,,
3637,530696180107,B10,SG GÒ VẤP,Inbound,0.0053,2026-08-01,2026-08-01 15:59:10+07:00,,2026-07-30 21:27:23+07:00,2026-08-01 15:59:10+07:00
3638,530700360107,B10,SG GÒ VẤP,Inbound,0.036,2026-08-01,2026-08-01 16:46:36+07:00,,2026-07-30 21:04:46+07:00,2026-08-01 16:46:36+07:00
3639,530704320108,B10,SG GÒ VẤP,Transporting,0.0059,2026-08-01,2026-08-01 13:48:54+07:00,2026-08-01 14:36:28+07:00,2026-08-01 15:56:18+07:00,
3640,530706290107,B10,SG GÒ VẤP,Created,0.0098,2026-08-01,2026-08-01 15:51:38+07:00,2026-08-01 16:41:55+07:00,,
3641,530708320108,B10,SG GÒ VẤP,Transporting,0.01,2026-08-01,2026-08-01 13:40:20+07:00,2026-08-01 15:21:59+07:00,2026-08-01 16:18:20+07:00,
3642,530709320108,B10,SG GÒ VẤP,Transporting,0.01,2026-08-01,2026-08-01 14:07:50+07:00,2026-08-01 15:11:47+07:00,2026-08-01 16:00:58+07:00,
3643,530710480107,B10,SG GÒ VẤP,Created,0.0154,2026-08-01,2026-08-01 07:18:03+07:00,,,
3644,530715080107,B10,SG GÒ VẤP,Created,0.0084,2026-08-01,2026-08-01 11:03:06+07:00,,,
3645,530717320108,B10,SG GÒ VẤP,Transporting,0.01,2026-08-01,2026-08-01 14:18:56+07:00,2026-08-01 15:09:18+07:00,2026-08-01 15:50:52+07:00,
3646,530720520108,B10,SG GÒ VẤP,Created,0.0334,2026-08-01,2026-08-01 14:08:55+07:00,,,
3647,530720850107,B10,SG GÒ VẤP,Inbound,0.0065,2026-08-01,2026-08-01 15:22:47+07:00,,2026-07-30 22:09:42+07:00,2026-08-01 15:22:47+07:00
3648,530721280107,B10,SG GÒ VẤP,Created,0.0084,2026-08-01,2026-08-01 12:45:30+07:00,,,
3649,530721520108,B10,SG GÒ VẤP,Created,0.0135,2026-08-01,2026-08-01 14:55:26+07:00,,,
3650,530726570107,B10,SG GÒ VẤP,Inbound,0.0109,2026-08-01,2026-08-01 16:44:14+07:00,,2026-07-30 21:05:55+07:00,2026-08-01 16:44:14+07:00
3651,530727480107,B10,SG GÒ VẤP,Created,0.0058,2026-08-01,2026-08-01 08:11:09+07:00,2026-08-01 08:21:00+07:00,,
3652,530728710108,B10,SG GÒ VẤP,Created,0.0078,2026-08-01,2026-08-01 08:04:02+07:00,,,
3653,530729710108,B10,SG GÒ VẤP,Created,0.005,2026-08-01,2026-08-01 09:02:31+07:00,2026-08-01 11:25:37+07:00,,
3654,530729720108,B10,SG GÒ VẤP,Created,0.0085,2026-08-01,2026-08-01 16:01:39+07:00,,,
3655,530739640107,B10,SG GÒ VẤP,Inbound,0.0062,2026-08-01,2026-08-01 14:43:39+07:00,,2026-07-31 00:18:16+07:00,2026-08-01 14:43:39+07:00
3656,530740480107,B10,SG GÒ VẤP,Transporting,0.01,2026-08-01,2026-08-01 08:37:39+07:00,2026-08-01 10:19:30+07:00,2026-08-01 16:24:20+07:00,
3657,530746520108,B10,SG GÒ VẤP,Created,0.005,2026-08-01,2026-08-01 16:04:32+07:00,2026-08-01 16:40:36+07:00,,
3658,530750670107,B10,SG GÒ VẤP,Created,0.0059,2026-08-01,2026-08-01 07:23:08+07:00,,,
3659,530759880107,B10,SG GÒ VẤP,Created,0.008,2026-08-01,2026-08-01 13:51:13+07:00,,,
3660,530761110108,B10,SG GÒ VẤP,Created,0.0064,2026-08-01,2026-08-01 11:12:50+07:00,,,
3661,530764520108,B10,SG GÒ VẤP,Created,0.0165,2026-08-01,2026-08-01 13:55:49+07:00,,,
3662,530764780107,B10,SG GÒ VẤP,Inbound,0.0062,2026-08-01,2026-08-01 14:53:43+07:00,,2026-07-30 23:56:49+07:00,2026-08-01 14:53:43+07:00
3663,530765080107,B10,SG GÒ VẤP,Created,0.016,2026-08-01,2026-08-01 15:50:48+07:00,,,
3664,530765510108,B10,SG GÒ VẤP,Created,0.006,2026-08-01,2026-08-01 08:11:09+07:00,2026-08-01 08:20:41+07:00,,
3665,530767110108,B10,SG GÒ VẤP,Created,0.0115,2026-08-01,2026-08-01 08:12:10+07:00,,,
3666,530767310108,B10,SG GÒ VẤP,Created,0.0072,2026-08-01,2026-08-01 08:15:26+07:00,2026-08-01 12:43:32+07:00,,
3667,530768710108,B10,SG GÒ VẤP,Transporting,0.01,2026-08-01,2026-08-01 09:01:32+07:00,2026-08-01 10:11:52+07:00,2026-08-01 15:48:57+07:00,
3668,530772110108,B10,SG GÒ VẤP,Transporting,0.01,2026-08-01,2026-08-01 09:01:32+07:00,2026-08-01 10:12:24+07:00,2026-08-01 15:48:26+07:00,
3669,530774480107,B10,SG GÒ VẤP,Transporting,0.01,2026-08-01,2026-08-01 13:40:20+07:00,2026-08-01 15:21:10+07:00,2026-08-01 16:19:34+07:00,
3670,530777870107,B10,SG GÒ VẤP,Created,0.0073,2026-08-01,2026-08-01 10:20:32+07:00,,,
3671,530780880107,B10,SG GÒ VẤP,Transporting,0.011,2026-08-01,2026-08-01 12:03:49+07:00,2026-08-01 15:04:17+07:00,2026-08-01 15:04:19+07:00,
3672,530781520108,B10,SG GÒ VẤP,Created,0.005,2026-08-01,2026-08-01 15:49:13+07:00,2026-08-01 16:37:50+07:00,,
3673,530781670107,B10,SG GÒ VẤP,Created,0.007,2026-08-01,2026-07-31 17:46:43+07:00,2026-08-01 13:27:17+07:00,,
3674,530782280107,B10,SG GÒ VẤP,Created,0.0085,2026-08-01,2026-08-01 15:34:13+07:00,,,
3675,530782480107,B10,SG GÒ VẤP,Created,0.0094,2026-08-01,2026-08-01 15:38:01+07:00,,,
3676,530783080107,B10,SG GÒ VẤP,Created,0.0072,2026-08-01,2026-08-01 16:49:48+07:00,,,
3677,530783510108,B10,SG GÒ VẤP,Created,0.012,2026-08-01,2026-08-01 09:34:43+07:00,,,
3678,530787070107,B10,SG GÒ VẤP,Created,0.02,2026-08-01,2026-08-01 12:01:32+07:00,,,
3679,530792870107,B10,SG GÒ VẤP,Inbound,0.0375,2026-08-01,2026-08-01 09:47:34+07:00,2026-08-01 12:42:20+07:00,,2026-08-01 15:15:17+07:00
3680,530793470107,B10,SG GÒ VẤP,Created,0.0051,2026-08-01,2026-08-01 10:54:07+07:00,,,
3681,530795870107,B10,SG GÒ VẤP,Created,0.012,2026-08-01,2026-08-01 07:04:53+07:00,,,
3682,530796680107,B10,SG GÒ VẤP,Created,0.0051,2026-08-01,2026-08-01 15:33:48+07:00,,,
3683,530802120108,B10,SG GÒ VẤP,Created,0.01,2026-08-01,2026-08-01 13:34:43+07:00,,,
3684,530803530108,B10,SG GÒ VẤP,Created,0.007,2026-08-01,2026-08-01 16:28:32+07:00,,,
3685,530806690107,B10,SG GÒ VẤP,Created,0.02,2026-08-01,2026-08-01 16:00:47+07:00,,,
3686,530829880107,B10,SG GÒ VẤP,Transporting,0.01,2026-08-01,2026-08-01 08:37:38+07:00,2026-08-01 10:18:36+07:00,2026-08-01 16:23:53+07:00,
3687,530832720108,B10,SG GÒ VẤP,Created,0.0125,2026-08-01,2026-08-01 15:07:17+07:00,,,
3688,530833120108,B10,SG GÒ VẤP,Created,0.006,2026-08-01,2026-08-01 16:01:48+07:00,,,
3689,530834320108,B10,SG GÒ VẤP,Created,0.0367,2026-08-01,2026-08-01 16:02:16+07:00,,,
3690,530835910108,B10,SG GÒ VẤP,Created,0.006,2026-08-01,2026-08-01 10:10:50+07:00,,,
3691,530836290107,B10,SG GÒ VẤP,Created,0.0056,2026-08-01,2026-08-01 14:41:18+07:00,2026-08-01 16:50:42+07:00,,
3692,530836320108,B10,SG GÒ VẤP,Created,0.0085,2026-08-01,2026-08-01 13:03:03+07:00,,,
3693,530837090107,B10,SG GÒ VẤP,Created,0.0082,2026-08-01,2026-08-01 15:08:23+07:00,2026-08-01 16:50:53+07:00,,
3694,530837490107,B10,SG GÒ VẤP,Created,0.0065,2026-08-01,2026-08-01 15:09:46+07:00,,,
3695,530839670107,B10,SG GÒ VẤP,Transporting,0.008,2026-08-01,2026-08-01 07:37:42+07:00,2026-08-01 11:23:31+07:00,2026-08-01 15:27:00+07:00,
3696,530841270107,B10,SG GÒ VẤP,Transporting,0.02,2026-08-01,2026-08-01 08:58:16+07:00,2026-08-01 10:15:50+07:00,2026-08-01 16:02:44+07:00,
3697,530841470107,B10,SG GÒ VẤP,Transporting,0.01,2026-08-01,2026-08-01 09:01:31+07:00,2026-08-01 10:12:21+07:00,2026-08-01 15:48:31+07:00,
3698,530844280107,B10,SG GÒ VẤP,Transporting,0.01,2026-08-01,2026-08-01 13:40:20+07:00,2026-08-01 15:22:30+07:00,2026-08-01 16:17:21+07:00,
3699,530844870107,B10,SG GÒ VẤP,Transporting,0.0051,2026-08-01,2026-08-01 04:00:50+07:00,2026-08-01 13:58:49+07:00,2026-08-01 13:58:49+07:00,
3700,530845270107,B10,SG GÒ VẤP,Inbound,0.0095,2026-08-01,2026-08-01 08:01:42+07:00,2026-08-01 13:46:31+07:00,2026-08-01 13:46:47+07:00,2026-08-01 16:52:00+07:00
3701,530848910108,B10,SG GÒ VẤP,Created,0.0146,2026-08-01,2026-08-01 08:15:10+07:00,2026-08-01 11:53:54+07:00,,
3702,530860880107,B10,SG GÒ VẤP,Created,0.0062,2026-08-01,2026-08-01 10:12:50+07:00,,,
3703,530865520108,B10,SG GÒ VẤP,Transporting,0.01,2026-08-01,2026-08-01 14:02:25+07:00,2026-08-01 15:19:38+07:00,2026-08-01 16:05:08+07:00,
3704,530873680107,B10,SG GÒ VẤP,Created,0.02,2026-08-01,2026-08-01 14:36:26+07:00,2026-08-01 15:04:56+07:00,,
3705,530877110108,B10,SG GÒ VẤP,Transporting,0.01,2026-08-01,2026-08-01 08:25:00+07:00,2026-08-01 10:13:20+07:00,2026-08-01 15:47:12+07:00,
3706,530884070107,B10,SG GÒ VẤP,Created,0.0067,2026-08-01,2026-08-01 09:11:16+07:00,,,
3707,530885510108,B10,SG GÒ VẤP,Created,0.0174,2026-08-01,2026-08-01 13:58:03+07:00,,,
3708,530887380107,B10,SG GÒ VẤP,Inbound,0.0055,2026-08-01,2026-08-01 15:59:16+07:00,,2026-07-30 21:26:30+07:00,2026-08-01 15:59:16+07:00
3709,530893880107,B10,SG GÒ VẤP,Created,0.005,2026-08-01,2026-08-01 15:49:13+07:00,2026-08-01 16:38:55+07:00,,
3710,530909080107,B10,SG GÒ VẤP,Created,0.009,2026-08-01,2026-08-01 12:21:32+07:00,,,
3711,530911120108,B10,SG GÒ VẤP,Transporting,0.0152,2026-08-01,2026-08-01 12:04:16+07:00,2026-08-01 14:42:12+07:00,2026-08-01 14:42:11+07:00,
3712,530919320108,B10,SG GÒ VẤP,Transporting,0.01,2026-08-01,2026-08-01 14:18:56+07:00,2026-08-01 15:09:45+07:00,2026-08-01 15:50:42+07:00,
3713,530920490107,B10,SG GÒ VẤP,Transporting,0.01,2026-08-01,2026-08-01 14:02:25+07:00,2026-08-01 15:14:12+07:00,2026-08-01 16:28:23+07:00,
3714,530921120108,B10,SG GÒ VẤP,Created,0.0055,2026-08-01,2026-08-01 15:04:25+07:00,,,
3715,530924310108,B10,SG GÒ VẤP,Created,0.009,2026-08-01,2026-07-31 15:33:08+07:00,2026-08-01 08:36:00+07:00,,
3716,530928720108,B10,SG GÒ VẤP,Created,0.0062,2026-08-01,2026-08-01 15:03:36+07:00,,,
3717,530931080107,B10,SG GÒ VẤP,Transporting,0.01,2026-08-01,2026-08-01 08:54:01+07:00,2026-08-01 10:59:44+07:00,2026-08-01 16:00:03+07:00,
3718,530931520108,B10,SG GÒ VẤP,Transporting,0.01,2026-08-01,2026-08-01 13:08:18+07:00,2026-08-01 14:53:33+07:00,2026-08-01 15:45:14+07:00,
3719,530932720108,B10,SG GÒ VẤP,Created,0.0059,2026-08-01,2026-08-01 15:10:15+07:00,,,
3720,530938560107,B10,SG GÒ VẤP,Inbound,0.007,2026-08-01,2026-08-01 16:38:08+07:00,,2026-07-30 21:10:14+07:00,2026-08-01 16:38:08+07:00
3721,530945710108,B10,SG GÒ VẤP,Transporting,0.01,2026-08-01,2026-08-01 13:08:19+07:00,2026-08-01 14:52:26+07:00,2026-08-01 15:46:47+07:00,
3722,530946910108,B10,SG GÒ VẤP,Created,0.0076,2026-08-01,2026-07-31 21:13:47+07:00,2026-08-01 12:48:25+07:00,,
3723,530948120108,B10,SG GÒ VẤP,Created,0.005,2026-08-01,2026-08-01 15:49:13+07:00,2026-08-01 16:37:47+07:00,,
3724,530949380107,B10,SG GÒ VẤP,Inbound,0.0053,2026-08-01,2026-08-01 15:32:32+07:00,,2026-07-30 21:56:31+07:00,2026-08-01 15:32:32+07:00
3725,530952720108,B10,SG GÒ VẤP,Transporting,0.01,2026-08-01,2026-08-01 13:40:20+07:00,2026-08-01 15:23:10+07:00,2026-08-01 16:18:44+07:00,
3726,530954480107,B10,SG GÒ VẤP,Created,0.006,2026-08-01,2026-08-01 10:15:46+07:00,2026-08-01 11:36:14+07:00,,
3727,530963310108,B10,SG GÒ VẤP,Created,0.009,2026-08-01,2026-08-01 08:03:21+07:00,,,
3728,530974310108,B10,SG GÒ VẤP,Inbound,0.0367,2026-08-01,2026-08-01 11:23:48+07:00,2026-08-01 14:24:32+07:00,2026-08-01 14:29:42+07:00,2026-08-01 15:37:34+07:00
3729,530975920108,B10,SG GÒ VẤP,Created,0.0059,2026-08-01,2026-08-01 15:09:53+07:00,2026-08-01 16:49:49+07:00,,
3730,530980510108,B10,SG GÒ VẤP,Transporting,0.01,2026-08-01,2026-08-01 13:08:19+07:00,2026-08-01 14:54:32+07:00,2026-08-01 15:44:14+07:00,
3731,530982870107,B10,SG GÒ VẤP,Transporting,0.01,2026-08-01,2026-08-01 08:37:39+07:00,2026-08-01 10:18:54+07:00,2026-08-01 16:24:07+07:00,
3732,530984680107,B10,SG GÒ VẤP,Created,0.0081,2026-08-01,2026-08-01 15:42:43+07:00,,,
3733,530984710108,B10,SG GÒ VẤP,Created,0.0078,2026-08-01,2026-08-01 13:21:09+07:00,,,
3734,530985680107,B10,SG GÒ VẤP,Created,0.006,2026-08-01,2026-08-01 16:28:16+07:00,,,
3735,530987570107,B10,SG GÒ VẤP,Inbound,0.006,2026-08-01,2026-08-01 14:53:53+07:00,,2026-07-30 23:57:06+07:00,2026-08-01 14:53:53+07:00
3736,530987700108,B10,SG GÒ VẤP,Created,0.012,2026-08-01,2026-08-01 08:00:34+07:00,2026-08-01 08:21:30+07:00,,
3737,530996270107,B10,SG GÒ VẤP,Transporting,0.0082,2026-08-01,2026-08-01 09:44:22+07:00,2026-08-01 13:57:47+07:00,2026-08-01 13:57:53+07:00,
3738,530996770107,B10,SG GÒ VẤP,Inbound,0.006,2026-08-01,2026-08-01 15:04:31+07:00,,2026-07-30 23:46:27+07:00,2026-08-01 15:04:31+07:00
3739,530998300108,B10,SG GÒ VẤP,Created,0.009,2026-08-01,2026-07-31 21:15:52+07:00,2026-08-01 12:49:01+07:00,,
3740,530998870107,B10,SG GÒ VẤP,Created,0.006,2026-08-01,2026-08-01 10:10:52+07:00,,,
3741,530001090107,B02,SG TÂN HƯNG,Created,0.01,2026-08-01,2026-08-01 13:21:14+07:00,,,
3742,530003920108,B02,SG TÂN HƯNG,Transporting,0.01,2026-08-01,2026-08-01 13:40:19+07:00,2026-08-01 15:22:24+07:00,2026-08-01 16:17:20+07:00,
3743,530004520108,B02,SG TÂN HƯNG,Transporting,0.01,2026-08-01,2026-08-01 13:28:00+07:00,2026-08-01 15:27:58+07:00,2026-08-01 16:38:30+07:00,
3744,530005690107,B02,SG TÂN HƯNG,Created,0.0101,2026-08-01,2026-08-01 14:59:32+07:00,,,
3745,530006690107,B02,SG TÂN HƯNG,Created,0.0075,2026-08-01,2026-08-01 15:04:02+07:00,2026-08-01 16:38:28+07:00,,
3746,530006890107,B02,SG TÂN HƯNG,Created,0.015,2026-08-01,2026-08-01 15:08:38+07:00,2026-08-01 15:36:40+07:00,,
3747,530007320108,B02,SG TÂN HƯNG,Created,0.0079,2026-08-01,2026-08-01 09:58:48+07:00,2026-08-01 16:42:19+07:00,,
3748,530009910108,B02,SG TÂN HƯNG,Created,0.0095,2026-08-01,2026-08-01 07:43:32+07:00,2026-08-01 13:27:00+07:00,,
3749,530017480107,B02,SG TÂN HƯNG,Created,0.0058,2026-08-01,2026-08-01 08:35:00+07:00,2026-08-01 11:21:33+07:00,,
3750,530023680107,B02,SG TÂN HƯNG,Created,0.0055,2026-08-01,2026-08-01 12:23:17+07:00,,,
3751,530025710108,B02,SG TÂN HƯNG,Created,0.009,2026-08-01,2026-07-31 15:33:08+07:00,2026-08-01 08:35:01+07:00,,
3752,530033290107,B02,SG TÂN HƯNG,Transporting,0.0072,2026-08-01,2026-08-01 14:10:42+07:00,2026-08-01 16:15:22+07:00,2026-08-01 16:15:25+07:00,
3753,530033470107,B02,SG TÂN HƯNG,Created,0.02,2026-08-01,2026-07-31 17:23:31+07:00,2026-08-01 10:57:54+07:00,,
3754,530035880107,B02,SG TÂN HƯNG,Created,0.006,2026-08-01,2026-08-01 12:34:34+07:00,,,
3755,530039240107,B02,SG TÂN HƯNG,Inbound,0.0053,2026-08-01,2026-08-01 15:24:11+07:00,,2026-07-30 21:56:29+07:00,2026-08-01 15:24:11+07:00
3756,530039890107,B02,SG TÂN HƯNG,Transporting,0.01,2026-08-01,2026-08-01 14:33:42+07:00,2026-08-01 15:07:59+07:00,2026-08-01 16:22:44+07:00,
3757,530039910108,B02,SG TÂN HƯNG,Transporting,0.0095,2026-08-01,2026-07-31 21:54:54+07:00,2026-08-01 13:45:59+07:00,2026-08-01 13:46:11+07:00,
3758,530040890107,B02,SG TÂN HƯNG,Created,0.008,2026-08-01,2026-08-01 16:20:11+07:00,,,
3759,530046470107,B02,SG TÂN HƯNG,Created,0.009,2026-08-01,2026-08-01 08:04:15+07:00,2026-08-01 12:00:02+07:00,,
3760,530049470107,B02,SG TÂN HƯNG,Created,0.01,2026-08-01,2026-08-01 08:16:45+07:00,2026-08-01 11:01:36+07:00,,
3761,530050910108,B02,SG TÂN HƯNG,Created,0.0057,2026-08-01,2026-08-01 08:44:07+07:00,2026-08-01 16:51:28+07:00,,
3762,530051090107,B02,SG TÂN HƯNG,Transporting,0.015,2026-08-01,2026-08-01 16:03:09+07:00,2026-08-01 16:30:37+07:00,2026-08-01 16:40:38+07:00,
3763,530056870107,B02,SG TÂN HƯNG,Created,0.009,2026-08-01,2026-07-31 15:33:08+07:00,2026-08-01 08:34:15+07:00,,
3764,530056880107,B02,SG TÂN HƯNG,Transporting,0.01,2026-08-01,2026-08-01 13:08:19+07:00,2026-08-01 14:52:04+07:00,2026-08-01 15:47:05+07:00,
3765,530058910108,B02,SG TÂN HƯNG,Created,0.006,2026-08-01,2026-08-01 09:33:31+07:00,,,
3766,530059880107,B02,SG TÂN HƯNG,Created,0.01,2026-08-01,2026-08-01 13:35:41+07:00,2026-08-01 15:26:23+07:00,,
3767,530062230107,B02,SG TÂN HƯNG,Inbound,0.0122,2026-08-01,2026-08-01 16:21:00+07:00,,2026-07-30 21:24:55+07:00,2026-08-01 16:21:00+07:00
3768,530065310108,B02,SG TÂN HƯNG,Transporting,0.008,2026-08-01,2026-08-01 08:05:13+07:00,2026-08-01 11:22:20+07:00,2026-08-01 15:26:43+07:00,
3769,530071280107,B02,SG TÂN HƯNG,Created,0.0058,2026-08-01,2026-08-01 14:06:34+07:00,,,
3770,530073480107,B02,SG TÂN HƯNG,Transporting,0.01,2026-08-01,2026-08-01 14:02:25+07:00,2026-08-01 15:19:50+07:00,2026-08-01 16:05:15+07:00,
3771,530074920108,B02,SG TÂN HƯNG,Created,0.007,2026-08-01,2026-08-01 14:25:39+07:00,,,
3772,530075510108,B02,SG TÂN HƯNG,Transporting,0.0052,2026-08-01,2026-08-01 11:32:24+07:00,2026-08-01 14:00:55+07:00,2026-08-01 14:01:04+07:00,
3773,530079910108,B02,SG TÂN HƯNG,Created,0.0059,2026-08-01,2026-08-01 13:13:43+07:00,2026-08-01 14:59:04+07:00,,
3774,530083980107,B02,SG TÂN HƯNG,Inbound,0.0062,2026-08-01,2026-08-01 14:59:08+07:00,,2026-07-30 23:51:17+07:00,2026-08-01 14:59:08+07:00
3775,530085920108,B02,SG TÂN HƯNG,Created,0.005,2026-08-01,2026-08-01 15:49:13+07:00,2026-08-01 16:38:25+07:00,,
3776,530087260107,B02,SG TÂN HƯNG,Created,0.0051,2026-08-01,2026-07-31 13:48:30+07:00,2026-08-01 16:37:33+07:00,,
3777,530088440107,B02,SG TÂN HƯNG,Inbound,0.006,2026-08-01,2026-08-01 16:40:03+07:00,,2026-07-30 21:05:30+07:00,2026-08-01 16:40:03+07:00
3778,530094760107,B02,SG TÂN HƯNG,Inbound,0.0089,2026-08-01,2026-08-01 16:28:14+07:00,,2026-07-30 21:10:23+07:00,2026-08-01 16:28:14+07:00
3779,530095980107,B02,SG TÂN HƯNG,Inbound,0.006,2026-08-01,2026-08-01 16:36:10+07:00,,2026-07-30 21:11:12+07:00,2026-08-01 16:36:10+07:00
3780,530097470107,B02,SG TÂN HƯNG,Transporting,0.006,2026-08-01,2026-08-01 09:48:38+07:00,2026-08-01 13:56:03+07:00,2026-08-01 13:56:03+07:00,
3781,530100290107,B02,SG TÂN HƯNG,Created,0.0085,2026-08-01,2026-08-01 13:08:30+07:00,,,
3782,530100930108,B02,SG TÂN HƯNG,Created,0.005,2026-08-01,2026-08-01 16:04:32+07:00,2026-08-01 16:40:07+07:00,,
3783,530105320108,B02,SG TÂN HƯNG,Created,0.007,2026-08-01,2026-08-01 14:01:36+07:00,,,
3784,530107890107,B02,SG TÂN HƯNG,Transporting,0.0075,2026-08-01,2026-08-01 16:18:10+07:00,2026-08-01 16:19:17+07:00,2026-08-01 16:40:09+07:00,
3785,530108280107,B02,SG TÂN HƯNG,Transporting,0.01,2026-08-01,2026-08-01 10:08:54+07:00,2026-08-01 11:58:08+07:00,2026-08-01 12:11:57+07:00,
3786,530108320108,B02,SG TÂN HƯNG,Transporting,0.01,2026-08-01,2026-08-01 13:28:00+07:00,2026-08-01 15:27:30+07:00,2026-08-01 16:37:56+07:00,
3787,530109270107,B02,SG TÂN HƯNG,Created,0.019,2026-08-01,2026-07-31 15:43:19+07:00,2026-08-01 08:37:09+07:00,,
3788,530111920108,B02,SG TÂN HƯNG,Created,0.006,2026-08-01,2026-08-01 11:28:49+07:00,,,
3789,530112880107,B02,SG TÂN HƯNG,Transporting,0.0059,2026-08-01,2026-08-01 10:58:08+07:00,2026-08-01 12:25:56+07:00,2026-08-01 16:38:26+07:00,
3790,530114780107,B02,SG TÂN HƯNG,Inbound,0.0078,2026-08-01,2026-08-01 15:35:09+07:00,,2026-07-30 21:58:55+07:00,2026-08-01 15:35:09+07:00
3791,530114890107,B02,SG TÂN HƯNG,Created,0.0064,2026-08-01,2026-08-01 16:13:02+07:00,,,
3792,530117080107,B02,SG TÂN HƯNG,Transporting,0.01,2026-08-01,2026-08-01 08:37:38+07:00,2026-08-01 10:18:17+07:00,2026-08-01 16:23:35+07:00,
3793,530117520108,B02,SG TÂN HƯNG,Transporting,0.01,2026-08-01,2026-08-01 14:02:25+07:00,2026-08-01 15:14:03+07:00,2026-08-01 16:28:11+07:00,
3794,530119480107,B02,SG TÂN HƯNG,Transporting,0.0051,2026-08-01,2026-08-01 12:03:19+07:00,2026-08-01 14:35:28+07:00,2026-08-01 14:35:47+07:00,
3795,530120920108,B02,SG TÂN HƯNG,Created,0.0066,2026-08-01,2026-08-01 13:59:01+07:00,,,
3796,530121720108,B02,SG TÂN HƯNG,Created,0.0144,2026-08-01,2026-08-01 14:22:27+07:00,2026-08-01 16:26:34+07:00,,
3797,530122280107,B02,SG TÂN HƯNG,Created,0.007,2026-08-01,2026-08-01 10:45:27+07:00,2026-08-01 11:00:25+07:00,,
3798,530124120108,B02,SG TÂN HƯNG,Created,0.008,2026-08-01,2026-08-01 11:18:22+07:00,2026-08-01 11:22:26+07:00,,
3799,530125280107,B02,SG TÂN HƯNG,Created,0.011,2026-08-01,2026-08-01 11:39:47+07:00,,,
3800,530128280107,B02,SG TÂN HƯNG,Created,0.006,2026-08-01,2026-08-01 08:16:37+07:00,2026-08-01 11:53:33+07:00,,
3801,530129280107,B02,SG TÂN HƯNG,Transporting,0.01,2026-08-01,2026-08-01 08:27:09+07:00,2026-08-01 13:19:59+07:00,2026-08-01 15:59:30+07:00,
3802,530130240107,B02,SG TÂN HƯNG,Inbound,0.006,2026-08-01,2026-08-01 16:02:10+07:00,,2026-07-30 21:27:52+07:00,2026-08-01 16:02:10+07:00
3803,530137080107,B02,SG TÂN HƯNG,Created,0.009,2026-08-01,2026-08-01 12:16:50+07:00,2026-08-01 16:42:33+07:00,,
3804,530140520108,B02,SG TÂN HƯNG,Transporting,0.01,2026-08-01,2026-08-01 13:08:18+07:00,2026-08-01 14:52:52+07:00,2026-08-01 15:45:53+07:00,
3805,530141360107,B02,SG TÂN HƯNG,Inbound,0.006,2026-08-01,2026-08-01 16:19:32+07:00,,2026-07-30 21:11:21+07:00,2026-08-01 16:19:32+07:00
3806,530143070107,B02,SG TÂN HƯNG,Transporting,0.006,2026-08-01,2026-08-01 07:27:40+07:00,2026-08-01 11:57:38+07:00,2026-08-01 12:13:40+07:00,
3807,530143520108,B02,SG TÂN HƯNG,Created,0.0081,2026-08-01,2026-08-01 15:42:43+07:00,,,
3808,530143720108,B02,SG TÂN HƯNG,Created,0.0146,2026-08-01,2026-08-01 15:44:16+07:00,,,
3809,530143910108,B02,SG TÂN HƯNG,Created,0.008,2026-08-01,2026-08-01 10:17:03+07:00,,,
3810,530144320108,B02,SG TÂN HƯNG,Created,0.0094,2026-08-01,2026-08-01 15:47:58+07:00,,,
3811,530144690107,B02,SG TÂN HƯNG,Created,0.0098,2026-08-01,2026-08-01 15:15:24+07:00,2026-08-01 16:45:38+07:00,,
3812,530146440107,B02,SG TÂN HƯNG,Inbound,0.0065,2026-08-01,2026-08-01 14:45:42+07:00,,2026-07-30 22:28:14+07:00,2026-08-01 14:45:42+07:00
3813,530146780107,B02,SG TÂN HƯNG,Inbound,0.006,2026-08-01,2026-08-01 16:45:59+07:00,,2026-07-30 21:04:43+07:00,2026-08-01 16:45:59+07:00
3814,530156070107,B02,SG TÂN HƯNG,Created,0.018,2026-08-01,2026-07-31 15:33:08+07:00,2026-08-01 08:36:42+07:00,,
3815,530157850107,B02,SG TÂN HƯNG,Inbound,0.0053,2026-08-01,2026-08-01 16:24:52+07:00,,2026-07-30 21:26:09+07:00,2026-08-01 16:24:52+07:00
3816,530160520108,B02,SG TÂN HƯNG,Created,0.0375,2026-08-01,2026-08-01 16:02:16+07:00,,,
3817,530160920108,B02,SG TÂN HƯNG,Created,0.0053,2026-08-01,2026-08-01 16:02:42+07:00,,,
3818,530172480107,B02,SG TÂN HƯNG,Transporting,0.01,2026-08-01,2026-08-01 13:40:20+07:00,2026-08-01 15:21:24+07:00,2026-08-01 16:19:17+07:00,
3819,530173560107,B02,SG TÂN HƯNG,Inbound,0.008,2026-08-01,2026-08-01 14:49:34+07:00,,2026-07-31 00:09:27+07:00,2026-08-01 14:49:34+07:00
3820,530177470107,B02,SG TÂN HƯNG,Created,0.0056,2026-08-01,2026-08-01 09:43:52+07:00,2026-08-01 11:26:48+07:00,,
3821,530180720108,B02,SG TÂN HƯNG,Created,0.0062,2026-08-01,2026-08-01 15:03:36+07:00,,,
3822,530181520108,B02,SG TÂN HƯNG,Created,0.013,2026-08-01,2026-08-01 15:37:01+07:00,,,
3823,530191110108,B02,SG TÂN HƯNG,Transporting,0.01,2026-08-01,2026-08-01 13:08:19+07:00,2026-08-01 14:54:02+07:00,2026-08-01 15:44:47+07:00,
3824,530193280107,B02,SG TÂN HƯNG,Created,0.0127,2026-08-01,2026-08-01 14:51:05+07:00,,,
3825,530193680107,B02,SG TÂN HƯNG,Created,0.008,2026-08-01,2026-08-01 14:52:42+07:00,,,
3826,530196270107,B02,SG TÂN HƯNG,Created,0.0096,2026-08-01,2026-08-01 09:04:14+07:00,,,
3827,530198480107,B02,SG TÂN HƯNG,Transporting,0.01,2026-08-01,2026-08-01 13:08:19+07:00,2026-08-01 15:46:23+07:00,2026-08-01 15:46:31+07:00,
3828,530199570107,B02,SG TÂN HƯNG,Inbound,0.0065,2026-08-01,2026-08-01 14:45:12+07:00,,2026-07-30 22:10:39+07:00,2026-08-01 14:45:12+07:00
3829,530200380107,B02,SG TÂN HƯNG,Inbound,0.0053,2026-08-01,2026-08-01 15:50:23+07:00,,2026-07-30 21:33:51+07:00,2026-08-01 15:50:23+07:00
3830,530202290107,B02,SG TÂN HƯNG,Transporting,0.0075,2026-08-01,2026-08-01 15:02:24+07:00,2026-08-01 16:13:13+07:00,2026-08-01 16:46:03+07:00,
3831,530202330108,B02,SG TÂN HƯNG,Created,0.0051,2026-08-01,2026-08-01 16:02:19+07:00,,,
3832,530203530108,B02,SG TÂN HƯNG,Created,0.0052,2026-08-01,2026-08-01 16:16:40+07:00,2026-08-01 16:47:37+07:00,,
3833,530206480107,B02,SG TÂN HƯNG,Transporting,0.0094,2026-08-01,2026-08-01 10:26:15+07:00,2026-08-01 13:56:16+07:00,2026-08-01 15:29:29+07:00,
3834,530212090107,B02,SG TÂN HƯNG,Created,0.0064,2026-08-01,2026-08-01 15:57:59+07:00,,,
3835,530214490107,B02,SG TÂN HƯNG,Created,0.0051,2026-08-01,2026-08-01 16:18:43+07:00,,,
3836,530214880107,B02,SG TÂN HƯNG,Inbound,0.0051,2026-08-01,2026-08-01 09:44:46+07:00,2026-08-01 13:34:25+07:00,2026-08-01 13:34:33+07:00,2026-08-01 16:39:52+07:00
3837,530215920108,B02,SG TÂN HƯNG,Created,0.0094,2026-08-01,2026-08-01 14:26:35+07:00,,,
3838,530219310108,B02,SG TÂN HƯNG,Transporting,0.0101,2026-08-01,2026-08-01 08:02:41+07:00,2026-08-01 14:51:20+07:00,2026-08-01 14:51:35+07:00,
3839,530224080107,B02,SG TÂN HƯNG,Created,0.0093,2026-08-01,2026-08-01 10:28:42+07:00,2026-08-01 14:17:54+07:00,,
3840,530233080107,B02,SG TÂN HƯNG,Created,0.008,2026-08-01,2026-08-01 10:17:03+07:00,,,
3841,530233690107,B02,SG TÂN HƯNG,Created,0.0093,2026-08-01,2026-08-01 14:15:13+07:00,,,
3842,530235920108,B02,SG TÂN HƯNG,Created,0.0059,2026-08-01,2026-08-01 16:37:07+07:00,,,
3843,530237690107,B02,SG TÂN HƯNG,Created,0.0081,2026-08-01,2026-08-01 14:53:02+07:00,,,
3844,530239920108,B02,SG TÂN HƯNG,Created,0.0064,2026-08-01,2026-08-01 14:51:42+07:00,2026-08-01 15:35:22+07:00,,
3845,530240280107,B02,SG TÂN HƯNG,Created,0.01,2026-08-01,2026-08-01 08:29:39+07:00,2026-08-01 10:30:22+07:00,,
3846,530243310108,B02,SG TÂN HƯNG,Created,0.008,2026-08-01,2026-08-01 10:17:03+07:00,,,
3847,530247470107,B02,SG TÂN HƯNG,Transporting,0.01,2026-08-01,2026-08-01 09:01:31+07:00,2026-08-01 10:12:35+07:00,2026-08-01 15:48:08+07:00,
3848,530249280107,B02,SG TÂN HƯNG,Created,0.006,2026-08-01,2026-08-01 09:36:41+07:00,,,
3849,530252480107,B02,SG TÂN HƯNG,Created,0.02,2026-08-01,2026-08-01 13:14:32+07:00,,,
3850,530256080107,B02,SG TÂN HƯNG,Created,0.0058,2026-08-01,2026-08-01 13:09:02+07:00,,,
3851,530256120108,B02,SG TÂN HƯNG,Created,0.0081,2026-08-01,2026-08-01 13:37:48+07:00,,,
3852,530258640107,B02,SG TÂN HƯNG,Inbound,0.0053,2026-08-01,2026-08-01 15:30:26+07:00,,2026-07-30 21:55:53+07:00,2026-08-01 15:30:26+07:00
3853,530258710108,B02,SG TÂN HƯNG,Created,0.0082,2026-08-01,2026-08-01 09:43:04+07:00,,,
3854,530260380107,B02,SG TÂN HƯNG,Inbound,0.006,2026-08-01,2026-08-01 15:25:13+07:00,,2026-07-30 22:01:43+07:00,2026-08-01 15:25:13+07:00
3855,530260910108,B02,SG TÂN HƯNG,Transporting,0.0085,2026-08-01,2026-08-01 09:49:44+07:00,2026-08-01 14:54:20+07:00,2026-08-01 14:54:26+07:00,
3856,530269240107,B02,SG TÂN HƯNG,Inbound,0.0062,2026-08-01,2026-08-01 16:41:21+07:00,,2026-07-30 21:09:16+07:00,2026-08-01 16:41:21+07:00
3857,530272510108,B02,SG TÂN HƯNG,Transporting,0.01,2026-08-01,2026-08-01 08:31:58+07:00,2026-08-01 10:43:52+07:00,2026-08-01 16:23:18+07:00,
3858,530274310108,B02,SG TÂN HƯNG,Created,0.0111,2026-08-01,2026-08-01 10:38:54+07:00,,,
3859,530275520108,B02,SG TÂN HƯNG,Created,0.0094,2026-08-01,2026-08-01 14:51:42+07:00,2026-08-01 16:42:11+07:00,,
3860,530278240107,B02,SG TÂN HƯNG,Inbound,0.008,2026-08-01,2026-08-01 16:21:15+07:00,,2026-07-30 21:11:10+07:00,2026-08-01 16:21:15+07:00
3861,530279710108,B02,SG TÂN HƯNG,Created,0.0075,2026-08-01,2026-08-01 13:25:42+07:00,2026-08-01 16:19:47+07:00,,
3862,530280510108,B02,SG TÂN HƯNG,Created,0.0094,2026-08-01,2026-08-01 11:54:06+07:00,,,
3863,530285680107,B02,SG TÂN HƯNG,Created,0.0087,2026-08-01,2026-08-01 15:53:01+07:00,,,
3864,530290310108,B02,SG TÂN HƯNG,Created,0.009,2026-08-01,2026-08-01 12:06:15+07:00,,,
3865,530292870107,B02,SG TÂN HƯNG,Created,0.014,2026-08-01,2026-08-01 09:22:28+07:00,,,
3866,530293880107,B02,SG TÂN HƯNG,Created,0.0125,2026-08-01,2026-08-01 15:03:14+07:00,,,
3867,530297840107,B02,SG TÂN HƯNG,Inbound,0.0062,2026-08-01,2026-08-01 14:48:24+07:00,,2026-07-31 00:11:21+07:00,2026-08-01 14:48:24+07:00
3868,530302120108,B02,SG TÂN HƯNG,Transporting,0.01,2026-08-01,2026-08-01 13:08:19+07:00,2026-08-01 14:52:30+07:00,2026-08-01 15:46:39+07:00,
3869,530304880107,B02,SG TÂN HƯNG,Created,0.006,2026-08-01,2026-08-01 10:11:07+07:00,,,
3870,530305680107,B02,SG TÂN HƯNG,Created,0.0184,2026-08-01,2026-08-01 11:22:37+07:00,,,
3871,530308310108,B02,SG TÂN HƯNG,Created,0.0062,2026-08-01,2026-07-31 23:44:29+07:00,2026-08-01 10:59:47+07:00,,
3872,530313520108,B02,SG TÂN HƯNG,Created,0.0101,2026-08-01,2026-08-01 13:42:46+07:00,,,
3873,530314680107,B02,SG TÂN HƯNG,Created,0.0061,2026-08-01,2026-08-01 09:47:38+07:00,,,
3874,530315520108,B02,SG TÂN HƯNG,Transporting,0.008,2026-08-01,2026-08-01 14:28:36+07:00,2026-08-01 16:10:19+07:00,2026-08-01 16:10:19+07:00,
3875,530316690107,B02,SG TÂN HƯNG,Transporting,0.0085,2026-08-01,2026-08-01 14:01:14+07:00,2026-08-01 16:46:24+07:00,2026-08-01 16:46:32+07:00,
3876,530318710108,B02,SG TÂN HƯNG,Transporting,0.0067,2026-08-01,2026-08-01 00:32:53+07:00,2026-08-01 15:41:09+07:00,2026-08-01 15:41:09+07:00,
3877,530321680107,B02,SG TÂN HƯNG,Transporting,0.0051,2026-08-01,2026-08-01 12:02:17+07:00,2026-08-01 14:35:37+07:00,2026-08-01 14:35:54+07:00,
3878,530324090107,B02,SG TÂN HƯNG,Created,0.0125,2026-08-01,2026-08-01 16:37:35+07:00,,,
3879,530325520108,B02,SG TÂN HƯNG,Created,0.0056,2026-08-01,2026-08-01 12:02:05+07:00,2026-08-01 14:14:39+07:00,,
3880,530328250107,B02,SG TÂN HƯNG,Inbound,0.0053,2026-08-01,2026-08-01 15:36:48+07:00,,2026-07-30 21:35:44+07:00,2026-08-01 15:36:48+07:00
3881,530329480107,B02,SG TÂN HƯNG,Created,0.012,2026-08-01,2026-08-01 08:30:12+07:00,,,
3882,530331320108,B02,SG TÂN HƯNG,Created,0.0051,2026-08-01,2026-08-01 13:03:08+07:00,2026-08-01 15:40:01+07:00,,
3883,530333970107,B02,SG TÂN HƯNG,Inbound,0.0066,2026-08-01,2026-08-01 14:58:37+07:00,,2026-07-30 23:53:41+07:00,2026-08-01 14:58:37+07:00
3884,530341270107,B02,SG TÂN HƯNG,Created,0.01,2026-08-01,2026-08-01 08:33:30+07:00,2026-08-01 11:01:06+07:00,,
3885,530346480107,B02,SG TÂN HƯNG,Transporting,0.01,2026-08-01,2026-08-01 13:08:18+07:00,2026-08-01 14:54:07+07:00,2026-08-01 15:44:41+07:00,
3886,530348790107,B02,SG TÂN HƯNG,Inbound,0.0055,2026-08-01,2026-08-01 16:21:10+07:00,,2026-07-30 21:28:54+07:00,2026-08-01 16:21:10+07:00
3887,530351910108,B02,SG TÂN HƯNG,Transporting,0.0098,2026-08-01,2026-08-01 09:54:41+07:00,2026-08-01 14:21:39+07:00,2026-08-01 15:34:45+07:00,
3888,530352120108,B02,SG TÂN HƯNG,Created,0.01,2026-08-01,2026-08-01 13:35:57+07:00,,,
3889,530354480107,B02,SG TÂN HƯNG,Transporting,0.005,2026-08-01,2026-08-01 09:50:39+07:00,2026-08-01 11:03:05+07:00,2026-08-01 15:25:34+07:00,
3890,530364170107,B02,SG TÂN HƯNG,Inbound,0.01,2026-08-01,2026-08-01 14:53:33+07:00,,2026-07-30 23:57:13+07:00,2026-08-01 14:53:33+07:00
3891,530366050107,B02,SG TÂN HƯNG,Inbound,0.0053,2026-08-01,2026-08-01 16:23:28+07:00,,2026-07-30 21:25:25+07:00,2026-08-01 16:23:28+07:00
3892,530367270107,B02,SG TÂN HƯNG,Created,0.0053,2026-08-01,2026-08-01 08:34:34+07:00,2026-08-01 11:20:52+07:00,,
3893,530369310108,B02,SG TÂN HƯNG,Created,0.0064,2026-08-01,2026-08-01 09:42:22+07:00,,,
3894,530372510108,B02,SG TÂN HƯNG,Transporting,0.01,2026-08-01,2026-08-01 08:37:39+07:00,2026-08-01 10:20:36+07:00,2026-08-01 16:24:29+07:00,
3895,530379310108,B02,SG TÂN HƯNG,Transporting,0.01,2026-08-01,2026-08-01 13:28:00+07:00,2026-08-01 15:27:38+07:00,2026-08-01 16:38:27+07:00,
3896,530379910108,B02,SG TÂN HƯNG,Created,0.0053,2026-08-01,2026-08-01 13:32:54+07:00,2026-08-01 15:47:10+07:00,,
3897,530383510108,B02,SG TÂN HƯNG,Transporting,0.0051,2026-08-01,2026-08-01 09:29:08+07:00,2026-08-01 09:47:10+07:00,2026-08-01 15:25:19+07:00,
3898,530385110108,B02,SG TÂN HƯNG,Transporting,0.02,2026-08-01,2026-08-01 13:38:07+07:00,2026-08-01 15:04:24+07:00,2026-08-01 16:26:26+07:00,
3899,530385510108,B02,SG TÂN HƯNG,Created,0.0067,2026-08-01,2026-08-01 13:39:13+07:00,,,
3900,530386870107,B02,SG TÂN HƯNG,Inbound,0.0051,2026-08-01,2026-08-01 09:48:38+07:00,2026-08-01 13:34:58+07:00,2026-08-01 13:35:14+07:00,2026-08-01 16:36:35+07:00
3901,530390910108,B02,SG TÂN HƯNG,Created,0.0126,2026-08-01,2026-08-01 12:17:04+07:00,,,
3902,530391880107,B02,SG TÂN HƯNG,Created,0.008,2026-08-01,2026-08-01 15:54:29+07:00,,,
3903,530394880107,B02,SG TÂN HƯNG,Transporting,0.0051,2026-08-01,2026-08-01 15:09:12+07:00,2026-08-01 16:44:42+07:00,2026-08-01 16:44:47+07:00,
3904,530401840107,B02,SG TÂN HƯNG,Inbound,0.0082,2026-08-01,2026-08-01 16:27:47+07:00,,2026-07-30 21:09:55+07:00,2026-08-01 16:27:47+07:00
3905,530406490107,B02,SG TÂN HƯNG,Created,0.0102,2026-08-01,2026-08-01 15:33:48+07:00,,,
3906,530407120108,B02,SG TÂN HƯNG,Created,0.01,2026-08-01,2026-08-01 10:11:29+07:00,2026-08-01 15:21:09+07:00,,
3907,530412330108,B02,SG TÂN HƯNG,Created,0.008,2026-08-01,2026-08-01 16:41:42+07:00,,,
3908,530413980107,B02,SG TÂN HƯNG,Inbound,0.0052,2026-08-01,2026-08-01 14:49:25+07:00,,2026-07-31 00:08:46+07:00,2026-08-01 14:49:25+07:00
3909,530419790107,B02,SG TÂN HƯNG,Inbound,0.0055,2026-08-01,2026-08-01 15:52:43+07:00,,2026-07-30 21:28:00+07:00,2026-08-01 15:52:43+07:00
3910,530420780107,B02,SG TÂN HƯNG,Inbound,0.0175,2026-08-01,2026-08-01 16:48:10+07:00,,2026-07-30 20:58:02+07:00,2026-08-01 16:48:10+07:00
3911,530425280107,B02,SG TÂN HƯNG,Created,0.0165,2026-08-01,2026-08-01 12:07:59+07:00,,,
3912,530428920108,B02,SG TÂN HƯNG,Created,0.0176,2026-08-01,2026-08-01 14:33:25+07:00,,,
3913,530430910108,B02,SG TÂN HƯNG,Created,0.0168,2026-08-01,2026-08-01 08:09:55+07:00,2026-08-01 10:51:47+07:00,,
3914,530432250107,B02,SG TÂN HƯNG,Inbound,0.0085,2026-08-01,2026-08-01 15:55:15+07:00,,2026-07-30 21:30:48+07:00,2026-08-01 15:55:15+07:00
3915,530432520108,B02,SG TÂN HƯNG,Created,0.02,2026-08-01,2026-08-01 14:36:26+07:00,2026-08-01 15:05:24+07:00,,
3916,530432880107,B02,SG TÂN HƯNG,Created,0.0058,2026-08-01,2026-08-01 09:35:17+07:00,2026-08-01 11:20:17+07:00,,
3917,530433280107,B02,SG TÂN HƯNG,Created,0.0084,2026-08-01,2026-08-01 10:27:14+07:00,,,
3918,530434120108,B02,SG TÂN HƯNG,Created,0.0054,2026-08-01,2026-08-01 15:36:46+07:00,,,
3919,530437720108,B02,SG TÂN HƯNG,Transporting,0.01,2026-08-01,2026-08-01 13:08:18+07:00,2026-08-01 14:53:29+07:00,2026-08-01 15:45:19+07:00,
3920,530437920108,B02,SG TÂN HƯNG,Transporting,0.01,2026-08-01,2026-08-01 13:08:18+07:00,2026-08-01 14:52:43+07:00,2026-08-01 15:46:00+07:00,
3921,530441310108,B02,SG TÂN HƯNG,Inbound,0.0085,2026-08-01,2026-08-01 09:44:22+07:00,2026-08-01 13:38:59+07:00,2026-08-01 13:39:38+07:00,2026-08-01 16:43:27+07:00
3922,530444080107,B02,SG TÂN HƯNG,Created,0.01,2026-08-01,2026-08-01 13:32:16+07:00,2026-08-01 15:28:31+07:00,,
3923,530444680107,B02,SG TÂN HƯNG,Created,0.01,2026-08-01,2026-08-01 13:32:16+07:00,2026-08-01 15:28:36+07:00,,
3924,530445310108,B02,SG TÂN HƯNG,Created,0.0101,2026-08-01,2026-08-01 12:33:40+07:00,,,
3925,530446670107,B02,SG TÂN HƯNG,Created,0.01,2026-08-01,2026-08-01 08:21:00+07:00,2026-08-01 16:37:41+07:00,,
3926,530448110108,B02,SG TÂN HƯNG,Created,0.0075,2026-08-01,2026-08-01 08:00:34+07:00,2026-08-01 08:21:41+07:00,,
3927,530449910108,B02,SG TÂN HƯNG,Created,0.0088,2026-08-01,2026-08-01 08:36:32+07:00,2026-08-01 11:40:14+07:00,,
3928,530450320108,B02,SG TÂN HƯNG,Created,0.0062,2026-08-01,2026-08-01 13:40:03+07:00,,,
3929,530454110108,B02,SG TÂN HƯNG,Created,0.0103,2026-08-01,2026-08-01 06:38:46+07:00,2026-08-01 10:54:52+07:00,,
3930,530454910108,B02,SG TÂN HƯNG,Transporting,0.0055,2026-08-01,2026-08-01 06:45:41+07:00,2026-08-01 16:14:46+07:00,2026-08-01 16:14:49+07:00,
3931,530459080107,B02,SG TÂN HƯNG,Transporting,0.01,2026-08-01,2026-08-01 13:40:20+07:00,2026-08-01 15:21:39+07:00,2026-08-01 16:18:28+07:00,
3932,530460080107,B02,SG TÂN HƯNG,Created,0.01,2026-08-01,2026-08-01 09:57:44+07:00,,,
3933,530469110108,B02,SG TÂN HƯNG,Created,0.0056,2026-08-01,2026-08-01 09:43:52+07:00,2026-08-01 11:26:54+07:00,,
3934,530477770107,B02,SG TÂN HƯNG,Inbound,0.007,2026-08-01,2026-08-01 15:30:18+07:00,,2026-07-30 21:37:56+07:00,2026-08-01 15:30:18+07:00
3935,530481920108,B02,SG TÂN HƯNG,Created,0.0081,2026-08-01,2026-08-01 15:42:43+07:00,,,
3936,530482880107,B02,SG TÂN HƯNG,Created,0.0102,2026-08-01,2026-08-01 15:07:19+07:00,,,
3937,530484280107,B02,SG TÂN HƯNG,Created,0.0116,2026-08-01,2026-08-01 15:01:33+07:00,2026-08-01 16:45:37+07:00,,
3938,530484320108,B02,SG TÂN HƯNG,Created,0.0098,2026-08-01,2026-08-01 15:32:25+07:00,,,
3939,530485920108,B02,SG TÂN HƯNG,Created,0.008,2026-08-01,2026-08-01 15:54:29+07:00,,,
3940,530492310108,B02,SG TÂN HƯNG,Created,0.0094,2026-08-01,2026-08-01 13:04:58+07:00,,,
3941,530495280107,B02,SG TÂN HƯNG,Created,0.0085,2026-08-01,2026-08-01 16:01:39+07:00,,,
3942,530495870107,B02,SG TÂN HƯNG,Created,0.0064,2026-08-01,2026-07-31 22:01:03+07:00,2026-08-01 10:38:55+07:00,,
3943,530497070107,B02,SG TÂN HƯNG,Created,0.007,2026-08-01,2026-08-01 10:08:22+07:00,2026-08-01 11:40:12+07:00,,
3944,530497110108,B02,SG TÂN HƯNG,Transporting,0.01,2026-08-01,2026-08-01 13:08:19+07:00,2026-08-01 14:54:27+07:00,2026-08-01 15:44:22+07:00,
3945,530498480107,B02,SG TÂN HƯNG,Transporting,0.0113,2026-08-01,2026-08-01 13:08:49+07:00,2026-08-01 14:16:20+07:00,2026-08-01 15:34:38+07:00,
3946,530498670107,B02,SG TÂN HƯNG,Inbound,0.0051,2026-08-01,2026-08-01 09:42:22+07:00,2026-08-01 13:33:55+07:00,2026-08-01 13:34:18+07:00,2026-08-01 16:36:02+07:00
3947,530499310108,B02,SG TÂN HƯNG,Created,0.0075,2026-08-01,2026-08-01 13:19:00+07:00,,,
3948,530499670107,B02,SG TÂN HƯNG,Created,0.012,2026-08-01,2026-08-01 10:46:20+07:00,,,
3949,530500890107,B02,SG TÂN HƯNG,Transporting,0.02,2026-08-01,2026-08-01 13:14:26+07:00,2026-08-01 15:38:47+07:00,2026-08-01 15:52:29+07:00,
3950,530501890107,B02,SG TÂN HƯNG,Created,0.01,2026-08-01,2026-08-01 13:32:16+07:00,2026-08-01 15:28:37+07:00,,
3951,530502920108,B02,SG TÂN HƯNG,Created,0.006,2026-08-01,2026-08-01 13:18:11+07:00,,,
3952,530512080107,B02,SG TÂN HƯNG,Transporting,0.0052,2026-08-01,2026-08-01 11:26:35+07:00,2026-08-01 14:17:29+07:00,2026-08-01 14:18:42+07:00,
3953,530513720108,B02,SG TÂN HƯNG,Created,0.0055,2026-08-01,2026-08-01 13:48:30+07:00,2026-08-01 16:19:56+07:00,,
3954,530515120108,B02,SG TÂN HƯNG,Created,0.01,2026-08-01,2026-08-01 14:50:58+07:00,,,
3955,530518310108,B02,SG TÂN HƯNG,Inbound,0.025,2026-08-01,2026-08-01 06:48:20+07:00,2026-08-01 13:58:42+07:00,,2026-08-01 15:10:20+07:00
3956,530519040107,B02,SG TÂN HƯNG,Inbound,0.009,2026-08-01,2026-08-01 14:53:25+07:00,,2026-07-30 23:57:10+07:00,2026-08-01 14:53:25+07:00
3957,530519720108,B02,SG TÂN HƯNG,Created,0.008,2026-08-01,2026-08-01 14:08:27+07:00,,,
3958,530521120108,B02,SG TÂN HƯNG,Created,0.0136,2026-08-01,2026-08-01 14:39:13+07:00,,,
3959,530522120108,B02,SG TÂN HƯNG,Created,0.0084,2026-08-01,2026-08-01 10:38:54+07:00,,,
3960,530522480107,B02,SG TÂN HƯNG,Created,0.006,2026-08-01,2026-08-01 11:24:25+07:00,2026-08-01 16:19:41+07:00,,
3961,530523120108,B02,SG TÂN HƯNG,Created,0.0098,2026-08-01,2026-08-01 11:01:13+07:00,2026-08-01 15:11:15+07:00,,
3962,530532320108,B02,SG TÂN HƯNG,Created,0.0106,2026-08-01,2026-08-01 14:36:57+07:00,2026-08-01 16:47:47+07:00,,
3963,530532920108,B02,SG TÂN HƯNG,Created,0.0052,2026-08-01,2026-08-01 14:41:18+07:00,2026-08-01 16:50:41+07:00,,
3964,530534520108,B02,SG TÂN HƯNG,Created,0.0081,2026-08-01,2026-08-01 15:42:42+07:00,,,
3965,530536520108,B02,SG TÂN HƯNG,Created,0.01,2026-08-01,2026-08-01 13:00:08+07:00,2026-08-01 16:19:24+07:00,,
3966,530538690107,B02,SG TÂN HƯNG,Created,0.0094,2026-08-01,2026-08-01 14:20:05+07:00,2026-08-01 16:48:49+07:00,,
3967,530545680107,B02,SG TÂN HƯNG,Created,0.01,2026-08-01,2026-08-01 14:05:20+07:00,2026-08-01 16:28:45+07:00,,
3968,530547710108,B02,SG TÂN HƯNG,Created,0.0064,2026-08-01,2026-08-01 01:31:59+07:00,2026-08-01 16:49:06+07:00,,
3969,530549720108,B02,SG TÂN HƯNG,Created,0.0174,2026-08-01,2026-08-01 16:17:58+07:00,,,
3970,530550490107,B02,SG TÂN HƯNG,Created,0.006,2026-08-01,2026-08-01 15:59:13+07:00,,,
3971,530552720108,B02,SG TÂN HƯNG,Created,0.0081,2026-08-01,2026-08-01 13:39:07+07:00,,,
3972,530553310108,B02,SG TÂN HƯNG,Created,0.013,2026-08-01,2026-08-01 10:54:58+07:00,2026-08-01 14:38:31+07:00,,
3973,530560510108,B02,SG TÂN HƯNG,Created,0.0192,2026-08-01,2026-08-01 10:00:38+07:00,2026-08-01 16:38:37+07:00,,
3974,530560670107,B02,SG TÂN HƯNG,Transporting,0.0064,2026-08-01,2026-08-01 08:18:02+07:00,2026-08-01 09:00:50+07:00,2026-08-01 12:29:59+07:00,
3975,530574080107,B02,SG TÂN HƯNG,Transporting,0.01,2026-08-01,2026-08-01 13:40:20+07:00,2026-08-01 15:22:23+07:00,2026-08-01 16:17:14+07:00,
3976,530578880107,B02,SG TÂN HƯNG,Transporting,0.0051,2026-08-01,2026-08-01 15:08:32+07:00,2026-08-01 16:44:14+07:00,2026-08-01 16:44:27+07:00,
3977,530583670107,B02,SG TÂN HƯNG,Created,0.007,2026-08-01,2026-08-01 09:07:19+07:00,2026-08-01 09:26:56+07:00,,
3978,530584470107,B02,SG TÂN HƯNG,Created,0.006,2026-08-01,2026-08-01 09:05:20+07:00,2026-08-01 15:38:52+07:00,,
3979,530585920108,B02,SG TÂN HƯNG,Created,0.006,2026-08-01,2026-08-01 15:56:30+07:00,,,
3980,530586710108,B02,SG TÂN HƯNG,Created,0.0625,2026-08-01,2026-08-01 11:52:20+07:00,,,
3981,530587710108,B02,SG TÂN HƯNG,Created,0.0058,2026-08-01,2026-08-01 13:09:20+07:00,,,
3982,530589070107,B02,SG TÂN HƯNG,Transporting,0.0121,2026-08-01,2026-07-31 21:47:28+07:00,2026-08-01 16:48:40+07:00,2026-08-01 16:48:41+07:00,
3983,530592470107,B02,SG TÂN HƯNG,Created,0.0066,2026-08-01,2026-08-01 09:43:12+07:00,2026-08-01 11:27:14+07:00,,
3984,530593710108,B02,SG TÂN HƯNG,Created,0.006,2026-08-01,2026-08-01 13:48:04+07:00,2026-08-01 15:32:22+07:00,,
3985,530594280107,B02,SG TÂN HƯNG,Created,0.0094,2026-08-01,2026-08-01 15:19:50+07:00,,,
3986,530595100108,B02,SG TÂN HƯNG,Created,0.0089,2026-08-01,2026-07-31 13:55:57+07:00,2026-08-01 11:33:46+07:00,,
3987,530595910108,B02,SG TÂN HƯNG,Created,0.008,2026-08-01,2026-08-01 14:08:27+07:00,,,
3988,530599480107,B02,SG TÂN HƯNG,Transporting,0.01,2026-08-01,2026-08-01 13:28:00+07:00,2026-08-01 15:27:16+07:00,2026-08-01 16:37:27+07:00,
3989,530603680107,B02,SG TÂN HƯNG,Transporting,0.02,2026-08-01,2026-08-01 08:09:15+07:00,2026-08-01 12:00:01+07:00,2026-08-01 15:04:16+07:00,
3990,530603710108,B02,SG TÂN HƯNG,Transporting,0.01,2026-08-01,2026-08-01 07:29:37+07:00,2026-08-01 10:11:01+07:00,2026-08-01 15:49:51+07:00,
3991,530604720108,B02,SG TÂN HƯNG,Created,0.0072,2026-08-01,2026-08-01 13:44:09+07:00,,,
3992,530607280107,B02,SG TÂN HƯNG,Created,0.01,2026-08-01,2026-08-01 12:59:16+07:00,2026-08-01 16:19:19+07:00,,
3993,530614080107,B02,SG TÂN HƯNG,Transporting,0.0098,2026-08-01,2026-08-01 09:52:40+07:00,2026-08-01 14:21:43+07:00,2026-08-01 15:34:46+07:00,
3994,530621290107,B02,SG TÂN HƯNG,Transporting,0.01,2026-08-01,2026-08-01 14:07:50+07:00,2026-08-01 15:11:59+07:00,2026-08-01 16:00:30+07:00,
3995,530622080107,B02,SG TÂN HƯNG,Created,0.0174,2026-08-01,2026-08-01 11:29:33+07:00,,,
3996,530624280107,B02,SG TÂN HƯNG,Transporting,0.009,2026-08-01,2026-08-01 10:57:57+07:00,2026-08-01 13:58:19+07:00,2026-08-01 15:29:36+07:00,
3997,530627880107,B02,SG TÂN HƯNG,Created,0.006,2026-08-01,2026-08-01 08:11:09+07:00,2026-08-01 08:21:01+07:00,,
3998,530629520108,B02,SG TÂN HƯNG,Created,0.008,2026-08-01,2026-08-01 15:54:29+07:00,,,
3999,530629910108,B02,SG TÂN HƯNG,Transporting,0.0186,2026-08-01,2026-08-01 08:51:56+07:00,2026-08-01 13:15:39+07:00,2026-08-01 15:28:26+07:00,
4000,530629920108,B02,SG TÂN HƯNG,Created,0.0233,2026-08-01,2026-08-01 15:54:57+07:00,,,
4001,530632880107,B02,SG TÂN HƯNG,Created,0.0066,2026-08-01,2026-08-01 09:44:30+07:00,2026-08-01 11:26:13+07:00,,
4002,530633720108,B02,SG TÂN HƯNG,Created,0.0092,2026-08-01,2026-08-01 15:53:44+07:00,,,
4003,530633870107,B02,SG TÂN HƯNG,Transporting,0.008,2026-08-01,2026-07-31 21:13:32+07:00,2026-08-01 11:36:12+07:00,2026-08-01 15:27:49+07:00,
4004,530636080107,B02,SG TÂN HƯNG,Transporting,0.0052,2026-08-01,2026-08-01 11:31:28+07:00,2026-08-01 14:00:50+07:00,2026-08-01 14:01:00+07:00,
4005,530637320108,B02,SG TÂN HƯNG,Transporting,0.01,2026-08-01,2026-08-01 13:08:19+07:00,2026-08-01 14:52:35+07:00,2026-08-01 15:46:32+07:00,
4006,530637920108,B02,SG TÂN HƯNG,Transporting,0.01,2026-08-01,2026-08-01 13:08:19+07:00,2026-08-01 14:53:01+07:00,2026-08-01 15:45:44+07:00,
4007,530639470107,B02,SG TÂN HƯNG,Created,0.0125,2026-08-01,2026-08-01 07:19:23+07:00,,,
4008,530642080107,B02,SG TÂN HƯNG,Created,0.0066,2026-08-01,2026-08-01 08:45:41+07:00,2026-08-01 16:42:38+07:00,,
4009,530642180107,B02,SG TÂN HƯNG,Inbound,0.006,2026-08-01,2026-08-01 14:49:02+07:00,,2026-07-31 00:08:59+07:00,2026-08-01 14:49:02+07:00
4010,530643280107,B02,SG TÂN HƯNG,Created,0.007,2026-08-01,2026-08-01 09:07:19+07:00,2026-08-01 09:26:57+07:00,,
4011,530644510108,B02,SG TÂN HƯNG,Created,0.004,2026-08-01,2026-08-01 10:48:34+07:00,,,
4012,530645870107,B02,SG TÂN HƯNG,Created,0.0215,2026-08-01,2026-08-01 07:59:47+07:00,,,
4013,530645910108,B02,SG TÂN HƯNG,Transporting,0.0051,2026-08-01,2026-08-01 13:02:01+07:00,2026-08-01 14:38:31+07:00,2026-08-01 14:38:44+07:00,
4014,530647310108,B02,SG TÂN HƯNG,Transporting,0.0072,2026-08-01,2026-08-01 04:00:43+07:00,2026-08-01 15:43:35+07:00,2026-08-01 15:43:40+07:00,
4015,530649470107,B02,SG TÂN HƯNG,Transporting,0.01,2026-08-01,2026-08-01 08:44:29+07:00,2026-08-01 10:58:12+07:00,2026-08-01 16:04:35+07:00,
4016,530651470107,B02,SG TÂN HƯNG,Created,0.0334,2026-08-01,2026-08-01 08:06:22+07:00,,,
4017,530651490107,B02,SG TÂN HƯNG,Created,0.006,2026-08-01,2026-08-01 16:12:05+07:00,,,
4018,530653240107,B02,SG TÂN HƯNG,Inbound,0.0062,2026-08-01,2026-08-01 16:46:43+07:00,,2026-07-30 21:07:48+07:00,2026-08-01 16:46:43+07:00
4019,530653320108,B02,SG TÂN HƯNG,Created,0.0094,2026-08-01,2026-08-01 13:44:16+07:00,,,
4020,530655070107,B02,SG TÂN HƯNG,Created,0.0082,2026-08-01,2026-08-01 09:57:58+07:00,,,
4021,530655880107,B02,SG TÂN HƯNG,Created,0.007,2026-08-01,2026-08-01 10:34:23+07:00,,,
4022,530657280107,B02,SG TÂN HƯNG,Created,0.0055,2026-08-01,2026-08-01 13:59:42+07:00,,,
4023,530663680107,B02,SG TÂN HƯNG,Created,0.0052,2026-08-01,2026-08-01 14:01:52+07:00,,,
4024,530665070107,B02,SG TÂN HƯNG,Transporting,0.0058,2026-08-01,2026-08-01 09:47:04+07:00,2026-08-01 15:59:40+07:00,2026-08-01 16:15:49+07:00,
4025,530667280107,B02,SG TÂN HƯNG,Created,0.0111,2026-08-01,2026-08-01 11:23:47+07:00,,,
4026,530671510108,B02,SG TÂN HƯNG,Created,0.0102,2026-08-01,2026-08-01 12:40:18+07:00,,,
4027,530672310108,B02,SG TÂN HƯNG,Transporting,0.01,2026-08-01,2026-08-01 08:48:37+07:00,2026-08-01 10:39:01+07:00,2026-08-01 16:25:11+07:00,
4028,530672980107,B02,SG TÂN HƯNG,Inbound,0.006,2026-08-01,2026-08-01 14:51:18+07:00,,2026-07-31 00:08:26+07:00,2026-08-01 14:51:18+07:00
4029,530673080107,B02,SG TÂN HƯNG,Created,0.007,2026-08-01,2026-08-01 14:25:39+07:00,,,
4030,530674480107,B02,SG TÂN HƯNG,Transporting,0.01,2026-08-01,2026-08-01 13:40:20+07:00,2026-08-01 15:21:13+07:00,2026-08-01 16:19:10+07:00,
4031,530676510108,B02,SG TÂN HƯNG,Created,0.006,2026-08-01,2026-08-01 08:11:09+07:00,2026-08-01 08:20:28+07:00,,
4032,530678280107,B02,SG TÂN HƯNG,Transporting,0.0051,2026-08-01,2026-08-01 15:09:20+07:00,2026-08-01 16:44:15+07:00,2026-08-01 16:44:28+07:00,
4033,530682780107,B02,SG TÂN HƯNG,Inbound,0.01,2026-08-01,2026-08-01 14:50:14+07:00,,2026-07-31 00:16:28+07:00,2026-08-01 14:50:14+07:00
4034,530691480107,B02,SG TÂN HƯNG,Created,0.005,2026-08-01,2026-08-01 16:04:38+07:00,2026-08-01 16:43:11+07:00,,
4035,530691710108,B02,SG TÂN HƯNG,Created,0.006,2026-08-01,2026-08-01 13:28:43+07:00,,,
4036,530692510108,B02,SG TÂN HƯNG,Transporting,0.01,2026-08-01,2026-08-01 13:08:19+07:00,2026-08-01 14:52:01+07:00,2026-08-01 15:47:08+07:00,
4037,530692880107,B02,SG TÂN HƯNG,Created,0.007,2026-08-01,2026-08-01 14:25:39+07:00,,,
4038,530693500108,B02,SG TÂN HƯNG,Transporting,0.0075,2026-08-01,2026-08-01 07:55:35+07:00,2026-08-01 10:17:57+07:00,2026-08-01 16:42:13+07:00,
4039,530696380107,B02,SG TÂN HƯNG,Inbound,0.0055,2026-08-01,2026-08-01 16:25:07+07:00,,2026-07-30 21:25:14+07:00,2026-08-01 16:25:07+07:00
4040,530699670107,B02,SG TÂN HƯNG,Transporting,0.0085,2026-08-01,2026-08-01 10:54:15+07:00,2026-08-01 14:19:37+07:00,2026-08-01 14:19:53+07:00,
4041,530702120108,B02,SG TÂN HƯNG,Created,0.0085,2026-08-01,2026-08-01 13:31:06+07:00,,,
4042,530704280107,B02,SG TÂN HƯNG,Created,0.0101,2026-08-01,2026-08-01 10:32:26+07:00,,,
4043,530711120108,B02,SG TÂN HƯNG,Transporting,0.0091,2026-08-01,2026-08-01 12:01:15+07:00,2026-08-01 15:42:57+07:00,2026-08-01 15:43:00+07:00,
4044,530714520108,B02,SG TÂN HƯNG,Created,0.02,2026-08-01,2026-08-01 14:06:09+07:00,2026-08-01 15:12:47+07:00,,
4045,530728920108,B02,SG TÂN HƯNG,Created,0.0098,2026-08-01,2026-08-01 14:51:57+07:00,2026-08-01 15:11:12+07:00,,
4046,530733320108,B02,SG TÂN HƯNG,Created,0.008,2026-08-01,2026-08-01 15:54:29+07:00,,,
4047,530736240107,B02,SG TÂN HƯNG,Inbound,0.006,2026-08-01,2026-08-01 14:53:08+07:00,,2026-07-30 23:59:18+07:00,2026-08-01 14:53:08+07:00
4048,530737920108,B02,SG TÂN HƯNG,Transporting,0.01,2026-08-01,2026-08-01 13:08:19+07:00,2026-08-01 14:53:04+07:00,2026-08-01 15:45:41+07:00,
4049,530739520108,B02,SG TÂN HƯNG,Created,0.012,2026-08-01,2026-08-01 15:22:22+07:00,,,
4050,530739870107,B02,SG TÂN HƯNG,Transporting,0.01,2026-08-01,2026-08-01 07:29:37+07:00,2026-08-01 10:11:05+07:00,2026-08-01 15:49:49+07:00,
4051,530740670107,B02,SG TÂN HƯNG,Created,0.0102,2026-08-01,2026-08-01 08:07:15+07:00,,,
4052,530741120108,B02,SG TÂN HƯNG,Created,0.0053,2026-08-01,2026-08-01 13:32:54+07:00,2026-08-01 15:47:05+07:00,,
4053,530743720108,B02,SG TÂN HƯNG,Created,0.005,2026-08-01,2026-08-01 16:04:32+07:00,2026-08-01 16:39:57+07:00,,
4054,530744680107,B02,SG TÂN HƯNG,Transporting,0.01,2026-08-01,2026-08-01 13:40:20+07:00,2026-08-01 15:23:10+07:00,2026-08-01 16:18:44+07:00,
4055,530745170107,B02,SG TÂN HƯNG,Inbound,0.0188,2026-08-01,2026-08-01 15:06:20+07:00,,2026-07-30 23:39:56+07:00,2026-08-01 15:06:20+07:00
4056,530746720108,B02,SG TÂN HƯNG,Created,0.005,2026-08-01,2026-08-01 16:04:32+07:00,2026-08-01 16:40:08+07:00,,
4057,530749280107,B02,SG TÂN HƯNG,Inbound,0.0085,2026-08-01,2026-08-01 09:44:22+07:00,2026-08-01 13:39:00+07:00,2026-08-01 13:39:31+07:00,2026-08-01 16:46:03+07:00
4058,530749480107,B02,SG TÂN HƯNG,Created,0.0066,2026-08-01,2026-08-01 09:44:30+07:00,2026-08-01 11:26:18+07:00,,
4059,530751470107,B02,SG TÂN HƯNG,Created,0.0062,2026-08-01,2026-08-01 08:09:35+07:00,,,
4060,530751890107,B02,SG TÂN HƯNG,Created,0.012,2026-08-01,2026-08-01 16:16:50+07:00,,,
4061,530759680107,B02,SG TÂN HƯNG,Created,0.008,2026-08-01,2026-08-01 13:51:13+07:00,,,
4062,530771710108,B02,SG TÂN HƯNG,Created,0.007,2026-08-01,2026-08-01 12:49:14+07:00,2026-08-01 15:35:31+07:00,,
4063,530776630107,B02,SG TÂN HƯNG,Inbound,0.0073,2026-08-01,2026-08-01 15:23:04+07:00,,2026-07-30 22:14:19+07:00,2026-08-01 15:23:04+07:00
4064,530777270107,B02,SG TÂN HƯNG,Created,0.0125,2026-08-01,2026-08-01 10:19:37+07:00,,,
4065,530778880107,B02,SG TÂN HƯNG,Created,0.0058,2026-08-01,2026-08-01 15:25:42+07:00,,,
4066,530782070107,B02,SG TÂN HƯNG,Transporting,0.01,2026-08-01,2026-08-01 08:31:58+07:00,2026-08-01 10:43:48+07:00,2026-08-01 16:23:22+07:00,
4067,530783910108,B02,SG TÂN HƯNG,Transporting,0.0165,2026-08-01,2026-08-01 09:35:40+07:00,2026-08-01 12:00:48+07:00,2026-08-01 15:02:05+07:00,
4068,530784720108,B02,SG TÂN HƯNG,Created,0.0146,2026-08-01,2026-08-01 15:42:43+07:00,,,
4069,530788100108,B02,SG TÂN HƯNG,Created,0.0081,2026-08-01,2026-07-31 16:57:23+07:00,2026-08-01 13:05:28+07:00,,
4070,530796270107,B02,SG TÂN HƯNG,Created,0.0081,2026-08-01,2026-08-01 09:34:36+07:00,2026-08-01 11:51:39+07:00,,
4071,530796670107,B02,SG TÂN HƯNG,Created,0.0058,2026-08-01,2026-08-01 09:35:38+07:00,2026-08-01 11:19:35+07:00,,
4072,530798670107,B02,SG TÂN HƯNG,Created,0.0092,2026-08-01,2026-08-01 09:51:15+07:00,,,
4073,530801120108,B02,SG TÂN HƯNG,Created,0.0051,2026-08-01,2026-08-01 14:30:49+07:00,2026-08-01 16:41:23+07:00,,
4074,530803290107,B02,SG TÂN HƯNG,Created,0.005,2026-08-01,2026-08-01 16:04:38+07:00,2026-08-01 16:43:13+07:00,,
4075,530803730108,B02,SG TÂN HƯNG,Created,0.006,2026-08-01,2026-08-01 16:29:14+07:00,,,
4076,530803930108,B02,SG TÂN HƯNG,Created,0.016,2026-08-01,2026-08-01 16:29:47+07:00,2026-08-01 16:38:56+07:00,,
4077,530805720108,B02,SG TÂN HƯNG,Created,0.009,2026-08-01,2026-08-01 14:49:43+07:00,,,
4078,530807910108,B02,SG TÂN HƯNG,Transporting,0.018,2026-08-01,2026-08-01 07:02:06+07:00,2026-08-01 16:05:19+07:00,2026-08-01 16:05:49+07:00,
4079,530816890107,B02,SG TÂN HƯNG,Created,0.0078,2026-08-01,2026-08-01 14:05:07+07:00,,,
4080,530817290107,B02,SG TÂN HƯNG,Created,0.0068,2026-08-01,2026-08-01 14:17:11+07:00,,,
4081,530821080107,B02,SG TÂN HƯNG,Created,0.011,2026-08-01,2026-08-01 12:54:33+07:00,,,
4082,530823080107,B02,SG TÂN HƯNG,Transporting,0.02,2026-08-01,2026-08-01 13:14:26+07:00,2026-08-01 15:38:41+07:00,2026-08-01 15:51:45+07:00,
4083,530825120108,B02,SG TÂN HƯNG,Created,0.017,2026-08-01,2026-08-01 12:07:59+07:00,,,
4084,530833320108,B02,SG TÂN HƯNG,Created,0.0082,2026-08-01,2026-08-01 16:02:12+07:00,,,
4085,530836090107,B02,SG TÂN HƯNG,Created,0.0066,2026-08-01,2026-08-01 14:41:18+07:00,2026-08-01 16:50:52+07:00,,
4086,530840920108,B02,SG TÂN HƯNG,Transporting,0.02,2026-08-01,2026-08-01 13:14:26+07:00,2026-08-01 15:38:56+07:00,2026-08-01 15:52:33+07:00,
4087,530843260107,B02,SG TÂN HƯNG,Created,0.01,2026-08-01,2026-07-31 12:56:13+07:00,2026-08-01 14:45:23+07:00,,
4088,530849320108,B02,SG TÂN HƯNG,Created,0.0081,2026-08-01,2026-08-01 16:40:44+07:00,,,
4089,530850270107,B02,SG TÂN HƯNG,Transporting,0.01,2026-08-01,2026-08-01 07:29:37+07:00,2026-08-01 10:10:45+07:00,2026-08-01 15:50:05+07:00,
4090,530853870107,B02,SG TÂN HƯNG,Transporting,0.0084,2026-08-01,2026-08-01 08:54:02+07:00,2026-08-01 14:02:10+07:00,2026-08-01 15:29:40+07:00,
4091,530856880107,B02,SG TÂN HƯNG,Created,0.008,2026-08-01,2026-08-01 13:36:46+07:00,,,
4092,530858710108,B02,SG TÂN HƯNG,Created,0.0184,2026-08-01,2026-08-01 10:32:47+07:00,,,
4093,530860110108,B02,SG TÂN HƯNG,Created,0.006,2026-08-01,2026-08-01 10:14:57+07:00,2026-08-01 14:33:06+07:00,,
4094,530862510108,B02,SG TÂN HƯNG,Created,0.007,2026-08-01,2026-08-01 07:52:22+07:00,,,
4095,530864670107,B02,SG TÂN HƯNG,Transporting,0.01,2026-08-01,2026-08-01 08:37:39+07:00,2026-08-01 10:21:03+07:00,2026-08-01 16:24:48+07:00,
4096,530868110108,B02,SG TÂN HƯNG,Transporting,0.01,2026-08-01,2026-08-01 09:01:31+07:00,2026-08-01 10:12:33+07:00,2026-08-01 15:48:14+07:00,
4097,530875910108,B02,SG TÂN HƯNG,Created,0.0215,2026-08-01,2026-08-01 13:03:11+07:00,2026-08-01 15:06:33+07:00,,
4098,530877880107,B02,SG TÂN HƯNG,Created,0.0085,2026-08-01,2026-08-01 13:05:10+07:00,,,
4099,530879880107,B02,SG TÂN HƯNG,Created,0.01,2026-08-01,2026-08-01 16:49:36+07:00,,,
4100,530881520108,B02,SG TÂN HƯNG,Created,0.005,2026-08-01,2026-08-01 15:49:13+07:00,2026-08-01 16:37:49+07:00,,
4101,530883710108,B02,SG TÂN HƯNG,Transporting,0.0059,2026-08-01,2026-08-01 09:41:57+07:00,2026-08-01 14:42:34+07:00,2026-08-01 14:42:33+07:00,
4102,530887580107,B02,SG TÂN HƯNG,Inbound,0.0053,2026-08-01,2026-08-01 16:00:51+07:00,,2026-07-30 21:26:06+07:00,2026-08-01 16:00:51+07:00
4103,530889100108,B02,SG TÂN HƯNG,Inbound,0.0051,2026-08-01,2026-08-01 07:01:29+07:00,2026-08-01 13:33:07+07:00,2026-08-01 13:33:13+07:00,2026-08-01 16:36:12+07:00
4104,530892070107,B02,SG TÂN HƯNG,Transporting,0.0082,2026-08-01,2026-08-01 09:48:01+07:00,2026-08-01 13:57:46+07:00,2026-08-01 13:57:54+07:00,
4105,530894080107,B02,SG TÂN HƯNG,Created,0.0075,2026-08-01,2026-08-01 15:47:03+07:00,,,
4106,530894310108,B02,SG TÂN HƯNG,Created,0.006,2026-08-01,2026-08-01 13:48:04+07:00,2026-08-01 15:37:29+07:00,,
4107,530897280107,B02,SG TÂN HƯNG,Created,0.006,2026-08-01,2026-08-01 16:28:16+07:00,,,
4108,530898470107,B02,SG TÂN HƯNG,Created,0.013,2026-08-01,2026-08-01 09:56:13+07:00,,,
4109,530899280107,B02,SG TÂN HƯNG,Created,0.0077,2026-08-01,2026-08-01 13:32:12+07:00,,,
4110,530899510108,B02,SG TÂN HƯNG,Created,0.01,2026-08-01,2026-08-01 13:32:15+07:00,2026-08-01 15:28:43+07:00,,
4111,530901320108,B02,SG TÂN HƯNG,Created,0.0056,2026-08-01,2026-08-01 14:41:18+07:00,2026-08-01 16:50:38+07:00,,
4112,530902130108,B02,SG TÂN HƯNG,Created,0.0102,2026-08-01,2026-08-01 16:06:14+07:00,,,
4113,530903320108,B02,SG TÂN HƯNG,Transporting,0.0075,2026-08-01,2026-08-01 14:04:21+07:00,2026-08-01 16:47:20+07:00,2026-08-01 16:47:21+07:00,
4114,530905490107,B02,SG TÂN HƯNG,Created,0.0059,2026-08-01,2026-08-01 15:58:23+07:00,,,
4115,530906710108,B02,SG TÂN HƯNG,Created,0.0076,2026-08-01,2026-07-31 17:39:43+07:00,2026-08-01 10:58:38+07:00,,
4116,530907280107,B02,SG TÂN HƯNG,Transporting,0.01,2026-08-01,2026-08-01 13:08:19+07:00,2026-08-01 14:53:58+07:00,2026-08-01 15:44:51+07:00,
4117,530912280107,B02,SG TÂN HƯNG,Created,0.0189,2026-08-01,2026-08-01 12:05:59+07:00,2026-08-01 16:43:05+07:00,,
4118,530917890107,B02,SG TÂN HƯNG,Transporting,0.01,2026-08-01,2026-08-01 14:18:56+07:00,2026-08-01 15:09:29+07:00,2026-08-01 15:51:03+07:00,
4119,530919070107,B02,SG TÂN HƯNG,Transporting,0.0051,2026-08-01,2026-08-01 00:32:25+07:00,2026-08-01 13:58:48+07:00,2026-08-01 13:58:51+07:00,
4120,530926110108,B02,SG TÂN HƯNG,Created,0.01,2026-08-01,2026-08-01 08:33:30+07:00,2026-08-01 11:00:45+07:00,,
4121,530926520108,B02,SG TÂN HƯNG,Created,0.02,2026-08-01,2026-08-01 14:36:26+07:00,2026-08-01 15:05:13+07:00,,
4122,530929870107,B02,SG TÂN HƯNG,Transporting,0.008,2026-08-01,2026-08-01 07:35:19+07:00,2026-08-01 11:23:12+07:00,2026-08-01 15:26:50+07:00,
4123,530936080107,B02,SG TÂN HƯNG,Transporting,0.0051,2026-08-01,2026-08-01 12:00:39+07:00,2026-08-01 14:34:26+07:00,2026-08-01 14:34:51+07:00,
4124,530937490107,B02,SG TÂN HƯNG,Created,0.009,2026-08-01,2026-08-01 15:11:37+07:00,2026-08-01 15:50:56+07:00,,
4125,530941670107,B02,SG TÂN HƯNG,Created,0.0067,2026-08-01,2026-08-01 09:06:19+07:00,2026-08-01 11:30:19+07:00,,
4126,530946080107,B02,SG TÂN HƯNG,Created,0.0061,2026-08-01,2026-08-01 13:39:53+07:00,,,
4127,530947470107,B02,SG TÂN HƯNG,Transporting,0.005,2026-08-01,2026-08-01 09:50:40+07:00,2026-08-01 11:03:39+07:00,2026-08-01 15:25:54+07:00,
4128,530950270107,B02,SG TÂN HƯNG,Created,0.0098,2026-08-01,2026-08-01 07:31:21+07:00,,,
4129,530954470107,B02,SG TÂN HƯNG,Transporting,0.01,2026-08-01,2026-08-01 09:01:32+07:00,2026-08-01 10:11:55+07:00,2026-08-01 15:48:54+07:00,
4130,530955700108,B02,SG TÂN HƯNG,Created,0.013,2026-08-01,2026-07-31 15:33:08+07:00,2026-08-01 08:35:22+07:00,,
4131,530956080107,B02,SG TÂN HƯNG,Created,0.006,2026-08-01,2026-08-01 13:37:46+07:00,,,
4132,530958670107,B02,SG TÂN HƯNG,Created,0.0154,2026-08-01,2026-07-31 16:47:53+07:00,2026-08-01 11:39:40+07:00,,
4133,530959910108,B02,SG TÂN HƯNG,Created,0.008,2026-08-01,2026-08-01 12:02:17+07:00,2026-08-01 16:49:21+07:00,,
4134,530961670107,B02,SG TÂN HƯNG,Created,0.0066,2026-08-01,2026-08-01 09:43:13+07:00,2026-08-01 11:27:30+07:00,,
4135,530965310108,B02,SG TÂN HƯNG,Transporting,0.0197,2026-08-01,2026-08-01 08:14:36+07:00,2026-08-01 12:00:18+07:00,2026-08-01 15:02:45+07:00,
4136,530970080107,B02,SG TÂN HƯNG,Created,0.0101,2026-08-01,2026-08-01 14:04:13+07:00,,,
4137,530970510108,B02,SG TÂN HƯNG,Created,0.0052,2026-08-01,2026-08-01 11:30:20+07:00,,,
4138,530971070107,B02,SG TÂN HƯNG,Transporting,0.01,2026-08-01,2026-08-01 08:37:39+07:00,2026-08-01 10:18:56+07:00,2026-08-01 16:24:08+07:00,
4139,530971880107,B02,SG TÂN HƯNG,Created,0.0058,2026-08-01,2026-08-01 14:53:03+07:00,,,
4140,530975520108,B02,SG TÂN HƯNG,Created,0.0085,2026-08-01,2026-08-01 15:09:25+07:00,,,
4141,530980310108,B02,SG TÂN HƯNG,Transporting,0.01,2026-08-01,2026-08-01 13:08:19+07:00,2026-08-01 14:54:18+07:00,2026-08-01 15:44:31+07:00,
4142,530981310108,B02,SG TÂN HƯNG,Inbound,0.0367,2026-08-01,2026-08-01 13:51:21+07:00,2026-08-01 14:22:44+07:00,2026-08-01 14:27:27+07:00,2026-08-01 15:39:47+07:00
4143,530982680107,B02,SG TÂN HƯNG,Transporting,0.0051,2026-08-01,2026-08-01 15:52:22+07:00,2026-08-01 16:26:34+07:00,2026-08-01 16:27:36+07:00,
4144,530988430106,B02,SG TÂN HƯNG,Inbound,0.0195,2026-08-01,2026-08-01 15:19:24+07:00,,2026-07-30 23:41:33+07:00,2026-08-01 15:19:24+07:00
4145,530992480107,B02,SG TÂN HƯNG,Created,0.0056,2026-08-01,2026-08-01 14:41:18+07:00,2026-08-01 16:50:50+07:00,,
4146,530996280107,B02,SG TÂN HƯNG,Created,0.008,2026-08-01,2026-08-01 15:51:21+07:00,,,
4147,530001920108,A16,SG THỦ ĐỨC,Created,0.0066,2026-08-01,2026-08-01 13:59:01+07:00,,,
4148,530004780107,A16,SG THỦ ĐỨC,Inbound,0.006,2026-08-01,2026-08-01 14:41:19+07:00,,2026-07-31 00:25:38+07:00,2026-08-01 14:41:19+07:00
4149,530005270107,A16,SG THỦ ĐỨC,Created,0.0158,2026-08-01,2026-07-31 16:09:49+07:00,2026-08-01 11:40:50+07:00,,
4150,530006520108,A16,SG THỦ ĐỨC,Inbound,0.0085,2026-08-01,2026-08-01 09:47:31+07:00,2026-08-01 13:38:50+07:00,2026-08-01 13:39:36+07:00,2026-08-01 16:46:36+07:00
4151,530007280107,A16,SG THỦ ĐỨC,Created,0.0086,2026-08-01,2026-08-01 11:16:56+07:00,2026-08-01 15:44:06+07:00,,
4152,530007490107,A16,SG THỦ ĐỨC,Created,0.005,2026-08-01,2026-08-01 16:04:32+07:00,2026-08-01 16:39:53+07:00,,
4153,530011850107,A16,SG THỦ ĐỨC,Inbound,0.006,2026-08-01,2026-08-01 14:58:32+07:00,,2026-07-30 23:54:19+07:00,2026-08-01 14:58:32+07:00
4154,530016690107,A16,SG THỦ ĐỨC,Created,0.0165,2026-08-01,2026-08-01 13:55:50+07:00,,,
4155,530019480107,A16,SG THỦ ĐỨC,Transporting,0.0055,2026-08-01,2026-08-01 11:58:13+07:00,2026-08-01 16:01:18+07:00,2026-08-01 16:19:48+07:00,
4156,530022050107,A16,SG THỦ ĐỨC,Inbound,0.0062,2026-08-01,2026-08-01 14:48:10+07:00,,2026-07-31 00:11:07+07:00,2026-08-01 14:48:10+07:00
4157,530022480107,A16,SG THỦ ĐỨC,Created,0.0084,2026-08-01,2026-08-01 10:40:47+07:00,,,
4158,530024480107,A16,SG THỦ ĐỨC,Created,0.012,2026-08-01,2026-08-01 10:19:43+07:00,,,
4159,530028080107,A16,SG THỦ ĐỨC,Created,0.007,2026-08-01,2026-08-01 08:15:27+07:00,2026-08-01 16:47:46+07:00,,
4160,530029320108,A16,SG THỦ ĐỨC,Created,0.007,2026-08-01,2026-08-01 15:09:17+07:00,,,
4161,530035910108,A16,SG THỦ ĐỨC,Created,0.011,2026-08-01,2026-08-01 09:13:04+07:00,,,
4162,530038880107,A16,SG THỦ ĐỨC,Transporting,0.0104,2026-08-01,2026-08-01 11:45:14+07:00,2026-08-01 15:41:55+07:00,2026-08-01 15:41:59+07:00,
4163,530039110108,A16,SG THỦ ĐỨC,Created,0.0062,2026-08-01,2026-07-31 21:20:02+07:00,2026-08-01 10:58:18+07:00,,
4164,530041280107,A16,SG THỦ ĐỨC,Created,0.0055,2026-08-01,2026-08-01 08:41:59+07:00,2026-08-01 09:59:09+07:00,,
4165,530042880107,A16,SG THỦ ĐỨC,Transporting,0.01,2026-08-01,2026-08-01 08:37:39+07:00,2026-08-01 10:20:36+07:00,2026-08-01 16:24:28+07:00,
4166,530043480107,A16,SG THỦ ĐỨC,Inbound,0.036,2026-08-01,2026-08-01 08:58:36+07:00,2026-08-01 13:58:35+07:00,,2026-08-01 15:11:40+07:00
4167,530046480107,A16,SG THỦ ĐỨC,Created,0.0102,2026-08-01,2026-08-01 12:40:17+07:00,,,
4168,530046670107,A16,SG THỦ ĐỨC,Created,0.0075,2026-08-01,2026-08-01 08:04:44+07:00,,,
4169,530047520108,A16,SG THỦ ĐỨC,Created,0.0136,2026-08-01,2026-08-01 16:19:44+07:00,,,
4170,530048310108,A16,SG THỦ ĐỨC,Transporting,0.0078,2026-08-01,2026-08-01 07:26:53+07:00,2026-08-01 13:59:04+07:00,2026-08-01 15:29:38+07:00,
4171,530050690107,A16,SG THỦ ĐỨC,Created,0.0098,2026-08-01,2026-08-01 15:51:39+07:00,2026-08-01 16:41:45+07:00,,
4172,530053880107,A16,SG THỦ ĐỨC,Transporting,0.0061,2026-08-01,2026-08-01 13:44:21+07:00,2026-08-01 15:30:36+07:00,2026-08-01 15:31:55+07:00,
4173,530056720108,A16,SG THỦ ĐỨC,Created,0.0065,2026-08-01,2026-08-01 13:37:08+07:00,2026-08-01 14:21:15+07:00,,
4174,530058680107,A16,SG THỦ ĐỨC,Created,0.055,2026-08-01,2026-08-01 13:02:27+07:00,,,
4175,530059910108,A16,SG THỦ ĐỨC,Transporting,0.0082,2026-08-01,2026-08-01 10:52:37+07:00,2026-08-01 14:56:02+07:00,2026-08-01 14:56:01+07:00,
4176,530060080107,A16,SG THỦ ĐỨC,Created,0.0063,2026-08-01,2026-08-01 09:49:03+07:00,,,
4177,530060310108,A16,SG THỦ ĐỨC,Created,0.0066,2026-08-01,2026-08-01 09:43:13+07:00,2026-08-01 11:27:21+07:00,,
4178,530060710108,A16,SG THỦ ĐỨC,Created,0.0056,2026-08-01,2026-08-01 09:43:52+07:00,2026-08-01 11:26:36+07:00,,
4179,530064870107,A16,SG THỦ ĐỨC,Created,0.012,2026-08-01,2026-08-01 08:00:34+07:00,2026-08-01 08:21:26+07:00,,
4180,530068050107,A16,SG THỦ ĐỨC,Inbound,0.006,2026-08-01,2026-08-01 14:50:28+07:00,,2026-07-31 00:18:21+07:00,2026-08-01 14:50:28+07:00
4181,530070270107,A16,SG THỦ ĐỨC,Created,0.0096,2026-08-01,2026-08-01 07:09:38+07:00,,,
4182,530071680107,A16,SG THỦ ĐỨC,Transporting,0.01,2026-08-01,2026-08-01 14:07:50+07:00,2026-08-01 15:11:02+07:00,2026-08-01 16:02:03+07:00,
4183,530071770107,A16,SG THỦ ĐỨC,Inbound,0.0059,2026-08-01,2026-08-01 14:54:57+07:00,,2026-07-31 00:09:24+07:00,2026-08-01 14:54:57+07:00
4184,530072080107,A16,SG THỦ ĐỨC,Created,0.0088,2026-08-01,2026-08-01 13:39:47+07:00,,,
4185,530074280107,A16,SG THỦ ĐỨC,Transporting,0.01,2026-08-01,2026-08-01 13:28:00+07:00,2026-08-01 15:27:26+07:00,2026-08-01 16:37:13+07:00,
4186,530076880107,A16,SG THỦ ĐỨC,Created,0.0079,2026-08-01,2026-08-01 12:07:09+07:00,,,
4187,530078510108,A16,SG THỦ ĐỨC,Created,0.0076,2026-08-01,2026-08-01 11:31:17+07:00,,,
4188,530080310108,A16,SG THỦ ĐỨC,Transporting,0.0051,2026-08-01,2026-08-01 11:21:40+07:00,2026-08-01 15:59:13+07:00,2026-08-01 16:15:17+07:00,
4189,530080870107,A16,SG THỦ ĐỨC,Created,0.0089,2026-08-01,2026-07-31 17:00:39+07:00,2026-08-01 13:05:24+07:00,,
4190,530082310108,A16,SG THỦ ĐỨC,Created,0.006,2026-08-01,2026-08-01 08:55:14+07:00,2026-08-01 14:41:13+07:00,,
4191,530086680107,A16,SG THỦ ĐỨC,Created,0.0165,2026-08-01,2026-08-01 13:55:50+07:00,,,
4192,530090610107,A16,SG THỦ ĐỨC,Inbound,0.0087,2026-08-01,2026-08-01 15:04:51+07:00,,2026-07-30 23:40:58+07:00,2026-08-01 15:04:51+07:00
4193,530091510108,A16,SG THỦ ĐỨC,Transporting,0.01,2026-08-01,2026-08-01 13:08:19+07:00,2026-08-01 14:54:57+07:00,2026-08-01 15:43:55+07:00,
4194,530092910108,A16,SG THỦ ĐỨC,Created,0.0064,2026-08-01,2026-08-01 12:47:39+07:00,,,
4195,530093840107,A16,SG THỦ ĐỨC,Inbound,0.0062,2026-08-01,2026-08-01 14:52:54+07:00,,2026-07-31 00:08:36+07:00,2026-08-01 14:52:54+07:00
4196,530097510108,A16,SG THỦ ĐỨC,Created,0.0085,2026-08-01,2026-08-01 13:03:03+07:00,,,
4197,530098080107,A16,SG THỦ ĐỨC,Transporting,0.01,2026-08-01,2026-08-01 13:08:18+07:00,2026-08-01 14:53:28+07:00,2026-08-01 15:45:21+07:00,
4198,530098880107,A16,SG THỦ ĐỨC,Transporting,0.01,2026-08-01,2026-08-01 13:08:18+07:00,2026-08-01 14:54:08+07:00,2026-08-01 15:44:40+07:00,
4199,530098910108,A16,SG THỦ ĐỨC,Created,0.0087,2026-08-01,2026-08-01 12:03:55+07:00,,,
4200,530100090107,A16,SG THỦ ĐỨC,Created,0.0062,2026-08-01,2026-08-01 13:08:30+07:00,,,
4201,530101890107,A16,SG THỦ ĐỨC,Created,0.008,2026-08-01,2026-08-01 13:25:42+07:00,2026-08-01 16:19:10+07:00,,
4202,530103130108,A16,SG THỦ ĐỨC,Created,0.0081,2026-08-01,2026-08-01 16:09:42+07:00,,,
4203,530104080107,A16,SG THỦ ĐỨC,Created,0.0085,2026-08-01,2026-08-01 09:48:14+07:00,,,
4204,530104920108,A16,SG THỦ ĐỨC,Created,0.0051,2026-08-01,2026-08-01 13:34:21+07:00,,,
4205,530107920108,A16,SG THỦ ĐỨC,Created,0.008,2026-08-01,2026-08-01 10:06:27+07:00,2026-08-01 11:34:26+07:00,,
4206,530110120108,A16,SG THỦ ĐỨC,Created,0.0109,2026-08-01,2026-08-01 10:52:08+07:00,,,
4207,530110480107,A16,SG THỦ ĐỨC,Created,0.0088,2026-08-01,2026-08-01 06:50:43+07:00,2026-08-01 10:59:24+07:00,,
4208,530110880107,A16,SG THỦ ĐỨC,Created,0.0051,2026-08-01,2026-08-01 06:53:40+07:00,2026-08-01 09:39:02+07:00,,
4209,530113880107,A16,SG THỦ ĐỨC,Created,0.013,2026-08-01,2026-08-01 12:37:19+07:00,,,
4210,530114480107,A16,SG THỦ ĐỨC,Transporting,0.0091,2026-08-01,2026-08-01 09:42:37+07:00,2026-08-01 13:58:04+07:00,2026-08-01 15:29:34+07:00,
4211,530114880107,A16,SG THỦ ĐỨC,Created,0.049,2026-08-01,2026-08-01 09:43:39+07:00,,,
4212,530118250107,A16,SG THỦ ĐỨC,Inbound,0.0281,2026-08-01,2026-08-01 14:56:00+07:00,,2026-07-30 23:56:24+07:00,2026-08-01 14:56:00+07:00
4213,530119280107,A16,SG THỦ ĐỨC,Transporting,0.0052,2026-08-01,2026-08-01 12:02:57+07:00,2026-08-01 14:00:14+07:00,2026-08-01 14:00:28+07:00,
4214,530120480107,A16,SG THỦ ĐỨC,Transporting,0.0073,2026-08-01,2026-08-01 10:27:59+07:00,2026-08-01 13:58:54+07:00,2026-08-01 15:29:37+07:00,
4215,530121440107,A16,SG THỦ ĐỨC,Inbound,0.007,2026-08-01,2026-08-01 14:57:30+07:00,,2026-07-30 23:55:17+07:00,2026-08-01 14:57:30+07:00
4216,530123040107,A16,SG THỦ ĐỨC,Inbound,0.007,2026-08-01,2026-08-01 15:22:07+07:00,,2026-07-30 22:04:38+07:00,2026-08-01 15:22:07+07:00
4217,530124080107,A16,SG THỦ ĐỨC,Created,0.0088,2026-08-01,2026-08-01 10:22:41+07:00,,,
4218,530126780107,A16,SG THỦ ĐỨC,Inbound,0.0055,2026-08-01,2026-08-01 16:46:51+07:00,,2026-07-30 21:04:25+07:00,2026-08-01 16:46:51+07:00
4219,530129310108,A16,SG THỦ ĐỨC,Transporting,0.0064,2026-08-01,2026-08-01 08:18:01+07:00,2026-08-01 09:00:38+07:00,2026-08-01 12:33:13+07:00,
4220,530129510108,A16,SG THỦ ĐỨC,Transporting,0.0052,2026-08-01,2026-08-01 08:18:01+07:00,2026-08-01 08:58:45+07:00,2026-08-01 12:32:12+07:00,
4221,530129910108,A16,SG THỦ ĐỨC,Created,0.01,2026-08-01,2026-08-01 08:23:07+07:00,2026-08-01 11:20:38+07:00,,
4222,530130880107,A16,SG THỦ ĐỨC,Created,0.006,2026-08-01,2026-08-01 07:20:08+07:00,,,
4223,530131120108,A16,SG THỦ ĐỨC,Created,0.0051,2026-08-01,2026-08-01 13:01:24+07:00,,,
4224,530133920108,A16,SG THỦ ĐỨC,Created,0.0051,2026-08-01,2026-08-01 15:34:14+07:00,,,
4225,530140320108,A16,SG THỦ ĐỨC,Transporting,0.01,2026-08-01,2026-08-01 13:08:18+07:00,2026-08-01 14:57:45+07:00,2026-08-01 15:50:55+07:00,
4226,530141470107,A16,SG THỦ ĐỨC,Created,0.0225,2026-08-01,2026-08-01 08:22:46+07:00,2026-08-01 13:39:50+07:00,,
4227,530141480107,A16,SG THỦ ĐỨC,Created,0.011,2026-08-01,2026-08-01 08:45:00+07:00,2026-08-01 16:11:20+07:00,,
4228,530142870107,A16,SG THỦ ĐỨC,Created,0.008,2026-08-01,2026-07-31 17:43:45+07:00,2026-08-01 11:41:15+07:00,,
4229,530143110108,A16,SG THỦ ĐỨC,Created,0.0062,2026-08-01,2026-08-01 10:11:57+07:00,,,
4230,530146670107,A16,SG THỦ ĐỨC,Transporting,0.016,2026-08-01,2026-08-01 08:08:58+07:00,2026-08-01 11:59:18+07:00,2026-08-01 15:04:11+07:00,
4231,530150320108,A16,SG THỦ ĐỨC,Created,0.0081,2026-08-01,2026-08-01 13:37:47+07:00,,,
4232,530152880107,A16,SG THỦ ĐỨC,Transporting,0.007,2026-08-01,2026-08-01 13:12:56+07:00,2026-08-01 14:05:49+07:00,2026-08-01 15:59:00+07:00,
4233,530153870107,A16,SG THỦ ĐỨC,Created,0.0058,2026-08-01,2026-08-01 08:28:32+07:00,2026-08-01 11:19:40+07:00,,
4234,530153910108,A16,SG THỦ ĐỨC,Created,0.0102,2026-08-01,2026-08-01 10:29:00+07:00,,,
4235,530156450107,A16,SG THỦ ĐỨC,Inbound,0.0069,2026-08-01,2026-08-01 14:54:26+07:00,,2026-07-31 00:07:35+07:00,2026-08-01 14:54:26+07:00
4236,530156470107,A16,SG THỦ ĐỨC,Created,0.017,2026-08-01,2026-07-31 15:33:24+07:00,2026-08-01 11:38:39+07:00,,
4237,530157280107,A16,SG THỦ ĐỨC,Transporting,0.01,2026-08-01,2026-08-01 13:40:20+07:00,2026-08-01 15:20:35+07:00,2026-08-01 16:20:30+07:00,
4238,530160090107,A16,SG THỦ ĐỨC,Created,0.0093,2026-08-01,2026-08-01 16:27:53+07:00,,,
4239,530160880107,A16,SG THỦ ĐỨC,Created,0.0076,2026-08-01,2026-08-01 09:51:57+07:00,2026-08-01 11:37:02+07:00,,
4240,530162280107,A16,SG THỦ ĐỨC,Transporting,0.01,2026-08-01,2026-08-01 13:08:19+07:00,2026-08-01 14:52:32+07:00,2026-08-01 15:46:38+07:00,
4241,530162520108,A16,SG THỦ ĐỨC,Created,0.005,2026-08-01,2026-08-01 15:49:13+07:00,2026-08-01 16:38:32+07:00,,
4242,530168720108,A16,SG THỦ ĐỨC,Created,0.06,2026-08-01,2026-08-01 16:28:16+07:00,,,
4243,530169300108,A16,SG THỦ ĐỨC,Created,0.0101,2026-08-01,2026-07-31 16:17:56+07:00,2026-08-01 11:40:32+07:00,,
4244,530173880107,A16,SG THỦ ĐỨC,Created,0.008,2026-08-01,2026-08-01 14:06:09+07:00,,,
4245,530182580107,A16,SG THỦ ĐỨC,Inbound,0.01,2026-08-01,2026-08-01 15:35:03+07:00,,2026-07-30 22:00:27+07:00,2026-08-01 15:35:03+07:00
4246,530182670107,A16,SG THỦ ĐỨC,Created,0.006,2026-08-01,2026-08-01 08:15:11+07:00,,,
4247,530185280107,A16,SG THỦ ĐỨC,Created,0.005,2026-08-01,2026-08-01 15:49:13+07:00,2026-08-01 16:37:48+07:00,,
4248,530185720108,A16,SG THỦ ĐỨC,Created,0.007,2026-08-01,2026-08-01 15:49:48+07:00,,,
4249,530186280107,A16,SG THỦ ĐỨC,Created,0.0086,2026-08-01,2026-08-01 14:01:00+07:00,2026-08-01 15:43:35+07:00,,
4250,530187310108,A16,SG THỦ ĐỨC,Created,0.0123,2026-08-01,2026-08-01 13:02:03+07:00,,,
4251,530187910108,A16,SG THỦ ĐỨC,Transporting,0.0051,2026-08-01,2026-08-01 13:02:33+07:00,2026-08-01 14:38:35+07:00,2026-08-01 14:38:48+07:00,
4252,530192910108,A16,SG THỦ ĐỨC,Created,0.0077,2026-08-01,2026-08-01 12:58:38+07:00,,,
4253,530197070107,A16,SG THỦ ĐỨC,Inbound,0.0051,2026-08-01,2026-08-01 09:49:31+07:00,2026-08-01 13:34:46+07:00,2026-08-01 13:35:04+07:00,2026-08-01 16:37:22+07:00
4254,530198080107,A16,SG THỦ ĐỨC,Transporting,0.01,2026-08-01,2026-08-01 13:08:19+07:00,2026-08-01 14:53:18+07:00,2026-08-01 15:45:29+07:00,
4255,530199110108,A16,SG THỦ ĐỨC,Transporting,0.01,2026-08-01,2026-08-01 13:08:18+07:00,2026-08-01 14:53:30+07:00,2026-08-01 15:45:18+07:00,
4256,530199910108,A16,SG THỦ ĐỨC,Transporting,0.01,2026-08-01,2026-08-01 13:08:19+07:00,2026-08-01 14:52:22+07:00,2026-08-01 15:46:51+07:00,
4257,530200490107,A16,SG THỦ ĐỨC,Created,0.0051,2026-08-01,2026-08-01 13:09:51+07:00,,,
4258,530202180107,A16,SG THỦ ĐỨC,Inbound,0.0095,2026-08-01,2026-08-01 15:34:37+07:00,,2026-07-30 22:00:01+07:00,2026-08-01 15:34:37+07:00
4259,530202530108,A16,SG THỦ ĐỨC,Created,0.008,2026-08-01,2026-08-01 16:02:40+07:00,,,
4260,530202920108,A16,SG THỦ ĐỨC,Transporting,0.01,2026-08-01,2026-08-01 13:08:18+07:00,2026-08-01 14:52:24+07:00,2026-08-01 15:46:49+07:00,
4261,530203480107,A16,SG THỦ ĐỨC,Transporting,0.0174,2026-08-01,2026-08-01 08:03:16+07:00,2026-08-01 11:02:31+07:00,2026-08-01 15:25:29+07:00,
4262,530203520108,A16,SG THỦ ĐỨC,Transporting,0.01,2026-08-01,2026-08-01 13:49:14+07:00,2026-08-01 15:24:30+07:00,2026-08-01 16:16:57+07:00,
4263,530204320108,A16,SG THỦ ĐỨC,Created,0.01,2026-08-01,2026-08-01 13:35:11+07:00,,,
4264,530207490107,A16,SG THỦ ĐỨC,Created,0.014,2026-08-01,2026-08-01 16:28:16+07:00,,,
4265,530208680107,A16,SG THỦ ĐỨC,Transporting,0.008,2026-08-01,2026-08-01 10:14:39+07:00,2026-08-01 11:22:22+07:00,2026-08-01 15:26:44+07:00,
4266,530208920108,A16,SG THỦ ĐỨC,Created,0.01,2026-08-01,2026-08-01 13:35:42+07:00,2026-08-01 15:26:01+07:00,,
4267,530210480107,A16,SG THỦ ĐỨC,Transporting,0.0053,2026-08-01,2026-08-01 07:00:36+07:00,2026-08-01 11:18:32+07:00,2026-08-01 14:42:54+07:00,
4268,530210520108,A16,SG THỦ ĐỨC,Transporting,0.0103,2026-08-01,2026-08-01 10:56:29+07:00,2026-08-01 13:35:54+07:00,2026-08-01 15:29:07+07:00,
4269,530210680107,A16,SG THỦ ĐỨC,Transporting,0.0065,2026-08-01,2026-08-01 07:02:33+07:00,2026-08-01 16:04:17+07:00,2026-08-01 16:06:01+07:00,
4270,530211280107,A16,SG THỦ ĐỨC,Transporting,0.01,2026-08-01,2026-08-01 07:29:37+07:00,2026-08-01 10:11:47+07:00,2026-08-01 15:49:04+07:00,
4271,530211920108,A16,SG THỦ ĐỨC,Created,0.0062,2026-08-01,2026-08-01 11:33:33+07:00,,,
4272,530214310108,A16,SG THỦ ĐỨC,Transporting,0.0052,2026-08-01,2026-07-31 17:27:18+07:00,2026-08-01 15:41:53+07:00,2026-08-01 16:46:44+07:00,
4273,530217280107,A16,SG THỦ ĐỨC,Transporting,0.01,2026-08-01,2026-08-01 08:40:58+07:00,2026-08-01 10:21:08+07:00,2026-08-01 16:24:51+07:00,
4274,530219080107,A16,SG THỦ ĐỨC,Transporting,0.0051,2026-08-01,2026-08-01 12:05:14+07:00,2026-08-01 14:35:42+07:00,2026-08-01 14:35:58+07:00,
4275,530219780107,A16,SG THỦ ĐỨC,Inbound,0.0062,2026-08-01,2026-08-01 14:48:14+07:00,,2026-07-31 00:09:49+07:00,2026-08-01 14:48:14+07:00
4276,530220320108,A16,SG THỦ ĐỨC,Created,0.0069,2026-08-01,2026-08-01 14:00:35+07:00,,,
4277,530220480107,A16,SG THỦ ĐỨC,Created,0.0063,2026-08-01,2026-08-01 10:31:04+07:00,,,
4278,530222480107,A16,SG THỦ ĐỨC,Transporting,0.0064,2026-08-01,2026-08-01 10:52:12+07:00,2026-08-01 14:56:09+07:00,2026-08-01 14:56:11+07:00,
4279,530227510108,A16,SG THỦ ĐỨC,Transporting,0.01,2026-08-01,2026-08-01 09:01:31+07:00,2026-08-01 10:12:25+07:00,2026-08-01 15:48:25+07:00,
4280,530227680107,A16,SG THỦ ĐỨC,Transporting,0.0065,2026-08-01,2026-08-01 08:02:16+07:00,2026-08-01 15:09:37+07:00,2026-08-01 15:09:48+07:00,
4281,530231120108,A16,SG THỦ ĐỨC,Created,0.0051,2026-08-01,2026-08-01 13:01:52+07:00,,,
4282,530234320108,A16,SG THỦ ĐỨC,Created,0.011,2026-08-01,2026-08-01 15:10:15+07:00,,,
4283,530236320108,A16,SG THỦ ĐỨC,Created,0.0063,2026-08-01,2026-08-01 12:49:04+07:00,,,
4284,530239280107,A16,SG THỦ ĐỨC,Transporting,0.01,2026-08-01,2026-08-01 13:08:18+07:00,2026-08-01 14:53:23+07:00,2026-08-01 15:45:26+07:00,
4285,530240310108,A16,SG THỦ ĐỨC,Created,0.01,2026-08-01,2026-08-01 08:33:29+07:00,2026-08-01 11:00:56+07:00,,
4286,530240890107,A16,SG THỦ ĐỨC,Created,0.0102,2026-08-01,2026-08-01 16:43:19+07:00,,,
4287,530241080107,A16,SG THỦ ĐỨC,Created,0.013,2026-08-01,2026-08-01 08:45:17+07:00,2026-08-01 09:28:02+07:00,,
4288,530243320108,A16,SG THỦ ĐỨC,Created,0.005,2026-08-01,2026-08-01 15:49:13+07:00,2026-08-01 16:37:17+07:00,,
4289,530243910108,A16,SG THỦ ĐỨC,Created,0.0061,2026-08-01,2026-08-01 10:19:28+07:00,,,
4290,530248270107,A16,SG THỦ ĐỨC,Transporting,0.006,2026-08-01,2026-08-01 07:27:40+07:00,2026-08-01 11:57:10+07:00,2026-08-01 12:15:22+07:00,
4291,530254390107,A16,SG THỦ ĐỨC,Inbound,0.0053,2026-08-01,2026-08-01 15:59:01+07:00,,2026-07-30 21:28:15+07:00,2026-08-01 15:59:01+07:00
4292,530255070107,A16,SG THỦ ĐỨC,Created,0.0154,2026-08-01,2026-08-01 09:37:56+07:00,,,
4293,530258110108,A16,SG THỦ ĐỨC,Inbound,0.0051,2026-08-01,2026-08-01 09:42:23+07:00,2026-08-01 13:33:56+07:00,2026-08-01 13:34:16+07:00,2026-08-01 16:41:55+07:00
4294,530259780107,A16,SG THỦ ĐỨC,Inbound,0.009,2026-08-01,2026-08-01 14:58:57+07:00,,2026-07-30 23:49:23+07:00,2026-08-01 14:58:57+07:00
4295,530260090107,A16,SG THỦ ĐỨC,Created,0.0076,2026-08-01,2026-08-01 16:28:16+07:00,,,
4296,530260880107,A16,SG THỦ ĐỨC,Created,0.0051,2026-08-01,2026-08-01 09:56:03+07:00,,,
4297,530261280107,A16,SG THỦ ĐỨC,Created,0.008,2026-08-01,2026-08-01 10:17:03+07:00,,,
4298,530261510108,A16,SG THỦ ĐỨC,Created,0.0092,2026-08-01,2026-08-01 10:48:50+07:00,,,
4299,530263110108,A16,SG THỦ ĐỨC,Created,0.012,2026-08-01,2026-08-01 08:00:34+07:00,2026-08-01 08:21:55+07:00,,
4300,530263450107,A16,SG THỦ ĐỨC,Inbound,0.0062,2026-08-01,2026-08-01 14:58:27+07:00,,2026-07-30 23:56:48+07:00,2026-08-01 14:58:27+07:00
4301,530264080107,A16,SG THỦ ĐỨC,Transporting,0.01,2026-08-01,2026-08-01 14:07:50+07:00,2026-08-01 15:11:31+07:00,2026-08-01 16:01:14+07:00,
4302,530264280107,A16,SG THỦ ĐỨC,Created,0.0094,2026-08-01,2026-08-01 14:08:10+07:00,2026-08-01 16:42:24+07:00,,
4303,530268300108,A16,SG THỦ ĐỨC,Created,0.009,2026-08-01,2026-07-31 15:33:08+07:00,2026-08-01 08:34:00+07:00,,
4304,530268680107,A16,SG THỦ ĐỨC,Transporting,0.01,2026-08-01,2026-08-01 13:40:20+07:00,2026-08-01 15:21:23+07:00,2026-08-01 16:19:16+07:00,
4305,530270510108,A16,SG THỦ ĐỨC,Created,0.007,2026-08-01,2026-08-01 10:29:02+07:00,,,
4306,530270870107,A16,SG THỦ ĐỨC,Transporting,0.02,2026-08-01,2026-08-01 07:32:04+07:00,2026-08-01 10:50:05+07:00,2026-08-01 15:52:58+07:00,
4307,530275120108,A16,SG THỦ ĐỨC,Created,0.0051,2026-08-01,2026-08-01 14:48:53+07:00,,,
4308,530275720108,A16,SG THỦ ĐỨC,Created,0.0081,2026-08-01,2026-08-01 14:53:01+07:00,,,
4309,530277830107,A16,SG THỦ ĐỨC,Inbound,0.0065,2026-08-01,2026-08-01 16:46:47+07:00,,2026-07-30 21:06:29+07:00,2026-08-01 16:46:47+07:00
4310,530282110108,A16,SG THỦ ĐỨC,Transporting,0.01,2026-08-01,2026-08-01 09:01:32+07:00,2026-08-01 10:11:58+07:00,2026-08-01 15:48:49+07:00,
4311,530285870107,A16,SG THỦ ĐỨC,Transporting,0.0103,2026-08-01,2026-08-01 09:36:39+07:00,2026-08-01 13:15:34+07:00,2026-08-01 15:28:25+07:00,
4312,530286670107,A16,SG THỦ ĐỨC,Transporting,0.0065,2026-08-01,2026-08-01 09:41:57+07:00,2026-08-01 15:09:36+07:00,2026-08-01 15:09:44+07:00,
4313,530287270107,A16,SG THỦ ĐỨC,Created,0.0084,2026-08-01,2026-08-01 10:56:25+07:00,,,
4314,530287910108,A16,SG THỦ ĐỨC,Transporting,0.0051,2026-08-01,2026-08-01 13:03:56+07:00,2026-08-01 14:38:21+07:00,2026-08-01 14:38:39+07:00,
4315,530289870107,A16,SG THỦ ĐỨC,Created,0.0062,2026-08-01,2026-07-31 19:43:10+07:00,2026-08-01 10:59:50+07:00,,
4316,530292160107,A16,SG THỦ ĐỨC,Transporting,0.0065,2026-08-01,2026-07-29 18:05:53+07:00,2026-08-01 08:45:28+07:00,2026-08-01 15:37:22+07:00,
4317,530293910108,A16,SG THỦ ĐỨC,Transporting,0.01,2026-08-01,2026-08-01 13:40:20+07:00,2026-08-01 15:23:22+07:00,2026-08-01 16:17:36+07:00,
4318,530295480107,A16,SG THỦ ĐỨC,Created,0.0103,2026-08-01,2026-08-01 15:57:11+07:00,,,
4319,530295780107,A16,SG THỦ ĐỨC,Inbound,0.006,2026-08-01,2026-08-01 15:21:15+07:00,,2026-07-30 22:14:14+07:00,2026-08-01 15:21:15+07:00
4320,530296180107,A16,SG THỦ ĐỨC,Inbound,0.0052,2026-08-01,2026-08-01 15:24:10+07:00,,2026-07-30 21:58:08+07:00,2026-08-01 15:24:10+07:00
4321,530299680107,A16,SG THỦ ĐỨC,Created,0.006,2026-08-01,2026-08-01 13:22:02+07:00,,,
4322,530300640107,A16,SG THỦ ĐỨC,Inbound,0.006,2026-08-01,2026-08-01 15:21:05+07:00,,2026-07-30 22:13:53+07:00,2026-08-01 15:21:05+07:00
4323,530302320108,A16,SG THỦ ĐỨC,Transporting,0.01,2026-08-01,2026-08-01 13:08:19+07:00,2026-08-01 14:54:40+07:00,2026-08-01 15:44:06+07:00,
4324,530302910108,A16,SG THỦ ĐỨC,Created,0.0089,2026-08-01,2026-07-31 17:26:10+07:00,2026-08-01 11:17:22+07:00,,
4325,530306110108,A16,SG THỦ ĐỨC,Created,0.0087,2026-08-01,2026-07-31 16:43:00+07:00,2026-08-01 11:39:28+07:00,,
4326,530307870107,A16,SG THỦ ĐỨC,Created,0.0158,2026-08-01,2026-07-31 15:53:25+07:00,2026-08-01 11:38:35+07:00,,
4327,530307920108,A16,SG THỦ ĐỨC,Created,0.0197,2026-08-01,2026-08-01 10:10:33+07:00,,,
4328,530308280107,A16,SG THỦ ĐỨC,Created,0.0084,2026-08-01,2026-08-01 10:17:26+07:00,,,
4329,530309280107,A16,SG THỦ ĐỨC,Created,0.008,2026-08-01,2026-08-01 11:18:22+07:00,2026-08-01 11:22:17+07:00,,
4330,530311080107,A16,SG THỦ ĐỨC,Created,0.0078,2026-08-01,2026-08-01 07:34:04+07:00,,,
4331,530311120108,A16,SG THỦ ĐỨC,Transporting,0.0051,2026-08-01,2026-08-01 11:36:15+07:00,2026-08-01 14:15:12+07:00,2026-08-01 15:34:34+07:00,
4332,530311250107,A16,SG THỦ ĐỨC,Inbound,0.006,2026-08-01,2026-08-01 16:46:26+07:00,,2026-07-30 21:03:01+07:00,2026-08-01 16:46:26+07:00
4333,530312530108,A16,SG THỦ ĐỨC,Created,0.008,2026-08-01,2026-08-01 16:39:37+07:00,,,
4334,530313080107,A16,SG THỦ ĐỨC,Transporting,0.0051,2026-08-01,2026-08-01 13:02:02+07:00,2026-08-01 14:38:23+07:00,2026-08-01 14:38:38+07:00,
4335,530313480107,A16,SG THỦ ĐỨC,Created,0.0057,2026-08-01,2026-08-01 13:03:12+07:00,,,
4336,530313720108,A16,SG THỦ ĐỨC,Created,0.0087,2026-08-01,2026-08-01 13:43:06+07:00,,,
4337,530317080107,A16,SG THỦ ĐỨC,Created,0.0063,2026-08-01,2026-08-01 08:41:59+07:00,2026-08-01 09:59:22+07:00,,
4338,530318890107,A16,SG THỦ ĐỨC,Created,0.0084,2026-08-01,2026-08-01 16:34:07+07:00,,,
4339,530321290107,A16,SG THỦ ĐỨC,Created,0.01,2026-08-01,2026-08-01 14:05:20+07:00,2026-08-01 16:28:41+07:00,,
4340,530321370107,A16,SG THỦ ĐỨC,Inbound,0.0053,2026-08-01,2026-08-01 15:24:28+07:00,,2026-07-30 21:57:01+07:00,2026-08-01 15:24:28+07:00
4341,530321720108,A16,SG THỦ ĐỨC,Transporting,0.01,2026-08-01,2026-08-01 14:33:42+07:00,2026-08-01 15:07:55+07:00,2026-08-01 16:22:51+07:00,
4342,530322920108,A16,SG THỦ ĐỨC,Created,0.011,2026-08-01,2026-08-01 10:36:29+07:00,,,
4343,530325270107,A16,SG THỦ ĐỨC,Created,0.0094,2026-08-01,2026-08-01 07:15:30+07:00,2026-08-01 16:38:33+07:00,,
4344,530326680107,A16,SG THỦ ĐỨC,Created,0.0098,2026-08-01,2026-08-01 06:51:20+07:00,2026-08-01 09:39:09+07:00,,
4345,530326710108,A16,SG THỦ ĐỨC,Created,0.012,2026-08-01,2026-08-01 08:11:09+07:00,2026-08-01 08:20:18+07:00,,
4346,530327310108,A16,SG THỦ ĐỨC,Created,0.007,2026-08-01,2026-08-01 09:07:19+07:00,2026-08-01 09:27:00+07:00,,
4347,530327470107,A16,SG THỦ ĐỨC,Created,0.006,2026-08-01,2026-07-31 18:02:02+07:00,2026-08-01 11:10:05+07:00,,
4348,530329070107,A16,SG THỦ ĐỨC,Transporting,0.016,2026-08-01,2026-07-31 22:31:03+07:00,2026-08-01 13:35:32+07:00,2026-08-01 13:37:28+07:00,
4349,530330510108,A16,SG THỦ ĐỨC,Created,0.0139,2026-08-01,2026-08-01 08:05:07+07:00,2026-08-01 12:48:54+07:00,,
4350,530331680107,A16,SG THỦ ĐỨC,Transporting,0.0176,2026-08-01,2026-08-01 08:31:55+07:00,2026-08-01 13:15:40+07:00,2026-08-01 15:28:27+07:00,
4351,530332320108,A16,SG THỦ ĐỨC,Created,0.0139,2026-08-01,2026-08-01 14:31:24+07:00,,,
4352,530333280107,A16,SG THỦ ĐỨC,Created,0.0084,2026-08-01,2026-08-01 10:23:05+07:00,,,
4353,530335440107,A16,SG THỦ ĐỨC,Inbound,0.0085,2026-08-01,2026-08-01 14:40:21+07:00,,2026-07-31 00:23:02+07:00,2026-08-01 14:40:21+07:00
4354,530335720108,A16,SG THỦ ĐỨC,Created,0.0055,2026-08-01,2026-08-01 16:45:44+07:00,,,
4355,530335840107,A16,SG THỦ ĐỨC,Inbound,0.0065,2026-08-01,2026-08-01 15:02:00+07:00,,2026-07-30 23:52:31+07:00,2026-08-01 15:02:00+07:00
4356,530336290107,A16,SG THỦ ĐỨC,Created,0.0134,2026-08-01,2026-08-01 14:31:24+07:00,,,
4357,530338570107,A16,SG THỦ ĐỨC,Inbound,0.009,2026-08-01,2026-08-01 15:04:26+07:00,,2026-07-30 23:49:18+07:00,2026-08-01 15:04:26+07:00
4358,530338870107,A16,SG THỦ ĐỨC,Created,0.0112,2026-08-01,2026-07-31 17:27:55+07:00,2026-08-01 11:41:27+07:00,,
4359,530339080107,A16,SG THỦ ĐỨC,Transporting,0.01,2026-08-01,2026-08-01 13:08:18+07:00,2026-08-01 14:52:33+07:00,2026-08-01 15:46:37+07:00,
4360,530339470107,A16,SG THỦ ĐỨC,Created,0.0053,2026-08-01,2026-08-01 06:41:11+07:00,2026-08-01 16:47:02+07:00,,
4361,530339880107,A16,SG THỦ ĐỨC,Created,0.02,2026-08-01,2026-08-01 13:10:55+07:00,,,
4362,530341670107,A16,SG THỦ ĐỨC,Created,0.0052,2026-08-01,2026-08-01 08:34:35+07:00,2026-08-01 11:20:39+07:00,,
4363,530341880107,A16,SG THỦ ĐỨC,Created,0.0075,2026-08-01,2026-08-01 08:53:03+07:00,,,
4364,530345570107,A16,SG THỦ ĐỨC,Inbound,0.0053,2026-08-01,2026-08-01 15:26:04+07:00,,2026-07-30 21:58:37+07:00,2026-08-01 15:26:04+07:00
4365,530346920108,A16,SG THỦ ĐỨC,Created,0.013,2026-08-01,2026-08-01 15:46:47+07:00,,,
4366,530349870107,A16,SG THỦ ĐỨC,Transporting,0.01,2026-08-01,2026-08-01 08:25:00+07:00,2026-08-01 10:12:38+07:00,2026-08-01 15:48:02+07:00,
4367,530350480107,A16,SG THỦ ĐỨC,Created,0.0084,2026-08-01,2026-08-01 09:21:53+07:00,,,
4368,530351320108,A16,SG THỦ ĐỨC,Created,0.0176,2026-08-01,2026-08-01 13:50:06+07:00,,,
4369,530352510108,A16,SG THỦ ĐỨC,Transporting,0.0093,2026-08-01,2026-08-01 09:45:22+07:00,2026-08-01 13:55:29+07:00,2026-08-01 13:55:29+07:00,
4370,530353520108,A16,SG THỦ ĐỨC,Transporting,0.01,2026-08-01,2026-08-01 13:40:20+07:00,2026-08-01 15:20:52+07:00,2026-08-01 16:19:57+07:00,
4371,530353710108,A16,SG THỦ ĐỨC,Created,0.0051,2026-08-01,2026-08-01 10:42:25+07:00,,,
4372,530353850107,A16,SG THỦ ĐỨC,Inbound,0.0053,2026-08-01,2026-08-01 16:25:43+07:00,,2026-07-30 21:25:03+07:00,2026-08-01 16:25:43+07:00
4373,530354680107,A16,SG THỦ ĐỨC,Transporting,0.005,2026-08-01,2026-08-01 09:50:39+07:00,2026-08-01 11:03:52+07:00,2026-08-01 15:26:02+07:00,
4374,530356280107,A16,SG THỦ ĐỨC,Transporting,0.0051,2026-08-01,2026-08-01 13:14:30+07:00,2026-08-01 15:59:16+07:00,2026-08-01 16:15:39+07:00,
4375,530357520108,A16,SG THỦ ĐỨC,Transporting,0.0093,2026-08-01,2026-08-01 13:48:54+07:00,2026-08-01 14:36:07+07:00,2026-08-01 15:56:02+07:00,
4376,530361310108,A16,SG THỦ ĐỨC,Transporting,0.0051,2026-08-01,2026-08-01 10:53:10+07:00,2026-08-01 14:34:13+07:00,2026-08-01 14:34:40+07:00,
4377,530361710108,A16,SG THỦ ĐỨC,Transporting,0.0051,2026-08-01,2026-08-01 10:54:15+07:00,2026-08-01 14:34:15+07:00,2026-08-01 14:34:42+07:00,
4378,530366110108,A16,SG THỦ ĐỨC,Created,0.0078,2026-08-01,2026-08-01 06:02:48+07:00,,,
4379,530367470107,A16,SG THỦ ĐỨC,Created,0.0053,2026-08-01,2026-08-01 08:34:35+07:00,2026-08-01 11:20:28+07:00,,
4380,530367480107,A16,SG THỦ ĐỨC,Created,0.008,2026-08-01,2026-08-01 11:18:22+07:00,2026-08-01 11:22:24+07:00,,
4381,530368120108,A16,SG THỦ ĐỨC,Created,0.0087,2026-08-01,2026-08-01 16:38:56+07:00,,,
4382,530368280107,A16,SG THỦ ĐỨC,Created,0.008,2026-08-01,2026-08-01 13:41:31+07:00,,,
4383,530370270107,A16,SG THỦ ĐỨC,Created,0.008,2026-08-01,2026-08-01 07:35:19+07:00,2026-08-01 11:23:17+07:00,,
4384,530372110108,A16,SG THỦ ĐỨC,Created,0.0052,2026-08-01,2026-08-01 08:34:34+07:00,2026-08-01 11:20:38+07:00,,
4385,530374080107,A16,SG THỦ ĐỨC,Created,0.01,2026-08-01,2026-08-01 13:35:57+07:00,,,
4386,530374110108,A16,SG THỦ ĐỨC,Created,0.007,2026-08-01,2026-08-01 10:45:27+07:00,2026-08-01 11:00:22+07:00,,
4387,530378070107,A16,SG THỦ ĐỨC,Transporting,0.02,2026-08-01,2026-08-01 08:26:51+07:00,2026-08-01 10:48:50+07:00,2026-08-01 15:52:53+07:00,
4388,530383070107,A16,SG THỦ ĐỨC,Created,0.0094,2026-08-01,2026-08-01 08:52:44+07:00,2026-08-01 10:23:20+07:00,,
4389,530384070107,A16,SG THỦ ĐỨC,Transporting,0.013,2026-08-01,2026-08-01 08:51:09+07:00,2026-08-01 13:58:45+07:00,2026-08-01 15:29:36+07:00,
4390,530386100108,A16,SG THỦ ĐỨC,Created,0.0056,2026-08-01,2026-07-31 16:27:52+07:00,2026-08-01 11:41:04+07:00,,
4391,530386470107,A16,SG THỦ ĐỨC,Inbound,0.0446,2026-08-01,2026-08-01 09:47:34+07:00,2026-08-01 12:45:36+07:00,,2026-08-01 15:14:00+07:00
4392,530388310108,A16,SG THỦ ĐỨC,Transporting,0.0055,2026-08-01,2026-08-01 11:58:13+07:00,2026-08-01 16:03:50+07:00,2026-08-01 16:22:02+07:00,
4393,530388910108,A16,SG THỦ ĐỨC,Transporting,0.0051,2026-08-01,2026-08-01 12:04:16+07:00,2026-08-01 14:35:26+07:00,2026-08-01 14:35:46+07:00,
4394,530392910108,A16,SG THỦ ĐỨC,Created,0.013,2026-08-01,2026-08-01 13:03:33+07:00,,,
4395,530397470107,A16,SG THỦ ĐỨC,Transporting,0.012,2026-08-01,2026-08-01 09:58:16+07:00,2026-08-01 16:04:35+07:00,2026-08-01 16:06:05+07:00,
4396,530398670107,A16,SG THỦ ĐỨC,Created,0.0102,2026-08-01,2026-08-01 09:34:33+07:00,,,
4397,530400120108,A16,SG THỦ ĐỨC,Transporting,0.01,2026-08-01,2026-08-01 13:40:20+07:00,2026-08-01 15:22:22+07:00,2026-08-01 16:17:40+07:00,
4398,530400930108,A16,SG THỦ ĐỨC,Created,0.0058,2026-08-01,2026-08-01 16:21:08+07:00,,,
4399,530401320108,A16,SG THỦ ĐỨC,Transporting,0.01,2026-08-01,2026-08-01 14:07:50+07:00,2026-08-01 15:11:02+07:00,2026-08-01 16:02:01+07:00,
4400,530403330108,A16,SG THỦ ĐỨC,Created,0.0059,2026-08-01,2026-08-01 16:19:14+07:00,,,
4401,530405080107,A16,SG THỦ ĐỨC,Created,0.0136,2026-08-01,2026-08-01 11:29:01+07:00,,,
4402,530405090107,A16,SG THỦ ĐỨC,Created,0.0078,2026-08-01,2026-08-01 15:23:04+07:00,,,
4403,530409470107,A16,SG THỦ ĐỨC,Created,0.007,2026-08-01,2026-07-31 16:00:37+07:00,2026-08-01 14:07:13+07:00,,
4404,530412680107,A16,SG THỦ ĐỨC,Created,0.01,2026-08-01,2026-08-01 11:25:56+07:00,,,
4405,530414920108,A16,SG THỦ ĐỨC,Transporting,0.01,2026-08-01,2026-08-01 14:02:25+07:00,2026-08-01 15:14:04+07:00,2026-08-01 16:28:35+07:00,
4406,530415480107,A16,SG THỦ ĐỨC,Created,0.0085,2026-08-01,2026-08-01 10:52:14+07:00,,,
4407,530417080107,A16,SG THỦ ĐỨC,Created,0.024,2026-08-01,2026-08-01 08:43:50+07:00,,,
4408,530417480107,A16,SG THỦ ĐỨC,Transporting,0.01,2026-08-01,2026-08-01 08:44:30+07:00,2026-08-01 10:58:17+07:00,2026-08-01 16:04:39+07:00,
4409,530418520108,A16,SG THỦ ĐỨC,Created,0.012,2026-08-01,2026-08-01 13:45:01+07:00,2026-08-01 15:42:08+07:00,,
4410,530420120108,A16,SG THỦ ĐỨC,Created,0.0147,2026-08-01,2026-08-01 14:03:08+07:00,,,
4411,530422920108,A16,SG THỦ ĐỨC,Created,0.0087,2026-08-01,2026-08-01 10:38:52+07:00,,,
4412,530423720108,A16,SG THỦ ĐỨC,Created,0.0051,2026-08-01,2026-08-01 10:59:35+07:00,,,
4413,530425670107,A16,SG THỦ ĐỨC,Created,0.006,2026-08-01,2026-08-01 07:29:30+07:00,,,
4414,530426310108,A16,SG THỦ ĐỨC,Created,0.007,2026-08-01,2026-08-01 08:15:27+07:00,2026-08-01 16:47:33+07:00,,
4415,530427070107,A16,SG THỦ ĐỨC,Created,0.0056,2026-08-01,2026-07-31 18:38:03+07:00,2026-08-01 11:40:56+07:00,,
4416,530429580107,A16,SG THỦ ĐỨC,Inbound,0.02,2026-08-01,2026-08-01 15:19:39+07:00,,2026-07-30 23:40:57+07:00,2026-08-01 15:19:39+07:00
4417,530432680107,A16,SG THỦ ĐỨC,Created,0.0102,2026-08-01,2026-08-01 09:34:34+07:00,,,
4418,530432740107,A16,SG THỦ ĐỨC,Inbound,0.0151,2026-08-01,2026-08-01 15:05:02+07:00,,2026-07-30 23:41:07+07:00,2026-08-01 15:05:02+07:00
4419,530434280107,A16,SG THỦ ĐỨC,Transporting,0.016,2026-08-01,2026-08-01 11:34:04+07:00,2026-08-01 13:10:49+07:00,2026-08-01 16:00:10+07:00,
4420,530434580107,A16,SG THỦ ĐỨC,Inbound,0.006,2026-08-01,2026-08-01 15:48:50+07:00,,2026-07-30 21:37:41+07:00,2026-08-01 15:48:50+07:00
4421,530435480107,A16,SG THỦ ĐỨC,Created,0.0105,2026-08-01,2026-08-01 13:02:07+07:00,2026-08-01 16:44:10+07:00,,
4422,530437090107,A16,SG THỦ ĐỨC,Created,0.016,2026-08-01,2026-08-01 14:57:54+07:00,,,
4423,530439520108,A16,SG THỦ ĐỨC,Created,0.0055,2026-08-01,2026-08-01 15:02:38+07:00,,,
4424,530440470107,A16,SG THỦ ĐỨC,Created,0.012,2026-08-01,2026-08-01 08:00:34+07:00,2026-08-01 08:21:27+07:00,,
4425,530440720108,A16,SG THỦ ĐỨC,Created,0.0064,2026-08-01,2026-08-01 13:08:48+07:00,,,
4426,530442270107,A16,SG THỦ ĐỨC,Transporting,0.008,2026-08-01,2026-07-31 19:08:25+07:00,2026-08-01 11:36:09+07:00,2026-08-01 15:27:48+07:00,
4427,530444280107,A16,SG THỦ ĐỨC,Created,0.01,2026-08-01,2026-08-01 13:32:16+07:00,2026-08-01 15:28:32+07:00,,
4428,530444480107,A16,SG THỦ ĐỨC,Created,0.01,2026-08-01,2026-08-01 13:32:16+07:00,2026-08-01 15:28:41+07:00,,
4429,530444670107,A16,SG THỦ ĐỨC,Created,0.011,2026-08-01,2026-07-31 19:28:17+07:00,2026-08-01 15:15:36+07:00,,
4430,530445710108,A16,SG THỦ ĐỨC,Transporting,0.0089,2026-08-01,2026-08-01 12:36:35+07:00,2026-08-01 16:04:42+07:00,2026-08-01 16:04:43+07:00,
4431,530448920108,A16,SG THỦ ĐỨC,Transporting,0.0075,2026-08-01,2026-08-01 15:27:00+07:00,2026-08-01 16:10:26+07:00,2026-08-01 16:10:27+07:00,
4432,530449710108,A16,SG THỦ ĐỨC,Created,0.0101,2026-08-01,2026-08-01 08:35:27+07:00,,,
4433,530451080107,A16,SG THỦ ĐỨC,Created,0.0075,2026-08-01,2026-08-01 09:38:52+07:00,,,
4434,530451500108,A16,SG THỦ ĐỨC,Created,0.0081,2026-08-01,2026-07-31 14:45:19+07:00,2026-08-01 13:20:21+07:00,,
4435,530452070107,A16,SG THỦ ĐỨC,Created,0.0055,2026-08-01,2026-08-01 08:00:34+07:00,2026-08-01 08:21:32+07:00,,
4436,530454920108,A16,SG THỦ ĐỨC,Transporting,0.0075,2026-08-01,2026-08-01 16:09:49+07:00,2026-08-01 16:14:12+07:00,2026-08-01 16:40:19+07:00,
4437,530455070107,A16,SG THỦ ĐỨC,Created,0.0132,2026-08-01,2026-08-01 09:46:45+07:00,2026-08-01 11:25:24+07:00,,
4438,530455270107,A16,SG THỦ ĐỨC,Created,0.0375,2026-08-01,2026-08-01 09:47:34+07:00,2026-08-01 12:12:32+07:00,,
4439,530458080107,A16,SG THỦ ĐỨC,Transporting,0.01,2026-08-01,2026-08-01 13:08:18+07:00,2026-08-01 14:55:03+07:00,2026-08-01 15:43:49+07:00,
4440,530468880107,A16,SG THỦ ĐỨC,Created,0.0155,2026-08-01,2026-08-01 13:48:59+07:00,2026-08-01 15:40:17+07:00,,
4441,530469310108,A16,SG THỦ ĐỨC,Created,0.0056,2026-08-01,2026-08-01 09:43:52+07:00,2026-08-01 11:27:04+07:00,,
4442,530470270107,A16,SG THỦ ĐỨC,Created,0.006,2026-08-01,2026-08-01 07:45:37+07:00,2026-08-01 12:45:24+07:00,,
4443,530471170107,A16,SG THỦ ĐỨC,Inbound,0.0085,2026-08-01,2026-08-01 14:41:46+07:00,,2026-07-31 00:21:01+07:00,2026-08-01 14:41:46+07:00
4444,530474310108,A16,SG THỦ ĐỨC,Transporting,0.0085,2026-08-01,2026-08-01 10:51:06+07:00,2026-08-01 14:19:46+07:00,2026-08-01 14:19:58+07:00,
4445,530474710108,A16,SG THỦ ĐỨC,Transporting,0.0085,2026-08-01,2026-08-01 10:52:06+07:00,2026-08-01 14:19:35+07:00,2026-08-01 14:19:49+07:00,
4446,530477910108,A16,SG THỦ ĐỨC,Transporting,0.008,2026-08-01,2026-08-01 08:18:01+07:00,2026-08-01 09:02:37+07:00,2026-08-01 12:30:03+07:00,
4447,530479680107,A16,SG THỦ ĐỨC,Created,0.005,2026-08-01,2026-08-01 16:04:38+07:00,2026-08-01 16:43:47+07:00,,
4448,530479870107,A16,SG THỦ ĐỨC,Created,0.0085,2026-08-01,2026-08-01 09:13:31+07:00,2026-08-01 11:00:10+07:00,,
4449,530480080107,A16,SG THỦ ĐỨC,Created,0.008,2026-08-01,2026-08-01 11:52:42+07:00,2026-08-01 16:19:18+07:00,,
4450,530481480107,A16,SG THỦ ĐỨC,Created,0.0115,2026-08-01,2026-08-01 12:17:02+07:00,2026-08-01 16:39:59+07:00,,
4451,530482910108,A16,SG THỦ ĐỨC,Created,0.006,2026-08-01,2026-08-01 09:06:08+07:00,2026-08-01 15:44:25+07:00,,
4452,530483280107,A16,SG THỦ ĐỨC,Created,0.0081,2026-08-01,2026-08-01 16:15:16+07:00,,,
4453,530486100108,A16,SG THỦ ĐỨC,Created,0.0084,2026-08-01,2026-07-31 16:32:59+07:00,2026-08-01 11:39:59+07:00,,
4454,530487310108,A16,SG THỦ ĐỨC,Transporting,0.01,2026-08-01,2026-08-01 13:08:18+07:00,2026-08-01 14:52:58+07:00,2026-08-01 15:45:47+07:00,
4455,530488880107,A16,SG THỦ ĐỨC,Transporting,0.01,2026-08-01,2026-08-01 14:23:09+07:00,2026-08-01 15:08:56+07:00,2026-08-01 16:37:03+07:00,
4456,530490380107,A16,SG THỦ ĐỨC,Inbound,0.006,2026-08-01,2026-08-01 16:45:13+07:00,,2026-07-30 21:04:45+07:00,2026-08-01 16:45:13+07:00
4457,530494880107,A16,SG THỦ ĐỨC,Created,0.0644,2026-08-01,2026-08-01 15:17:10+07:00,,,
4458,530496080107,A16,SG THỦ ĐỨC,Created,0.0062,2026-08-01,2026-08-01 15:06:32+07:00,,,
4459,530496280107,A16,SG THỦ ĐỨC,Created,0.0068,2026-08-01,2026-08-01 15:07:13+07:00,,,
4460,530498870107,A16,SG THỦ ĐỨC,Created,0.0056,2026-08-01,2026-08-01 09:43:52+07:00,2026-08-01 11:26:49+07:00,,
4461,530499500108,A16,SG THỦ ĐỨC,Created,0.012,2026-08-01,2026-08-01 07:15:41+07:00,,,
4462,530503910108,A16,SG THỦ ĐỨC,Transporting,0.0233,2026-08-01,2026-08-01 07:23:20+07:00,2026-08-01 13:13:46+07:00,2026-08-01 15:28:19+07:00,
4463,530505490107,A16,SG THỦ ĐỨC,Created,0.0085,2026-08-01,2026-08-01 15:33:23+07:00,,,
4464,530509110108,A16,SG THỦ ĐỨC,Created,0.015,2026-08-01,2026-08-01 08:15:04+07:00,2026-08-01 13:40:49+07:00,,
4465,530509520108,A16,SG THỦ ĐỨC,Created,0.0152,2026-08-01,2026-08-01 14:04:47+07:00,,,
4466,530510320108,A16,SG THỦ ĐỨC,Created,0.0056,2026-08-01,2026-08-01 11:03:06+07:00,,,
4467,530511720108,A16,SG THỦ ĐỨC,Created,0.0067,2026-08-01,2026-08-01 11:51:34+07:00,,,
4468,530511780107,A16,SG THỦ ĐỨC,Inbound,0.008,2026-08-01,2026-08-01 14:52:36+07:00,,2026-07-30 23:59:15+07:00,2026-08-01 14:52:36+07:00
4469,530512680107,A16,SG THỦ ĐỨC,Created,0.0182,2026-08-01,2026-08-01 11:27:49+07:00,,,
4470,530512930108,A16,SG THỦ ĐỨC,Created,0.006,2026-08-01,2026-08-01 16:46:37+07:00,,,
4471,530514720108,A16,SG THỦ ĐỨC,Transporting,0.0085,2026-08-01,2026-08-01 14:02:43+07:00,2026-08-01 16:47:34+07:00,2026-08-01 16:47:37+07:00,
4472,530516090107,A16,SG THỦ ĐỨC,Transporting,0.01,2026-08-01,2026-08-01 14:02:25+07:00,2026-08-01 15:14:06+07:00,2026-08-01 16:28:33+07:00,
4473,530516920108,A16,SG THỦ ĐỨC,Transporting,0.01,2026-08-01,2026-08-01 13:49:14+07:00,2026-08-01 15:24:24+07:00,2026-08-01 16:44:50+07:00,
4474,530518710108,A16,SG THỦ ĐỨC,Created,0.0163,2026-08-01,2026-08-01 06:56:36+07:00,2026-08-01 10:10:10+07:00,,
4475,530519120108,A16,SG THỦ ĐỨC,Created,0.0115,2026-08-01,2026-08-01 14:08:12+07:00,,,
4476,530521280107,A16,SG THỦ ĐỨC,Created,0.006,2026-08-01,2026-08-01 12:07:23+07:00,,,
4477,530524280107,A16,SG THỦ ĐỨC,Transporting,0.0051,2026-08-01,2026-08-01 10:54:55+07:00,2026-08-01 14:34:16+07:00,2026-08-01 14:34:43+07:00,
4478,530528180107,A16,SG THỦ ĐỨC,Inbound,0.01,2026-08-01,2026-08-01 15:25:30+07:00,,2026-07-30 22:03:05+07:00,2026-08-01 15:25:30+07:00
4479,530531520108,A16,SG THỦ ĐỨC,Created,0.0085,2026-08-01,2026-08-01 13:05:09+07:00,,,
4480,530535110108,A16,SG THỦ ĐỨC,Created,0.0056,2026-08-01,2026-08-01 09:43:52+07:00,2026-08-01 11:26:40+07:00,,
4481,530538480107,A16,SG THỦ ĐỨC,Created,0.0064,2026-08-01,2026-08-01 12:22:25+07:00,,,
4482,530543870107,A16,SG THỦ ĐỨC,Created,0.0055,2026-08-01,2026-08-01 08:00:34+07:00,2026-08-01 08:21:47+07:00,,
4483,530544670107,A16,SG THỦ ĐỨC,Transporting,0.013,2026-08-01,2026-07-31 21:09:08+07:00,2026-08-01 13:17:03+07:00,2026-08-01 15:28:35+07:00,
4484,530544690107,A16,SG THỦ ĐỨC,Created,0.088,2026-08-01,2026-08-01 15:28:42+07:00,,,
4485,530545490107,A16,SG THỦ ĐỨC,Created,0.005,2026-08-01,2026-08-01 15:49:13+07:00,2026-08-01 16:37:52+07:00,,
4486,530548380107,A16,SG THỦ ĐỨC,Inbound,0.01,2026-08-01,2026-08-01 15:21:31+07:00,,2026-07-30 22:03:07+07:00,2026-08-01 15:21:31+07:00
4487,530549070107,A16,SG THỦ ĐỨC,Transporting,0.01,2026-08-01,2026-08-01 08:31:58+07:00,2026-08-01 10:43:49+07:00,2026-08-01 16:23:22+07:00,
4488,530549270107,A16,SG THỦ ĐỨC,Transporting,0.01,2026-08-01,2026-08-01 08:37:39+07:00,2026-08-01 10:20:04+07:00,2026-08-01 16:24:22+07:00,
4489,530549510108,A16,SG THỦ ĐỨC,Created,0.0092,2026-08-01,2026-08-01 08:41:28+07:00,2026-08-01 11:02:38+07:00,,
4490,530550870107,A16,SG THỦ ĐỨC,Transporting,0.006,2026-08-01,2026-08-01 07:05:12+07:00,2026-08-01 10:34:26+07:00,2026-08-01 12:34:53+07:00,
4491,530551680107,A16,SG THỦ ĐỨC,Inbound,0.0085,2026-08-01,2026-08-01 09:42:23+07:00,2026-08-01 13:39:02+07:00,2026-08-01 13:39:22+07:00,2026-08-01 16:45:19+07:00
4492,530553480107,A16,SG THỦ ĐỨC,Created,0.0094,2026-08-01,2026-08-01 13:57:18+07:00,2026-08-01 16:39:47+07:00,,
4493,530553840107,A16,SG THỦ ĐỨC,Inbound,0.0062,2026-08-01,2026-08-01 16:40:25+07:00,,2026-07-30 21:06:21+07:00,2026-08-01 16:40:25+07:00
4494,530558470107,A16,SG THỦ ĐỨC,Transporting,0.01,2026-08-01,2026-07-31 16:36:59+07:00,2026-08-01 11:51:28+07:00,2026-08-01 12:05:02+07:00,
4495,530560120108,A16,SG THỦ ĐỨC,Created,0.006,2026-08-01,2026-08-01 16:28:16+07:00,,,
4496,530561880107,A16,SG THỦ ĐỨC,Created,0.01,2026-08-01,2026-08-01 10:21:41+07:00,,,
4497,530562710108,A16,SG THỦ ĐỨC,Transporting,0.009,2026-08-01,2026-08-01 07:47:33+07:00,2026-08-01 13:16:33+07:00,2026-08-01 15:28:30+07:00,
4498,530563180107,A16,SG THỦ ĐỨC,Inbound,0.0085,2026-08-01,2026-08-01 15:29:58+07:00,,2026-07-30 21:37:59+07:00,2026-08-01 15:29:58+07:00
4499,530565070107,A16,SG THỦ ĐỨC,Transporting,0.0115,2026-08-01,2026-08-01 09:41:40+07:00,2026-08-01 13:55:54+07:00,2026-08-01 13:55:54+07:00,
4500,530565720108,A16,SG THỦ ĐỨC,Created,0.0054,2026-08-01,2026-08-01 14:01:45+07:00,,,
4501,530566070107,A16,SG THỦ ĐỨC,Created,0.0094,2026-08-01,2026-08-01 08:03:33+07:00,,,
4502,530569510108,A16,SG THỦ ĐỨC,Inbound,0.0051,2026-08-01,2026-08-01 09:47:11+07:00,2026-08-01 13:34:48+07:00,2026-08-01 13:35:06+07:00,2026-08-01 16:37:13+07:00
4503,530573380107,A16,SG THỦ ĐỨC,Inbound,0.0053,2026-08-01,2026-08-01 15:50:13+07:00,,2026-07-30 21:27:20+07:00,2026-08-01 15:50:13+07:00
4504,530573510108,A16,SG THỦ ĐỨC,Transporting,0.005,2026-08-01,2026-08-01 09:50:40+07:00,2026-08-01 11:03:03+07:00,2026-08-01 15:25:33+07:00,
4505,530575500108,A16,SG THỦ ĐỨC,Transporting,0.006,2026-08-01,2026-07-31 21:22:43+07:00,2026-08-01 11:09:49+07:00,2026-08-01 15:26:32+07:00,
4506,530576280107,A16,SG THỦ ĐỨC,Created,0.0094,2026-08-01,2026-08-01 12:34:55+07:00,,,
4507,530576480107,A16,SG THỦ ĐỨC,Created,0.0063,2026-08-01,2026-08-01 12:35:03+07:00,,,
4508,530579080107,A16,SG THỦ ĐỨC,Created,0.0064,2026-08-01,2026-08-01 16:07:38+07:00,,,
4509,530579310108,A16,SG THỦ ĐỨC,Created,0.0081,2026-08-01,2026-08-01 13:37:48+07:00,,,
4510,530579510108,A16,SG THỦ ĐỨC,Transporting,0.02,2026-08-01,2026-08-01 13:38:07+07:00,2026-08-01 15:04:26+07:00,2026-08-01 16:26:12+07:00,
4511,530580510108,A16,SG THỦ ĐỨC,Created,0.0053,2026-08-01,2026-08-01 12:57:22+07:00,2026-08-01 16:44:04+07:00,,
4512,530581680107,A16,SG THỦ ĐỨC,Created,0.0084,2026-08-01,2026-08-01 12:20:03+07:00,,,
4513,530581910108,A16,SG THỦ ĐỨC,Transporting,0.01,2026-08-01,2026-08-01 13:40:20+07:00,2026-08-01 15:23:16+07:00,2026-08-01 16:18:09+07:00,
4514,530582280107,A16,SG THỦ ĐỨC,Created,0.0104,2026-08-01,2026-08-01 15:09:21+07:00,,,
4515,530582500108,A16,SG THỦ ĐỨC,Transporting,0.0084,2026-08-01,2026-07-31 15:47:22+07:00,2026-08-01 13:27:58+07:00,2026-08-01 15:29:00+07:00,
4516,530588110108,A16,SG THỦ ĐỨC,Created,0.012,2026-08-01,2026-08-01 12:06:47+07:00,,,
4517,530588310108,A16,SG THỦ ĐỨC,Created,0.0076,2026-08-01,2026-08-01 12:07:09+07:00,,,
4518,530590110108,A16,SG THỦ ĐỨC,Created,0.0057,2026-08-01,2026-08-01 12:33:17+07:00,,,
4519,530590480107,A16,SG THỦ ĐỨC,Created,0.0105,2026-08-01,2026-08-01 14:43:49+07:00,,,
4520,530591310108,A16,SG THỦ ĐỨC,Transporting,0.01,2026-08-01,2026-08-01 13:28:00+07:00,2026-08-01 15:27:29+07:00,2026-08-01 16:37:54+07:00,
4521,530592880107,A16,SG THỦ ĐỨC,Created,0.0087,2026-08-01,2026-08-01 14:17:57+07:00,,,
4522,530593300108,A16,SG THỦ ĐỨC,Created,0.008,2026-08-01,2026-08-01 07:35:19+07:00,2026-08-01 11:23:16+07:00,,
4523,530594080107,A16,SG THỦ ĐỨC,Created,0.0644,2026-08-01,2026-08-01 15:17:11+07:00,,,
4524,530594510108,A16,SG THỦ ĐỨC,Transporting,0.01,2026-08-01,2026-08-01 13:40:20+07:00,2026-08-01 15:23:24+07:00,2026-08-01 16:17:31+07:00,
4525,530595510108,A16,SG THỦ ĐỨC,Transporting,0.01,2026-08-01,2026-08-01 14:07:50+07:00,2026-08-01 15:11:33+07:00,2026-08-01 16:01:17+07:00,
4526,530597470107,A16,SG THỦ ĐỨC,Created,0.0098,2026-08-01,2026-08-01 10:17:25+07:00,,,
4527,530600070107,A16,SG THỦ ĐỨC,Created,0.0141,2026-08-01,2026-07-31 14:53:18+07:00,2026-08-01 11:38:32+07:00,,
4528,530600120108,A16,SG THỦ ĐỨC,Created,0.0055,2026-08-01,2026-08-01 13:43:29+07:00,2026-08-01 15:31:50+07:00,,
4529,530609680107,A16,SG THỦ ĐỨC,Created,0.0242,2026-08-01,2026-08-01 12:01:13+07:00,2026-08-01 16:43:33+07:00,,
4530,530610310108,A16,SG THỦ ĐỨC,Inbound,0.036,2026-08-01,2026-08-01 06:48:20+07:00,2026-08-01 14:05:04+07:00,,2026-08-01 15:07:48+07:00
4531,530611080107,A16,SG THỦ ĐỨC,Created,0.007,2026-08-01,2026-08-01 07:39:28+07:00,,,
4532,530611560107,A16,SG THỦ ĐỨC,Inbound,0.0132,2026-08-01,2026-08-01 15:05:46+07:00,,2026-07-30 23:40:46+07:00,2026-08-01 15:05:46+07:00
4533,530611920108,A16,SG THỦ ĐỨC,Transporting,0.0051,2026-08-01,2026-08-01 12:01:14+07:00,2026-08-01 14:35:07+07:00,2026-08-01 14:35:12+07:00,
4534,530612280107,A16,SG THỦ ĐỨC,Created,0.01,2026-08-01,2026-08-01 11:28:28+07:00,2026-08-01 16:50:03+07:00,,
4535,530613080107,A16,SG THỦ ĐỨC,Created,0.0058,2026-08-01,2026-08-01 13:09:20+07:00,,,
4536,530617880107,A16,SG THỦ ĐỨC,Transporting,0.0092,2026-08-01,2026-08-01 08:49:43+07:00,2026-08-01 11:03:21+07:00,2026-08-01 15:25:43+07:00,
4537,530618310108,A16,SG THỦ ĐỨC,Transporting,0.006,2026-08-01,2026-08-01 07:05:12+07:00,2026-08-01 10:34:24+07:00,2026-08-01 12:35:09+07:00,
4538,530619390107,A16,SG THỦ ĐỨC,Inbound,0.0053,2026-08-01,2026-08-01 16:00:06+07:00,,2026-07-30 21:27:14+07:00,2026-08-01 16:00:06+07:00
4539,530621490107,A16,SG THỦ ĐỨC,Transporting,0.01,2026-08-01,2026-08-01 14:07:50+07:00,2026-08-01 15:11:56+07:00,2026-08-01 16:00:34+07:00,
4540,530623240107,A16,SG THỦ ĐỨC,Inbound,0.0055,2026-08-01,2026-08-01 15:08:52+07:00,,2026-07-30 22:15:56+07:00,2026-08-01 15:08:52+07:00
4541,530624040107,A16,SG THỦ ĐỨC,Inbound,0.009,2026-08-01,2026-08-01 15:32:53+07:00,,2026-07-30 21:55:43+07:00,2026-08-01 15:32:53+07:00
4542,530624780107,A16,SG THỦ ĐỨC,Inbound,0.0052,2026-08-01,2026-08-01 14:55:12+07:00,,2026-07-31 00:07:39+07:00,2026-08-01 14:55:12+07:00
4543,530624880107,A16,SG THỦ ĐỨC,Transporting,0.0103,2026-08-01,2026-08-01 11:00:19+07:00,2026-08-01 14:08:13+07:00,2026-08-01 15:34:23+07:00,
4544,530625080107,A16,SG THỦ ĐỨC,Created,0.0063,2026-08-01,2026-08-01 12:31:04+07:00,,,
4545,530625470107,A16,SG THỦ ĐỨC,Created,0.0064,2026-08-01,2026-08-01 07:43:03+07:00,,,
4546,530626680107,A16,SG THỦ ĐỨC,Created,0.0108,2026-08-01,2026-08-01 07:33:09+07:00,,,
4547,530629310108,A16,SG THỦ ĐỨC,Created,0.0055,2026-08-01,2026-08-01 08:46:03+07:00,2026-08-01 11:16:29+07:00,,
4548,530634310108,A16,SG THỦ ĐỨC,Transporting,0.01,2026-08-01,2026-08-01 08:44:30+07:00,2026-08-01 10:57:46+07:00,2026-08-01 16:03:57+07:00,
4549,530634480107,A16,SG THỦ ĐỨC,Created,0.0103,2026-08-01,2026-08-01 12:04:03+07:00,,,
4550,530634510108,A16,SG THỦ ĐỨC,Created,0.0189,2026-08-01,2026-08-01 08:45:44+07:00,2026-08-01 16:43:17+07:00,,
4551,530641910108,A16,SG THỦ ĐỨC,Transporting,0.005,2026-08-01,2026-08-01 09:56:07+07:00,2026-08-01 11:04:45+07:00,2026-08-01 15:26:21+07:00,
4552,530642470107,A16,SG THỦ ĐỨC,Inbound,0.0057,2026-08-01,2026-07-31 22:48:02+07:00,2026-08-01 13:36:33+07:00,2026-08-01 13:36:41+07:00,2026-08-01 16:34:19+07:00
4553,530642910108,A16,SG THỦ ĐỨC,Created,0.0098,2026-08-01,2026-08-01 09:39:11+07:00,,,
4554,530644290107,A16,SG THỦ ĐỨC,Created,0.009,2026-08-01,2026-08-01 15:28:51+07:00,,,
4555,530645080107,A16,SG THỦ ĐỨC,Created,0.0186,2026-08-01,2026-08-01 14:06:21+07:00,,,
4556,530645290107,A16,SG THỦ ĐỨC,Created,0.008,2026-08-01,2026-08-01 15:51:21+07:00,,,
4557,530646910108,A16,SG THỦ ĐỨC,Created,0.012,2026-08-01,2026-07-31 19:44:14+07:00,2026-08-01 11:33:42+07:00,,
4558,530648720108,A16,SG THỦ ĐỨC,Created,0.0125,2026-08-01,2026-08-01 15:38:23+07:00,,,
4559,530649870107,A16,SG THỦ ĐỨC,Created,0.0075,2026-08-01,2026-08-01 08:46:45+07:00,2026-08-01 14:59:34+07:00,,
4560,530650710108,A16,SG THỦ ĐỨC,Transporting,0.008,2026-08-01,2026-08-01 09:25:53+07:00,2026-08-01 11:24:15+07:00,2026-08-01 15:27:21+07:00,
4561,530654560107,A16,SG THỦ ĐỨC,Inbound,0.0058,2026-08-01,2026-08-01 14:52:44+07:00,,2026-07-31 00:10:48+07:00,2026-08-01 14:52:44+07:00
4562,530660690107,A16,SG THỦ ĐỨC,Created,0.01,2026-08-01,2026-08-01 16:49:35+07:00,,,
4563,530664440107,A16,SG THỦ ĐỨC,Inbound,0.006,2026-08-01,2026-08-01 15:21:00+07:00,,2026-07-30 22:13:56+07:00,2026-08-01 15:21:00+07:00
4564,530664470107,A16,SG THỦ ĐỨC,Transporting,0.02,2026-08-01,2026-08-01 08:26:51+07:00,2026-08-01 10:48:45+07:00,2026-08-01 15:53:04+07:00,
4565,530666480107,A16,SG THỦ ĐỨC,Created,0.009,2026-08-01,2026-08-01 10:55:04+07:00,,,
4566,530669710108,A16,SG THỦ ĐỨC,Transporting,0.005,2026-08-01,2026-08-01 09:50:40+07:00,2026-08-01 11:03:12+07:00,2026-08-01 15:25:37+07:00,
4567,530670880107,A16,SG THỦ ĐỨC,Created,0.0051,2026-08-01,2026-08-01 14:01:14+07:00,,,
4568,530679880107,A16,SG THỦ ĐỨC,Created,0.0103,2026-08-01,2026-08-01 16:24:20+07:00,,,
4569,530680280107,A16,SG THỦ ĐỨC,Transporting,0.0051,2026-08-01,2026-08-01 12:01:16+07:00,2026-08-01 14:35:03+07:00,2026-08-01 14:35:09+07:00,
4570,530682070107,A16,SG THỦ ĐỨC,Transporting,0.02,2026-08-01,2026-08-01 08:26:51+07:00,2026-08-01 10:48:45+07:00,2026-08-01 15:53:20+07:00,
4571,530682480107,A16,SG THỦ ĐỨC,Created,0.0094,2026-08-01,2026-08-01 15:18:13+07:00,,,
4572,530684680107,A16,SG THỦ ĐỨC,Transporting,0.0085,2026-08-01,2026-08-01 15:08:54+07:00,2026-08-01 16:48:07+07:00,2026-08-01 16:48:08+07:00,
4573,530685470107,A16,SG THỦ ĐỨC,Transporting,0.0096,2026-08-01,2026-08-01 09:52:40+07:00,2026-08-01 11:04:09+07:00,2026-08-01 15:26:06+07:00,
4574,530686110108,A16,SG THỦ ĐỨC,Transporting,0.0055,2026-08-01,2026-08-01 11:58:13+07:00,2026-08-01 16:02:44+07:00,2026-08-01 16:22:37+07:00,
4575,530689100108,A16,SG THỦ ĐỨC,Inbound,0.0078,2026-08-01,2026-07-31 21:46:17+07:00,2026-08-01 11:18:32+07:00,2026-08-01 13:45:23+07:00,2026-08-01 16:48:44+07:00
4576,530692070107,A16,SG THỦ ĐỨC,Created,0.006,2026-08-01,2026-08-01 09:43:58+07:00,,,
4577,530693270107,A16,SG THỦ ĐỨC,Transporting,0.0072,2026-08-01,2026-08-01 10:41:33+07:00,2026-08-01 12:42:21+07:00,2026-08-01 15:28:07+07:00,
4578,530697080107,A16,SG THỦ ĐỨC,Transporting,0.0071,2026-08-01,2026-08-01 16:09:49+07:00,2026-08-01 16:14:10+07:00,2026-08-01 16:41:49+07:00,
4579,530701290107,A16,SG THỦ ĐỨC,Created,0.0094,2026-08-01,2026-08-01 13:34:01+07:00,,,
4580,530702910108,A16,SG THỦ ĐỨC,Transporting,0.0105,2026-08-01,2026-07-31 19:08:25+07:00,2026-08-01 11:36:10+07:00,2026-08-01 15:27:48+07:00,
4581,530706480107,A16,SG THỦ ĐỨC,Transporting,0.0089,2026-08-01,2026-08-01 10:58:08+07:00,2026-08-01 12:27:21+07:00,2026-08-01 16:38:20+07:00,
4582,530707510108,A16,SG THỦ ĐỨC,Created,0.005,2026-08-01,2026-08-01 06:26:21+07:00,,,
4583,530709850107,A16,SG THỦ ĐỨC,Inbound,0.0078,2026-08-01,2026-08-01 15:56:06+07:00,,2026-07-30 21:35:53+07:00,2026-08-01 15:56:06+07:00
4584,530712490107,A16,SG THỦ ĐỨC,Created,0.008,2026-08-01,2026-08-01 16:14:42+07:00,,,
4585,530714280107,A16,SG THỦ ĐỨC,Created,0.008,2026-08-01,2026-08-01 09:54:48+07:00,2026-08-01 14:22:39+07:00,,
4586,530714510108,A16,SG THỦ ĐỨC,Transporting,0.008,2026-08-01,2026-07-31 19:28:36+07:00,2026-08-01 11:36:11+07:00,2026-08-01 15:27:49+07:00,
4587,530717080107,A16,SG THỦ ĐỨC,Transporting,0.0092,2026-08-01,2026-08-01 08:49:43+07:00,2026-08-01 11:03:26+07:00,2026-08-01 15:25:47+07:00,
4588,530719270107,A16,SG THỦ ĐỨC,Created,0.0054,2026-08-01,2026-07-31 21:56:08+07:00,2026-08-01 11:50:21+07:00,,
4589,530720890107,A16,SG THỦ ĐỨC,Created,0.013,2026-08-01,2026-08-01 14:01:58+07:00,,,
4590,530722720108,A16,SG THỦ ĐỨC,Created,0.007,2026-08-01,2026-08-01 10:45:27+07:00,2026-08-01 11:00:24+07:00,,
4591,530722880107,A16,SG THỦ ĐỨC,Created,0.006,2026-08-01,2026-08-01 11:58:03+07:00,,,
4592,530725120108,A16,SG THỦ ĐỨC,Created,0.0075,2026-08-01,2026-08-01 12:06:54+07:00,2026-08-01 16:14:48+07:00,,
4593,530726490107,A16,SG THỦ ĐỨC,Created,0.01,2026-08-01,2026-08-01 16:49:35+07:00,,,
4594,530728520108,A16,SG THỦ ĐỨC,Created,0.0081,2026-08-01,2026-08-01 14:49:11+07:00,,,
4595,530733720108,A16,SG THỦ ĐỨC,Created,0.007,2026-08-01,2026-08-01 15:59:05+07:00,,,
4596,530733760107,A16,SG THỦ ĐỨC,Inbound,0.0102,2026-08-01,2026-08-01 14:52:56+07:00,,2026-07-31 00:10:00+07:00,2026-08-01 14:52:56+07:00
4597,530735880107,A16,SG THỦ ĐỨC,Transporting,0.01,2026-08-01,2026-08-01 13:08:19+07:00,2026-08-01 14:54:00+07:00,2026-08-01 15:44:49+07:00,
4598,530735910108,A16,SG THỦ ĐỨC,Created,0.0064,2026-08-01,2026-08-01 09:58:46+07:00,,,
4599,530735980107,A16,SG THỦ ĐỨC,Inbound,0.0087,2026-08-01,2026-08-01 15:05:36+07:00,,2026-07-30 23:45:21+07:00,2026-08-01 15:05:36+07:00
4600,530736320108,A16,SG THỦ ĐỨC,Transporting,0.0085,2026-08-01,2026-08-01 13:02:33+07:00,2026-08-01 14:53:54+07:00,2026-08-01 14:53:57+07:00,
4601,530736480107,A16,SG THỦ ĐỨC,Transporting,0.0068,2026-08-01,2026-08-01 11:48:02+07:00,2026-08-01 15:41:37+07:00,2026-08-01 15:41:38+07:00,
4602,530738290107,A16,SG THỦ ĐỨC,Created,0.0151,2026-08-01,2026-08-01 14:22:27+07:00,2026-08-01 16:22:05+07:00,,
4603,530739260107,A16,SG THỦ ĐỨC,Created,0.016,2026-08-01,2026-07-31 07:45:06+07:00,2026-08-01 14:32:21+07:00,,
4604,530741270107,A16,SG THỦ ĐỨC,Transporting,0.0092,2026-08-01,2026-08-01 08:49:43+07:00,2026-08-01 11:03:29+07:00,2026-08-01 15:25:49+07:00,
4605,530742510108,A16,SG THỦ ĐỨC,Transporting,0.0075,2026-08-01,2026-08-01 09:43:56+07:00,2026-08-01 11:58:00+07:00,2026-08-01 12:15:25+07:00,
4606,530742710108,A16,SG THỦ ĐỨC,Created,0.0056,2026-08-01,2026-08-01 09:45:50+07:00,2026-08-01 11:25:48+07:00,,
4607,530742880107,A16,SG THỦ ĐỨC,Transporting,0.0084,2026-08-01,2026-08-01 08:51:01+07:00,2026-08-01 13:35:53+07:00,2026-08-01 15:29:07+07:00,
4608,530747880107,A16,SG THỦ ĐỨC,Transporting,0.0079,2026-08-01,2026-08-01 14:13:30+07:00,2026-08-01 16:13:51+07:00,2026-08-01 16:42:02+07:00,
4609,530748670107,A16,SG THỦ ĐỨC,Transporting,0.0051,2026-08-01,2026-08-01 07:57:47+07:00,2026-08-01 11:59:29+07:00,2026-08-01 15:27:51+07:00,
4610,530752470107,A16,SG THỦ ĐỨC,Created,0.0052,2026-08-01,2026-08-01 08:07:46+07:00,2026-08-01 11:21:20+07:00,,
4611,530753470107,A16,SG THỦ ĐỨC,Created,0.007,2026-08-01,2026-08-01 08:46:50+07:00,2026-08-01 16:33:41+07:00,,
4612,530754270107,A16,SG THỦ ĐỨC,Created,0.0338,2026-08-01,2026-08-01 08:47:01+07:00,2026-08-01 14:30:49+07:00,,
4613,530758360107,A16,SG THỦ ĐỨC,Inbound,0.0066,2026-08-01,2026-08-01 15:36:12+07:00,,2026-07-30 21:59:02+07:00,2026-08-01 15:36:12+07:00
4614,530760470107,A16,SG THỦ ĐỨC,Created,0.0058,2026-08-01,2026-08-01 08:29:11+07:00,2026-08-01 11:19:41+07:00,,
4615,530764070107,A16,SG THỦ ĐỨC,Created,0.01,2026-08-01,2026-08-01 08:29:39+07:00,2026-08-01 10:30:19+07:00,,
4616,530767080107,A16,SG THỦ ĐỨC,Inbound,0.0367,2026-08-01,2026-08-01 11:23:48+07:00,2026-08-01 14:24:33+07:00,2026-08-01 14:29:54+07:00,2026-08-01 15:38:38+07:00
4617,530770110108,A16,SG THỦ ĐỨC,Transporting,0.0113,2026-08-01,2026-08-01 11:05:14+07:00,2026-08-01 14:16:40+07:00,2026-08-01 15:34:41+07:00,
4618,530773880107,A16,SG THỦ ĐỨC,Created,0.0128,2026-08-01,2026-08-01 14:33:03+07:00,,,
4619,530774500108,A16,SG THỦ ĐỨC,Transporting,0.008,2026-08-01,2026-07-31 16:58:54+07:00,2026-08-01 16:04:57+07:00,2026-08-01 16:05:57+07:00,
4620,530776910108,A16,SG THỦ ĐỨC,Transporting,0.008,2026-08-01,2026-08-01 08:15:26+07:00,2026-08-01 12:41:56+07:00,2026-08-01 15:28:05+07:00,
4621,530777080107,A16,SG THỦ ĐỨC,Transporting,0.0057,2026-08-01,2026-08-01 13:04:26+07:00,2026-08-01 14:01:53+07:00,2026-08-01 14:01:53+07:00,
4622,530779670107,A16,SG THỦ ĐỨC,Created,0.009,2026-08-01,2026-08-01 09:29:53+07:00,,,
4623,530780510108,A16,SG THỦ ĐỨC,Created,0.0085,2026-08-01,2026-08-01 13:05:10+07:00,,,
4624,530781320108,A16,SG THỦ ĐỨC,Created,0.005,2026-08-01,2026-08-01 15:49:13+07:00,2026-08-01 16:38:33+07:00,,
4625,530781720108,A16,SG THỦ ĐỨC,Created,0.005,2026-08-01,2026-08-01 15:49:13+07:00,2026-08-01 16:38:01+07:00,,
4626,530787370107,A16,SG THỦ ĐỨC,Inbound,0.0062,2026-08-01,2026-08-01 16:44:37+07:00,,2026-07-30 21:07:12+07:00,2026-08-01 16:44:37+07:00
4627,530788510108,A16,SG THỦ ĐỨC,Created,0.0094,2026-08-01,2026-08-01 12:38:08+07:00,,,
4628,530789870107,A16,SG THỦ ĐỨC,Transporting,0.0097,2026-08-01,2026-07-31 22:47:11+07:00,2026-08-01 11:18:32+07:00,2026-08-01 13:52:55+07:00,
4629,530790110108,A16,SG THỦ ĐỨC,Created,0.007,2026-08-01,2026-08-01 12:51:00+07:00,,,
4630,530793080107,A16,SG THỦ ĐỨC,Created,0.008,2026-08-01,2026-08-01 15:35:42+07:00,,,
4631,530794710108,A16,SG THỦ ĐỨC,Created,0.0097,2026-08-01,2026-08-01 13:44:42+07:00,2026-08-01 16:44:51+07:00,,
4632,530796280107,A16,SG THỦ ĐỨC,Created,0.012,2026-08-01,2026-08-01 15:30:09+07:00,,,
4633,530796870107,A16,SG THỦ ĐỨC,Transporting,0.0124,2026-08-01,2026-08-01 09:42:04+07:00,2026-08-01 13:55:37+07:00,2026-08-01 13:55:37+07:00,
4634,530798280107,A16,SG THỦ ĐỨC,Created,0.0059,2026-08-01,2026-08-01 13:13:43+07:00,2026-08-01 14:56:02+07:00,,
4635,530800490107,A16,SG THỦ ĐỨC,Created,0.006,2026-08-01,2026-08-01 13:16:52+07:00,,,
4636,530800730108,A16,SG THỦ ĐỨC,Created,0.0098,2026-08-01,2026-08-01 16:46:10+07:00,,,
4637,530802080107,A16,SG THỦ ĐỨC,Transporting,0.015,2026-08-01,2026-08-01 07:56:12+07:00,2026-08-01 16:42:18+07:00,2026-08-01 16:42:26+07:00,
4638,530802110108,A16,SG THỦ ĐỨC,Created,0.0076,2026-08-01,2026-07-31 19:15:58+07:00,2026-08-01 10:58:01+07:00,,
4639,530802280107,A16,SG THỦ ĐỨC,Created,0.016,2026-08-01,2026-08-01 07:58:30+07:00,2026-08-01 14:35:01+07:00,,
4640,530803480107,A16,SG THỦ ĐỨC,Transporting,0.0072,2026-08-01,2026-08-01 08:15:27+07:00,2026-08-01 12:42:50+07:00,2026-08-01 15:28:09+07:00,
4641,530804280107,A16,SG THỦ ĐỨC,Created,0.007,2026-08-01,2026-08-01 10:50:28+07:00,2026-08-01 10:54:32+07:00,,
4642,530805320108,A16,SG THỦ ĐỨC,Created,0.0225,2026-08-01,2026-08-01 14:47:33+07:00,,,
4643,530809320108,A16,SG THỦ ĐỨC,Created,0.012,2026-08-01,2026-08-01 14:10:18+07:00,,,
4644,530814320108,A16,SG THỦ ĐỨC,Transporting,0.01,2026-08-01,2026-08-01 14:07:50+07:00,2026-08-01 15:11:10+07:00,2026-08-01 16:01:23+07:00,
4645,530817090107,A16,SG THỦ ĐỨC,Transporting,0.01,2026-08-01,2026-08-01 14:17:07+07:00,2026-08-01 15:10:10+07:00,2026-08-01 16:23:03+07:00,
4646,530817490107,A16,SG THỦ ĐỨC,Transporting,0.012,2026-08-01,2026-08-01 14:17:57+07:00,2026-08-01 14:53:04+07:00,2026-08-01 15:34:58+07:00,
4647,530817890107,A16,SG THỦ ĐỨC,Transporting,0.01,2026-08-01,2026-08-01 14:18:56+07:00,2026-08-01 15:09:25+07:00,2026-08-01 15:50:44+07:00,
4648,530820380107,A16,SG THỦ ĐỨC,Inbound,0.007,2026-08-01,2026-08-01 15:34:27+07:00,,2026-07-30 21:58:33+07:00,2026-08-01 15:34:27+07:00
4649,530821480107,A16,SG THỦ ĐỨC,Created,0.0095,2026-08-01,2026-08-01 12:57:53+07:00,2026-08-01 14:59:13+07:00,,
4650,530822720108,A16,SG THỦ ĐỨC,Created,0.0062,2026-08-01,2026-08-01 10:47:59+07:00,,,
4651,530826510108,A16,SG THỦ ĐỨC,Created,0.011,2026-08-01,2026-08-01 08:33:22+07:00,,,
4652,530830080107,A16,SG THỦ ĐỨC,Transporting,0.006,2026-08-01,2026-08-01 08:05:25+07:00,2026-08-01 11:22:27+07:00,2026-08-01 15:26:47+07:00,
4653,530833490107,A16,SG THỦ ĐỨC,Transporting,0.02,2026-08-01,2026-08-01 14:22:16+07:00,2026-08-01 15:04:38+07:00,2026-08-01 16:39:56+07:00,
4654,530833890107,A16,SG THỦ ĐỨC,Created,0.0151,2026-08-01,2026-08-01 14:22:27+07:00,2026-08-01 16:22:07+07:00,,
4655,530835110108,A16,SG THỦ ĐỨC,Created,0.0194,2026-08-01,2026-08-01 10:00:20+07:00,,,
4656,530836880107,A16,SG THỦ ĐỨC,Created,0.006,2026-08-01,2026-08-01 12:00:00+07:00,,,
4657,530837920108,A16,SG THỦ ĐỨC,Transporting,0.01,2026-08-01,2026-08-01 13:08:19+07:00,2026-08-01 14:52:24+07:00,2026-08-01 15:46:50+07:00,
4658,530838280107,A16,SG THỦ ĐỨC,Created,0.0116,2026-08-01,2026-08-01 12:52:06+07:00,,,
4659,530838470107,A16,SG THỦ ĐỨC,Created,0.0062,2026-08-01,2026-07-31 19:36:41+07:00,2026-08-01 11:33:50+07:00,,
4660,530838920108,A16,SG THỦ ĐỨC,Created,0.0063,2026-08-01,2026-08-01 14:23:01+07:00,,,
4661,530841880107,A16,SG THỦ ĐỨC,Created,0.006,2026-08-01,2026-08-01 09:06:08+07:00,2026-08-01 14:45:15+07:00,,
4662,530841980107,A16,SG THỦ ĐỨC,Inbound,0.0062,2026-08-01,2026-08-01 14:53:07+07:00,,2026-07-31 00:08:41+07:00,2026-08-01 14:53:07+07:00
4663,530844320108,A16,SG THỦ ĐỨC,Created,0.0128,2026-08-01,2026-08-01 16:37:07+07:00,,,
4664,530849070107,A16,SG THỦ ĐỨC,Transporting,0.01,2026-08-01,2026-08-01 09:01:32+07:00,2026-08-01 10:12:28+07:00,2026-08-01 15:48:20+07:00,
4665,530851680107,A16,SG THỦ ĐỨC,Created,0.0066,2026-08-01,2026-08-01 09:44:30+07:00,2026-08-01 11:26:07+07:00,,
4666,530852920108,A16,SG THỦ ĐỨC,Transporting,0.01,2026-08-01,2026-08-01 13:40:20+07:00,2026-08-01 15:23:18+07:00,2026-08-01 16:18:05+07:00,
4667,530853670107,A16,SG THỦ ĐỨC,Transporting,0.01,2026-08-01,2026-08-01 08:54:01+07:00,2026-08-01 10:59:52+07:00,2026-08-01 16:00:19+07:00,
4668,530854250107,A16,SG THỦ ĐỨC,Inbound,0.0065,2026-08-01,2026-08-01 16:45:45+07:00,,2026-07-30 21:05:13+07:00,2026-08-01 16:45:45+07:00
4669,530854510108,A16,SG THỦ ĐỨC,Created,0.007,2026-08-01,2026-08-01 07:04:53+07:00,,,
4670,530855080107,A16,SG THỦ ĐỨC,Created,0.01,2026-08-01,2026-08-01 10:40:14+07:00,,,
4671,530855470107,A16,SG THỦ ĐỨC,Created,0.0082,2026-08-01,2026-08-01 10:19:58+07:00,,,
4672,530857040107,A16,SG THỦ ĐỨC,Inbound,0.0062,2026-08-01,2026-08-01 15:00:53+07:00,,2026-07-30 23:51:26+07:00,2026-08-01 15:00:53+07:00
4673,530857680107,A16,SG THỦ ĐỨC,Created,0.01,2026-08-01,2026-08-01 14:05:20+07:00,2026-08-01 16:27:43+07:00,,
4674,530858510108,A16,SG THỦ ĐỨC,Created,0.0102,2026-08-01,2026-08-01 10:31:55+07:00,,,
4675,530859080107,A16,SG THỦ ĐỨC,Created,0.0117,2026-08-01,2026-08-01 13:51:17+07:00,2026-08-01 16:49:02+07:00,,
4676,530859880107,A16,SG THỦ ĐỨC,Created,0.006,2026-08-01,2026-08-01 13:55:49+07:00,,,
4677,530861070107,A16,SG THỦ ĐỨC,Created,0.0058,2026-08-01,2026-08-01 09:35:42+07:00,2026-08-01 11:20:21+07:00,,
4678,530861840107,A16,SG THỦ ĐỨC,Inbound,0.007,2026-08-01,2026-08-01 15:48:00+07:00,,2026-07-30 21:58:01+07:00,2026-08-01 15:48:00+07:00
4679,530870670107,A16,SG THỦ ĐỨC,Created,0.0144,2026-08-01,2026-08-01 08:04:44+07:00,,,
4680,530871070107,A16,SG THỦ ĐỨC,Created,0.0053,2026-08-01,2026-08-01 08:34:34+07:00,2026-08-01 11:20:30+07:00,,
4681,530872160107,A16,SG THỦ ĐỨC,Inbound,0.006,2026-08-01,2026-08-01 15:19:19+07:00,,2026-07-30 23:46:11+07:00,2026-08-01 15:19:19+07:00
4682,530874160107,A16,SG THỦ ĐỨC,Inbound,0.006,2026-08-01,2026-08-01 14:54:31+07:00,,2026-07-30 23:53:59+07:00,2026-08-01 14:54:31+07:00
4683,530874680107,A16,SG THỦ ĐỨC,Created,0.0094,2026-08-01,2026-08-01 13:42:42+07:00,,,
4684,530875480107,A16,SG THỦ ĐỨC,Transporting,0.01,2026-08-01,2026-08-01 14:07:50+07:00,2026-08-01 15:11:10+07:00,2026-08-01 16:01:22+07:00,
4685,530875900108,A16,SG THỦ ĐỨC,Transporting,0.02,2026-08-01,2026-08-01 07:05:11+07:00,2026-08-01 10:34:37+07:00,2026-08-01 12:35:16+07:00,
4686,530876680107,A16,SG THỦ ĐỨC,Created,0.0164,2026-08-01,2026-08-01 12:45:10+07:00,,,
4687,530876910108,A16,SG THỦ ĐỨC,Created,0.007,2026-08-01,2026-08-01 08:15:27+07:00,2026-08-01 16:47:55+07:00,,
4688,530877310108,A16,SG THỦ ĐỨC,Transporting,0.01,2026-08-01,2026-08-01 08:25:00+07:00,2026-08-01 10:12:58+07:00,2026-08-01 15:47:35+07:00,
4689,530878710108,A16,SG THỦ ĐỨC,Created,0.0085,2026-08-01,2026-08-01 13:07:00+07:00,,,
4690,530882580107,A16,SG THỦ ĐỨC,Inbound,0.01,2026-08-01,2026-08-01 16:45:39+07:00,,2026-07-30 21:05:56+07:00,2026-08-01 16:45:39+07:00
4691,530883870107,A16,SG THỦ ĐỨC,Created,0.005,2026-08-01,2026-08-01 09:24:06+07:00,,,
4692,530883960107,A16,SG THỦ ĐỨC,Inbound,0.012,2026-08-01,2026-08-01 16:01:59+07:00,,2026-07-30 21:27:55+07:00,2026-08-01 16:01:59+07:00
4693,530884470107,A16,SG THỦ ĐỨC,Created,0.007,2026-08-01,2026-08-01 09:13:31+07:00,2026-08-01 11:00:15+07:00,,
4694,530885480107,A16,SG THỦ ĐỨC,Created,0.0051,2026-08-01,2026-08-01 16:12:34+07:00,,,
4695,530887980107,A16,SG THỦ ĐỨC,Inbound,0.0055,2026-08-01,2026-08-01 16:00:03+07:00,,2026-07-30 21:27:16+07:00,2026-08-01 16:00:03+07:00
4696,530888710108,A16,SG THỦ ĐỨC,Created,0.0094,2026-08-01,2026-08-01 12:47:40+07:00,,,
4697,530889510108,A16,SG THỦ ĐỨC,Created,0.0071,2026-08-01,2026-08-01 13:31:21+07:00,,,
4698,530889670107,A16,SG THỦ ĐỨC,Transporting,0.115,2026-08-01,2026-07-31 23:17:15+07:00,2026-08-01 15:21:53+07:00,2026-08-01 16:28:58+07:00,
4699,530889880107,A16,SG THỦ ĐỨC,Created,0.0375,2026-08-01,2026-08-01 16:02:16+07:00,,,
4700,530890710108,A16,SG THỦ ĐỨC,Transporting,0.01,2026-08-01,2026-08-01 13:02:34+07:00,2026-08-01 16:10:12+07:00,2026-08-01 16:10:12+07:00,
4701,530891110108,A16,SG THỦ ĐỨC,Created,0.01,2026-08-01,2026-08-01 13:35:42+07:00,2026-08-01 15:26:01+07:00,,
4702,530894910108,A16,SG THỦ ĐỨC,Transporting,0.01,2026-08-01,2026-08-01 13:49:15+07:00,2026-08-01 15:24:29+07:00,2026-08-01 16:44:58+07:00,
4703,530895070107,A16,SG THỦ ĐỨC,Transporting,0.012,2026-08-01,2026-08-01 07:05:11+07:00,2026-08-01 10:33:31+07:00,2026-08-01 12:34:14+07:00,
4704,530895310108,A16,SG THỦ ĐỨC,Transporting,0.01,2026-08-01,2026-08-01 14:18:56+07:00,2026-08-01 15:09:40+07:00,2026-08-01 15:51:15+07:00,
4705,530895370107,A16,SG THỦ ĐỨC,Inbound,0.0068,2026-08-01,2026-08-01 14:53:01+07:00,,2026-07-31 00:08:09+07:00,2026-08-01 14:53:01+07:00
4706,530896470107,A16,SG THỦ ĐỨC,Created,0.0056,2026-08-01,2026-08-01 09:43:52+07:00,2026-08-01 11:26:58+07:00,,
4707,530898070107,A16,SG THỦ ĐỨC,Created,0.0098,2026-08-01,2026-08-01 09:52:40+07:00,2026-08-01 11:04:05+07:00,,
4708,530901120108,A16,SG THỦ ĐỨC,Created,0.0066,2026-08-01,2026-08-01 14:41:18+07:00,2026-08-01 16:50:44+07:00,,
4709,530906520108,A16,SG THỦ ĐỨC,Transporting,0.013,2026-08-01,2026-08-01 09:58:16+07:00,2026-08-01 16:03:53+07:00,2026-08-01 16:06:11+07:00,
4710,530906720108,A16,SG THỦ ĐỨC,Transporting,0.015,2026-08-01,2026-08-01 09:58:16+07:00,2026-08-01 16:04:01+07:00,2026-08-01 16:06:02+07:00,
4711,530908480107,A16,SG THỦ ĐỨC,Transporting,0.0051,2026-08-01,2026-08-01 10:53:42+07:00,2026-08-01 14:34:14+07:00,2026-08-01 14:34:41+07:00,
4712,530908680107,A16,SG THỦ ĐỨC,Transporting,0.0051,2026-08-01,2026-08-01 10:54:16+07:00,2026-08-01 14:34:10+07:00,2026-08-01 14:34:38+07:00,
4713,530909120108,A16,SG THỦ ĐỨC,Transporting,0.02,2026-08-01,2026-08-01 14:13:07+07:00,2026-08-01 15:10:37+07:00,2026-08-01 16:02:52+07:00,
4714,530909310108,A16,SG THỦ ĐỨC,Created,0.0086,2026-08-01,2026-08-01 08:29:10+07:00,2026-08-01 11:19:04+07:00,,
4715,530917290107,A16,SG THỦ ĐỨC,Transporting,0.01,2026-08-01,2026-08-01 14:18:56+07:00,2026-08-01 15:09:22+07:00,2026-08-01 15:50:48+07:00,
4716,530917520108,A16,SG THỦ ĐỨC,Transporting,0.01,2026-08-01,2026-08-01 14:33:42+07:00,2026-08-01 15:08:06+07:00,2026-08-01 16:23:11+07:00,
4717,530919520108,A16,SG THỦ ĐỨC,Created,0.0055,2026-08-01,2026-08-01 14:20:07+07:00,,,
4718,530927270107,A16,SG THỦ ĐỨC,Created,0.0088,2026-08-01,2026-08-01 07:22:50+07:00,2026-08-01 10:59:16+07:00,,
4719,530927680107,A16,SG THỦ ĐỨC,Transporting,0.0064,2026-08-01,2026-08-01 08:18:02+07:00,2026-08-01 09:04:15+07:00,2026-08-01 12:32:22+07:00,
4720,530929110108,A16,SG THỦ ĐỨC,Transporting,0.0073,2026-08-01,2026-08-01 09:09:29+07:00,2026-08-01 13:36:02+07:00,2026-08-01 15:29:12+07:00,
4721,530930080107,A16,SG THỦ ĐỨC,Transporting,0.0094,2026-08-01,2026-08-01 08:07:32+07:00,2026-08-01 13:59:10+07:00,2026-08-01 15:29:38+07:00,
4722,530930680107,A16,SG THỦ ĐỨC,Created,0.0065,2026-08-01,2026-08-01 08:09:55+07:00,2026-08-01 10:51:18+07:00,,
4723,530934510108,A16,SG THỦ ĐỨC,Created,0.006,2026-08-01,2026-08-01 09:06:08+07:00,2026-08-01 14:45:10+07:00,,
4724,530937720108,A16,SG THỦ ĐỨC,Transporting,0.01,2026-08-01,2026-08-01 13:08:19+07:00,2026-08-01 14:53:45+07:00,2026-08-01 15:45:02+07:00,
4725,530938680107,A16,SG THỦ ĐỨC,Transporting,0.0062,2026-08-01,2026-08-01 13:01:29+07:00,2026-08-01 15:03:15+07:00,2026-08-01 15:03:18+07:00,
4726,530939490107,A16,SG THỦ ĐỨC,Created,0.0174,2026-08-01,2026-08-01 14:58:42+07:00,,,
4727,530939680107,A16,SG THỦ ĐỨC,Created,0.009,2026-08-01,2026-08-01 13:35:07+07:00,,,
4728,530940670107,A16,SG THỦ ĐỨC,Created,0.012,2026-08-01,2026-08-01 08:11:09+07:00,2026-08-01 08:21:22+07:00,,
4729,530941520108,A16,SG THỦ ĐỨC,Created,0.01,2026-08-01,2026-08-01 13:35:42+07:00,2026-08-01 15:26:02+07:00,,
4730,530942670107,A16,SG THỦ ĐỨC,Created,0.0196,2026-08-01,2026-08-01 07:09:50+07:00,2026-08-01 15:16:04+07:00,,
4731,530943510108,A16,SG THỦ ĐỨC,Created,0.015,2026-08-01,2026-08-01 11:28:15+07:00,2026-08-01 13:39:36+07:00,,
4732,530945510108,A16,SG THỦ ĐỨC,Transporting,0.01,2026-08-01,2026-08-01 13:08:18+07:00,2026-08-01 14:52:42+07:00,2026-08-01 15:46:01+07:00,
4733,530949270107,A16,SG THỦ ĐỨC,Created,0.011,2026-08-01,2026-08-01 09:04:32+07:00,2026-08-01 10:58:38+07:00,,
4734,530949310108,A16,SG THỦ ĐỨC,Created,0.0085,2026-08-01,2026-08-01 08:57:02+07:00,2026-08-01 13:48:53+07:00,,
4735,530950290107,A16,SG THỦ ĐỨC,Created,0.009,2026-08-01,2026-08-01 16:02:28+07:00,,,
4736,530950890107,A16,SG THỦ ĐỨC,Created,0.0088,2026-08-01,2026-08-01 16:03:09+07:00,,,
4737,530953310108,A16,SG THỦ ĐỨC,Transporting,0.0052,2026-08-01,2026-08-01 11:28:47+07:00,2026-08-01 14:17:43+07:00,2026-08-01 14:18:17+07:00,
4738,530953510108,A16,SG THỦ ĐỨC,Transporting,0.0052,2026-08-01,2026-08-01 11:29:14+07:00,2026-08-01 14:17:21+07:00,2026-08-01 14:18:31+07:00,
4739,530954270107,A16,SG THỦ ĐỨC,Created,0.006,2026-08-01,2026-08-01 08:59:10+07:00,,,
4740,530954510108,A16,SG THỦ ĐỨC,Created,0.0165,2026-08-01,2026-08-01 07:05:22+07:00,2026-08-01 10:34:12+07:00,,
4741,530955280107,A16,SG THỦ ĐỨC,Transporting,0.008,2026-08-01,2026-08-01 10:50:46+07:00,2026-08-01 13:52:44+07:00,2026-08-01 13:52:54+07:00,
4742,530955710108,A16,SG THỦ ĐỨC,Transporting,0.02,2026-08-01,2026-08-01 07:32:04+07:00,2026-08-01 10:49:55+07:00,2026-08-01 15:53:15+07:00,
4743,530956520108,A16,SG THỦ ĐỨC,Transporting,0.01,2026-08-01,2026-08-01 13:40:20+07:00,2026-08-01 15:20:48+07:00,2026-08-01 16:19:52+07:00,
4744,530962520108,A16,SG THỦ ĐỨC,Created,0.0088,2026-08-01,2026-08-01 16:44:19+07:00,,,
4745,530964510108,A16,SG THỦ ĐỨC,Created,0.008,2026-08-01,2026-08-01 08:04:45+07:00,,,
4746,530965480107,A16,SG THỦ ĐỨC,Created,0.0055,2026-08-01,2026-08-01 16:04:02+07:00,,,
4747,530965910108,A16,SG THỦ ĐỨC,Transporting,0.0072,2026-08-01,2026-08-01 08:15:26+07:00,2026-08-01 12:43:53+07:00,2026-08-01 15:28:13+07:00,
4748,530967880107,A16,SG THỦ ĐỨC,Created,0.006,2026-08-01,2026-08-01 11:34:00+07:00,,,
4749,530970710108,A16,SG THỦ ĐỨC,Transporting,0.0052,2026-08-01,2026-08-01 11:31:28+07:00,2026-08-01 14:00:44+07:00,2026-08-01 14:00:56+07:00,
4750,530971270107,A16,SG THỦ ĐỨC,Transporting,0.01,2026-08-01,2026-08-01 08:37:39+07:00,2026-08-01 10:21:17+07:00,2026-08-01 16:25:01+07:00,
4751,530971510108,A16,SG THỦ ĐỨC,Transporting,0.0137,2026-08-01,2026-08-01 13:03:56+07:00,2026-08-01 15:41:47+07:00,2026-08-01 15:41:47+07:00,
4752,530974280107,A16,SG THỦ ĐỨC,Created,0.012,2026-08-01,2026-08-01 13:48:04+07:00,2026-08-01 15:41:41+07:00,,
4753,530974480107,A16,SG THỦ ĐỨC,Transporting,0.01,2026-08-01,2026-08-01 13:49:14+07:00,2026-08-01 15:24:31+07:00,2026-08-01 16:16:56+07:00,
4754,530975320108,A16,SG THỦ ĐỨC,Created,0.0054,2026-08-01,2026-08-01 15:09:20+07:00,,,
4755,530976910108,A16,SG THỦ ĐỨC,Created,0.0096,2026-08-01,2026-08-01 08:17:20+07:00,,,
4756,530977910108,A16,SG THỦ ĐỨC,Transporting,0.02,2026-08-01,2026-08-01 08:26:51+07:00,2026-08-01 10:48:47+07:00,2026-08-01 15:53:01+07:00,
4757,530978670107,A16,SG THỦ ĐỨC,Transporting,0.01,2026-08-01,2026-08-01 08:54:01+07:00,2026-08-01 11:00:01+07:00,2026-08-01 16:00:28+07:00,
4758,530978910108,A16,SG THỦ ĐỨC,Transporting,0.01,2026-08-01,2026-08-01 13:08:19+07:00,2026-08-01 14:54:37+07:00,2026-08-01 15:44:10+07:00,
4759,530979310108,A16,SG THỦ ĐỨC,Transporting,0.0093,2026-08-01,2026-08-01 13:48:54+07:00,2026-08-01 14:36:00+07:00,2026-08-01 15:55:56+07:00,
4760,530979870107,A16,SG THỦ ĐỨC,Inbound,0.0051,2026-08-01,2026-08-01 09:41:56+07:00,2026-08-01 13:33:49+07:00,2026-08-01 13:34:14+07:00,2026-08-01 16:38:38+07:00
4761,530982670107,A16,SG THỦ ĐỨC,Transporting,0.01,2026-08-01,2026-08-01 08:37:39+07:00,2026-08-01 10:21:14+07:00,2026-08-01 16:24:57+07:00,
4762,530986910108,A16,SG THỦ ĐỨC,Created,0.0063,2026-08-01,2026-08-01 12:53:03+07:00,,,
4763,530987240107,A16,SG THỦ ĐỨC,Inbound,0.01,2026-08-01,2026-08-01 15:49:59+07:00,,2026-07-30 21:58:42+07:00,2026-08-01 15:49:59+07:00
4764,530988710108,A16,SG THỦ ĐỨC,Created,0.0069,2026-08-01,2026-08-01 12:54:33+07:00,,,
4765,530992110108,A16,SG THỦ ĐỨC,Created,0.006,2026-08-01,2026-08-01 13:20:35+07:00,,,
4766,530992900108,A16,SG THỦ ĐỨC,Created,0.0085,2026-08-01,2026-07-31 21:07:50+07:00,2026-08-01 13:26:01+07:00,,
4767,530993500108,A16,SG THỦ ĐỨC,Transporting,0.0182,2026-08-01,2026-08-01 08:16:08+07:00,2026-08-01 12:00:28+07:00,2026-08-01 15:02:53+07:00,
4768,530997080107,A16,SG THỦ ĐỨC,Created,0.01,2026-08-01,2026-08-01 16:41:25+07:00,,,
4769,530997270107,A16,SG THỦ ĐỨC,Transporting,0.0103,2026-08-01,2026-08-01 10:41:45+07:00,2026-08-01 14:13:53+07:00,2026-08-01 15:34:30+07:00,
4770,530999050107,A16,SG THỦ ĐỨC,Transporting,0.0102,2026-08-01,2026-07-31 09:39:38+07:00,2026-08-01 08:29:30+07:00,2026-08-01 14:45:08+07:00,
