Bu cc,Trng thi,Volume,Weight,Ngy vn hnh_Inbound,Ngy vn hnh_Forecast,Ngy vn hnh_Pickup,Ngy vn hnh_Arrival,Inbound Hour,Forecast Time,Pickup Time,Arrival Time,Loi rt
LA ĐỨC HÒA,Created,1,8,,2026-07-13,,,,2026-07-08 10:00,,,Rớt hôm trước
SG BÌNH TÂN,Created,3,47,,2026-07-13,,,,2026-07-08 13:00,,,Rớt hôm trước
SG THỦ ĐỨC,Inbound,1,16,2026-07-11,2026-07-06,2026-07-06,2026-07-09,2026-07-11 20:00,2026-07-06 07:00,2026-07-06 09:00,2026-07-10 00:00,Rớt hôm nay
SG BÌNH TRỊ ĐÔNG,Inbound,1,10,2026-07-06,2026-07-06,2026-07-06,,2026-07-06 23:00,2026-07-06 08:00,2026-07-06 11:00,,Rớt hôm nay
SG AN LẠC,Inbound,1,5,2026-07-06,2026-07-06,2026-07-06,,2026-07-06 23:00,2026-07-06 07:00,2026-07-06 11:00,,Rớt hôm nay
SG NHƠN ĐỨC,Inbound,1,8,2026-07-06,2026-07-05,2026-07-06,,2026-07-06 17:00,2026-07-06 05:00,2026-07-06 13:00,,Rớt hôm trước
SG CỦ CHI,Inbound,1,6,2026-07-06,2026-07-05,2026-07-06,,2026-07-06 20:00,2026-07-06 05:00,2026-07-06 14:00,,Rớt hôm trước
SG BÌNH TÂN,Inbound,1,11,2026-07-06,2026-07-06,2026-07-06,,2026-07-07 02:00,2026-07-06 08:00,2026-07-06 15:00,,Rớt hôm nay
SG TÂN THỚI HIỆP,Inbound,1,6,2026-07-06,2026-07-06,2026-07-06,,2026-07-06 21:00,2026-07-06 13:00,2026-07-06 16:00,,Rớt hôm nay
DT SA ĐÉC,Inbound,1,6,2026-07-06,2026-07-06,2026-07-06,,2026-07-06 23:00,2026-07-06 16:00,2026-07-06 17:00,,Rớt hôm nay
LA BẾN LỨC,Inbound,1,6,2026-07-13,2026-07-06,2026-07-06,2026-07-11,2026-07-13 20:00,2026-07-06 08:00,2026-07-06 17:00,2026-07-11 22:00,Rớt hôm nay
SG BÌNH LỢI,Inbound,1,6,2026-07-06,2026-07-06,2026-07-06,,2026-07-07 01:00,2026-07-06 10:00,2026-07-06 17:00,,Rớt hôm nay
SG CỦ CHI,Inbound,1,6,2026-07-06,2026-07-06,2026-07-06,,2026-07-07 01:00,2026-07-06 14:00,2026-07-06 17:00,,Rớt hôm nay
SG TÂN HƯNG,Inbound,1,12,2026-07-06,2026-07-06,2026-07-06,,2026-07-06 21:00,2026-07-06 13:00,2026-07-06 17:00,,Rớt hôm nay
SG TÂN THỚI HIỆP,Inbound,1,5,2026-07-06,2026-07-06,2026-07-06,,2026-07-06 21:00,2026-07-06 16:00,2026-07-06 18:00,,Rớt hôm nay
SG CỦ CHI,Inbound,1,8,2026-07-06,2026-07-06,2026-07-06,,2026-07-06 22:00,2026-07-06 15:00,2026-07-06 19:00,,Rớt hôm nay
SG CỦ CHI,Inbound,1,19,2026-07-06,2026-07-06,2026-07-06,,2026-07-06 22:00,2026-07-06 14:00,2026-07-06 19:00,,Rớt hôm nay
SG BÌNH TÂN,Inbound,1,20,2026-07-13,2026-07-06,2026-07-06,2026-07-11,2026-07-13 20:00,2026-07-06 09:00,2026-07-07 02:00,2026-07-11 23:00,Rớt hôm nay
SG TÂN HƯNG,Inbound,1,6,2026-07-13,2026-07-07,2026-07-07,2026-07-13,2026-07-13 19:00,2026-07-07 07:00,2026-07-07 10:00,2026-07-13 17:00,Rớt hôm nay
SG TÂN HƯNG,Inbound,6,49,2026-07-07,2026-07-07,2026-07-07,,2026-07-07 21:00,2026-07-07 08:00,2026-07-07 10:00,,Rớt hôm nay
SG TÂN HƯNG,Inbound,1,12,2026-07-07,2026-07-07,2026-07-07,,2026-07-07 21:00,2026-07-07 07:00,2026-07-07 10:00,,Rớt hôm nay
SG TÂN HƯNG,Inbound,1,8,2026-07-07,2026-07-07,2026-07-07,,2026-07-07 21:00,2026-07-07 09:00,2026-07-07 10:00,,Rớt hôm nay
SG TÂN HƯNG,Inbound,1,9,2026-07-07,2026-07-07,2026-07-07,,2026-07-07 21:00,2026-07-07 06:00,2026-07-07 11:00,,Rớt hôm nay
SG ĐÔNG HƯNG THUẬN,Inbound,2,24,2026-07-07,2026-07-07,2026-07-07,,2026-07-07 21:00,2026-07-07 10:00,2026-07-07 11:00,,Rớt hôm nay
SG ĐÔNG HƯNG THUẬN,Inbound,1,12,2026-07-07,2026-07-06,2026-07-07,,2026-07-07 21:00,2026-07-06 20:00,2026-07-07 11:00,,Rớt hôm trước
SG TÂN TẠO,Inbound,1,8,2026-07-07,2026-07-07,2026-07-07,,2026-07-07 22:00,2026-07-07 08:00,2026-07-07 11:00,,Rớt hôm nay
SG CỦ CHI,Inbound,1,16,2026-07-10,2026-07-07,2026-07-07,,2026-07-10 23:00,2026-07-07 07:00,2026-07-07 11:00,,Rớt hôm nay
AG TÂN CHÂU,Inbound,1,8,2026-07-07,2026-07-07,2026-07-07,,2026-07-07 23:00,2026-07-07 10:00,2026-07-07 14:00,,Rớt hôm nay
SG TÂN HƯNG,Inbound,1,8,2026-07-07,2026-07-07,2026-07-07,,2026-07-07 21:00,2026-07-07 10:00,2026-07-07 14:00,,Rớt hôm nay
SG PHÚ LÂM,Inbound,1,15,2026-07-07,2026-07-07,2026-07-07,,2026-07-07 21:00,2026-07-07 14:00,2026-07-07 15:00,,Rớt hôm nay
SG CHỢ LỚN,Inbound,1,5,2026-07-07,2026-07-07,2026-07-07,,2026-07-07 21:00,2026-07-07 09:00,2026-07-07 16:00,,Rớt hôm nay
SG CỦ CHI,Inbound,1,5,2026-07-09,2026-07-07,2026-07-07,,2026-07-10 00:00,2026-07-07 11:00,2026-07-07 16:00,,Rớt hôm nay
SG VĨNH LỘC,Inbound,1,36,2026-07-07,2026-07-07,2026-07-07,,2026-07-07 19:00,2026-07-07 10:00,2026-07-07 16:00,,Rớt hôm nay
SG TÂN HƯNG,Inbound,1,8,2026-07-07,2026-07-07,2026-07-07,,2026-07-07 21:00,2026-07-07 12:00,2026-07-07 16:00,,Rớt hôm nay
SG TÂN HƯNG,Inbound,1,7,2026-07-07,2026-07-07,2026-07-07,,2026-07-07 21:00,2026-07-07 07:00,2026-07-07 17:00,,Rớt hôm nay
SG TÂN HƯNG,Inbound,2,11,2026-07-07,2026-07-07,2026-07-07,,2026-07-07 21:00,2026-07-07 12:00,2026-07-07 17:00,,Rớt hôm nay
SG TÂN HƯNG,Inbound,2,11,2026-07-07,2026-07-07,2026-07-07,,2026-07-07 21:00,2026-07-07 11:00,2026-07-07 17:00,,Rớt hôm nay
SG BÌNH TRỊ ĐÔNG,Inbound,1,10,2026-07-07,2026-07-07,2026-07-07,,2026-07-07 21:00,2026-07-07 16:00,2026-07-07 17:00,,Rớt hôm nay
SG TÂN HƯNG,Inbound,1,5,2026-07-07,2026-07-07,2026-07-07,,2026-07-07 21:00,2026-07-07 08:00,2026-07-07 17:00,,Rớt hôm nay
AG LONG XUYÊN,Pickup Done,1,5,,2026-07-07,2026-07-07,,,2026-07-07 18:00,2026-07-07 21:00,,Rớt hôm nay
SG BÌNH TÂN,Inbound,1,23,2026-07-07,2026-07-07,2026-07-07,,2026-07-08 01:00,2026-07-07 17:00,2026-07-07 22:00,,Rớt hôm nay
SG BÌNH TÂN,Inbound,1,16,2026-07-07,2026-07-07,2026-07-07,,2026-07-08 01:00,2026-07-07 13:00,2026-07-07 22:00,,Rớt hôm nay
SG BÌNH TÂN,Pickup Done,1,11,,2026-07-06,2026-07-07,,,2026-07-06 09:00,2026-07-07 23:00,,Rớt hôm trước
SG BÌNH TÂN,Inbound,1,9,2026-07-07,2026-07-06,2026-07-07,,2026-07-08 03:00,2026-07-07 00:00,2026-07-07 23:00,,Rớt hôm trước
SG CỦ CHI,Inbound,1,8,2026-07-08,2026-07-08,2026-07-08,2026-07-10,2026-07-08 23:00,2026-07-08 10:00,2026-07-08 10:00,2026-07-10 20:00,Rớt hôm nay
SG BÌNH TÂN,Inbound,1,5,2026-07-08,2026-07-08,2026-07-08,,2026-07-09 01:00,2026-07-08 11:00,2026-07-08 17:00,,Rớt hôm nay
SG VĨNH LỘC,Inbound,1,6,2026-07-13,2026-07-08,2026-07-08,2026-07-13,2026-07-13 20:00,2026-07-08 13:00,2026-07-08 18:00,2026-07-13 17:00,Rớt hôm nay
SG NHƠN ĐỨC,Inbound,1,5,2026-07-13,2026-07-08,2026-07-08,2026-07-13,2026-07-13 19:00,2026-07-08 15:00,2026-07-08 18:00,2026-07-13 17:00,Rớt hôm nay
SG TÂN TẠO,Pickup Done,2,26,,2026-07-13,2026-07-13,,,2026-07-08 08:00,2026-07-13 19:00,,Rớt hôm trước
SG BÌNH TÂN,Created,4,20,,2026-07-13,,,,2026-07-08 11:00,,,Rớt hôm trước
SG BÌNH TÂN,Created,1,8,,2026-07-13,,,,2026-07-08 12:00,,,Rớt hôm trước
SG KHÁNH HỘI,Created,1,6,,2026-07-13,,,,2026-07-07 12:00,,,Rớt hôm trước
SG HƯNG LONG,Created,1,13,,2026-07-13,,,,2026-07-08 16:00,,,Rớt hôm trước
SG CỦ CHI,Inbound,1,6,2026-07-08,2026-07-07,2026-07-08,,2026-07-08 23:00,2026-07-08 05:00,2026-07-08 20:00,,Rớt hôm trước
SG BÌNH LỢI,Created,2,15,,2026-07-13,,,,2026-07-07 08:00,,,Rớt hôm trước
SG BÌNH TÂN,Created,1,9,,2026-07-13,,,,2026-07-07 04:00,,,Rớt hôm trước
SG ĐÔNG HƯNG THUẬN,Created,1,19,,2026-07-13,,,,2026-07-08 17:00,,,Rớt hôm trước
SG BÌNH TRỊ ĐÔNG,Created,1,12,,2026-07-13,,,,2026-07-06 16:00,,,Rớt hôm trước
SG THỦ ĐỨC,Created,1,12,,2026-07-13,,,,2026-07-06 08:00,,,Rớt hôm trước
SG CỦ CHI,Inbound,1,11,2026-07-08,2026-07-08,2026-07-08,,2026-07-09 00:00,2026-07-08 14:00,2026-07-08 22:00,,Rớt hôm nay
SG VĨNH LỘC,Created,1,10,,2026-07-13,,,,2026-07-07 14:00,,,Rớt hôm trước
SG CHỢ LỚN,Inbound,1,16,2026-07-10,2026-07-07,2026-07-10,2026-07-10,2026-07-10 22:00,2026-07-07 13:00,2026-07-10 12:00,2026-07-10 21:00,Rớt hôm trước
SG ĐÔNG HƯNG THUẬN,Created,8,123,,2026-07-13,,,,2026-07-07 13:00,,,Rớt hôm trước
SG BÌNH LỢI,Created,2,26,,2026-07-13,,,,2026-07-08 14:00,,,Rớt hôm trước
SG BÌNH TÂN,Created,1,5,,2026-07-13,,,,2026-07-07 17:00,,,Rớt hôm trước
SG BÌNH TRỊ ĐÔNG,Created,2,24,,2026-07-13,,,,2026-07-08 16:00,,,Rớt hôm trước
SG TÂN SƠN NHÌ,Created,1,5,,2026-07-13,,,,2026-07-06 18:00,,,Rớt hôm trước
VL CHỢ LÁCH,Inbound,1,7,2026-07-09,2026-07-08,2026-07-09,2026-07-09,2026-07-09 22:00,2026-07-08 15:00,2026-07-09 12:00,2026-07-09 16:00,Rớt hôm trước
SG HIỆP BÌNH,Created,1,5,,2026-07-13,,,,2026-07-06 13:00,,,Rớt hôm trước
SG BÌNH LỢI,Created,1,6,,2026-07-13,,,,2026-07-07 06:00,,,Rớt hôm trước
SG CỦ CHI,Created,1,6,,2026-07-13,,,,2026-07-08 06:00,,,Rớt hôm trước
SG CHỢ LỚN,Created,1,12,,2026-07-13,,,,2026-07-07 15:00,,,Rớt hôm trước
SG BÌNH LỢI,Inbound,1,10,2026-07-10,2026-07-08,2026-07-10,2026-07-10,2026-07-10 22:00,2026-07-08 13:00,2026-07-10 17:00,2026-07-10 20:00,Rớt hôm trước
SG BÌNH TÂN,Created,1,12,,2026-07-13,,,,2026-07-06 21:00,,,Rớt hôm trước
SG BÌNH LỢI,Created,1,11,,2026-07-13,,,,2026-07-06 07:00,,,Rớt hôm trước
SG HIỆP BÌNH,Created,1,9,,2026-07-13,,,,2026-07-07 14:00,,,Rớt hôm trước
SG BÌNH TÂN,Created,9,55,,2026-07-13,,,,2026-07-06 06:00,,,Rớt hôm trước
SG BẢY HIỀN,Created,2,20,,2026-07-13,,,,2026-07-06 14:00,,,Rớt hôm trước
CT NINH KIỀU,Created,4,28,,2026-07-13,,,,2026-07-06 10:00,,,Rớt hôm trước
SG BÌNH LỢI,Created,2,17,,2026-07-13,,,,2026-07-06 12:00,,,Rớt hôm trước
LA ĐỨC HÒA,Created,1,16,,2026-07-13,,,,2026-07-08 14:00,,,Rớt hôm trước
SG ĐÔNG HƯNG THUẬN,Created,2,38,,2026-07-13,,,,2026-07-08 14:00,,,Rớt hôm trước
SG GÒ VẤP,Created,3,290,,2026-07-13,,,,2026-07-08 18:00,,,Rớt hôm trước
SG CHỢ LỚN,Created,1,18,,2026-07-13,,,,2026-07-07 19:00,,,Rớt hôm trước
SG BÌNH TÂN,Created,1,9,,2026-07-13,,,,2026-07-08 10:00,,,Rớt hôm trước
SG TÂN TẠO,Created,1,10,,2026-07-13,,,,2026-07-08 13:00,,,Rớt hôm trước
SG BÌNH TÂN,Created,1,5,,2026-07-13,,,,2026-07-08 05:00,,,Rớt hôm trước
SG THỦ ĐỨC,Created,1,14,,2026-07-13,,,,2026-07-07 07:00,,,Rớt hôm trước
SG BÌNH TÂN,Created,2,29,,2026-07-13,,,,2026-07-08 17:00,,,Rớt hôm trước
SG BÌNH TÂN,Created,1,27,,2026-07-13,,,,2026-07-06 14:00,,,Rớt hôm trước
SG CHỢ LỚN,Created,2,36,,2026-07-13,,,,2026-07-08 13:00,,,Rớt hôm trước
SG BÌNH LỢI,Created,2,32,,2026-07-13,,,,2026-07-08 18:00,,,Rớt hôm trước
SG BẢY HIỀN,Created,1,12,,2026-07-13,,,,2026-07-06 15:00,,,Rớt hôm trước
SG THỦ ĐỨC,Created,1,10,,2026-07-13,,,,2026-07-08 14:00,,,Rớt hôm trước
SG CHỢ LỚN,Created,1,12,,2026-07-13,,,,2026-07-06 14:00,,,Rớt hôm trước
SG ĐÔNG HƯNG THUẬN,Created,1,195,,2026-07-13,,,,2026-07-08 09:00,,,Rớt hôm trước
SG TÂN HƯNG,Created,1,8,,2026-07-13,,,,2026-07-07 08:00,,,Rớt hôm trước
CT NINH KIỀU,Created,1,7,,2026-07-13,,,,2026-07-07 11:00,,,Rớt hôm trước
SG BÌNH TÂN,Created,1,23,,2026-07-13,,,,2026-07-08 14:00,,,Rớt hôm trước
SG BÌNH LỢI,Created,1,10,,2026-07-13,,,,2026-07-07 13:00,,,Rớt hôm trước
SG BÌNH TRỊ ĐÔNG,Inbound,1,6,2026-07-09,2026-07-08,2026-07-09,2026-07-09,2026-07-09 22:00,2026-07-08 17:00,2026-07-09 11:00,2026-07-09 20:00,Rớt hôm trước
SG BÌNH TRỊ ĐÔNG,Inbound,1,6,2026-07-09,2026-07-08,2026-07-09,2026-07-09,2026-07-09 22:00,2026-07-08 08:00,2026-07-09 14:00,2026-07-09 20:00,Rớt hôm trước
SG CHỢ LỚN,Created,1,18,,2026-07-13,,,,2026-07-07 11:00,,,Rớt hôm trước
SG CHỢ LỚN,Created,1,12,,2026-07-13,,,,2026-07-06 20:00,,,Rớt hôm trước
SG BÌNH LỢI,Created,1,5,,2026-07-13,,,,2026-07-08 07:00,,,Rớt hôm trước
SG BÌNH TÂN,Created,1,5,,2026-07-13,,,,2026-07-08 06:00,,,Rớt hôm trước
SG HÓC MÔN,Created,1,6,,2026-07-13,,,,2026-07-06 11:00,,,Rớt hôm trước
SG BÌNH TÂN,Created,1,18,,2026-07-13,,,,2026-07-06 10:00,,,Rớt hôm trước
SG NHƠN ĐỨC,Pickup Done,1,10,,2026-07-08,2026-07-08,,,2026-07-08 08:00,2026-07-08 19:00,,Rớt hôm nay
LA BẾN LỨC,Created,1,10,,2026-07-13,,,,2026-07-08 16:00,,,Rớt hôm trước
SG BẢY HIỀN,Created,1,100,,2026-07-13,,,,2026-07-07 17:00,,,Rớt hôm trước
BN HUB,Inbound,1,13,2026-07-13,2026-07-06,2026-07-06,2026-07-13,2026-07-13 19:00,2026-07-06 14:00,2026-07-06 16:00,2026-07-13 17:00,Rớt hôm nay
BN HUB,Inbound,1,18,2026-07-08,2026-07-06,2026-07-06,,2026-07-08 16:00,2026-07-06 07:00,2026-07-06 19:00,,Rớt hôm nay
SG TÂN THỚI HIỆP,Inbound,1,5,2026-07-08,2026-07-04,2026-07-04,,2026-07-08 23:00,2026-07-04 16:00,2026-07-04 19:00,,Rớt hôm nay
SG BÌNH LỢI,Created,2,13,,2026-07-13,,,,2026-07-08 19:00,,,Rớt hôm trước
LA ĐỨC HÒA,Created,1,8,,2026-07-13,,,,2026-07-08 19:00,,,Rớt hôm trước
BN HUB,Inbound,1,14,2026-07-08,2026-07-04,2026-07-06,,2026-07-08 19:00,2026-07-04 14:00,2026-07-06 10:00,,Rớt hôm trước
LA ĐỨC HÒA,Created,1,13,,2026-07-13,,,,2026-07-08 20:00,,,Rớt hôm trước
SG BÌNH TÂN,Created,1,23,,2026-07-13,,,,2026-07-08 20:00,,,Rớt hôm trước
SG THỦ ĐỨC,Created,1,12,,2026-07-13,,,,2026-07-08 21:00,,,Rớt hôm trước
BD DĨ AN,Inbound,1,7,2026-07-08,2026-07-08,2026-07-08,,2026-07-08 21:00,2026-07-08 08:00,2026-07-08 09:00,,Rớt hôm nay
SG BÌNH TÂN,Created,1,23,,2026-07-13,,,,2026-07-08 21:00,,,Rớt hôm trước
SG TÂN TẠO,Pickup Done,5,64,,2026-07-13,2026-07-13,,,2026-07-08 21:00,2026-07-13 19:00,,Rớt hôm trước
SG TÂN TẠO,Created,8,99,,2026-07-13,,,,2026-07-08 21:00,,,Rớt hôm trước
LA ĐỨC HÒA,Created,1,13,,2026-07-13,,,,2026-07-08 21:00,,,Rớt hôm trước
SG THỦ ĐỨC,Created,2,30,,2026-07-13,,,,2026-07-08 22:00,,,Rớt hôm trước
SG BÌNH TÂN,Created,1,7,,2026-07-13,,,,2026-07-08 22:00,,,Rớt hôm trước
SG CỦ CHI,Inbound,1,8,2026-07-09,2026-07-08,2026-07-09,2026-07-09,2026-07-09 17:00,2026-07-08 22:00,2026-07-09 10:00,2026-07-09 10:00,Rớt hôm trước
LA ĐỨC HÒA,Created,1,13,,2026-07-13,,,,2026-07-08 23:00,,,Rớt hôm trước
SG BÌNH TRỊ ĐÔNG,Created,1,12,,2026-07-13,,,,2026-07-08 23:00,,,Rớt hôm trước
BN HUB,Inbound,1,7,2026-07-08,2026-07-07,2026-07-08,,2026-07-08 23:00,2026-07-07 17:00,2026-07-08 19:00,,Rớt hôm trước
SG NHƠN ĐỨC,Created,1,6,,2026-07-13,,,,2026-07-09 01:00,,,Rớt hôm trước
SG CỦ CHI,Created,1,5,,2026-07-13,,,,2026-07-09 06:00,,,Rớt hôm trước
LA ĐỨC HÒA,Created,1,6,,2026-07-13,,,,2026-07-09 07:00,,,Rớt hôm trước
SG BÌNH LỢI,Created,4,22,,2026-07-13,,,,2026-07-09 07:00,,,Rớt hôm trước
SG PHÚ LÂM,Inbound,1,5,2026-07-09,2026-07-09,2026-07-09,2026-07-09,2026-07-09 22:00,2026-07-09 07:00,2026-07-09 11:00,2026-07-09 18:00,Rớt hôm nay
DT SA ĐÉC,Inbound,2,20,2026-07-09,2026-07-09,2026-07-09,2026-07-09,2026-07-09 22:00,2026-07-09 07:00,2026-07-09 10:00,2026-07-09 16:00,Rớt hôm nay
SG HƯNG LONG,Created,1,78,,2026-07-13,,,,2026-07-09 07:00,,,Rớt hôm trước
SG TÂN HƯNG,Inbound,1,7,2026-07-09,2026-07-09,2026-07-09,2026-07-09,2026-07-09 21:00,2026-07-09 07:00,2026-07-09 11:00,2026-07-09 18:00,Rớt hôm nay
SG KHÁNH HỘI,Created,1,29,,2026-07-13,,,,2026-07-09 08:00,,,Rớt hôm trước
SG TÂN TẠO,Pickup Done,1,6,,2026-07-13,2026-07-13,,,2026-07-09 08:00,2026-07-13 19:00,,Rớt hôm trước
SG TÂN TẠO,Created,1,9,,2026-07-13,,,,2026-07-09 08:00,,,Rớt hôm trước
SG PHÚ LÂM,Created,1,7,,2026-07-13,,,,2026-07-09 09:00,,,Rớt hôm trước
SG TÂN HƯNG,Created,1,5,,2026-07-13,,,,2026-07-09 09:00,,,Rớt hôm trước
SG BÌNH TÂN,Created,3,24,,2026-07-13,,,,2026-07-09 08:00,,,Rớt hôm trước
SG CHỢ LỚN,Created,1,8,,2026-07-13,,,,2026-07-09 09:00,,,Rớt hôm trước
SG VĨNH LỘC,Created,1,6,,2026-07-13,,,,2026-07-09 09:00,,,Rớt hôm trước
SG BÌNH TÂN,Created,1,23,,2026-07-13,,,,2026-07-09 09:00,,,Rớt hôm trước
SG PHÚ LÂM,Created,1,6,,2026-07-13,,,,2026-07-09 10:00,,,Rớt hôm trước
SG BÌNH TRỊ ĐÔNG,Inbound,1,8,2026-07-09,2026-07-09,2026-07-09,2026-07-09,2026-07-09 22:00,2026-07-09 10:00,2026-07-09 16:00,2026-07-09 20:00,Rớt hôm nay
SG GÒ VẤP,Created,1,6,,2026-07-13,,,,2026-07-09 10:00,,,Rớt hôm trước
SG CỦ CHI,Inbound,1,16,2026-07-09,2026-07-09,2026-07-09,2026-07-09,2026-07-09 21:00,2026-07-09 10:00,2026-07-09 17:00,2026-07-09 20:00,Rớt hôm nay
DT SA ĐÉC,Inbound,1,10,2026-07-09,2026-07-09,2026-07-09,2026-07-09,2026-07-09 22:00,2026-07-09 10:00,2026-07-09 10:00,2026-07-09 16:00,Rớt hôm nay
SG TÂN TẠO,Created,1,8,,2026-07-13,,,,2026-07-09 10:00,,,Rớt hôm trước
SG AN LẠC,Created,1,9,,2026-07-13,,,,2026-07-09 10:00,,,Rớt hôm trước
SG BÌNH LỢI,Created,1,7,,2026-07-13,,,,2026-07-09 10:00,,,Rớt hôm trước
LA TÂN AN,Created,1,10,,2026-07-13,,,,2026-07-09 10:00,,,Rớt hôm trước
SG TÂN TẠO,Created,4,51,,2026-07-13,,,,2026-07-09 11:00,,,Rớt hôm trước
SG TÂN TẠO,Pickup Done,2,25,,2026-07-13,2026-07-13,,,2026-07-09 11:00,2026-07-13 19:00,,Rớt hôm trước
SG BÌNH TÂN,Created,1,7,,2026-07-13,,,,2026-07-09 11:00,,,Rớt hôm trước
SG BÌNH LỢI,Inbound,1,6,2026-07-09,2026-07-09,2026-07-09,2026-07-09,2026-07-09 22:00,2026-07-09 11:00,2026-07-09 19:00,2026-07-09 19:00,Rớt hôm nay
DT SA ĐÉC,Inbound,1,10,2026-07-13,2026-07-09,2026-07-10,2026-07-13,2026-07-13 20:00,2026-07-09 11:00,2026-07-10 10:00,2026-07-13 18:00,Rớt hôm trước
SG PHÚ NHUẬN,Created,1,24,,2026-07-13,,,,2026-07-09 11:00,,,Rớt hôm trước
SG CỦ CHI,Created,1,8,,2026-07-13,,,,2026-07-09 11:00,,,Rớt hôm trước
CT NINH KIỀU,Created,1,7,,2026-07-13,,,,2026-07-09 11:00,,,Rớt hôm trước
SG NHƠN ĐỨC,Created,1,9,,2026-07-13,,,,2026-07-09 11:00,,,Rớt hôm trước
SG BÌNH TÂN,Created,1,10,,2026-07-13,,,,2026-07-09 12:00,,,Rớt hôm trước
SG BÌNH LỢI,Inbound,1,5,2026-07-09,2026-07-09,2026-07-09,2026-07-09,2026-07-09 22:00,2026-07-09 12:00,2026-07-09 16:00,2026-07-09 20:00,Rớt hôm nay
SG BÌNH TÂN,Created,2,16,,2026-07-13,,,,2026-07-09 13:00,,,Rớt hôm trước
SG PHÚ LÂM,Inbound,1,11,2026-07-09,2026-07-09,2026-07-09,2026-07-09,2026-07-09 22:00,2026-07-09 13:00,2026-07-09 15:00,2026-07-09 18:00,Rớt hôm nay
SG THỦ ĐỨC,Inbound,1,6,2026-07-09,2026-07-09,2026-07-09,2026-07-09,2026-07-09 22:00,2026-07-09 13:00,2026-07-09 17:00,2026-07-09 17:00,Rớt hôm nay
SG THỦ ĐỨC,Inbound,1,9,2026-07-09,2026-07-09,2026-07-09,2026-07-09,2026-07-09 22:00,2026-07-09 13:00,2026-07-09 16:00,2026-07-09 17:00,Rớt hôm nay
SG GÒ VẤP,Created,3,31,,2026-07-13,,,,2026-07-09 13:00,,,Rớt hôm trước
SG BÌNH LỢI TRUNG,Created,1,19,,2026-07-13,,,,2026-07-09 13:00,,,Rớt hôm trước
DT SA ĐÉC,Inbound,1,10,2026-07-09,2026-07-09,2026-07-09,2026-07-09,2026-07-09 22:00,2026-07-09 14:00,2026-07-09 15:00,2026-07-09 16:00,Rớt hôm nay
SG TÂN THỚI HIỆP,Created,1,6,,2026-07-13,,,,2026-07-09 13:00,,,Rớt hôm trước
SG BẢY HIỀN,Created,1,10,,2026-07-13,,,,2026-07-09 13:00,,,Rớt hôm trước
SG TÂN SƠN NHÌ,Created,1,6,,2026-07-13,,,,2026-07-09 13:00,,,Rớt hôm trước
LA BẾN LỨC,Created,1,20,,2026-07-13,,,,2026-07-09 14:00,,,Rớt hôm trước
SG THỦ ĐỨC,Inbound,1,8,2026-07-09,2026-07-09,2026-07-09,2026-07-09,2026-07-09 22:00,2026-07-09 13:00,2026-07-09 15:00,2026-07-09 16:00,Rớt hôm nay
CT BÌNH THỦY,Inbound,1,10,2026-07-09,2026-07-09,2026-07-09,2026-07-09,2026-07-09 22:00,2026-07-09 14:00,2026-07-09 16:00,2026-07-09 17:00,Rớt hôm nay
LA ĐỨC HÒA,Created,2,21,,2026-07-13,,,,2026-07-09 14:00,,,Rớt hôm trước
SG TÂN TẠO,Created,1,6,,2026-07-13,,,,2026-07-09 14:00,,,Rớt hôm trước
SG BÌNH TÂN,Created,1,20,,2026-07-13,,,,2026-07-09 14:00,,,Rớt hôm trước
SG BÌNH LỢI,Inbound,1,6,2026-07-09,2026-07-09,2026-07-09,2026-07-09,2026-07-09 22:00,2026-07-09 14:00,2026-07-09 19:00,2026-07-09 19:00,Rớt hôm nay
SG BÌNH TÂN,Created,1,10,,2026-07-13,,,,2026-07-09 15:00,,,Rớt hôm trước
SG TÂN TẠO,Pickup Done,2,17,,2026-07-13,2026-07-13,,,2026-07-09 15:00,2026-07-13 19:00,,Rớt hôm trước
SG CỦ CHI,Inbound,1,5,2026-07-09,2026-07-09,2026-07-09,2026-07-09,2026-07-10 01:00,2026-07-09 15:00,2026-07-09 17:00,2026-07-09 17:00,Rớt hôm nay
SG TÂN TẠO,Created,1,5,,2026-07-13,,,,2026-07-09 15:00,,,Rớt hôm trước
SG PHÚ LÂM,Created,1,6,,2026-07-13,,,,2026-07-09 15:00,,,Rớt hôm trước
CT BÌNH THỦY,Inbound,1,11,2026-07-09,2026-07-09,2026-07-09,2026-07-09,2026-07-09 22:00,2026-07-09 15:00,2026-07-09 16:00,2026-07-09 17:00,Rớt hôm nay
SG BÌNH LỢI,Inbound,1,5,2026-07-09,2026-07-09,2026-07-09,2026-07-09,2026-07-09 22:00,2026-07-09 16:00,2026-07-09 19:00,2026-07-09 19:00,Rớt hôm nay
SG BÌNH LỢI,Inbound,2,11,2026-07-09,2026-07-09,2026-07-09,2026-07-09,2026-07-09 22:00,2026-07-09 16:00,2026-07-09 16:00,2026-07-09 20:00,Rớt hôm nay
SG BÌNH LỢI,Inbound,1,12,2026-07-09,2026-07-09,2026-07-09,2026-07-09,2026-07-09 22:00,2026-07-09 16:00,2026-07-09 20:00,2026-07-09 20:00,Rớt hôm nay
SG BÌNH TRỊ ĐÔNG,Inbound,1,10,2026-07-09,2026-07-09,2026-07-09,2026-07-09,2026-07-09 22:00,2026-07-09 16:00,2026-07-09 20:00,2026-07-09 20:00,Rớt hôm nay
SG BÌNH LỢI,Inbound,1,5,2026-07-09,2026-07-09,2026-07-09,2026-07-09,2026-07-09 22:00,2026-07-09 16:00,2026-07-09 17:00,2026-07-09 20:00,Rớt hôm nay
SG BÌNH TÂN,Created,2,36,,2026-07-13,,,,2026-07-09 16:00,,,Rớt hôm trước
SG BÌNH TÂN,Pickup Done,1,9,,2026-07-09,2026-07-09,,,2026-07-09 17:00,2026-07-09 18:00,,Rớt hôm nay
SG BÌNH TRỊ ĐÔNG,Created,2,24,,2026-07-13,,,,2026-07-09 17:00,,,Rớt hôm trước
SG BÌNH LỢI,Inbound,1,20,2026-07-13,2026-07-09,2026-07-10,2026-07-13,2026-07-13 19:00,2026-07-09 18:00,2026-07-10 11:00,2026-07-13 14:00,Rớt hôm trước
SG BÌNH TÂN,Created,1,12,,2026-07-13,,,,2026-07-09 17:00,,,Rớt hôm trước
SG XUÂN HÒA,Inbound,1,5,2026-07-10,2026-07-09,2026-07-10,2026-07-10,2026-07-10 22:00,2026-07-09 17:00,2026-07-10 11:00,2026-07-10 17:00,Rớt hôm trước
SG CỦ CHI,Inbound,1,18,2026-07-09,2026-07-09,2026-07-09,2026-07-09,2026-07-09 21:00,2026-07-09 17:00,2026-07-09 18:00,2026-07-09 18:00,Rớt hôm nay
SG BÌNH TÂN,Inbound,1,12,2026-07-09,2026-07-09,2026-07-09,,2026-07-10 01:00,2026-07-09 17:00,2026-07-09 20:00,,Rớt hôm nay
SG BÌNH TRỊ ĐÔNG,Inbound,1,7,2026-07-09,2026-07-09,2026-07-09,2026-07-09,2026-07-09 22:00,2026-07-09 18:00,2026-07-09 20:00,2026-07-09 20:00,Rớt hôm nay
SG THỦ ĐỨC,Created,1,30,,2026-07-13,,,,2026-07-09 17:00,,,Rớt hôm trước
SG BÌNH TÂN,Created,1,7,,2026-07-13,,,,2026-07-09 18:00,,,Rớt hôm trước
SG HIỆP BÌNH,Created,1,6,,2026-07-13,,,,2026-07-09 18:00,,,Rớt hôm trước
SG HƯNG LONG,Inbound,1,93,2026-07-05,2026-07-05,2026-07-05,,2026-07-05 19:00,2026-07-05 07:00,2026-07-05 14:00,,Rớt hôm nay
SG TÂN SƠN NHÌ,Inbound,1,8,2026-07-05,2026-07-05,2026-07-05,,2026-07-05 22:00,2026-07-05 07:00,2026-07-05 15:00,,Rớt hôm nay
BN HUB,Inbound,1,6,2026-07-07,2026-07-05,2026-07-05,,2026-07-07 13:00,2026-07-05 12:00,2026-07-05 15:00,,Rớt hôm nay
BD BÌNH HÒA,Inbound,1,0,2026-07-11,2026-07-05,2026-07-06,2026-07-09,2026-07-11 20:00,2026-07-05 13:00,2026-07-06 11:00,2026-07-10 00:00,Rớt hôm trước
BN HUB,Inbound,1,6,2026-07-07,2026-07-05,2026-07-05,,2026-07-07 13:00,2026-07-05 14:00,2026-07-05 17:00,,Rớt hôm nay
BD DĨ AN,Inbound,1,0,2026-07-07,2026-07-07,2026-07-07,2026-07-09,2026-07-07 23:00,2026-07-07 14:00,2026-07-07 17:00,2026-07-09 20:00,Rớt hôm nay
BD DĨ AN,Inbound,1,0,2026-07-07,2026-07-07,2026-07-07,2026-07-09,2026-07-07 23:00,2026-07-07 16:00,2026-07-07 18:00,2026-07-09 20:00,Rớt hôm nay
HCM HUB,Inbound,1,0,2026-07-09,,,,2026-07-09 19:00,,,,Rớt hôm nay
VL CHỢ LÁCH,Inbound,1,0,2026-07-06,2026-07-04,2026-07-04,,2026-07-06 20:00,2026-07-04 15:00,2026-07-04 17:00,,Rớt hôm nay
BN HUB,Inbound,1,7,2026-07-07,2026-07-05,2026-07-05,,2026-07-07 15:00,2026-07-05 07:00,2026-07-05 10:00,,Rớt hôm nay
SG BÌNH TÂN,Inbound,1,0,2026-07-06,2026-07-05,,,2026-07-07 01:00,2026-07-05 20:00,,,Rớt hôm trước
BD DĨ AN,Inbound,1,0,2026-07-06,2026-07-06,2026-07-06,2026-07-09,2026-07-07 00:00,2026-07-06 09:00,2026-07-06 09:00,2026-07-09 18:00,Rớt hôm nay
BN HUB,Inbound,1,0,2026-07-06,2026-07-06,2026-07-06,,2026-07-06 22:00,2026-07-06 11:00,2026-07-06 18:00,,Rớt hôm nay
SG BÌNH TÂN,Inbound,1,0,2026-07-08,2026-07-07,,,2026-07-09 01:00,2026-07-07 13:00,,,Rớt hôm trước
BD DĨ AN,Inbound,1,0,2026-07-07,2026-07-06,2026-07-07,2026-07-09,2026-07-07 23:00,2026-07-07 05:00,2026-07-07 11:00,2026-07-09 20:00,Rớt hôm trước
HCM HUB,Inbound,1,0,2026-07-05,,,,2026-07-05 19:00,,,,Rớt hôm nay
HCM HUB,Inbound,1,0,2026-07-08,,,,2026-07-08 14:00,,,,Rớt hôm nay
,Inbound,1,10,,2026-07-04,2026-07-04,,,2026-07-04 07:00,2026-07-04 10:00,,Rớt hôm nay
AG LONG XUYÊN,Inbound,1,5,2026-07-13,2026-07-09,2026-07-10,2026-07-13,2026-07-13 20:00,2026-07-09 19:00,2026-07-10 15:00,2026-07-13 17:00,Rớt hôm trước
DT SA ĐÉC,Inbound,1,10,2026-07-10,2026-07-09,2026-07-10,2026-07-10,2026-07-11 00:00,2026-07-09 19:00,2026-07-10 10:00,2026-07-10 15:00,Rớt hôm trước
SG GÒ VẤP,Created,1,7,,2026-07-13,,,,2026-07-09 19:00,,,Rớt hôm trước
SG BÌNH LỢI,Inbound,1,6,2026-07-10,2026-07-09,2026-07-10,2026-07-10,2026-07-10 22:00,2026-07-09 20:00,2026-07-10 20:00,2026-07-10 20:00,Rớt hôm trước
SG BÌNH TÂN,Created,2,27,,2026-07-13,,,,2026-07-09 21:00,,,Rớt hôm trước
SG NHƠN ĐỨC,Inbound,1,8,2026-07-13,2026-07-09,2026-07-10,2026-07-13,2026-07-13 19:00,2026-07-09 20:00,2026-07-10 10:00,2026-07-13 14:00,Rớt hôm trước
SG PHÚ LÂM,Created,1,15,,2026-07-13,,,,2026-07-09 21:00,,,Rớt hôm trước
SG TÂN HƯNG,Created,1,98,,2026-07-13,,,,2026-07-09 20:00,,,Rớt hôm trước
SG THỦ ĐỨC,Created,1,9,,2026-07-13,,,,2026-07-09 21:00,,,Rớt hôm trước
LA ĐỨC HÒA,Created,1,6,,2026-07-13,,,,2026-07-09 21:00,,,Rớt hôm trước
SG CHỢ LỚN,Inbound,1,15,2026-07-13,2026-07-09,2026-07-10,2026-07-13,2026-07-13 20:00,2026-07-09 22:00,2026-07-10 18:00,2026-07-13 17:00,Rớt hôm trước
SG BÌNH TÂN,Inbound,2,16,2026-07-10,2026-07-09,2026-07-10,2026-07-10,2026-07-11 00:00,2026-07-09 22:00,2026-07-10 11:00,2026-07-10 22:00,Rớt hôm trước
LA ĐỨC HÒA,Created,2,12,,2026-07-13,,,,2026-07-09 22:00,,,Rớt hôm trước
SG BÌNH TÂN,Inbound,1,8,2026-07-13,2026-07-09,2026-07-10,2026-07-13,2026-07-13 20:00,2026-07-09 22:00,2026-07-10 11:00,2026-07-13 17:00,Rớt hôm trước
SG BÌNH TÂN,Created,1,7,,2026-07-13,,,,2026-07-09 23:00,,,Rớt hôm trước
SG BÌNH TÂN,Pickup Done,1,15,,2026-07-13,2026-07-13,,,2026-07-09 23:00,2026-07-13 10:00,,Rớt hôm trước
VL CHỢ LÁCH,Created,1,7,,2026-07-13,,,,2026-07-09 23:00,,,Rớt hôm trước
SG CỦ CHI,Inbound,1,9,2026-07-13,2026-07-09,2026-07-10,2026-07-13,2026-07-13 19:00,2026-07-10 00:00,2026-07-10 11:00,2026-07-13 14:00,Rớt hôm trước
HCM HUB,Inbound,1,0,2026-07-09,,,,2026-07-10 00:00,,,,Rớt hôm nay
LA ĐỨC HÒA,Created,1,9,,2026-07-13,,,,2026-07-10 01:00,,,Rớt hôm trước
SG NHƠN ĐỨC,Created,1,8,,2026-07-13,,,,2026-07-10 01:00,,,Rớt hôm trước
SG BÌNH TÂN,Pickup Done,2,19,,2026-07-13,2026-07-13,,,2026-07-10 02:00,2026-07-13 10:00,,Rớt hôm trước
SG BÌNH TÂN,Created,1,7,,2026-07-13,,,,2026-07-10 03:00,,,Rớt hôm trước
SG CỦ CHI,Inbound,1,10,2026-07-10,2026-07-09,2026-07-10,2026-07-10,2026-07-10 22:00,2026-07-10 04:00,2026-07-10 19:00,2026-07-10 21:00,Rớt hôm trước
SG BÌNH TÂN,Pickup Done,1,10,,2026-07-13,2026-07-13,,,2026-07-10 07:00,2026-07-13 16:00,,Rớt hôm trước
SG BÌNH TÂN,Created,1,5,,2026-07-13,,,,2026-07-10 07:00,,,Rớt hôm trước
SG TÂN TẠO,Inbound,1,75,2026-07-11,2026-07-10,2026-07-11,2026-07-11,2026-07-11 21:00,2026-07-10 07:00,2026-07-11 17:00,2026-07-11 19:00,Rớt hôm trước
SG CỦ CHI,Inbound,1,7,2026-07-10,2026-07-10,2026-07-10,2026-07-10,2026-07-10 23:00,2026-07-10 07:00,2026-07-10 09:00,2026-07-10 21:00,Rớt hôm nay
SG CHỢ LỚN,Created,1,97,,2026-07-13,,,,2026-07-10 07:00,,,Rớt hôm trước
SG NHƠN ĐỨC,Created,1,8,,2026-07-13,,,,2026-07-10 07:00,,,Rớt hôm trước
SG THỦ ĐỨC,Created,3,69,,2026-07-13,,,,2026-07-10 08:00,,,Rớt hôm trước
SG ĐÔNG HƯNG THUẬN,Created,1,12,,2026-07-13,,,,2026-07-10 08:00,,,Rớt hôm trước
SG HƯNG LONG,Created,1,19,,2026-07-13,,,,2026-07-10 08:00,,,Rớt hôm trước
SG BÌNH LỢI,Inbound,1,8,2026-07-10,2026-07-10,2026-07-10,2026-07-10,2026-07-10 22:00,2026-07-10 08:00,2026-07-10 20:00,2026-07-10 20:00,Rớt hôm nay
SG BÌNH TÂN,Created,2,31,,2026-07-13,,,,2026-07-10 08:00,,,Rớt hôm trước
SG TÂN TẠO,Pickup Done,1,6,,2026-07-13,2026-07-13,,,2026-07-10 08:00,2026-07-13 19:00,,Rớt hôm trước
SG CỦ CHI,Created,1,92,,2026-07-13,,,,2026-07-10 08:00,,,Rớt hôm trước
SG BÌNH TRỊ ĐÔNG,Pickup Done,1,12,,2026-07-13,2026-07-13,,,2026-07-10 08:00,2026-07-13 18:00,,Rớt hôm trước
SG PHÚ LÂM,Created,1,13,,2026-07-13,,,,2026-07-10 09:00,,,Rớt hôm trước
SG TÂN SƠN NHÌ,Created,1,10,,2026-07-13,,,,2026-07-10 09:00,,,Rớt hôm trước
SG CỦ CHI,Created,1,5,,2026-07-13,,,,2026-07-10 09:00,,,Rớt hôm trước
SG CỦ CHI,Inbound,1,13,2026-07-13,2026-07-10,2026-07-10,2026-07-13,2026-07-13 19:00,2026-07-10 09:00,2026-07-10 11:00,2026-07-13 14:00,Rớt hôm nay
SG PHÚ LÂM,Created,1,6,,2026-07-13,,,,2026-07-10 10:00,,,Rớt hôm trước
SG BÌNH TRỊ ĐÔNG,Created,1,8,,2026-07-13,,,,2026-07-10 10:00,,,Rớt hôm trước
SG PHÚ LÂM,Inbound,1,6,2026-07-10,2026-07-10,2026-07-10,2026-07-10,2026-07-10 22:00,2026-07-10 10:00,2026-07-10 13:00,2026-07-10 19:00,Rớt hôm nay
SG BÌNH LỢI,Inbound,1,8,2026-07-10,2026-07-10,2026-07-10,2026-07-10,2026-07-10 22:00,2026-07-10 10:00,2026-07-10 20:00,2026-07-10 20:00,Rớt hôm nay
SG BÀ ĐIỂM,Created,1,100,,2026-07-13,,,,2026-07-10 10:00,,,Rớt hôm trước
SG BÀ ĐIỂM,Created,2,25,,2026-07-13,,,,2026-07-10 11:00,,,Rớt hôm trước
SG KHÁNH HỘI,Created,1,5,,2026-07-13,,,,2026-07-10 11:00,,,Rớt hôm trước
LA TÂN AN,Created,1,10,,2026-07-13,,,,2026-07-10 11:00,,,Rớt hôm trước
SG TÂN THỚI HIỆP,Created,1,8,,2026-07-13,,,,2026-07-10 11:00,,,Rớt hôm trước
SG BÌNH TRỊ ĐÔNG,Pickup Done,2,24,,2026-07-13,2026-07-13,,,2026-07-10 12:00,2026-07-13 18:00,,Rớt hôm trước
SG AN LẠC,Inbound,1,9,2026-07-11,2026-07-10,2026-07-11,,2026-07-11 21:00,2026-07-10 12:00,2026-07-11 15:00,,Rớt hôm trước
SG BÌNH TÂN,Created,1,23,,2026-07-13,,,,2026-07-10 12:00,,,Rớt hôm trước
SG BẢY HIỀN,Created,1,9,,2026-07-13,,,,2026-07-10 12:00,,,Rớt hôm trước
SG BÌNH LỢI,Inbound,1,8,2026-07-10,2026-07-10,,,2026-07-10 23:00,2026-07-10 12:00,,,Rớt hôm trước
DT SA ĐÉC,Inbound,1,10,2026-07-10,2026-07-10,2026-07-10,2026-07-10,2026-07-11 01:00,2026-07-10 12:00,2026-07-10 15:00,2026-07-10 17:00,Rớt hôm nay
SG BÌNH TÂN,Created,2,12,,2026-07-13,,,,2026-07-10 13:00,,,Rớt hôm trước
LA ĐỨC HÒA,Created,1,12,,2026-07-13,,,,2026-07-10 13:00,,,Rớt hôm trước
SG BÌNH TÂN,Pickup Done,1,9,,2026-07-13,2026-07-13,,,2026-07-10 13:00,2026-07-13 10:00,,Rớt hôm trước
SG BÌNH LỢI,Created,1,17,,2026-07-13,,,,2026-07-10 13:00,,,Rớt hôm trước
SG BÌNH TÂN,Inbound,1,6,2026-07-11,2026-07-10,2026-07-11,2026-07-11,2026-07-12 01:00,2026-07-10 13:00,2026-07-11 13:00,2026-07-11 21:00,Rớt hôm trước
DT SA ĐÉC,Created,1,7,,2026-07-13,,,,2026-07-10 13:00,,,Rớt hôm trước
SG GÒ VẤP,Pickup Done,1,9,,2026-07-13,2026-07-13,,,2026-07-10 13:00,2026-07-13 16:00,,Rớt hôm trước
SG BÌNH TÂN,Inbound,1,8,2026-07-11,2026-07-10,2026-07-11,2026-07-11,2026-07-12 01:00,2026-07-10 13:00,2026-07-11 10:00,2026-07-11 21:00,Rớt hôm trước
SG VĨNH LỘC,Created,1,5,,2026-07-13,,,,2026-07-10 13:00,,,Rớt hôm trước
SG NHƠN ĐỨC,Created,1,8,,2026-07-13,,,,2026-07-10 14:00,,,Rớt hôm trước
SG BÌNH TÂN,Created,1,9,,2026-07-13,,,,2026-07-10 14:00,,,Rớt hôm trước
VL CHỢ LÁCH,Created,1,7,,2026-07-13,,,,2026-07-10 14:00,,,Rớt hôm trước
SG BÌNH TÂN,Inbound,1,8,2026-07-10,2026-07-10,2026-07-10,2026-07-10,2026-07-11 00:00,2026-07-10 14:00,2026-07-10 19:00,2026-07-10 22:00,Rớt hôm nay
LA ĐỨC HÒA,Inbound,1,13,2026-07-11,2026-07-10,2026-07-11,2026-07-11,2026-07-11 19:00,2026-07-10 14:00,2026-07-11 16:00,2026-07-11 16:00,Rớt hôm trước
BN HUB,Inbound,1,0,2026-07-13,,,2026-07-13,2026-07-13 20:00,,,2026-07-13 17:00,Rớt hôm nay
DT SA ĐÉC,Inbound,1,7,2026-07-11,2026-07-10,2026-07-11,2026-07-11,2026-07-12 00:00,2026-07-10 14:00,2026-07-11 09:00,2026-07-11 16:00,Rớt hôm trước
SG BÌNH TRỊ ĐÔNG,Created,1,5,,2026-07-13,,,,2026-07-10 14:00,,,Rớt hôm trước
SG BÌNH LỢI TRUNG,Inbound,1,6,2026-07-10,2026-07-10,2026-07-10,2026-07-10,2026-07-10 23:00,2026-07-10 14:00,2026-07-10 17:00,2026-07-10 18:00,Rớt hôm nay
SG AN LẠC,Created,2,17,,2026-07-13,,,,2026-07-10 15:00,,,Rớt hôm trước
SG BÌNH TÂN,Pickup Done,2,21,,2026-07-13,2026-07-13,,,2026-07-10 15:00,2026-07-13 10:00,,Rớt hôm trước
SG TÂN TẠO,Created,1,9,,2026-07-13,,,,2026-07-10 15:00,,,Rớt hôm trước
SG BÌNH TÂN,Inbound,1,5,2026-07-11,2026-07-10,2026-07-11,2026-07-11,2026-07-12 01:00,2026-07-10 15:00,2026-07-11 18:00,2026-07-11 22:00,Rớt hôm trước
SG HIỆP BÌNH,Inbound,1,11,2026-07-10,2026-07-10,2026-07-10,2026-07-10,2026-07-10 23:00,2026-07-10 15:00,2026-07-10 16:00,2026-07-10 20:00,Rớt hôm nay
SG BÌNH TÂN,Created,1,5,,2026-07-13,,,,2026-07-10 16:00,,,Rớt hôm trước
SG BÌNH TÂN,Pickup Done,2,24,,2026-07-13,2026-07-13,,,2026-07-10 16:00,2026-07-13 10:00,,Rớt hôm trước
SG BẢY HIỀN,Created,1,20,,2026-07-13,,,,2026-07-10 16:00,,,Rớt hôm trước
SG BÌNH TÂN,Inbound,1,10,2026-07-13,2026-07-10,2026-07-10,2026-07-13,2026-07-13 19:00,2026-07-10 16:00,2026-07-10 22:00,2026-07-13 14:00,Rớt hôm nay
SG CỦ CHI,Created,1,9,,2026-07-13,,,,2026-07-10 17:00,,,Rớt hôm trước
SG VĨNH LỘC,Inbound,1,8,2026-07-11,2026-07-10,2026-07-11,2026-07-11,2026-07-11 21:00,2026-07-10 16:00,2026-07-11 15:00,2026-07-11 20:00,Rớt hôm trước
AG TỊNH BIÊN,Inbound,1,5,2026-07-11,2026-07-10,2026-07-11,2026-07-11,2026-07-11 23:00,2026-07-10 17:00,2026-07-11 08:00,2026-07-11 10:00,Rớt hôm trước
SG BÌNH TÂN,Created,2,25,,2026-07-13,,,,2026-07-10 17:00,,,Rớt hôm trước
SG BÀ ĐIỂM,Pickup Done,1,155,,2026-07-10,2026-07-12,,,2026-07-10 17:00,2026-07-12 16:00,,Rớt hôm trước
SG BÀ ĐIỂM,Inbound,1,11,2026-07-10,2026-07-10,2026-07-10,,2026-07-10 20:00,2026-07-10 17:00,2026-07-10 18:00,,Rớt hôm nay
SG BÀ ĐIỂM,Pickup Done,2,171,,2026-07-13,2026-07-13,,,2026-07-10 17:00,2026-07-13 11:00,,Rớt hôm trước
SG BÌNH TRỊ ĐÔNG,Created,1,12,,2026-07-13,,,,2026-07-10 17:00,,,Rớt hôm trước
SG HƯNG LONG,Created,1,16,,2026-07-13,,,,2026-07-10 17:00,,,Rớt hôm trước
SG BÌNH TÂN,Pickup Done,1,9,,2026-07-13,2026-07-13,,,2026-07-10 18:00,2026-07-13 10:00,,Rớt hôm trước
SG BÌNH LỢI,Inbound,1,6,2026-07-10,2026-07-10,2026-07-10,2026-07-10,2026-07-10 23:00,2026-07-10 18:00,2026-07-10 21:00,2026-07-10 22:00,Rớt hôm nay
LA ĐỨC HÒA,Created,2,18,,2026-07-13,,,,2026-07-10 18:00,,,Rớt hôm trước
SG BÌNH TÂN,Inbound,1,6,2026-07-12,2026-07-10,2026-07-12,2026-07-12,2026-07-13 00:00,2026-07-10 18:00,2026-07-12 20:00,2026-07-12 22:00,Rớt hôm trước
SG BÌNH TÂN,Created,1,6,,2026-07-13,,,,2026-07-10 18:00,,,Rớt hôm trước
SG PHÚ LÂM,Inbound,1,13,2026-07-11,2026-07-10,2026-07-11,2026-07-11,2026-07-11 23:00,2026-07-10 18:00,2026-07-11 14:00,2026-07-11 21:00,Rớt hôm trước
SG BÌNH TÂN,Pickup Done,1,15,,2026-07-13,2026-07-13,,,2026-07-10 19:00,2026-07-13 10:00,,Rớt hôm trước
SG BÌNH TÂN,Inbound,1,12,2026-07-11,2026-07-10,2026-07-11,2026-07-11,2026-07-12 02:00,2026-07-10 19:00,2026-07-11 20:00,2026-07-11 21:00,Rớt hôm trước
SG NHƠN ĐỨC,Inbound,1,6,2026-07-11,2026-07-10,2026-07-11,2026-07-11,2026-07-11 13:00,2026-07-10 18:00,2026-07-11 11:00,2026-07-11 11:00,Rớt hôm trước
VL CHỢ LÁCH,Inbound,1,15,2026-07-11,2026-07-10,2026-07-11,2026-07-11,2026-07-11 21:00,2026-07-10 19:00,2026-07-11 11:00,2026-07-11 18:00,Rớt hôm trước
LA ĐỨC HÒA,Created,1,10,,2026-07-13,,,,2026-07-10 20:00,,,Rớt hôm trước
SG BÌNH TÂN,Pickup Done,1,15,,2026-07-13,2026-07-13,,,2026-07-10 20:00,2026-07-13 10:00,,Rớt hôm trước
SG BÌNH LỢI,Created,1,8,,2026-07-13,,,,2026-07-10 20:00,,,Rớt hôm trước
SG NHƠN ĐỨC,Inbound,1,8,2026-07-11,2026-07-10,2026-07-11,2026-07-11,2026-07-11 13:00,2026-07-10 20:00,2026-07-11 11:00,2026-07-11 11:00,Rớt hôm trước
AG LONG XUYÊN,Pickup Done,2,29,,2026-06-16,2026-06-16,,,2026-06-16 14:00,2026-06-16 14:00,,Rớt hôm nay
AG LONG XUYÊN,Pickup Done,1,16,,2026-06-12,2026-06-12,,,2026-06-12 07:00,2026-06-12 09:00,,Rớt hôm nay
AG LONG XUYÊN,Pickup Done,1,14,,2026-06-18,2026-06-18,,,2026-06-18 14:00,2026-06-18 15:00,,Rớt hôm nay
AG LONG XUYÊN,Pickup Done,1,14,,2026-06-16,2026-06-16,,,2026-06-16 07:00,2026-06-16 11:00,,Rớt hôm nay
AG LONG XUYÊN,Pickup Done,1,22,,2026-06-18,2026-06-20,,,2026-06-18 16:00,2026-06-20 21:00,,Rớt hôm trước
AG LONG XUYÊN,Pickup Done,1,14,,2026-06-18,2026-06-18,,,2026-06-18 07:00,2026-06-18 09:00,,Rớt hôm nay
AG LONG XUYÊN,Pickup Done,2,22,,2026-06-17,2026-06-17,,,2026-06-17 07:00,2026-06-17 09:00,,Rớt hôm nay
AG LONG XUYÊN,Pickup Done,1,19,,2026-06-13,2026-06-13,,,2026-06-13 14:00,2026-06-13 16:00,,Rớt hôm nay
AG LONG XUYÊN,Pickup Done,4,57,,2026-06-15,2026-06-15,,,2026-06-15 07:00,2026-06-15 11:00,,Rớt hôm nay
AG LONG XUYÊN,Pickup Done,2,29,,2026-06-17,2026-06-17,,,2026-06-17 12:00,2026-06-17 14:00,,Rớt hôm nay
AG LONG XUYÊN,Pickup Done,1,12,,2026-06-11,2026-06-11,,,2026-06-11 07:00,2026-06-11 10:00,,Rớt hôm nay
AG LONG XUYÊN,Pickup Done,1,12,,2026-06-18,2026-06-18,,,2026-06-18 12:00,2026-06-18 15:00,,Rớt hôm nay
AG LONG XUYÊN,Pickup Done,1,16,,2026-06-13,2026-06-13,,,2026-06-13 15:00,2026-06-13 16:00,,Rớt hôm nay
AG LONG XUYÊN,Pickup Done,1,14,,2026-06-17,2026-06-17,,,2026-06-17 15:00,2026-06-17 15:00,,Rớt hôm nay
SG BÌNH LỢI,Inbound,4,21,2026-07-11,2026-07-10,2026-07-11,2026-07-11,2026-07-11 16:00,2026-07-10 22:00,2026-07-11 13:00,2026-07-11 13:00,Rớt hôm trước
SG TÂN TẠO,Created,2,22,,2026-07-13,,,,2026-07-10 22:00,,,Rớt hôm trước
SG CỦ CHI,Inbound,2,10,2026-07-11,2026-07-10,2026-07-11,2026-07-11,2026-07-11 13:00,2026-07-10 22:00,2026-07-11 09:00,2026-07-11 09:00,Rớt hôm trước
SG CỦ CHI,Inbound,4,24,2026-07-11,2026-07-10,2026-07-11,2026-07-11,2026-07-11 13:00,2026-07-10 22:00,2026-07-11 10:00,2026-07-11 10:00,Rớt hôm trước
SG BÌNH TÂN,Pickup Done,1,9,,2026-07-13,2026-07-13,,,2026-07-10 22:00,2026-07-13 10:00,,Rớt hôm trước
SG CỦ CHI,Inbound,2,11,2026-07-11,2026-07-10,2026-07-11,2026-07-11,2026-07-11 16:00,2026-07-10 22:00,2026-07-11 13:00,2026-07-11 13:00,Rớt hôm trước
SG HƯNG LONG,Created,1,106,,2026-07-13,,,,2026-07-10 22:00,,,Rớt hôm trước
SG CỦ CHI,Inbound,1,5,2026-07-11,2026-07-10,2026-07-11,2026-07-11,2026-07-11 17:00,2026-07-10 22:00,2026-07-11 13:00,2026-07-11 13:00,Rớt hôm trước
SG BÌNH TÂN,Created,1,9,,2026-07-13,,,,2026-07-10 22:00,,,Rớt hôm trước
HCM HUB,Inbound,1,0,2026-07-10,,,,2026-07-10 22:00,,,,Rớt hôm nay
SG ĐÔNG HƯNG THUẬN,Inbound,1,6,2026-07-11,2026-07-10,2026-07-11,2026-07-11,2026-07-11 21:00,2026-07-10 23:00,2026-07-11 13:00,2026-07-11 20:00,Rớt hôm trước
SG HƯNG LONG,Inbound,1,5,2026-07-11,2026-07-10,2026-07-11,2026-07-11,2026-07-11 21:00,2026-07-10 23:00,2026-07-11 15:00,2026-07-11 15:00,Rớt hôm trước
BD DĨ AN,Inbound,1,12,2026-07-10,2026-07-10,2026-07-10,2026-07-10,2026-07-10 23:00,2026-07-10 08:00,2026-07-10 16:00,2026-07-10 19:00,Rớt hôm nay
BD DĨ AN,Inbound,1,0,2026-07-13,2026-07-10,2026-07-10,2026-07-13,2026-07-13 19:00,2026-07-10 13:00,2026-07-10 17:00,2026-07-13 14:00,Rớt hôm nay
BD BÌNH HÒA,Inbound,1,7,2026-07-10,2026-07-10,2026-07-10,2026-07-10,2026-07-10 23:00,2026-07-10 13:00,2026-07-10 16:00,2026-07-10 20:00,Rớt hôm nay
BD BÌNH HÒA,Inbound,1,9,2026-07-10,2026-07-10,2026-07-10,2026-07-10,2026-07-10 23:00,2026-07-10 06:00,2026-07-10 11:00,2026-07-10 20:00,Rớt hôm nay
BD DĨ AN,Inbound,1,6,2026-07-10,2026-07-10,2026-07-10,2026-07-10,2026-07-10 23:00,2026-07-10 09:00,2026-07-10 15:00,2026-07-10 19:00,Rớt hôm nay
SG AN LẠC,Created,1,15,,2026-07-13,,,,2026-07-10 23:00,,,Rớt hôm trước
BD DĨ AN,Inbound,1,0,2026-07-10,2026-07-10,2026-07-10,2026-07-10,2026-07-10 23:00,2026-07-10 16:00,2026-07-10 18:00,2026-07-10 18:00,Rớt hôm nay
BD DĨ AN,Inbound,1,6,2026-07-10,2026-07-10,2026-07-10,2026-07-10,2026-07-10 23:00,2026-07-10 08:00,2026-07-10 09:00,2026-07-10 19:00,Rớt hôm nay
SG CỦ CHI,Inbound,2,17,2026-07-11,2026-07-10,2026-07-11,2026-07-11,2026-07-11 13:00,2026-07-11 00:00,2026-07-11 10:00,2026-07-11 10:00,Rớt hôm trước
SG BÌNH TÂN,Created,1,10,,2026-07-13,,,,2026-07-11 00:00,,,Rớt hôm trước
SG CỦ CHI,Inbound,2,10,2026-07-11,2026-07-10,2026-07-11,2026-07-11,2026-07-11 13:00,2026-07-11 00:00,2026-07-11 09:00,2026-07-11 09:00,Rớt hôm trước
SG TÂN TẠO,Inbound,1,5,2026-07-11,2026-07-10,2026-07-11,2026-07-11,2026-07-11 21:00,2026-07-11 01:00,2026-07-11 11:00,2026-07-11 19:00,Rớt hôm trước
SG BÌNH LỢI,Inbound,1,12,2026-07-11,2026-07-10,2026-07-11,2026-07-11,2026-07-11 16:00,2026-07-11 01:00,2026-07-11 11:00,2026-07-11 11:00,Rớt hôm trước
SG BÌNH LỢI,Inbound,2,10,2026-07-11,2026-07-10,2026-07-11,2026-07-11,2026-07-11 16:00,2026-07-11 03:00,2026-07-11 13:00,2026-07-11 13:00,Rớt hôm trước
SG CỦ CHI,Inbound,2,17,2026-07-11,2026-07-10,2026-07-11,2026-07-11,2026-07-11 21:00,2026-07-11 05:00,2026-07-11 20:00,2026-07-11 20:00,Rớt hôm trước
SG BÌNH TÂN,Inbound,1,6,2026-07-11,2026-07-10,2026-07-11,2026-07-11,2026-07-12 01:00,2026-07-11 05:00,2026-07-11 11:00,2026-07-11 21:00,Rớt hôm trước
SG NHƠN ĐỨC,Created,1,5,,2026-07-13,,,,2026-07-11 05:00,,,Rớt hôm trước
SG BÌNH LỢI,Inbound,1,7,2026-07-11,2026-07-11,2026-07-11,2026-07-11,2026-07-11 22:00,2026-07-11 06:00,2026-07-11 18:00,2026-07-11 18:00,Rớt hôm nay
SG CỦ CHI,Inbound,1,5,2026-07-11,2026-07-11,2026-07-11,2026-07-11,2026-07-11 13:00,2026-07-11 06:00,2026-07-11 09:00,2026-07-11 09:00,Rớt hôm nay
SG BÌNH TÂN,Inbound,1,7,2026-07-11,2026-07-11,2026-07-11,2026-07-11,2026-07-12 01:00,2026-07-11 06:00,2026-07-11 18:00,2026-07-11 22:00,Rớt hôm nay
SG BÀ ĐIỂM,Created,2,15,,2026-07-13,,,,2026-07-11 06:00,,,Rớt hôm trước
SG CỦ CHI,Inbound,1,7,2026-07-11,2026-07-11,2026-07-11,2026-07-11,2026-07-11 22:00,2026-07-11 07:00,2026-07-11 15:00,2026-07-11 20:00,Rớt hôm nay
LA ĐỨC HÒA,Created,1,12,,2026-07-13,,,,2026-07-11 06:00,,,Rớt hôm trước
SG PHÚ LÂM,Created,1,11,,2026-07-13,,,,2026-07-11 07:00,,,Rớt hôm trước
SG BÀ ĐIỂM,Pickup Done,13,80,,2026-07-11,2026-07-11,,,2026-07-11 07:00,2026-07-11 17:00,,Rớt hôm nay
SG BÌNH TÂN,Inbound,1,5,2026-07-11,2026-07-11,2026-07-11,2026-07-11,2026-07-12 02:00,2026-07-11 07:00,2026-07-11 10:00,2026-07-11 22:00,Rớt hôm nay
SG HƯNG LONG,Inbound,1,32,2026-07-11,2026-07-11,2026-07-11,2026-07-11,2026-07-11 21:00,2026-07-11 07:00,2026-07-11 10:00,2026-07-11 15:00,Rớt hôm nay
LA ĐỨC HÒA,Inbound,3,19,2026-07-11,2026-07-11,2026-07-11,2026-07-11,2026-07-11 19:00,2026-07-11 07:00,2026-07-11 11:00,2026-07-11 17:00,Rớt hôm nay
SG TÂN SƠN NHÌ,Inbound,1,7,2026-07-11,2026-07-11,2026-07-11,2026-07-11,2026-07-11 22:00,2026-07-11 07:00,2026-07-11 10:00,2026-07-11 17:00,Rớt hôm nay
SG GÒ VẤP,Pickup Done,4,60,,2026-07-13,2026-07-13,,,2026-07-11 07:00,2026-07-13 16:00,,Rớt hôm trước
SG BÌNH LỢI,Inbound,1,5,2026-07-11,2026-07-11,2026-07-11,2026-07-11,2026-07-11 22:00,2026-07-11 07:00,2026-07-11 17:00,2026-07-11 19:00,Rớt hôm nay
SG BÌNH LỢI,Created,1,12,,2026-07-13,,,,2026-07-11 07:00,,,Rớt hôm trước
SG BÌNH TÂN,Inbound,1,9,2026-07-11,2026-07-11,2026-07-11,,2026-07-12 01:00,2026-07-11 08:00,2026-07-11 21:00,,Rớt hôm nay
SG BẢY HIỀN,Transporting,1,20,,2026-07-13,2026-07-13,2026-07-13,,2026-07-11 07:00,2026-07-13 14:00,2026-07-13 14:00,Rớt hôm trước
SG TÂN HƯNG,Inbound,1,13,2026-07-11,2026-07-11,2026-07-11,2026-07-11,2026-07-11 21:00,2026-07-11 07:00,2026-07-11 11:00,2026-07-11 19:00,Rớt hôm nay
SG BÌNH LỢI,Inbound,1,7,2026-07-11,2026-07-11,2026-07-11,2026-07-11,2026-07-11 22:00,2026-07-11 07:00,2026-07-11 18:00,2026-07-11 18:00,Rớt hôm nay
LA ĐỨC HÒA,Inbound,1,11,2026-07-11,2026-07-11,2026-07-11,2026-07-11,2026-07-11 19:00,2026-07-11 07:00,2026-07-11 15:00,2026-07-11 17:00,Rớt hôm nay
CT BÌNH THỦY,Created,1,6,,2026-07-13,,,,2026-07-11 07:00,,,Rớt hôm trước
SG ĐÔNG HƯNG THUẬN,Created,1,5,,2026-07-13,,,,2026-07-11 07:00,,,Rớt hôm trước
SG BÌNH LỢI,Inbound,1,6,2026-07-11,2026-07-11,2026-07-11,2026-07-11,2026-07-11 16:00,2026-07-11 08:00,2026-07-11 10:00,2026-07-11 11:00,Rớt hôm nay
SG BÌNH TRỊ ĐÔNG,Pickup Done,1,7,,2026-07-11,2026-07-11,,,2026-07-11 08:00,2026-07-11 08:00,,Rớt hôm nay
SG BÌNH TÂN,Created,3,53,,2026-07-13,,,,2026-07-11 08:00,,,Rớt hôm trước
SG HƯNG LONG,Created,1,12,,2026-07-13,,,,2026-07-11 08:00,,,Rớt hôm trước
SG CHỢ LỚN,Transporting,1,7,,2026-07-11,2026-07-11,2026-07-11,,2026-07-11 08:00,2026-07-11 10:00,2026-07-11 19:00,Rớt hôm nay
SG BÌNH TÂN,Pickup Done,2,17,,2026-07-13,2026-07-13,,,2026-07-11 08:00,2026-07-13 10:00,,Rớt hôm trước
SG BÌNH TÂN,Inbound,2,24,2026-07-11,2026-07-11,2026-07-11,2026-07-11,2026-07-12 01:00,2026-07-11 08:00,2026-07-11 11:00,2026-07-11 21:00,Rớt hôm nay
SG BÀ ĐIỂM,Pickup Done,1,80,,2026-07-11,2026-07-12,,,2026-07-11 08:00,2026-07-12 16:00,,Rớt hôm trước
SG BÌNH TRỊ ĐÔNG,Inbound,1,9,2026-07-11,2026-07-11,2026-07-11,2026-07-11,2026-07-11 22:00,2026-07-11 08:00,2026-07-11 10:00,2026-07-11 20:00,Rớt hôm nay
SG HIỆP BÌNH,Inbound,1,9,2026-07-11,2026-07-11,2026-07-11,2026-07-11,2026-07-11 23:00,2026-07-11 08:00,2026-07-11 11:00,2026-07-11 19:00,Rớt hôm nay
SG BÌNH TÂN,Inbound,1,9,2026-07-11,2026-07-11,2026-07-11,2026-07-11,2026-07-12 01:00,2026-07-11 08:00,2026-07-11 21:00,2026-07-11 21:00,Rớt hôm nay
SG CỦ CHI,Inbound,1,8,2026-07-12,2026-07-11,2026-07-12,2026-07-12,2026-07-12 22:00,2026-07-11 08:00,2026-07-12 11:00,2026-07-12 19:00,Rớt hôm trước
SG BÀ ĐIỂM,Pickup Done,1,5,,2026-07-11,2026-07-11,,,2026-07-11 08:00,2026-07-11 17:00,,Rớt hôm nay
SG BÌNH LỢI,Inbound,1,8,2026-07-11,2026-07-11,2026-07-11,2026-07-11,2026-07-11 22:00,2026-07-11 08:00,2026-07-11 18:00,2026-07-11 18:00,Rớt hôm nay
SG CỦ CHI,Inbound,1,5,2026-07-11,2026-07-11,2026-07-11,2026-07-11,2026-07-11 17:00,2026-07-11 08:00,2026-07-11 11:00,2026-07-11 11:00,Rớt hôm nay
SG TÂN TẠO,Pickup Done,1,6,,2026-07-13,2026-07-13,,,2026-07-11 08:00,2026-07-13 19:00,,Rớt hôm trước
SG AN LẠC,Inbound,1,5,2026-07-11,2026-07-11,2026-07-11,,2026-07-12 00:00,2026-07-11 08:00,2026-07-11 10:00,,Rớt hôm nay
SG BÌNH TÂN,Inbound,1,5,2026-07-11,2026-07-11,2026-07-11,2026-07-11,2026-07-12 01:00,2026-07-11 09:00,2026-07-11 16:00,2026-07-11 22:00,Rớt hôm nay
SG HIỆP BÌNH,Created,1,5,,2026-07-13,,,,2026-07-11 09:00,,,Rớt hôm trước
SG VĨNH LỘC,Inbound,1,6,2026-07-11,2026-07-11,2026-07-11,2026-07-11,2026-07-11 21:00,2026-07-11 09:00,2026-07-11 16:00,2026-07-11 20:00,Rớt hôm nay
SG TÂN THỚI HIỆP,Inbound,1,5,2026-07-11,2026-07-11,2026-07-11,2026-07-11,2026-07-11 21:00,2026-07-11 09:00,2026-07-11 09:00,2026-07-11 17:00,Rớt hôm nay
SG BÀ ĐIỂM,Pickup Done,1,5,,2026-07-11,2026-07-11,,,2026-07-11 09:00,2026-07-11 17:00,,Rớt hôm nay
CT NINH KIỀU,Created,1,6,,2026-07-13,,,,2026-07-11 09:00,,,Rớt hôm trước
SG THỦ ĐỨC,Transporting,1,13,,2026-07-13,2026-07-13,2026-07-13,,2026-07-11 09:00,2026-07-13 10:00,2026-07-13 11:00,Rớt hôm trước
SG BÌNH TÂN,Inbound,1,5,2026-07-11,2026-07-11,2026-07-11,2026-07-11,2026-07-12 02:00,2026-07-11 09:00,2026-07-11 11:00,2026-07-11 21:00,Rớt hôm nay
SG BÌNH LỢI,Inbound,1,5,2026-07-11,2026-07-11,2026-07-11,2026-07-11,2026-07-11 22:00,2026-07-11 09:00,2026-07-11 20:00,2026-07-11 20:00,Rớt hôm nay
SG TÂN THỚI HIỆP,Inbound,1,7,2026-07-11,2026-07-11,2026-07-11,2026-07-11,2026-07-11 20:00,2026-07-11 09:00,2026-07-11 09:00,2026-07-11 17:00,Rớt hôm nay
SG CỦ CHI,Inbound,1,5,2026-07-12,2026-07-11,2026-07-12,2026-07-12,2026-07-12 22:00,2026-07-11 09:00,2026-07-12 11:00,2026-07-12 19:00,Rớt hôm trước
SG TÂN THỚI HIỆP,Inbound,1,5,2026-07-11,2026-07-11,2026-07-11,2026-07-11,2026-07-11 21:00,2026-07-11 09:00,2026-07-11 09:00,2026-07-11 16:00,Rớt hôm nay
SG THỦ ĐỨC,Created,2,15,,2026-07-13,,,,2026-07-11 09:00,,,Rớt hôm trước
SG GÒ VẤP,Pickup Done,1,15,,2026-07-13,2026-07-13,,,2026-07-11 09:00,2026-07-13 16:00,,Rớt hôm trước
SG NHƠN ĐỨC,Inbound,1,8,2026-07-11,2026-07-11,2026-07-11,2026-07-11,2026-07-11 21:00,2026-07-11 09:00,2026-07-11 20:00,2026-07-11 20:00,Rớt hôm nay
SG BÌNH TÂN,Created,1,7,,2026-07-13,,,,2026-07-11 09:00,,,Rớt hôm trước
SG CỦ CHI,Inbound,1,7,2026-07-11,2026-07-10,2026-07-11,2026-07-11,2026-07-11 13:00,2026-07-10 21:00,2026-07-11 09:00,2026-07-11 09:00,Rớt hôm trước
SG BÌNH LỢI,Inbound,1,11,2026-07-11,2026-07-11,2026-07-11,2026-07-11,2026-07-11 21:00,2026-07-11 09:00,2026-07-11 20:00,2026-07-11 20:00,Rớt hôm nay
SG HIỆP BÌNH,Inbound,1,8,2026-07-11,2026-07-11,2026-07-11,2026-07-11,2026-07-11 23:00,2026-07-11 09:00,2026-07-11 10:00,2026-07-11 19:00,Rớt hôm nay
SG CỦ CHI,Created,1,8,,2026-07-13,,,,2026-07-11 09:00,,,Rớt hôm trước
SG BÌNH TÂN,Pickup Done,1,15,,2026-07-13,2026-07-13,,,2026-07-11 09:00,2026-07-13 10:00,,Rớt hôm trước
SG CỦ CHI,Inbound,1,5,2026-07-11,2026-07-11,2026-07-11,2026-07-11,2026-07-11 17:00,2026-07-11 09:00,2026-07-11 13:00,2026-07-11 13:00,Rớt hôm nay
SG BÌNH LỢI,Inbound,1,10,2026-07-11,2026-07-11,2026-07-11,2026-07-11,2026-07-11 22:00,2026-07-11 09:00,2026-07-11 18:00,2026-07-11 18:00,Rớt hôm nay
LA ĐỨC HÒA,Inbound,1,8,2026-07-11,2026-07-11,2026-07-11,2026-07-11,2026-07-11 19:00,2026-07-11 09:00,2026-07-11 18:00,2026-07-11 18:00,Rớt hôm nay
SG CỦ CHI,Inbound,1,6,2026-07-11,2026-07-11,2026-07-11,2026-07-11,2026-07-11 21:00,2026-07-11 09:00,2026-07-11 18:00,2026-07-11 18:00,Rớt hôm nay
SG AN LẠC,Created,1,7,,2026-07-13,,,,2026-07-11 09:00,,,Rớt hôm trước
SG BÌNH TÂN,Inbound,9,64,2026-07-11,2026-07-11,2026-07-11,2026-07-11,2026-07-11 19:00,2026-07-11 10:00,2026-07-11 10:00,2026-07-11 17:00,Rớt hôm nay
SG BÀ ĐIỂM,Pickup Done,3,16,,2026-07-11,2026-07-11,,,2026-07-11 10:00,2026-07-11 17:00,,Rớt hôm nay
SG PHÚ NHUẬN,Inbound,1,22,2026-07-11,2026-07-11,2026-07-11,2026-07-11,2026-07-11 22:00,2026-07-11 10:00,2026-07-11 15:00,2026-07-11 18:00,Rớt hôm nay
SG HƯNG LONG,Transporting,1,13,,2026-07-13,2026-07-13,2026-07-13,,2026-07-11 10:00,2026-07-13 17:00,2026-07-13 19:00,Rớt hôm trước
SG BÌNH TÂN,Created,1,11,,2026-07-13,,,,2026-07-11 10:00,,,Rớt hôm trước
SG HƯNG LONG,Inbound,1,5,2026-07-11,2026-07-11,2026-07-11,2026-07-11,2026-07-11 21:00,2026-07-11 10:00,2026-07-11 16:00,2026-07-11 16:00,Rớt hôm nay
SG PHÚ LÂM,Inbound,1,6,2026-07-11,2026-07-11,2026-07-11,2026-07-11,2026-07-11 23:00,2026-07-11 10:00,2026-07-11 13:00,2026-07-11 21:00,Rớt hôm nay
SG PHÚ LÂM,Created,1,6,,2026-07-13,,,,2026-07-11 10:00,,,Rớt hôm trước
SG GÒ VẤP,Pickup Done,3,18,,2026-07-13,2026-07-13,,,2026-07-11 10:00,2026-07-13 08:00,,Rớt hôm trước
SG THỦ ĐỨC,Transporting,1,9,,2026-07-13,2026-07-13,2026-07-13,,2026-07-11 10:00,2026-07-13 10:00,2026-07-13 11:00,Rớt hôm trước
SG NHƠN ĐỨC,Inbound,1,8,2026-07-11,2026-07-11,2026-07-11,2026-07-11,2026-07-11 22:00,2026-07-11 10:00,2026-07-11 19:00,2026-07-11 20:00,Rớt hôm nay
SG BÌNH TÂN,Inbound,4,24,2026-07-11,2026-07-11,2026-07-11,2026-07-11,2026-07-11 19:00,2026-07-11 10:00,2026-07-11 11:00,2026-07-11 17:00,Rớt hôm nay
SG CỦ CHI,Inbound,1,5,2026-07-11,2026-07-11,2026-07-11,2026-07-11,2026-07-11 17:00,2026-07-11 10:00,2026-07-11 14:00,2026-07-11 14:00,Rớt hôm nay
SG CỦ CHI,Inbound,1,5,2026-07-11,2026-07-11,2026-07-11,2026-07-11,2026-07-11 16:00,2026-07-11 10:00,2026-07-11 14:00,2026-07-11 14:00,Rớt hôm nay
SG GÒ VẤP,Created,1,17,,2026-07-13,,,,2026-07-11 10:00,,,Rớt hôm trước
SG AN LẠC,Created,3,20,,2026-07-13,,,,2026-07-11 11:00,,,Rớt hôm trước
SG BÌNH LỢI,Inbound,2,25,2026-07-11,2026-07-11,2026-07-11,2026-07-11,2026-07-11 22:00,2026-07-11 11:00,2026-07-11 18:00,2026-07-11 18:00,Rớt hôm nay
SG BÌNH TRỊ ĐÔNG,Created,2,18,,2026-07-13,,,,2026-07-11 11:00,,,Rớt hôm trước
SG BÀ ĐIỂM,Pickup Done,3,29,,2026-07-11,2026-07-11,,,2026-07-11 11:00,2026-07-11 17:00,,Rớt hôm nay
VL CHỢ LÁCH,Inbound,1,6,2026-07-11,2026-07-11,2026-07-11,2026-07-11,2026-07-11 21:00,2026-07-11 11:00,2026-07-11 11:00,2026-07-11 18:00,Rớt hôm nay
SG BÌNH TÂN,Inbound,1,8,2026-07-11,2026-07-10,2026-07-11,2026-07-11,2026-07-12 01:00,2026-07-10 21:00,2026-07-11 11:00,2026-07-11 21:00,Rớt hôm trước
SG TÂN THỚI HIỆP,Inbound,3,21,2026-07-11,2026-07-11,2026-07-11,2026-07-11,2026-07-11 20:00,2026-07-11 11:00,2026-07-11 15:00,2026-07-11 19:00,Rớt hôm nay
SG NHƠN ĐỨC,Inbound,1,11,2026-07-11,2026-07-11,2026-07-11,2026-07-11,2026-07-11 21:00,2026-07-11 11:00,2026-07-11 20:00,2026-07-11 20:00,Rớt hôm nay
SG TÂN TẠO,Inbound,1,6,2026-07-11,2026-07-11,2026-07-11,2026-07-11,2026-07-11 21:00,2026-07-11 11:00,2026-07-11 17:00,2026-07-11 19:00,Rớt hôm nay
SG PHÚ NHUẬN,Transporting,1,5,,2026-07-13,2026-07-13,2026-07-13,,2026-07-11 11:00,2026-07-13 11:00,2026-07-13 17:00,Rớt hôm trước
SG THỦ ĐỨC,Created,1,13,,2026-07-13,,,,2026-07-11 11:00,,,Rớt hôm trước
SG PHÚ LÂM,Inbound,1,10,2026-07-11,2026-07-11,2026-07-11,2026-07-11,2026-07-11 23:00,2026-07-11 11:00,2026-07-11 14:00,2026-07-11 21:00,Rớt hôm nay
SG BÌNH TÂN,Inbound,1,8,2026-07-11,2026-07-11,2026-07-11,2026-07-11,2026-07-12 01:00,2026-07-11 11:00,2026-07-11 20:00,2026-07-11 21:00,Rớt hôm nay
SG GÒ VẤP,Pickup Done,1,9,,2026-07-13,2026-07-13,,,2026-07-11 11:00,2026-07-13 16:00,,Rớt hôm trước
SG CỦ CHI,Inbound,1,11,2026-07-11,2026-07-11,2026-07-11,2026-07-11,2026-07-11 16:00,2026-07-11 12:00,2026-07-11 15:00,2026-07-11 15:00,Rớt hôm nay
SG PHÚ NHUẬN,Transporting,1,10,,2026-07-13,2026-07-13,2026-07-13,,2026-07-11 12:00,2026-07-13 13:00,2026-07-13 17:00,Rớt hôm trước
SG HƯNG LONG,Created,2,11,,2026-07-13,,,,2026-07-11 12:00,,,Rớt hôm trước
SG CỦ CHI,Inbound,2,10,2026-07-11,2026-07-11,2026-07-11,2026-07-11,2026-07-11 16:00,2026-07-11 12:00,2026-07-11 14:00,2026-07-11 14:00,Rớt hôm nay
SG AN LẠC,Pickup Done,1,5,,2026-07-11,2026-07-11,,,2026-07-11 12:00,2026-07-11 18:00,,Rớt hôm nay
SG GÒ VẤP,Pickup Done,1,9,,2026-07-13,2026-07-13,,,2026-07-11 12:00,2026-07-13 16:00,,Rớt hôm trước
SG PHÚ LÂM,Inbound,1,11,2026-07-11,2026-07-11,2026-07-11,2026-07-11,2026-07-11 23:00,2026-07-11 12:00,2026-07-11 14:00,2026-07-11 21:00,Rớt hôm nay
SG THỦ ĐỨC,Created,1,10,,2026-07-13,,,,2026-07-11 12:00,,,Rớt hôm trước
SG BÌNH LỢI,Inbound,1,17,2026-07-11,2026-07-11,2026-07-11,2026-07-11,2026-07-11 22:00,2026-07-11 12:00,2026-07-11 18:00,2026-07-11 18:00,Rớt hôm nay
SG NHƠN ĐỨC,Inbound,1,6,2026-07-11,2026-07-11,2026-07-11,2026-07-11,2026-07-11 22:00,2026-07-11 12:00,2026-07-11 20:00,2026-07-11 20:00,Rớt hôm nay
SG BÀ ĐIỂM,Pickup Done,8,48,,2026-07-11,2026-07-11,,,2026-07-11 12:00,2026-07-11 17:00,,Rớt hôm nay
SG BÌNH TÂN,Pickup Done,1,9,,2026-07-13,2026-07-13,,,2026-07-11 12:00,2026-07-13 19:00,,Rớt hôm trước
SG BÌNH LỢI,Created,1,5,,2026-07-13,,,,2026-07-11 12:00,,,Rớt hôm trước
SG THỦ ĐỨC,Transporting,1,19,,2026-07-13,2026-07-13,2026-07-13,,2026-07-11 12:00,2026-07-13 10:00,2026-07-13 11:00,Rớt hôm trước
SG AN LẠC,Created,1,6,,2026-07-13,,,,2026-07-11 12:00,,,Rớt hôm trước
DT SA ĐÉC,Inbound,1,10,2026-07-11,2026-07-11,2026-07-11,2026-07-11,2026-07-11 23:00,2026-07-11 13:00,2026-07-11 14:00,2026-07-11 15:00,Rớt hôm nay
CT NINH KIỀU,Created,1,6,,2026-07-13,,,,2026-07-11 13:00,,,Rớt hôm trước
SG ĐÔNG HƯNG THUẬN,Inbound,1,17,2026-07-11,2026-07-11,2026-07-11,2026-07-11,2026-07-11 21:00,2026-07-11 13:00,2026-07-11 16:00,2026-07-11 20:00,Rớt hôm nay
SG BÌNH TÂN,Pickup Done,2,11,,2026-07-13,2026-07-13,,,2026-07-11 13:00,2026-07-13 11:00,,Rớt hôm trước
SG BÌNH LỢI,Inbound,1,7,2026-07-11,2026-07-11,2026-07-11,2026-07-11,2026-07-11 22:00,2026-07-11 13:00,2026-07-11 18:00,2026-07-11 19:00,Rớt hôm nay
SG BÌNH LỢI,Inbound,1,10,2026-07-11,2026-07-11,2026-07-11,2026-07-11,2026-07-11 21:00,2026-07-11 13:00,2026-07-11 21:00,2026-07-11 21:00,Rớt hôm nay
SG TÂN NHỰT,Inbound,1,9,2026-07-11,2026-07-11,2026-07-11,2026-07-11,2026-07-11 21:00,2026-07-11 13:00,2026-07-11 15:00,2026-07-11 16:00,Rớt hôm nay
CT NINH KIỀU,Transporting,3,17,,2026-07-13,2026-07-13,2026-07-13,,2026-07-11 13:00,2026-07-13 09:00,2026-07-13 18:00,Rớt hôm trước
SG TÂN TẠO,Inbound,1,8,2026-07-11,2026-07-11,2026-07-11,2026-07-11,2026-07-11 21:00,2026-07-11 13:00,2026-07-11 16:00,2026-07-11 19:00,Rớt hôm nay
SG CỦ CHI,Inbound,1,11,2026-07-11,2026-07-11,2026-07-11,2026-07-11,2026-07-11 16:00,2026-07-11 13:00,2026-07-11 15:00,2026-07-11 15:00,Rớt hôm nay
SG BÌNH TÂN,Pickup Done,3,29,,2026-07-13,2026-07-13,,,2026-07-11 13:00,2026-07-13 13:00,,Rớt hôm trước
SG CHỢ LỚN,Inbound,1,18,2026-07-11,2026-07-11,2026-07-11,2026-07-11,2026-07-11 21:00,2026-07-11 13:00,2026-07-11 16:00,2026-07-11 19:00,Rớt hôm nay
SG BÌNH TÂN,Created,2,30,,2026-07-13,,,,2026-07-11 13:00,,,Rớt hôm trước
DT SA ĐÉC,Inbound,1,10,2026-07-11,2026-07-11,2026-07-11,2026-07-11,2026-07-11 23:00,2026-07-11 13:00,2026-07-11 15:00,2026-07-11 15:00,Rớt hôm nay
DT SA ĐÉC,Inbound,1,10,2026-07-11,2026-07-11,2026-07-11,2026-07-11,2026-07-11 23:00,2026-07-11 13:00,2026-07-11 15:00,2026-07-11 16:00,Rớt hôm nay
DT SA ĐÉC,Inbound,2,20,2026-07-11,2026-07-11,2026-07-11,2026-07-11,2026-07-12 00:00,2026-07-11 13:00,2026-07-11 15:00,2026-07-11 15:00,Rớt hôm nay
SG BÌNH LỢI,Transporting,1,7,,2026-07-13,2026-07-13,2026-07-13,,2026-07-11 13:00,2026-07-13 18:00,2026-07-13 18:00,Rớt hôm trước
SG CỦ CHI,Inbound,1,15,2026-07-11,2026-07-11,2026-07-11,2026-07-11,2026-07-11 16:00,2026-07-11 13:00,2026-07-11 14:00,2026-07-11 14:00,Rớt hôm nay
SG GÒ VẤP,Pickup Done,1,6,,2026-07-13,2026-07-13,,,2026-07-11 13:00,2026-07-13 09:00,,Rớt hôm trước
SG HƯNG LONG,Inbound,2,16,2026-07-13,2026-07-11,2026-07-13,2026-07-13,2026-07-13 15:00,2026-07-11 13:00,2026-07-13 07:00,2026-07-13 11:00,Rớt hôm trước
SG BÌNH TÂN,Inbound,1,11,2026-07-11,2026-07-11,2026-07-11,2026-07-11,2026-07-12 01:00,2026-07-11 13:00,2026-07-11 16:00,2026-07-11 22:00,Rớt hôm nay
SG BÌNH LỢI,Inbound,1,10,2026-07-11,2026-07-10,2026-07-11,2026-07-11,2026-07-11 16:00,2026-07-10 21:00,2026-07-11 13:00,2026-07-11 13:00,Rớt hôm trước
SG CỦ CHI,Inbound,3,23,2026-07-11,2026-07-11,2026-07-11,2026-07-11,2026-07-11 22:00,2026-07-11 13:00,2026-07-11 16:00,2026-07-11 16:00,Rớt hôm nay
SG BÌNH TÂN,Inbound,1,10,2026-07-11,2026-07-11,2026-07-11,,2026-07-12 00:00,2026-07-11 13:00,2026-07-11 22:00,,Rớt hôm nay
DT SA ĐÉC,Inbound,1,10,2026-07-13,2026-07-11,2026-07-11,2026-07-13,2026-07-13 20:00,2026-07-11 13:00,2026-07-11 15:00,2026-07-13 18:00,Rớt hôm nay
SG BÀ ĐIỂM,Pickup Done,2,10,,2026-07-11,2026-07-11,,,2026-07-11 13:00,2026-07-11 17:00,,Rớt hôm nay
SG BÌNH LỢI,Inbound,1,6,2026-07-11,2026-07-11,2026-07-11,2026-07-11,2026-07-11 22:00,2026-07-11 13:00,2026-07-11 18:00,2026-07-11 18:00,Rớt hôm nay
SG GÒ VẤP,Created,1,9,,2026-07-13,,,,2026-07-11 13:00,,,Rớt hôm trước
SG CỦ CHI,Inbound,1,8,2026-07-11,2026-07-11,2026-07-11,2026-07-11,2026-07-11 22:00,2026-07-11 14:00,2026-07-11 16:00,2026-07-11 16:00,Rớt hôm nay
SG TÂN THỚI HIỆP,Inbound,1,5,2026-07-11,2026-07-11,2026-07-11,2026-07-11,2026-07-11 20:00,2026-07-11 13:00,2026-07-11 15:00,2026-07-11 18:00,Rớt hôm nay
SG BÌNH TRỊ ĐÔNG,Created,2,24,,2026-07-13,,,,2026-07-11 13:00,,,Rớt hôm trước
SG AN LẠC,Inbound,1,8,2026-07-11,2026-07-11,2026-07-11,,2026-07-12 02:00,2026-07-11 13:00,2026-07-11 18:00,,Rớt hôm nay
SG THỦ ĐỨC,Created,1,5,,2026-07-13,,,,2026-07-11 13:00,,,Rớt hôm trước
SG GÒ VẤP,Inbound,1,13,2026-07-12,2026-07-11,2026-07-12,2026-07-12,2026-07-12 21:00,2026-07-11 13:00,2026-07-12 16:00,2026-07-12 19:00,Rớt hôm trước
CT NINH KIỀU,Transporting,9,63,,2026-07-13,2026-07-13,2026-07-13,,2026-07-11 14:00,2026-07-13 11:00,2026-07-13 18:00,Rớt hôm trước
SG TÂN TẠO,Created,1,13,,2026-07-13,,,,2026-07-11 14:00,,,Rớt hôm trước
SG BÌNH LỢI,Inbound,1,8,2026-07-11,2026-07-11,2026-07-11,2026-07-11,2026-07-11 22:00,2026-07-11 14:00,2026-07-11 18:00,2026-07-11 19:00,Rớt hôm nay
SG BÌNH TRỊ ĐÔNG,Created,16,192,,2026-07-13,,,,2026-07-11 14:00,,,Rớt hôm trước
SG VĨNH LỘC,Inbound,1,36,2026-07-11,2026-07-11,2026-07-11,2026-07-11,2026-07-11 15:00,2026-07-11 14:00,2026-07-11 14:00,2026-07-11 14:00,Rớt hôm nay
DT SA ĐÉC,Inbound,1,10,2026-07-11,2026-07-11,2026-07-11,2026-07-11,2026-07-11 23:00,2026-07-11 14:00,2026-07-11 15:00,2026-07-11 16:00,Rớt hôm nay
SG BÌNH TÂN,Pickup Done,1,5,,2026-07-13,2026-07-13,,,2026-07-11 14:00,2026-07-13 16:00,,Rớt hôm trước
SG HIỆP BÌNH,Transporting,1,7,,2026-07-13,2026-07-13,2026-07-13,,2026-07-11 14:00,2026-07-13 12:00,2026-07-13 19:00,Rớt hôm trước
SG GÒ VẤP,Pickup Done,1,15,,2026-07-13,2026-07-13,,,2026-07-11 14:00,2026-07-13 16:00,,Rớt hôm trước
DT SA ĐÉC,Inbound,1,10,2026-07-11,2026-07-11,2026-07-11,2026-07-11,2026-07-12 00:00,2026-07-11 14:00,2026-07-11 15:00,2026-07-11 16:00,Rớt hôm nay
CT NINH KIỀU,Transporting,1,7,,2026-07-13,2026-07-13,2026-07-13,,2026-07-11 14:00,2026-07-13 10:00,2026-07-13 18:00,Rớt hôm trước
SG GÒ VẤP,Created,2,22,,2026-07-13,,,,2026-07-11 14:00,,,Rớt hôm trước
SG AN PHÚ ĐÔNG,Created,1,14,,2026-07-13,,,,2026-07-11 14:00,,,Rớt hôm trước
SG HƯNG LONG,Created,2,19,,2026-07-13,,,,2026-07-11 14:00,,,Rớt hôm trước
SG BÌNH TRỊ ĐÔNG,Created,1,12,,2026-07-13,,,,2026-07-11 15:00,,,Rớt hôm trước
SG THỦ ĐỨC,Created,1,12,,2026-07-13,,,,2026-07-11 14:00,,,Rớt hôm trước
SG BÌNH TÂN,Transporting,1,11,,2026-07-11,2026-07-12,2026-07-12,,2026-07-11 14:00,2026-07-12 11:00,2026-07-12 21:00,Rớt hôm trước
SG PHÚ LÂM,Created,1,15,,2026-07-13,,,,2026-07-11 14:00,,,Rớt hôm trước
SG HƯNG LONG,Inbound,5,42,2026-07-13,2026-07-11,2026-07-13,2026-07-13,2026-07-13 15:00,2026-07-11 14:00,2026-07-13 12:00,2026-07-13 12:00,Rớt hôm trước
SG HIỆP BÌNH,Inbound,1,8,2026-07-11,2026-07-11,2026-07-11,2026-07-11,2026-07-11 23:00,2026-07-11 14:00,2026-07-11 17:00,2026-07-11 19:00,Rớt hôm nay
SG BÌNH LỢI,Inbound,1,6,2026-07-11,2026-07-11,2026-07-11,2026-07-11,2026-07-11 22:00,2026-07-11 14:00,2026-07-11 17:00,2026-07-11 19:00,Rớt hôm nay
SG CỦ CHI,Inbound,1,5,2026-07-12,2026-07-11,2026-07-12,2026-07-12,2026-07-12 22:00,2026-07-11 15:00,2026-07-12 11:00,2026-07-12 19:00,Rớt hôm trước
SG TÂN TẠO,Inbound,1,6,2026-07-11,2026-07-11,2026-07-11,2026-07-11,2026-07-11 21:00,2026-07-11 15:00,2026-07-11 18:00,2026-07-11 19:00,Rớt hôm nay
SG PHÚ LÂM,Transporting,1,6,,2026-07-11,2026-07-11,2026-07-11,,2026-07-11 15:00,2026-07-11 17:00,2026-07-11 21:00,Rớt hôm nay
SG HƯNG LONG,Inbound,4,38,2026-07-13,2026-07-11,2026-07-13,2026-07-13,2026-07-13 15:00,2026-07-11 15:00,2026-07-13 07:00,2026-07-13 11:00,Rớt hôm trước
SG THỦ ĐỨC,Transporting,1,6,,2026-07-13,2026-07-13,2026-07-13,,2026-07-11 15:00,2026-07-13 10:00,2026-07-13 11:00,Rớt hôm trước
SG AN PHÚ ĐÔNG,Transporting,1,10,,2026-07-13,2026-07-13,2026-07-13,,2026-07-11 15:00,2026-07-13 17:00,2026-07-13 17:00,Rớt hôm trước
SG BÌNH TÂN,Pickup Done,3,26,,2026-07-13,2026-07-13,,,2026-07-11 15:00,2026-07-13 13:00,,Rớt hôm trước
SG CHỢ LỚN,Inbound,1,6,2026-07-11,2026-07-11,2026-07-11,2026-07-11,2026-07-11 21:00,2026-07-11 15:00,2026-07-11 16:00,2026-07-11 19:00,Rớt hôm nay
SG GÒ VẤP,Pickup Done,1,6,,2026-07-13,2026-07-13,,,2026-07-11 15:00,2026-07-13 08:00,,Rớt hôm trước
DT SA ĐÉC,Transporting,1,8,,2026-07-13,2026-07-13,2026-07-13,,2026-07-11 15:00,2026-07-13 07:00,2026-07-13 15:00,Rớt hôm trước
SG TÂN TẠO,Pickup Done,9,106,,2026-07-13,2026-07-13,,,2026-07-11 15:00,2026-07-13 19:00,,Rớt hôm trước
SG AN LẠC,Inbound,1,9,2026-07-11,2026-07-11,2026-07-11,,2026-07-11 19:00,2026-07-11 15:00,2026-07-11 16:00,,Rớt hôm nay
SG BÌNH TÂN,Pickup Done,1,5,,2026-07-13,2026-07-13,,,2026-07-11 15:00,2026-07-13 11:00,,Rớt hôm trước
SG TÂN TẠO,Created,1,12,,2026-07-13,,,,2026-07-11 15:00,,,Rớt hôm trước
SG AN LẠC,Inbound,1,5,2026-07-11,2026-07-11,2026-07-11,2026-07-11,2026-07-11 19:00,2026-07-11 15:00,2026-07-11 16:00,2026-07-11 18:00,Rớt hôm nay
SG AN LẠC,Inbound,1,5,2026-07-11,2026-07-11,2026-07-11,2026-07-11,2026-07-11 19:00,2026-07-11 15:00,2026-07-11 16:00,2026-07-11 17:00,Rớt hôm nay
SG BÌNH TÂN,Transporting,1,6,,2026-07-11,2026-07-12,2026-07-12,,2026-07-11 15:00,2026-07-12 11:00,2026-07-12 21:00,Rớt hôm trước
SG BÀ ĐIỂM,Pickup Done,1,5,,2026-07-11,2026-07-11,,,2026-07-11 15:00,2026-07-11 17:00,,Rớt hôm nay
SG BÀ ĐIỂM,Pickup Done,3,21,,2026-07-13,2026-07-13,,,2026-07-11 15:00,2026-07-13 11:00,,Rớt hôm trước
SG HIỆP BÌNH,Transporting,1,9,,2026-07-13,2026-07-13,2026-07-13,,2026-07-11 15:00,2026-07-13 11:00,2026-07-13 19:00,Rớt hôm trước
SG HIỆP BÌNH,Transporting,1,7,,2026-07-13,2026-07-13,2026-07-13,,2026-07-11 16:00,2026-07-13 20:00,2026-07-13 20:00,Rớt hôm trước
LA ĐỨC HÒA,Inbound,2,26,2026-07-13,2026-07-11,2026-07-13,2026-07-13,2026-07-13 19:00,2026-07-11 16:00,2026-07-13 15:00,2026-07-13 15:00,Rớt hôm trước
SG HƯNG LONG,Created,3,15,,2026-07-13,,,,2026-07-11 16:00,,,Rớt hôm trước
SG KHÁNH HỘI,Created,1,7,,2026-07-13,,,,2026-07-11 16:00,,,Rớt hôm trước
SG HƯNG LONG,Inbound,3,26,2026-07-13,2026-07-11,2026-07-13,2026-07-13,2026-07-13 15:00,2026-07-11 16:00,2026-07-13 12:00,2026-07-13 12:00,Rớt hôm trước
SG AN LẠC,Created,1,5,,2026-07-13,,,,2026-07-11 16:00,,,Rớt hôm trước
SG HÓC MÔN,Transporting,2,13,,2026-07-13,2026-07-13,2026-07-13,,2026-07-11 16:00,2026-07-13 09:00,2026-07-13 18:00,Rớt hôm trước
SG BÌNH TRỊ ĐÔNG,Pickup Done,1,5,,2026-07-13,2026-07-13,,,2026-07-11 16:00,2026-07-13 16:00,,Rớt hôm trước
SG HƯNG LONG,Transporting,2,11,,2026-07-13,2026-07-13,2026-07-13,,2026-07-11 16:00,2026-07-13 17:00,2026-07-13 19:00,Rớt hôm trước
SG BÌNH TRỊ ĐÔNG,Pickup Done,1,6,,2026-07-13,2026-07-13,,,2026-07-11 16:00,2026-07-13 15:00,,Rớt hôm trước
SG TÂN TẠO,Pickup Done,1,10,,2026-07-13,2026-07-13,,,2026-07-11 16:00,2026-07-13 19:00,,Rớt hôm trước
SG AN LẠC,Inbound,1,5,2026-07-11,2026-07-11,2026-07-11,2026-07-11,2026-07-11 19:00,2026-07-11 16:00,2026-07-11 16:00,2026-07-11 18:00,Rớt hôm nay
SG CỦ CHI,Inbound,1,5,2026-07-11,2026-07-11,2026-07-11,2026-07-11,2026-07-11 21:00,2026-07-11 16:00,2026-07-11 17:00,2026-07-11 17:00,Rớt hôm nay
SG ĐÔNG HƯNG THUẬN,Transporting,2,26,,2026-07-13,2026-07-13,2026-07-13,,2026-07-11 16:00,2026-07-13 13:00,2026-07-13 19:00,Rớt hôm trước
SG BÌNH TRỊ ĐÔNG,Created,1,5,,2026-07-13,,,,2026-07-11 16:00,,,Rớt hôm trước
SG ĐÔNG HƯNG THUẬN,Transporting,1,15,,2026-07-13,2026-07-13,2026-07-13,,2026-07-11 16:00,2026-07-13 18:00,2026-07-13 19:00,Rớt hôm trước
SG BÌNH TÂN,Created,2,19,,2026-07-13,,,,2026-07-11 16:00,,,Rớt hôm trước
SG ĐÔNG HƯNG THUẬN,Transporting,1,20,,2026-07-13,2026-07-13,2026-07-13,,2026-07-11 16:00,2026-07-13 11:00,2026-07-13 19:00,Rớt hôm trước
SG BÌNH TÂN,Pickup Done,6,35,,2026-07-13,2026-07-13,,,2026-07-11 17:00,2026-07-13 13:00,,Rớt hôm trước
SG AN PHÚ ĐÔNG,Created,1,10,,2026-07-13,,,,2026-07-11 16:00,,,Rớt hôm trước
SG CỦ CHI,Inbound,3,21,2026-07-11,2026-07-11,2026-07-11,2026-07-11,2026-07-11 21:00,2026-07-11 17:00,2026-07-11 18:00,2026-07-11 18:00,Rớt hôm nay
SG CỦ CHI,Inbound,5,32,2026-07-13,2026-07-11,2026-07-13,2026-07-13,2026-07-13 16:00,2026-07-11 17:00,2026-07-13 12:00,2026-07-13 15:00,Rớt hôm trước
SG AN LẠC,Pickup Done,1,5,,2026-07-11,2026-07-11,,,2026-07-11 17:00,2026-07-11 18:00,,Rớt hôm nay
SG NHƠN ĐỨC,Inbound,2,13,2026-07-11,2026-07-11,2026-07-11,2026-07-11,2026-07-11 21:00,2026-07-11 17:00,2026-07-11 20:00,2026-07-11 20:00,Rớt hôm nay
LA ĐỨC HÒA,Inbound,3,32,2026-07-13,2026-07-11,2026-07-13,2026-07-13,2026-07-13 19:00,2026-07-11 17:00,2026-07-13 15:00,2026-07-13 15:00,Rớt hôm trước
SG TÂN THỚI HIỆP,Inbound,1,13,2026-07-13,2026-07-11,2026-07-13,2026-07-13,2026-07-13 19:00,2026-07-11 17:00,2026-07-13 16:00,2026-07-13 17:00,Rớt hôm trước
SG NHƠN ĐỨC,Inbound,1,6,2026-07-13,2026-07-11,2026-07-13,2026-07-13,2026-07-13 19:00,2026-07-11 17:00,2026-07-13 18:00,2026-07-13 18:00,Rớt hôm trước
SG BÌNH TÂN,Created,2,18,,2026-07-13,,,,2026-07-11 17:00,,,Rớt hôm trước
SG CHỢ LỚN,Transporting,1,12,,2026-07-13,2026-07-13,2026-07-13,,2026-07-11 17:00,2026-07-13 12:00,2026-07-13 18:00,Rớt hôm trước
LA TÂN AN,Created,1,12,,2026-07-13,,,,2026-07-11 17:00,,,Rớt hôm trước
SG GÒ VẤP,Created,1,6,,2026-07-13,,,,2026-07-11 17:00,,,Rớt hôm trước
SG NHƠN ĐỨC,Inbound,1,6,2026-07-13,2026-07-11,2026-07-13,2026-07-13,2026-07-13 19:00,2026-07-11 17:00,2026-07-13 17:00,2026-07-13 18:00,Rớt hôm trước
SG BẢY HIỀN,Transporting,4,80,,2026-07-13,2026-07-13,2026-07-13,,2026-07-11 17:00,2026-07-13 15:00,2026-07-13 15:00,Rớt hôm trước
SG AN LẠC,Pickup Done,1,6,,2026-07-13,2026-07-13,,,2026-07-11 17:00,2026-07-13 14:00,,Rớt hôm trước
SG BẢY HIỀN,Transporting,2,40,,2026-07-13,2026-07-13,2026-07-13,,2026-07-11 17:00,2026-07-13 14:00,2026-07-13 14:00,Rớt hôm trước
SG TÂN TẠO,Pickup Done,2,16,,2026-07-13,2026-07-13,,,2026-07-11 18:00,2026-07-13 19:00,,Rớt hôm trước
SG AN LẠC,Inbound,1,5,2026-07-11,2026-07-11,2026-07-11,,2026-07-12 01:00,2026-07-11 17:00,2026-07-11 17:00,,Rớt hôm nay
DT SA ĐÉC,Transporting,1,9,,2026-07-13,2026-07-13,2026-07-13,,2026-07-11 18:00,2026-07-13 09:00,2026-07-13 15:00,Rớt hôm trước
SG BÌNH TÂN,Pickup Done,1,5,,2026-07-13,2026-07-13,,,2026-07-11 18:00,2026-07-13 16:00,,Rớt hôm trước
SG TÂN THỚI HIỆP,Pickup Done,1,9,,2026-07-11,2026-07-12,,,2026-07-11 18:00,2026-07-12 10:00,,Rớt hôm trước
LA ĐỨC HÒA,Inbound,2,21,2026-07-13,2026-07-11,2026-07-13,2026-07-13,2026-07-13 19:00,2026-07-11 18:00,2026-07-13 15:00,2026-07-13 15:00,Rớt hôm trước
SG BÌNH TÂN,Pickup Done,1,9,,2026-07-13,2026-07-13,,,2026-07-11 17:00,2026-07-13 10:00,,Rớt hôm trước
SG TÂN TẠO,Inbound,1,5,2026-07-11,,2026-07-11,2026-07-11,2026-07-11 21:00,,2026-07-11 18:00,2026-07-11 19:00,Rớt hôm nay
SG BÌNH TRỊ ĐÔNG,Inbound,1,7,2026-07-11,2026-07-11,2026-07-11,2026-07-11,2026-07-11 22:00,2026-07-11 17:00,2026-07-11 18:00,2026-07-11 20:00,Rớt hôm nay
SG BÌNH LỢI,Inbound,1,6,2026-07-11,2026-07-11,2026-07-11,2026-07-11,2026-07-11 21:00,2026-07-11 18:00,2026-07-11 20:00,2026-07-11 20:00,Rớt hôm nay
SG NHƠN ĐỨC,Inbound,1,36,2026-07-12,2026-07-11,2026-07-12,2026-07-12,2026-07-12 20:00,2026-07-11 18:00,2026-07-12 10:00,2026-07-12 18:00,Rớt hôm trước
SG BÌNH TRỊ ĐÔNG,Created,1,6,,2026-07-13,,,,2026-07-11 18:00,,,Rớt hôm trước
LA ĐỨC HÒA,Inbound,1,9,2026-07-13,2026-07-11,2026-07-13,2026-07-13,2026-07-13 19:00,2026-07-11 18:00,2026-07-13 15:00,2026-07-13 16:00,Rớt hôm trước
SG BÌNH TÂN,Created,1,11,,2026-07-13,,,,2026-07-11 18:00,,,Rớt hôm trước
SG CỦ CHI,Inbound,1,5,2026-07-12,2026-07-11,2026-07-12,2026-07-12,2026-07-12 22:00,2026-07-11 18:00,2026-07-12 09:00,2026-07-12 19:00,Rớt hôm trước
SG CHỢ LỚN,Transporting,3,27,,2026-07-13,2026-07-13,2026-07-13,,2026-07-11 19:00,2026-07-13 12:00,2026-07-13 18:00,Rớt hôm trước
SG NHƠN ĐỨC,Inbound,1,6,2026-07-13,2026-07-11,2026-07-13,2026-07-13,2026-07-13 19:00,2026-07-11 18:00,2026-07-13 18:00,2026-07-13 18:00,Rớt hôm trước
SG BÀ ĐIỂM,Pickup Done,1,10,,2026-07-13,2026-07-13,,,2026-07-11 19:00,2026-07-13 11:00,,Rớt hôm trước
LA ĐỨC HÒA,Inbound,3,33,2026-07-13,2026-07-11,2026-07-13,2026-07-13,2026-07-13 19:00,2026-07-11 19:00,2026-07-13 15:00,2026-07-13 15:00,Rớt hôm trước
SG BÌNH TÂN,Pickup Done,1,5,,2026-07-13,2026-07-13,,,2026-07-11 19:00,2026-07-13 13:00,,Rớt hôm trước
SG BÌNH TÂN,Created,2,31,,2026-07-13,,,,2026-07-11 19:00,,,Rớt hôm trước
LA TÂN AN,Inbound,1,6,2026-07-12,2026-07-11,2026-07-12,2026-07-12,2026-07-12 21:00,2026-07-11 19:00,2026-07-12 14:00,2026-07-12 16:00,Rớt hôm trước
LA ĐỨC HÒA,Inbound,2,21,2026-07-13,2026-07-11,2026-07-13,2026-07-13,2026-07-13 19:00,2026-07-11 19:00,2026-07-13 15:00,2026-07-13 16:00,Rớt hôm trước
SG BÌNH TÂN,Pickup Done,1,9,,2026-07-13,2026-07-13,,,2026-07-11 19:00,2026-07-13 10:00,,Rớt hôm trước
SG BÌNH TÂN,Inbound,1,5,2026-07-12,2026-07-11,2026-07-12,2026-07-12,2026-07-13 00:00,2026-07-11 19:00,2026-07-12 10:00,2026-07-12 21:00,Rớt hôm trước
SG BÌNH TÂN,Pickup Done,2,10,,2026-07-13,2026-07-13,,,2026-07-11 19:00,2026-07-13 19:00,,Rớt hôm trước
SG HIỆP BÌNH,Transporting,1,7,,2026-07-13,2026-07-13,2026-07-13,,2026-07-11 19:00,2026-07-13 09:00,2026-07-13 19:00,Rớt hôm trước
SG HIỆP BÌNH,Transporting,1,7,,2026-07-13,2026-07-13,2026-07-13,,2026-07-11 19:00,2026-07-13 09:00,2026-07-13 20:00,Rớt hôm trước
BN HUB,Inbound,1,0,2026-07-11,2026-07-09,2026-07-09,2026-07-09,2026-07-11 19:00,2026-07-09 13:00,2026-07-09 19:00,2026-07-10 01:00,Rớt hôm nay
BN HUB,Inbound,1,0,2026-07-11,2026-07-09,2026-07-09,2026-07-09,2026-07-11 19:00,2026-07-09 13:00,2026-07-09 15:00,2026-07-10 01:00,Rớt hôm nay
SG BÌNH TÂN,Created,1,8,,2026-07-13,,,,2026-07-11 20:00,,,Rớt hôm trước
LA ĐỨC HÒA,Inbound,2,20,2026-07-13,2026-07-11,2026-07-13,2026-07-13,2026-07-13 19:00,2026-07-11 20:00,2026-07-13 15:00,2026-07-13 15:00,Rớt hôm trước
SG BÌNH TÂN,Inbound,1,8,2026-07-12,2026-07-11,2026-07-12,2026-07-12,2026-07-13 00:00,2026-07-11 20:00,2026-07-12 20:00,2026-07-12 21:00,Rớt hôm trước
SG BÀ ĐIỂM,Pickup Done,2,12,,2026-07-13,2026-07-13,,,2026-07-11 20:00,2026-07-13 11:00,,Rớt hôm trước
SG NHƠN ĐỨC,Inbound,1,8,2026-07-12,2026-07-11,2026-07-12,2026-07-12,2026-07-12 20:00,2026-07-11 20:00,2026-07-12 10:00,2026-07-12 18:00,Rớt hôm trước
SG HƯNG LONG,Transporting,1,5,,2026-07-13,2026-07-13,2026-07-13,,2026-07-11 20:00,2026-07-13 16:00,2026-07-13 19:00,Rớt hôm trước
BN HUB,Inbound,1,0,2026-07-11,2026-07-09,2026-07-09,2026-07-09,2026-07-11 20:00,2026-07-09 15:00,2026-07-09 19:00,2026-07-10 00:00,Rớt hôm nay
BN HUB,Inbound,1,0,2026-07-11,2026-07-09,2026-07-09,2026-07-09,2026-07-11 20:00,2026-07-09 09:00,2026-07-09 16:00,2026-07-10 00:00,Rớt hôm nay
BN HUB,Inbound,1,0,2026-07-11,2026-07-09,2026-07-09,2026-07-09,2026-07-11 19:00,2026-07-09 09:00,2026-07-09 19:00,2026-07-10 01:00,Rớt hôm nay
BN HUB,Inbound,1,0,2026-07-11,2026-07-09,2026-07-09,2026-07-09,2026-07-11 20:00,2026-07-09 10:00,2026-07-09 16:00,2026-07-10 00:00,Rớt hôm nay
BN HUB,Inbound,2,0,2026-07-11,2026-07-09,2026-07-09,2026-07-09,2026-07-11 20:00,2026-07-09 14:00,2026-07-09 16:00,2026-07-10 00:00,Rớt hôm nay
BN HUB,Inbound,1,0,2026-07-11,2026-07-09,2026-07-09,2026-07-09,2026-07-11 20:00,2026-07-09 14:00,2026-07-09 18:00,2026-07-10 00:00,Rớt hôm nay
BN HUB,Inbound,2,0,2026-07-11,2026-07-09,2026-07-09,2026-07-09,2026-07-11 20:00,2026-07-09 06:00,2026-07-09 16:00,2026-07-10 00:00,Rớt hôm nay
BN HUB,Inbound,1,0,2026-07-11,2026-07-09,2026-07-09,2026-07-09,2026-07-11 20:00,2026-07-09 06:00,2026-07-09 10:00,2026-07-10 00:00,Rớt hôm nay
BN HUB,Inbound,1,0,2026-07-11,2026-07-09,2026-07-09,2026-07-09,2026-07-11 20:00,2026-07-09 14:00,2026-07-09 14:00,2026-07-10 00:00,Rớt hôm nay
BN HUB,Inbound,1,0,2026-07-11,2026-07-09,2026-07-09,2026-07-09,2026-07-11 20:00,2026-07-09 07:00,2026-07-09 10:00,2026-07-10 00:00,Rớt hôm nay
BN HUB,Inbound,1,0,2026-07-11,2026-07-09,2026-07-09,2026-07-09,2026-07-11 20:00,2026-07-09 09:00,2026-07-09 18:00,2026-07-10 01:00,Rớt hôm nay
BN HUB,Inbound,1,0,2026-07-11,2026-07-09,2026-07-09,2026-07-09,2026-07-11 20:00,2026-07-09 07:00,2026-07-09 13:00,2026-07-10 00:00,Rớt hôm nay
BN HUB,Inbound,1,0,2026-07-11,2026-07-09,2026-07-09,2026-07-09,2026-07-11 20:00,2026-07-09 08:00,2026-07-09 17:00,2026-07-10 00:00,Rớt hôm nay
BN HUB,Inbound,1,0,2026-07-11,2026-07-09,2026-07-09,2026-07-09,2026-07-11 20:00,2026-07-09 08:00,2026-07-09 09:00,2026-07-10 01:00,Rớt hôm nay
SG NHƠN ĐỨC,Inbound,1,12,2026-07-13,2026-07-11,2026-07-13,2026-07-13,2026-07-13 19:00,2026-07-11 20:00,2026-07-13 17:00,2026-07-13 18:00,Rớt hôm trước
SG CHỢ LỚN,Transporting,1,11,,2026-07-13,2026-07-13,2026-07-13,,2026-07-11 20:00,2026-07-13 10:00,2026-07-13 18:00,Rớt hôm trước
SG BÌNH TÂN,Inbound,1,9,2026-07-12,2026-07-11,2026-07-12,2026-07-12,2026-07-13 00:00,2026-07-11 21:00,2026-07-12 20:00,2026-07-12 21:00,Rớt hôm trước
SG BÌNH TÂN,Inbound,1,17,2026-07-12,2026-07-11,2026-07-12,2026-07-12,2026-07-13 00:00,2026-07-11 21:00,2026-07-12 10:00,2026-07-12 21:00,Rớt hôm trước
LA ĐỨC HÒA,Inbound,7,54,2026-07-13,2026-07-11,2026-07-13,2026-07-13,2026-07-13 19:00,2026-07-11 21:00,2026-07-13 15:00,2026-07-13 15:00,Rớt hôm trước
SG TÂN HƯNG,Created,1,6,,2026-07-13,,,,2026-07-11 21:00,,,Rớt hôm trước
SG CHỢ LỚN,Transporting,2,23,,2026-07-13,2026-07-13,2026-07-13,,2026-07-11 21:00,2026-07-13 12:00,2026-07-13 18:00,Rớt hôm trước
SG BÌNH TÂN,Pickup Done,3,39,,2026-07-13,2026-07-13,,,2026-07-11 21:00,2026-07-13 11:00,,Rớt hôm trước
SG BÀ ĐIỂM,Pickup Done,1,17,,2026-07-13,2026-07-13,,,2026-07-11 21:00,2026-07-13 11:00,,Rớt hôm trước
SG CỦ CHI,Inbound,6,36,2026-07-12,2026-07-11,2026-07-12,2026-07-12,2026-07-12 13:00,2026-07-11 21:00,2026-07-12 10:00,2026-07-12 10:00,Rớt hôm trước
SG BÌNH TÂN,Created,4,63,,2026-07-13,,,,2026-07-11 21:00,,,Rớt hôm trước
SG CỦ CHI,Inbound,1,8,2026-07-12,2026-07-11,2026-07-12,2026-07-12,2026-07-12 13:00,2026-07-11 21:00,2026-07-12 09:00,2026-07-12 09:00,Rớt hôm trước
ST PHÚ LỢI,Transporting,1,6,,2026-07-13,2026-07-13,2026-07-13,,2026-07-11 21:00,2026-07-13 09:00,2026-07-13 15:00,Rớt hôm trước
SG CỦ CHI,Inbound,2,11,2026-07-12,2026-07-11,2026-07-12,2026-07-12,2026-07-12 14:00,2026-07-11 21:00,2026-07-12 09:00,2026-07-12 09:00,Rớt hôm trước
LA ĐỨC HÒA,Inbound,2,16,2026-07-13,2026-07-11,2026-07-13,2026-07-13,2026-07-13 19:00,2026-07-11 22:00,2026-07-13 15:00,2026-07-13 16:00,Rớt hôm trước
SG NHƠN ĐỨC,Created,1,5,,2026-07-13,,,,2026-07-11 21:00,,,Rớt hôm trước
LA ĐỨC HÒA,Inbound,3,22,2026-07-13,2026-07-11,2026-07-13,2026-07-13,2026-07-13 19:00,2026-07-11 21:00,2026-07-13 15:00,2026-07-13 16:00,Rớt hôm trước
SG BÌNH TÂN,Inbound,1,23,2026-07-12,2026-07-11,2026-07-12,,2026-07-13 00:00,2026-07-11 21:00,2026-07-12 22:00,,Rớt hôm trước
SG CỦ CHI,Created,1,6,,2026-07-13,,,,2026-07-11 21:00,,,Rớt hôm trước
SG BÌNH TÂN,Pickup Done,1,7,,2026-07-13,2026-07-13,,,2026-07-11 21:00,2026-07-13 14:00,,Rớt hôm trước
SG CỦ CHI,Inbound,3,15,2026-07-12,2026-07-11,2026-07-12,2026-07-12,2026-07-12 13:00,2026-07-11 22:00,2026-07-12 10:00,2026-07-12 10:00,Rớt hôm trước
SG NHƠN ĐỨC,Created,1,12,,2026-07-13,,,,2026-07-11 22:00,,,Rớt hôm trước
SG CỦ CHI,Inbound,3,16,2026-07-12,2026-07-11,2026-07-12,2026-07-12,2026-07-12 14:00,2026-07-11 22:00,2026-07-12 09:00,2026-07-12 09:00,Rớt hôm trước
AG THOẠI SƠN,Transporting,2,21,,2026-07-11,2026-07-12,2026-07-13,,2026-07-11 22:00,2026-07-12 09:00,2026-07-13 15:00,Rớt hôm trước
SG PHÚ NHUẬN,Transporting,1,7,,2026-07-11,2026-07-12,2026-07-13,,2026-07-11 22:00,2026-07-12 15:00,2026-07-13 17:00,Rớt hôm trước
SG NHƠN ĐỨC,Inbound,4,30,2026-07-13,2026-07-11,2026-07-13,2026-07-13,2026-07-13 19:00,2026-07-11 22:00,2026-07-13 18:00,2026-07-13 18:00,Rớt hôm trước
SG BÌNH TÂN,Pickup Done,3,29,,2026-07-13,2026-07-13,,,2026-07-11 22:00,2026-07-13 11:00,,Rớt hôm trước
SG NHƠN ĐỨC,Inbound,2,17,2026-07-12,2026-07-11,2026-07-12,2026-07-12,2026-07-12 20:00,2026-07-11 22:00,2026-07-12 10:00,2026-07-12 18:00,Rớt hôm trước
SG CỦ CHI,Transporting,1,8,,2026-07-13,2026-07-13,2026-07-13,,2026-07-11 22:00,2026-07-13 19:00,2026-07-13 19:00,Rớt hôm trước
SG BÌNH TÂN,Pickup Done,1,15,,2026-07-13,2026-07-13,,,2026-07-11 22:00,2026-07-13 10:00,,Rớt hôm trước
SG CHỢ LỚN,Created,1,12,,2026-07-13,,,,2026-07-11 22:00,,,Rớt hôm trước
SG CỦ CHI,Transporting,1,17,,2026-07-13,2026-07-13,2026-07-13,,2026-07-11 22:00,2026-07-13 18:00,2026-07-13 18:00,Rớt hôm trước
SG THỦ ĐỨC,Transporting,1,10,,2026-07-13,2026-07-13,2026-07-13,,2026-07-11 23:00,2026-07-13 19:00,2026-07-13 19:00,Rớt hôm trước
VT LONG ĐẤT,Inbound,1,0,2026-07-11,2026-07-11,2026-07-11,2026-07-11,2026-07-11 22:00,2026-07-11 17:00,2026-07-11 18:00,2026-07-11 18:00,Rớt hôm nay
VT LONG ĐẤT,Inbound,2,0,2026-07-11,2026-07-11,2026-07-11,2026-07-11,2026-07-11 22:00,2026-07-11 09:00,2026-07-11 09:00,2026-07-11 18:00,Rớt hôm nay
VT CHÂU ĐỨC,Inbound,2,0,2026-07-11,2026-07-11,2026-07-11,2026-07-11,2026-07-11 22:00,2026-07-11 13:00,2026-07-11 13:00,2026-07-11 16:00,Rớt hôm nay
SG BÌNH TRỊ ĐÔNG,Created,1,7,,2026-07-13,,,,2026-07-11 23:00,,,Rớt hôm trước
ST PHÚ LỢI,Created,1,9,,2026-07-13,,,,2026-07-11 23:00,,,Rớt hôm trước
SG PHÚ LÂM,Inbound,1,14,2026-07-12,2026-07-11,2026-07-12,,2026-07-12 22:00,2026-07-11 23:00,2026-07-12 22:00,,Rớt hôm trước
VT CHÂU ĐỨC,Inbound,1,0,2026-07-11,2026-07-11,2026-07-11,2026-07-11,2026-07-11 23:00,2026-07-11 13:00,2026-07-11 13:00,2026-07-11 16:00,Rớt hôm nay
LA ĐỨC HÒA,Inbound,3,43,2026-07-13,2026-07-11,2026-07-13,2026-07-13,2026-07-13 19:00,2026-07-11 23:00,2026-07-13 15:00,2026-07-13 15:00,Rớt hôm trước
SG NHƠN ĐỨC,Inbound,1,7,2026-07-13,2026-07-11,2026-07-13,2026-07-13,2026-07-13 19:00,2026-07-11 23:00,2026-07-13 18:00,2026-07-13 18:00,Rớt hôm trước
SG BÌNH LỢI,Inbound,1,9,2026-07-12,2026-07-11,2026-07-12,2026-07-12,2026-07-12 21:00,2026-07-11 23:00,2026-07-12 11:00,2026-07-12 11:00,Rớt hôm trước
SG BÌNH TÂN,Inbound,1,6,2026-07-12,2026-07-11,2026-07-12,2026-07-12,2026-07-12 22:00,2026-07-11 23:00,2026-07-12 11:00,2026-07-12 21:00,Rớt hôm trước
AG THOẠI SƠN,Transporting,1,5,,2026-07-11,2026-07-12,2026-07-13,,2026-07-11 23:00,2026-07-12 09:00,2026-07-13 15:00,Rớt hôm trước
BD DĨ AN,Inbound,2,0,2026-07-11,2026-07-11,2026-07-11,2026-07-11,2026-07-11 23:00,2026-07-11 08:00,2026-07-11 09:00,2026-07-11 18:00,Rớt hôm nay
BD BÌNH HÒA,Inbound,1,0,2026-07-11,2026-07-10,2026-07-11,2026-07-11,2026-07-11 23:00,2026-07-11 05:00,2026-07-11 11:00,2026-07-11 20:00,Rớt hôm trước
BD DĨ AN,Inbound,1,0,2026-07-11,2026-07-11,2026-07-11,2026-07-11,2026-07-11 23:00,2026-07-11 09:00,2026-07-11 13:00,2026-07-11 19:00,Rớt hôm nay
BD DĨ AN,Inbound,1,0,2026-07-11,2026-07-11,2026-07-11,2026-07-11,2026-07-11 23:00,2026-07-11 13:00,2026-07-11 15:00,2026-07-11 19:00,Rớt hôm nay
SG BÌNH TRỊ ĐÔNG,Created,1,12,,2026-07-13,,,,2026-07-12 00:00,,,Rớt hôm trước
BD BÌNH HÒA,Inbound,1,0,2026-07-11,2026-07-11,2026-07-11,2026-07-11,2026-07-12 00:00,2026-07-11 07:00,2026-07-11 11:00,2026-07-11 11:00,Rớt hôm nay
BD BÌNH HÒA,Inbound,2,0,2026-07-11,2026-07-11,2026-07-11,2026-07-11,2026-07-12 00:00,2026-07-11 07:00,2026-07-11 17:00,2026-07-11 17:00,Rớt hôm nay
BD DĨ AN,Inbound,2,0,2026-07-11,2026-07-11,2026-07-11,2026-07-11,2026-07-12 00:00,2026-07-11 08:00,2026-07-11 09:00,2026-07-11 18:00,Rớt hôm nay
BD DĨ AN,Inbound,1,0,2026-07-11,2026-07-11,2026-07-11,2026-07-11,2026-07-12 00:00,2026-07-11 13:00,2026-07-11 17:00,2026-07-11 18:00,Rớt hôm nay
SG NHƠN ĐỨC,Inbound,1,8,2026-07-13,2026-07-11,2026-07-13,2026-07-13,2026-07-13 19:00,2026-07-12 00:00,2026-07-13 18:00,2026-07-13 18:00,Rớt hôm trước
SG CỦ CHI,Inbound,1,5,2026-07-12,2026-07-11,2026-07-12,2026-07-12,2026-07-12 13:00,2026-07-12 00:00,2026-07-12 10:00,2026-07-12 10:00,Rớt hôm trước
SG BÌNH TÂN,Created,1,16,,2026-07-13,,,,2026-07-12 00:00,,,Rớt hôm trước
SG BÌNH TÂN,Created,1,8,,2026-07-13,,,,2026-07-12 01:00,,,Rớt hôm trước
BD BÌNH HÒA,Inbound,1,0,2026-07-11,2026-07-11,2026-07-11,2026-07-11,2026-07-12 01:00,2026-07-11 10:00,2026-07-11 20:00,2026-07-11 21:00,Rớt hôm nay
BD BÌNH HÒA,Inbound,1,0,2026-07-11,2026-07-11,2026-07-11,2026-07-11,2026-07-12 01:00,2026-07-11 17:00,2026-07-11 20:00,2026-07-11 21:00,Rớt hôm nay
SG THỦ ĐỨC,Transporting,1,30,,2026-07-13,2026-07-13,2026-07-13,,2026-07-12 01:00,2026-07-13 10:00,2026-07-13 14:00,Rớt hôm trước
LA ĐỨC HÒA,Inbound,1,8,2026-07-13,2026-07-11,2026-07-13,2026-07-13,2026-07-13 19:00,2026-07-12 01:00,2026-07-13 15:00,2026-07-13 15:00,Rớt hôm trước
SG TÂN TẠO,Pickup Done,1,6,,2026-07-13,2026-07-13,,,2026-07-12 01:00,2026-07-13 09:00,,Rớt hôm trước
LA ĐỨC HÒA,Created,1,12,,2026-07-13,,,,2026-07-12 02:00,,,Rớt hôm trước
SG NHƠN ĐỨC,Inbound,1,8,2026-07-12,2026-07-11,2026-07-12,2026-07-12,2026-07-12 20:00,2026-07-12 02:00,2026-07-12 10:00,2026-07-12 18:00,Rớt hôm trước
SG TÂN TẠO,Pickup Done,1,6,,2026-07-13,2026-07-13,,,2026-07-12 03:00,2026-07-13 09:00,,Rớt hôm trước
SG BÀ ĐIỂM,Pickup Done,1,170,,2026-07-13,2026-07-13,,,2026-07-12 04:00,2026-07-13 11:00,,Rớt hôm trước
SG BÌNH TRỊ ĐÔNG,Pickup Done,9,73,,2026-07-11,2026-07-12,,,2026-07-12 04:00,2026-07-12 08:00,,Rớt hôm trước
SG NHƠN ĐỨC,Inbound,1,6,2026-07-13,2026-07-11,2026-07-13,2026-07-13,2026-07-13 19:00,2026-07-12 05:00,2026-07-13 18:00,2026-07-13 18:00,Rớt hôm trước
SG CỦ CHI,Inbound,2,10,2026-07-12,2026-07-12,2026-07-12,2026-07-12,2026-07-12 13:00,2026-07-12 06:00,2026-07-12 10:00,2026-07-12 10:00,Rớt hôm nay
SG TÂN TẠO,Pickup Done,1,6,,2026-07-13,2026-07-13,,,2026-07-12 05:00,2026-07-13 09:00,,Rớt hôm trước
SG NHƠN ĐỨC,Inbound,1,8,2026-07-12,2026-07-12,2026-07-12,2026-07-12,2026-07-12 20:00,2026-07-12 06:00,2026-07-12 17:00,2026-07-12 18:00,Rớt hôm nay
SG TÂN TẠO,Pickup Done,2,13,,2026-07-13,2026-07-13,,,2026-07-12 06:00,2026-07-13 09:00,,Rớt hôm trước
CT NINH KIỀU,Inbound,1,5,2026-07-12,2026-07-12,2026-07-12,2026-07-12,2026-07-12 22:00,2026-07-12 06:00,2026-07-12 11:00,2026-07-12 18:00,Rớt hôm nay
SG CỦ CHI,Created,1,10,,2026-07-13,,,,2026-07-12 06:00,,,Rớt hôm trước
SG CỦ CHI,Inbound,1,7,2026-07-12,2026-07-12,2026-07-12,2026-07-12,2026-07-12 19:00,2026-07-12 07:00,2026-07-12 13:00,2026-07-12 13:00,Rớt hôm nay
DT SA ĐÉC,Transporting,1,10,,2026-07-13,2026-07-13,2026-07-13,,2026-07-12 06:00,2026-07-13 15:00,2026-07-13 17:00,Rớt hôm trước
SG BÀ ĐIỂM,Pickup Done,2,12,,2026-07-13,2026-07-13,,,2026-07-12 06:00,2026-07-13 18:00,,Rớt hôm trước
SG TÂN SƠN NHÌ,Transporting,4,41,,2026-07-13,2026-07-13,2026-07-13,,2026-07-12 07:00,2026-07-13 09:00,2026-07-13 16:00,Rớt hôm trước
SG BÀ ĐIỂM,Pickup Done,5,49,,2026-07-13,2026-07-13,,,2026-07-12 07:00,2026-07-13 10:00,,Rớt hôm trước
SG GÒ VẤP,Pickup Done,2,30,,2026-07-13,2026-07-13,,,2026-07-12 07:00,2026-07-13 16:00,,Rớt hôm trước
SG NHƠN ĐỨC,Created,1,6,,2026-07-13,,,,2026-07-12 07:00,,,Rớt hôm trước
SG TÂN THỚI HIỆP,Pickup Done,3,19,,2026-07-13,2026-07-13,,,2026-07-12 07:00,2026-07-13 10:00,,Rớt hôm trước
LA ĐỨC HÒA,Inbound,1,13,2026-07-13,2026-07-12,2026-07-13,2026-07-13,2026-07-13 19:00,2026-07-12 07:00,2026-07-13 15:00,2026-07-13 15:00,Rớt hôm trước
AG THOẠI SƠN,Transporting,1,9,,2026-07-12,2026-07-12,2026-07-13,,2026-07-12 07:00,2026-07-12 09:00,2026-07-13 15:00,Rớt hôm nay
SG BÌNH TÂN,Created,1,8,,2026-07-13,,,,2026-07-12 07:00,,,Rớt hôm trước
SG BÌNH TÂN,Pickup Done,1,6,,2026-07-13,2026-07-13,,,2026-07-12 07:00,2026-07-13 11:00,,Rớt hôm trước
SG BÌNH TÂN,Created,5,45,,2026-07-13,,,,2026-07-12 08:00,,,Rớt hôm trước
SG BÌNH LỢI,Created,3,15,,2026-07-13,,,,2026-07-12 07:00,,,Rớt hôm trước
DT SA ĐÉC,Inbound,2,20,2026-07-12,2026-07-12,2026-07-12,2026-07-12,2026-07-12 23:00,2026-07-12 07:00,2026-07-12 10:00,2026-07-12 17:00,Rớt hôm nay
SG TÂN TẠO,Pickup Done,2,13,,2026-07-13,2026-07-13,,,2026-07-12 07:00,2026-07-13 09:00,,Rớt hôm trước
SG CHỢ LỚN,Created,1,7,,2026-07-13,,,,2026-07-12 07:00,,,Rớt hôm trước
SG BÌNH TÂN,Inbound,1,9,2026-07-12,2026-07-12,2026-07-12,2026-07-12,2026-07-13 00:00,2026-07-12 07:00,2026-07-12 20:00,2026-07-12 22:00,Rớt hôm nay
SG TÂN TẠO,Pickup Done,11,99,,2026-07-13,2026-07-13,,,2026-07-12 08:00,2026-07-13 19:00,,Rớt hôm trước
DT SA ĐÉC,Inbound,7,80,2026-07-12,2026-07-12,2026-07-12,2026-07-12,2026-07-12 23:00,2026-07-12 08:00,2026-07-12 10:00,2026-07-12 16:00,Rớt hôm nay
SG HÓC MÔN,Inbound,1,24,2026-07-12,2026-07-12,2026-07-12,2026-07-12,2026-07-12 21:00,2026-07-12 08:00,2026-07-12 18:00,2026-07-12 19:00,Rớt hôm nay
SG PHÚ LÂM,Transporting,16,179,,2026-07-13,2026-07-13,2026-07-13,,2026-07-12 08:00,2026-07-13 15:00,2026-07-13 19:00,Rớt hôm trước
SG CỦ CHI,Inbound,1,5,2026-07-12,2026-07-12,2026-07-12,2026-07-12,2026-07-12 19:00,2026-07-12 08:00,2026-07-12 13:00,2026-07-12 13:00,Rớt hôm nay
SG PHÚ LÂM,Transporting,4,37,,2026-07-13,2026-07-13,2026-07-13,,2026-07-12 08:00,2026-07-13 14:00,2026-07-13 19:00,Rớt hôm trước
SG BÌNH TÂN,Pickup Done,8,88,,2026-07-13,2026-07-13,,,2026-07-12 08:00,2026-07-13 11:00,,Rớt hôm trước
SG CHỢ LỚN,Created,1,12,,2026-07-13,,,,2026-07-12 08:00,,,Rớt hôm trước
SG AN LẠC,Inbound,2,19,2026-07-12,2026-07-12,2026-07-12,2026-07-12,2026-07-13 00:00,2026-07-12 08:00,2026-07-12 11:00,2026-07-12 22:00,Rớt hôm nay
SG BÌNH TÂN,Pickup Done,1,9,,2026-07-13,2026-07-13,,,2026-07-12 08:00,2026-07-13 10:00,,Rớt hôm trước
DT SA ĐÉC,Inbound,1,10,2026-07-12,2026-07-12,2026-07-12,2026-07-12,2026-07-12 23:00,2026-07-12 08:00,2026-07-12 11:00,2026-07-12 16:00,Rớt hôm nay
LA BẾN LỨC,Inbound,1,12,2026-07-13,2026-07-12,2026-07-12,2026-07-13,2026-07-13 20:00,2026-07-12 08:00,2026-07-12 13:00,2026-07-13 18:00,Rớt hôm nay
SG HÓC MÔN,Transporting,1,93,,2026-07-13,2026-07-13,2026-07-13,,2026-07-12 08:00,2026-07-13 15:00,2026-07-13 18:00,Rớt hôm trước
SG PHÚ LÂM,Created,1,10,,2026-07-13,,,,2026-07-12 08:00,,,Rớt hôm trước
SG NHƠN ĐỨC,Inbound,1,7,2026-07-13,2026-07-12,2026-07-13,2026-07-13,2026-07-13 19:00,2026-07-12 08:00,2026-07-13 18:00,2026-07-13 18:00,Rớt hôm trước
LA ĐỨC HÒA,Inbound,4,44,2026-07-13,2026-07-12,2026-07-13,2026-07-13,2026-07-13 19:00,2026-07-12 08:00,2026-07-13 15:00,2026-07-13 15:00,Rớt hôm trước
SG TÂN THỚI HIỆP,Pickup Done,3,30,,2026-07-13,2026-07-13,,,2026-07-12 08:00,2026-07-13 10:00,,Rớt hôm trước
SG BÌNH TÂN,Inbound,1,9,2026-07-12,2026-07-12,2026-07-12,2026-07-12,2026-07-13 00:00,2026-07-12 08:00,2026-07-12 20:00,2026-07-12 22:00,Rớt hôm nay
SG BÌNH TÂN,Pickup Done,1,12,,2026-07-13,2026-07-13,,,2026-07-12 08:00,2026-07-13 19:00,,Rớt hôm trước
CT NINH KIỀU,Created,1,5,,2026-07-13,,,,2026-07-12 08:00,,,Rớt hôm trước
SG THỦ ĐỨC,Created,1,13,,2026-07-13,,,,2026-07-12 08:00,,,Rớt hôm trước
SG BÌNH LỢI,Inbound,1,12,2026-07-12,2026-07-12,2026-07-12,2026-07-12,2026-07-12 21:00,2026-07-12 08:00,2026-07-12 18:00,2026-07-12 19:00,Rớt hôm nay
SG BÌNH TÂN,Pickup Done,1,7,,2026-07-13,2026-07-13,,,2026-07-12 08:00,2026-07-13 13:00,,Rớt hôm trước
SG GÒ VẤP,Created,2,56,,2026-07-13,,,,2026-07-12 09:00,,,Rớt hôm trước
SG BÀ ĐIỂM,Pickup Done,3,24,,2026-07-13,2026-07-13,,,2026-07-12 09:00,2026-07-13 11:00,,Rớt hôm trước
SG PHÚ LÂM,Transporting,1,11,,2026-07-13,2026-07-13,2026-07-13,,2026-07-12 09:00,2026-07-13 15:00,2026-07-13 19:00,Rớt hôm trước
LA ĐỨC HÒA,Inbound,1,8,2026-07-13,2026-07-12,2026-07-13,2026-07-13,2026-07-13 19:00,2026-07-12 09:00,2026-07-13 15:00,2026-07-13 15:00,Rớt hôm trước
LA ĐỨC HÒA,Inbound,5,50,2026-07-13,2026-07-12,2026-07-13,2026-07-13,2026-07-13 19:00,2026-07-12 09:00,2026-07-13 15:00,2026-07-13 16:00,Rớt hôm trước
SG BÌNH TÂN,Inbound,2,20,2026-07-12,2026-07-12,2026-07-12,2026-07-12,2026-07-13 00:00,2026-07-12 09:00,2026-07-12 20:00,2026-07-12 21:00,Rớt hôm nay
SG BÌNH TÂN,Created,4,44,,2026-07-13,,,,2026-07-12 09:00,,,Rớt hôm trước
SG HƯNG LONG,Created,1,15,,2026-07-13,,,,2026-07-12 09:00,,,Rớt hôm trước
VL CHỢ LÁCH,Inbound,1,8,2026-07-12,2026-07-12,2026-07-12,2026-07-12,2026-07-12 22:00,2026-07-12 09:00,2026-07-12 11:00,2026-07-12 18:00,Rớt hôm nay
SG THỦ ĐỨC,Transporting,1,12,,2026-07-13,2026-07-13,2026-07-13,,2026-07-12 09:00,2026-07-13 14:00,2026-07-13 19:00,Rớt hôm trước
SG HIỆP BÌNH,Transporting,1,6,,2026-07-13,2026-07-13,2026-07-13,,2026-07-12 09:00,2026-07-13 11:00,2026-07-13 19:00,Rớt hôm trước
SG BÌNH TÂN,Pickup Done,4,38,,2026-07-13,2026-07-13,,,2026-07-12 09:00,2026-07-13 13:00,,Rớt hôm trước
CT NINH KIỀU,Created,1,10,,2026-07-13,,,,2026-07-12 09:00,,,Rớt hôm trước
SG ĐÔNG HƯNG THUẬN,Inbound,1,5,,2026-07-12,2026-07-12,,,2026-07-12 09:00,2026-07-12 16:00,,Rớt hôm nay
SG BÌNH TÂN,Inbound,1,10,2026-07-12,2026-07-12,2026-07-12,2026-07-12,2026-07-13 00:00,2026-07-12 09:00,2026-07-12 20:00,2026-07-12 22:00,Rớt hôm nay
SG CHỢ LỚN,Transporting,3,33,,2026-07-13,2026-07-13,2026-07-13,,2026-07-12 09:00,2026-07-13 12:00,2026-07-13 18:00,Rớt hôm trước
SG TÂN TẠO,Pickup Done,1,6,,2026-07-13,2026-07-13,,,2026-07-12 09:00,2026-07-13 09:00,,Rớt hôm trước
SG CỦ CHI,Inbound,2,15,2026-07-12,2026-07-12,2026-07-12,2026-07-12,2026-07-12 19:00,2026-07-12 09:00,2026-07-12 13:00,2026-07-12 13:00,Rớt hôm nay
SG BÌNH TÂN,Pickup Done,1,9,,2026-07-13,2026-07-13,,,2026-07-12 09:00,2026-07-13 11:00,,Rớt hôm trước
SG BÌNH LỢI,Inbound,1,10,2026-07-12,2026-07-12,2026-07-12,2026-07-12,2026-07-12 21:00,2026-07-12 09:00,2026-07-12 17:00,2026-07-12 20:00,Rớt hôm nay
SG THỦ ĐỨC,Inbound,1,5,2026-07-12,2026-07-12,2026-07-12,2026-07-12,2026-07-12 22:00,2026-07-12 09:00,2026-07-12 11:00,2026-07-12 15:00,Rớt hôm nay
SG BÌNH TÂN,Pickup Done,2,13,,2026-07-13,2026-07-13,,,2026-07-12 09:00,2026-07-13 18:00,,Rớt hôm trước
DT SA ĐÉC,Transporting,1,9,,2026-07-13,2026-07-13,2026-07-13,,2026-07-12 09:00,2026-07-13 07:00,2026-07-13 15:00,Rớt hôm trước
SG BÌNH LỢI,Pickup Done,3,20,,2026-07-13,2026-07-13,,,2026-07-12 09:00,2026-07-13 19:00,,Rớt hôm trước
SG HƯNG LONG,Transporting,1,8,,2026-07-13,2026-07-13,2026-07-13,,2026-07-12 09:00,2026-07-13 16:00,2026-07-13 19:00,Rớt hôm trước
SG CỦ CHI,Inbound,1,6,2026-07-12,2026-07-12,2026-07-12,2026-07-12,2026-07-12 19:00,2026-07-12 10:00,2026-07-12 13:00,2026-07-12 13:00,Rớt hôm nay
SG TÂN SƠN NHÌ,Transporting,1,12,,2026-07-13,2026-07-13,2026-07-13,,2026-07-12 09:00,2026-07-13 18:00,2026-07-13 18:00,Rớt hôm trước
LA ĐỨC HÒA,Inbound,2,17,2026-07-13,2026-07-12,2026-07-13,2026-07-13,2026-07-13 19:00,2026-07-12 10:00,2026-07-13 15:00,2026-07-13 16:00,Rớt hôm trước
SG CỦ CHI,Pickup Done,1,16,,2026-07-13,2026-07-13,,,2026-07-12 10:00,2026-07-13 17:00,,Rớt hôm trước
SG BÌNH LỢI,Inbound,4,27,2026-07-12,2026-07-12,2026-07-12,2026-07-12,2026-07-12 21:00,2026-07-12 10:00,2026-07-12 16:00,2026-07-12 19:00,Rớt hôm nay
SG ĐÔNG HƯNG THUẬN,Inbound,1,6,2026-07-12,2026-07-12,2026-07-12,2026-07-12,2026-07-12 21:00,2026-07-12 10:00,2026-07-12 18:00,2026-07-12 20:00,Rớt hôm nay
SG NHƠN ĐỨC,Inbound,1,8,2026-07-12,2026-07-12,2026-07-12,2026-07-12,2026-07-12 20:00,2026-07-12 10:00,2026-07-12 17:00,2026-07-12 18:00,Rớt hôm nay
SG HƯNG LONG,Transporting,1,15,,2026-07-13,2026-07-13,2026-07-13,,2026-07-12 10:00,2026-07-13 16:00,2026-07-13 19:00,Rớt hôm trước
SG PHÚ LÂM,Created,2,12,,2026-07-13,,,,2026-07-12 10:00,,,Rớt hôm trước
SG TÂN TẠO,Pickup Done,5,32,,2026-07-13,2026-07-13,,,2026-07-12 10:00,2026-07-13 09:00,,Rớt hôm trước
SG PHÚ LÂM,Transporting,11,71,,2026-07-13,2026-07-13,2026-07-13,,2026-07-12 10:00,2026-07-13 11:00,2026-07-13 19:00,Rớt hôm trước
SG NHƠN ĐỨC,Inbound,1,6,2026-07-13,2026-07-12,2026-07-13,2026-07-13,2026-07-13 19:00,2026-07-12 10:00,2026-07-13 18:00,2026-07-13 18:00,Rớt hôm trước
LA ĐỨC HÒA,Inbound,1,13,2026-07-13,2026-07-12,2026-07-13,2026-07-13,2026-07-13 19:00,2026-07-12 10:00,2026-07-13 15:00,2026-07-13 15:00,Rớt hôm trước
SG TÂN SƠN NHÌ,Transporting,1,6,,2026-07-13,2026-07-13,2026-07-13,,2026-07-12 10:00,2026-07-13 09:00,2026-07-13 16:00,Rớt hôm trước
SG CỦ CHI,Pickup Done,1,5,,2026-07-13,2026-07-13,,,2026-07-12 10:00,2026-07-13 18:00,,Rớt hôm trước
DT SA ĐÉC,Inbound,1,10,,2026-07-12,2026-07-12,2026-07-12,,2026-07-12 10:00,2026-07-12 11:00,2026-07-12 16:00,Rớt hôm nay
SG TÂN SƠN NHÌ,Transporting,1,8,,2026-07-13,2026-07-13,2026-07-13,,2026-07-12 10:00,2026-07-13 18:00,2026-07-13 18:00,Rớt hôm trước
SG BÀ ĐIỂM,Pickup Done,1,13,,2026-07-13,2026-07-13,,,2026-07-12 10:00,2026-07-13 18:00,,Rớt hôm trước
SG CỦ CHI,Inbound,1,7,2026-07-12,2026-07-12,2026-07-12,2026-07-12,2026-07-12 22:00,2026-07-12 10:00,2026-07-12 13:00,2026-07-12 19:00,Rớt hôm nay
DT SA ĐÉC,Transporting,2,15,,2026-07-13,2026-07-13,2026-07-13,,2026-07-12 10:00,2026-07-13 07:00,2026-07-13 15:00,Rớt hôm trước
SG BÌNH TÂN,Inbound,1,6,2026-07-12,2026-07-12,2026-07-12,2026-07-12,2026-07-12 22:00,2026-07-12 10:00,2026-07-12 19:00,2026-07-12 21:00,Rớt hôm nay
SG BÌNH TÂN,Pickup Done,1,12,,2026-07-13,2026-07-13,,,2026-07-12 10:00,2026-07-13 11:00,,Rớt hôm trước
SG BÀ ĐIỂM,Pickup Done,1,6,,2026-07-13,2026-07-13,,,2026-07-12 10:00,2026-07-13 10:00,,Rớt hôm trước
SG TÂN THỚI HIỆP,Pickup Done,1,7,,2026-07-13,2026-07-13,,,2026-07-12 10:00,2026-07-13 17:00,,Rớt hôm trước
SG CỦ CHI,Created,4,48,,2026-07-13,,,,2026-07-12 10:00,,,Rớt hôm trước
SG PHÚ LÂM,Inbound,1,10,2026-07-12,2026-07-12,2026-07-12,2026-07-12,2026-07-12 22:00,2026-07-12 10:00,2026-07-12 17:00,2026-07-12 17:00,Rớt hôm nay
SG BÌNH TRỊ ĐÔNG,Created,1,7,,2026-07-13,,,,2026-07-12 10:00,,,Rớt hôm trước
SG CỦ CHI,Pickup Done,3,46,,2026-07-13,2026-07-13,,,2026-07-12 10:00,2026-07-13 10:00,,Rớt hôm trước
SG CỦ CHI,Inbound,1,8,2026-07-13,2026-07-12,2026-07-13,2026-07-13,2026-07-13 16:00,2026-07-12 10:00,2026-07-13 13:00,2026-07-13 14:00,Rớt hôm trước
SG AN LẠC,Inbound,1,5,2026-07-12,2026-07-12,2026-07-12,2026-07-12,2026-07-12 21:00,2026-07-12 10:00,2026-07-12 11:00,2026-07-12 22:00,Rớt hôm nay
SG BÌNH TRỊ ĐÔNG,Inbound,1,8,2026-07-12,2026-07-12,2026-07-12,2026-07-12,2026-07-12 21:00,2026-07-12 10:00,2026-07-12 14:00,2026-07-12 20:00,Rớt hôm nay
SG BÌNH TÂN,Pickup Done,2,21,,2026-07-13,2026-07-13,,,2026-07-12 10:00,2026-07-13 13:00,,Rớt hôm trước
SG HIỆP BÌNH,Transporting,1,6,,2026-07-13,2026-07-13,2026-07-13,,2026-07-12 11:00,2026-07-13 11:00,2026-07-13 19:00,Rớt hôm trước
SG CỦ CHI,Pickup Done,2,24,,2026-07-13,2026-07-13,,,2026-07-12 11:00,2026-07-13 10:00,,Rớt hôm trước
SG BÌNH LỢI,Inbound,1,14,2026-07-12,2026-07-12,2026-07-12,2026-07-12,2026-07-12 21:00,2026-07-12 11:00,2026-07-12 16:00,2026-07-12 16:00,Rớt hôm nay
SG TÂN TẠO,Pickup Done,5,57,,2026-07-13,2026-07-13,,,2026-07-12 11:00,2026-07-13 19:00,,Rớt hôm trước
SG AN PHÚ ĐÔNG,Transporting,5,34,,2026-07-13,2026-07-13,2026-07-13,,2026-07-12 11:00,2026-07-13 17:00,2026-07-13 17:00,Rớt hôm trước
SG CỦ CHI,Inbound,1,5,2026-07-13,2026-07-12,2026-07-13,2026-07-13,2026-07-13 13:00,2026-07-12 11:00,2026-07-13 09:00,2026-07-13 09:00,Rớt hôm trước
SG TÂN TẠO,Pickup Done,2,18,,2026-07-13,2026-07-13,,,2026-07-12 11:00,2026-07-13 12:00,,Rớt hôm trước
SG CỦ CHI,Pickup Done,2,35,,2026-07-13,2026-07-13,,,2026-07-12 11:00,2026-07-13 11:00,,Rớt hôm trước
SG BÌNH TÂN,Inbound,2,18,2026-07-12,2026-07-12,2026-07-12,2026-07-12,2026-07-13 00:00,2026-07-12 11:00,2026-07-12 20:00,2026-07-12 22:00,Rớt hôm nay
SG BÀ ĐIỂM,Pickup Done,1,17,,2026-07-13,2026-07-13,,,2026-07-12 11:00,2026-07-13 11:00,,Rớt hôm trước
SG BÌNH TRỊ ĐÔNG,Created,5,49,,2026-07-13,,,,2026-07-12 11:00,,,Rớt hôm trước
SG TÂN HƯNG,Created,1,7,,2026-07-13,,,,2026-07-12 11:00,,,Rớt hôm trước
SG THỦ ĐỨC,Transporting,1,23,,2026-07-13,2026-07-13,2026-07-13,,2026-07-12 11:00,2026-07-13 13:00,2026-07-13 19:00,Rớt hôm trước
SG BÌNH TÂN,Pickup Done,3,29,,2026-07-13,2026-07-13,,,2026-07-12 11:00,2026-07-13 11:00,,Rớt hôm trước
SG CHỢ LỚN,Transporting,1,12,,2026-07-13,2026-07-13,2026-07-13,,2026-07-12 11:00,2026-07-13 18:00,2026-07-13 18:00,Rớt hôm trước
SG TÂN TẠO,Pickup Done,3,26,,2026-07-13,2026-07-13,,,2026-07-12 11:00,2026-07-13 09:00,,Rớt hôm trước
SG BÌNH LỢI,Inbound,1,5,2026-07-13,2026-07-12,2026-07-13,2026-07-13,2026-07-13 14:00,2026-07-12 11:00,2026-07-13 09:00,2026-07-13 11:00,Rớt hôm trước
SG TÂN HƯNG,Inbound,1,6,2026-07-12,2026-07-12,2026-07-12,2026-07-12,2026-07-12 22:00,2026-07-12 11:00,2026-07-12 14:00,2026-07-12 18:00,Rớt hôm nay
LA ĐỨC HÒA,Inbound,1,11,2026-07-13,2026-07-12,2026-07-13,2026-07-13,2026-07-13 19:00,2026-07-12 11:00,2026-07-13 15:00,2026-07-13 16:00,Rớt hôm trước
SG BÌNH LỢI,Inbound,1,5,2026-07-12,2026-07-12,2026-07-12,2026-07-12,2026-07-12 21:00,2026-07-12 11:00,2026-07-12 16:00,2026-07-12 19:00,Rớt hôm nay
SG CHỢ LỚN,Transporting,1,10,,2026-07-13,2026-07-13,2026-07-13,,2026-07-12 11:00,2026-07-13 12:00,2026-07-13 18:00,Rớt hôm trước
SG CỦ CHI,Inbound,1,8,2026-07-12,2026-07-12,2026-07-12,2026-07-12,2026-07-12 19:00,2026-07-12 11:00,2026-07-12 15:00,2026-07-12 15:00,Rớt hôm nay
SG BÌNH TÂN,Created,1,6,,2026-07-13,,,,2026-07-12 11:00,,,Rớt hôm trước
SG BÌNH TRỊ ĐÔNG,Pickup Done,4,28,,2026-07-13,2026-07-13,,,2026-07-12 11:00,2026-07-13 12:00,,Rớt hôm trước
SG TÂN SƠN NHÌ,Transporting,1,5,,2026-07-13,2026-07-13,2026-07-13,,2026-07-12 11:00,2026-07-13 16:00,2026-07-13 17:00,Rớt hôm trước
SG AN LẠC,Created,1,9,,2026-07-13,,,,2026-07-12 11:00,,,Rớt hôm trước
SG BÌNH TÂN,Pickup Done,78,660,,2026-07-13,2026-07-13,,,2026-07-12 12:00,2026-07-13 11:00,,Rớt hôm trước
SG BÌNH TRỊ ĐÔNG,Pickup Done,9,57,,2026-07-13,2026-07-13,,,2026-07-12 12:00,2026-07-13 12:00,,Rớt hôm trước
SG NHƠN ĐỨC,Inbound,4,33,2026-07-12,2026-07-12,2026-07-12,2026-07-12,2026-07-12 20:00,2026-07-12 12:00,2026-07-12 17:00,2026-07-12 18:00,Rớt hôm nay
LA ĐỨC HÒA,Inbound,9,107,2026-07-13,2026-07-12,2026-07-13,2026-07-13,2026-07-13 19:00,2026-07-12 12:00,2026-07-13 15:00,2026-07-13 15:00,Rớt hôm trước
SG BÀ ĐIỂM,Pickup Done,1,6,,2026-07-13,2026-07-13,,,2026-07-12 12:00,2026-07-13 11:00,,Rớt hôm trước
SG AN LẠC,Inbound,1,9,2026-07-12,2026-07-12,2026-07-12,2026-07-12,2026-07-13 00:00,2026-07-12 12:00,2026-07-12 16:00,2026-07-12 22:00,Rớt hôm nay
AG THOẠI SƠN,Transporting,2,10,,2026-07-12,2026-07-12,2026-07-13,,2026-07-12 12:00,2026-07-12 16:00,2026-07-13 15:00,Rớt hôm nay
SG VĨNH LỘC,Inbound,1,36,2026-07-12,2026-07-12,2026-07-12,2026-07-12,2026-07-12 20:00,2026-07-12 12:00,2026-07-12 17:00,2026-07-12 17:00,Rớt hôm nay
SG BÌNH TÂN,Created,4,33,,2026-07-13,,,,2026-07-12 12:00,,,Rớt hôm trước
LA ĐỨC HÒA,Inbound,2,25,2026-07-13,2026-07-12,2026-07-13,2026-07-13,2026-07-13 19:00,2026-07-12 12:00,2026-07-13 15:00,2026-07-13 16:00,Rớt hôm trước
SG TÂN TẠO,Pickup Done,8,65,,2026-07-13,2026-07-13,,,2026-07-12 12:00,2026-07-13 09:00,,Rớt hôm trước
AG TÂN CHÂU,Inbound,1,8,2026-07-12,2026-07-12,2026-07-12,2026-07-12,2026-07-12 23:00,2026-07-12 12:00,2026-07-12 17:00,2026-07-12 17:00,Rớt hôm nay
SG THỦ ĐỨC,Created,2,31,,2026-07-13,,,,2026-07-12 12:00,,,Rớt hôm trước
ST PHÚ LỢI,Created,1,8,,2026-07-13,,,,2026-07-12 12:00,,,Rớt hôm trước
SG BÌNH LỢI,Inbound,1,5,2026-07-13,2026-07-12,2026-07-13,2026-07-13,2026-07-13 14:00,2026-07-12 12:00,2026-07-13 09:00,2026-07-13 11:00,Rớt hôm trước
SG THỦ ĐỨC,Transporting,1,11,,2026-07-13,2026-07-13,2026-07-13,,2026-07-12 12:00,2026-07-13 17:00,2026-07-13 19:00,Rớt hôm trước
TG TRUNG AN,Transporting,2,16,,2026-07-13,2026-07-13,2026-07-13,,2026-07-12 12:00,2026-07-13 10:00,2026-07-13 20:00,Rớt hôm trước
SG BÌNH TÂN,Inbound,1,18,2026-07-12,2026-07-12,2026-07-12,2026-07-12,2026-07-13 00:00,2026-07-12 12:00,2026-07-12 20:00,2026-07-12 22:00,Rớt hôm nay
SG BÌNH LỢI,Created,4,23,,2026-07-13,,,,2026-07-12 12:00,,,Rớt hôm trước
SG BÌNH LỢI,Inbound,4,20,2026-07-13,2026-07-12,2026-07-13,2026-07-13,2026-07-13 14:00,2026-07-12 13:00,2026-07-13 09:00,2026-07-13 11:00,Rớt hôm trước
SG TÂN TẠO,Pickup Done,5,42,,2026-07-13,2026-07-13,,,2026-07-12 13:00,2026-07-13 09:00,,Rớt hôm trước
SG NHƠN ĐỨC,Inbound,1,10,2026-07-13,2026-07-12,2026-07-13,2026-07-13,2026-07-13 19:00,2026-07-12 12:00,2026-07-13 18:00,2026-07-13 18:00,Rớt hôm trước
SG BÌNH TRỊ ĐÔNG,Pickup Done,5,41,,2026-07-13,2026-07-13,,,2026-07-12 13:00,2026-07-13 12:00,,Rớt hôm trước
SG CỦ CHI,Inbound,1,5,2026-07-13,2026-07-12,2026-07-13,2026-07-13,2026-07-13 13:00,2026-07-12 13:00,2026-07-13 09:00,2026-07-13 09:00,Rớt hôm trước
SG ĐÔNG HƯNG THUẬN,Transporting,1,12,,2026-07-13,2026-07-13,2026-07-13,,2026-07-12 13:00,2026-07-13 11:00,2026-07-13 19:00,Rớt hôm trước
SG CHỢ LỚN,Transporting,3,20,,2026-07-13,2026-07-13,2026-07-13,,2026-07-12 12:00,2026-07-13 17:00,2026-07-13 18:00,Rớt hôm trước
SG AN PHÚ ĐÔNG,Transporting,2,11,,2026-07-13,2026-07-13,2026-07-13,,2026-07-12 13:00,2026-07-13 17:00,2026-07-13 17:00,Rớt hôm trước
SG HƯNG LONG,Transporting,3,26,,2026-07-13,2026-07-13,2026-07-13,,2026-07-12 12:00,2026-07-13 18:00,2026-07-13 19:00,Rớt hôm trước
SG BÌNH TÂN,Pickup Done,8,76,,2026-07-13,2026-07-13,,,2026-07-12 13:00,2026-07-13 11:00,,Rớt hôm trước
SG CỦ CHI,Inbound,1,6,2026-07-12,2026-07-12,2026-07-12,2026-07-12,2026-07-12 19:00,2026-07-12 13:00,2026-07-12 16:00,2026-07-12 16:00,Rớt hôm nay
SG CHỢ LỚN,Transporting,3,41,,2026-07-13,2026-07-13,2026-07-13,,2026-07-12 12:00,2026-07-13 12:00,2026-07-13 18:00,Rớt hôm trước
SG BÀ ĐIỂM,Pickup Done,2,12,,2026-07-13,2026-07-13,,,2026-07-12 12:00,2026-07-13 10:00,,Rớt hôm trước
LA ĐỨC HÒA,Inbound,4,27,2026-07-12,2026-07-12,2026-07-12,2026-07-12,2026-07-12 17:00,2026-07-12 13:00,2026-07-12 16:00,2026-07-12 17:00,Rớt hôm nay
SG CHỢ LỚN,Created,1,8,,2026-07-13,,,,2026-07-12 12:00,,,Rớt hôm trước
SG CỦ CHI,Inbound,1,5,2026-07-12,2026-07-12,2026-07-12,2026-07-12,2026-07-12 22:00,2026-07-12 13:00,2026-07-12 17:00,2026-07-12 19:00,Rớt hôm nay
SG BÌNH LỢI,Inbound,1,9,2026-07-12,2026-07-12,2026-07-12,2026-07-12,2026-07-12 21:00,2026-07-12 12:00,2026-07-12 16:00,2026-07-12 16:00,Rớt hôm nay
SG PHÚ LÂM,Created,1,15,,2026-07-13,,,,2026-07-12 12:00,,,Rớt hôm trước
TG TRUNG AN,Pickup Done,1,12,,2026-07-13,2026-07-13,,,2026-07-12 12:00,2026-07-13 10:00,,Rớt hôm trước
SG CỦ CHI,Inbound,1,12,2026-07-12,2026-07-12,2026-07-12,2026-07-12,2026-07-12 19:00,2026-07-12 13:00,2026-07-12 17:00,2026-07-12 17:00,Rớt hôm nay
SG BÌNH TÂN,Created,5,60,,2026-07-13,,,,2026-07-12 13:00,,,Rớt hôm trước
DT SA ĐÉC,Inbound,1,10,2026-07-12,2026-07-12,2026-07-12,2026-07-12,2026-07-12 23:00,2026-07-12 13:00,2026-07-12 16:00,2026-07-12 17:00,Rớt hôm nay
SG PHÚ LÂM,Inbound,1,15,2026-07-12,2026-07-12,2026-07-12,2026-07-12,2026-07-12 22:00,2026-07-12 13:00,2026-07-12 17:00,2026-07-12 17:00,Rớt hôm nay
SG TÂN TẠO,Pickup Done,6,71,,2026-07-13,2026-07-13,,,2026-07-12 13:00,2026-07-13 19:00,,Rớt hôm trước
DT SA ĐÉC,Transporting,1,8,,2026-07-13,2026-07-13,2026-07-13,,2026-07-12 13:00,2026-07-13 10:00,2026-07-13 15:00,Rớt hôm trước
SG BÌNH TÂN,Pickup Done,1,7,,2026-07-13,2026-07-13,,,2026-07-12 13:00,2026-07-13 13:00,,Rớt hôm trước
SG THỦ ĐỨC,Transporting,1,6,,2026-07-13,2026-07-13,2026-07-13,,2026-07-12 13:00,2026-07-13 16:00,2026-07-13 16:00,Rớt hôm trước
DT SA ĐÉC,Inbound,2,20,2026-07-12,2026-07-12,2026-07-12,2026-07-12,2026-07-12 23:00,2026-07-12 13:00,2026-07-12 15:00,2026-07-12 16:00,Rớt hôm nay
DT SA ĐÉC,Inbound,1,10,2026-07-12,2026-07-12,2026-07-12,2026-07-12,2026-07-12 23:00,2026-07-12 13:00,2026-07-12 16:00,2026-07-12 16:00,Rớt hôm nay
SG NHƠN ĐỨC,Inbound,1,6,2026-07-13,2026-07-12,2026-07-13,2026-07-13,2026-07-13 19:00,2026-07-12 13:00,2026-07-13 18:00,2026-07-13 18:00,Rớt hôm trước
SG KHÁNH HỘI,Created,1,112,,2026-07-13,,,,2026-07-12 13:00,,,Rớt hôm trước
SG TÂN HƯNG,Transporting,1,14,,2026-07-13,2026-07-13,2026-07-13,,2026-07-12 13:00,2026-07-13 17:00,2026-07-13 18:00,Rớt hôm trước
LA ĐỨC HÒA,Inbound,1,13,2026-07-13,2026-07-12,2026-07-13,2026-07-13,2026-07-13 19:00,2026-07-12 13:00,2026-07-13 15:00,2026-07-13 15:00,Rớt hôm trước
SG AN PHÚ ĐÔNG,Transporting,2,25,,2026-07-13,2026-07-13,2026-07-13,,2026-07-12 13:00,2026-07-13 19:00,2026-07-13 19:00,Rớt hôm trước
LA ĐỨC HÒA,Inbound,6,50,2026-07-13,2026-07-12,2026-07-13,2026-07-13,2026-07-13 19:00,2026-07-12 13:00,2026-07-13 11:00,2026-07-13 17:00,Rớt hôm trước
SG TÂN TẠO,Pickup Done,1,6,,2026-07-13,2026-07-13,,,2026-07-12 13:00,2026-07-13 18:00,,Rớt hôm trước
LA ĐỨC HÒA,Inbound,1,8,2026-07-12,2026-07-12,2026-07-12,2026-07-12,2026-07-12 17:00,2026-07-12 13:00,2026-07-12 17:00,2026-07-12 17:00,Rớt hôm nay
SG AN LẠC,Pickup Done,31,410,,2026-07-13,2026-07-13,,,2026-07-12 13:00,2026-07-13 09:00,,Rớt hôm trước
SG BÌNH TÂN,Inbound,1,9,2026-07-12,2026-07-12,2026-07-12,,2026-07-13 00:00,2026-07-12 13:00,2026-07-12 22:00,,Rớt hôm nay
SG TÂN HƯNG,Created,1,12,,2026-07-13,,,,2026-07-12 13:00,,,Rớt hôm trước
LA ĐỨC HÒA,Inbound,2,16,2026-07-13,2026-07-12,2026-07-13,2026-07-13,2026-07-13 19:00,2026-07-12 13:00,2026-07-13 15:00,2026-07-13 16:00,Rớt hôm trước
SG CỦ CHI,Pickup Done,6,106,,2026-07-13,2026-07-13,,,2026-07-12 13:00,2026-07-13 11:00,,Rớt hôm trước
SG PHÚ LÂM,Transporting,7,70,,2026-07-13,2026-07-13,2026-07-13,,2026-07-12 13:00,2026-07-13 15:00,2026-07-13 19:00,Rớt hôm trước
SG TÂN SƠN NHÌ,Transporting,3,18,,2026-07-13,2026-07-13,2026-07-13,,2026-07-12 13:00,2026-07-13 09:00,2026-07-13 16:00,Rớt hôm trước
SG BÌNH LỢI,Pickup Done,1,6,,2026-07-13,2026-07-13,,,2026-07-12 13:00,2026-07-13 18:00,,Rớt hôm trước
SG BÌNH TÂN,Pickup Done,1,5,,2026-07-13,2026-07-13,,,2026-07-12 13:00,2026-07-13 19:00,,Rớt hôm trước
SG BÌNH LỢI,Inbound,1,5,2026-07-13,2026-07-12,2026-07-13,2026-07-13,2026-07-13 14:00,2026-07-12 14:00,2026-07-13 09:00,2026-07-13 11:00,Rớt hôm trước
SG GÒ VẤP,Pickup Done,2,12,,2026-07-13,2026-07-13,,,2026-07-12 13:00,2026-07-13 11:00,,Rớt hôm trước
SG TÂN THỚI HIỆP,Pickup Done,1,6,,2026-07-13,2026-07-13,,,2026-07-12 14:00,2026-07-13 10:00,,Rớt hôm trước
SG PHÚ LÂM,Created,2,26,,2026-07-13,,,,2026-07-12 14:00,,,Rớt hôm trước
SG TÂN TẠO,Pickup Done,5,52,,2026-07-13,2026-07-13,,,2026-07-12 14:00,2026-07-13 09:00,,Rớt hôm trước
SG BÌNH TÂN,Inbound,1,8,2026-07-12,2026-07-12,2026-07-12,2026-07-12,2026-07-12 22:00,2026-07-12 13:00,2026-07-12 19:00,2026-07-12 21:00,Rớt hôm nay
SG GÒ VẤP,Created,1,106,,2026-07-13,,,,2026-07-12 13:00,,,Rớt hôm trước
SG BÌNH TÂN,Inbound,1,10,2026-07-12,2026-07-12,2026-07-12,2026-07-12,2026-07-13 00:00,2026-07-12 13:00,2026-07-12 20:00,2026-07-12 22:00,Rớt hôm nay
SG BÀ ĐIỂM,Pickup Done,1,6,,2026-07-13,2026-07-13,,,2026-07-12 13:00,2026-07-13 17:00,,Rớt hôm trước
SG PHÚ LÂM,Transporting,1,7,,2026-07-13,2026-07-13,2026-07-13,,2026-07-12 13:00,2026-07-13 14:00,2026-07-13 19:00,Rớt hôm trước
SG TÂN SƠN NHÌ,Transporting,1,5,,2026-07-13,2026-07-13,2026-07-13,,2026-07-12 13:00,2026-07-13 16:00,2026-07-13 17:00,Rớt hôm trước
SG CHỢ LỚN,Created,1,18,,2026-07-13,,,,2026-07-12 13:00,,,Rớt hôm trước
SG BẢY HIỀN,Transporting,1,8,,2026-07-13,2026-07-13,2026-07-13,,2026-07-12 14:00,2026-07-13 12:00,2026-07-13 14:00,Rớt hôm trước
SG BÌNH TÂN,Pickup Done,5,33,,2026-07-13,2026-07-13,,,2026-07-12 14:00,2026-07-13 11:00,,Rớt hôm trước
AG THOẠI SƠN,Transporting,3,22,,2026-07-12,2026-07-12,2026-07-13,,2026-07-12 14:00,2026-07-12 16:00,2026-07-13 15:00,Rớt hôm nay
SG BÌNH TÂN,Pickup Done,1,9,,2026-07-13,2026-07-13,,,2026-07-12 14:00,2026-07-13 10:00,,Rớt hôm trước
SG CHỢ LỚN,Transporting,3,37,,2026-07-13,2026-07-13,2026-07-13,,2026-07-12 14:00,2026-07-13 12:00,2026-07-13 18:00,Rớt hôm trước
SG BÌNH LỢI,Created,6,36,,2026-07-13,,,,2026-07-12 14:00,,,Rớt hôm trước
SG BÌNH TÂN,Created,2,20,,2026-07-13,,,,2026-07-12 14:00,,,Rớt hôm trước
SG CỦ CHI,Pickup Done,3,49,,2026-07-13,2026-07-13,,,2026-07-12 14:00,2026-07-13 11:00,,Rớt hôm trước
LA ĐỨC HÒA,Inbound,1,13,2026-07-13,2026-07-12,2026-07-13,2026-07-13,2026-07-13 19:00,2026-07-12 14:00,2026-07-13 15:00,2026-07-13 15:00,Rớt hôm trước
SG NHƠN ĐỨC,Inbound,2,14,2026-07-12,2026-07-12,2026-07-12,2026-07-12,2026-07-12 20:00,2026-07-12 14:00,2026-07-12 17:00,2026-07-12 18:00,Rớt hôm nay
SG BÌNH LỢI,Inbound,1,7,2026-07-12,2026-07-12,2026-07-12,2026-07-12,2026-07-12 21:00,2026-07-12 14:00,2026-07-12 18:00,2026-07-12 19:00,Rớt hôm nay
SG GÒ VẤP,Pickup Done,2,18,,2026-07-13,2026-07-13,,,2026-07-12 14:00,2026-07-13 11:00,,Rớt hôm trước
SG BÌNH TÂN,Pickup Done,1,8,,2026-07-13,2026-07-13,,,2026-07-12 14:00,2026-07-13 13:00,,Rớt hôm trước
SG HƯNG LONG,Inbound,7,85,2026-07-13,2026-07-12,2026-07-13,2026-07-13,2026-07-13 15:00,2026-07-12 14:00,2026-07-13 11:00,2026-07-13 11:00,Rớt hôm trước
SG BÌNH LỢI,Inbound,1,7,2026-07-12,2026-07-12,2026-07-12,2026-07-12,2026-07-12 21:00,2026-07-12 14:00,2026-07-12 19:00,2026-07-12 19:00,Rớt hôm nay
SG CỦ CHI,Inbound,1,5,2026-07-13,2026-07-12,2026-07-13,2026-07-13,2026-07-13 13:00,2026-07-12 14:00,2026-07-13 10:00,2026-07-13 10:00,Rớt hôm trước
SG PHÚ LÂM,Transporting,2,17,,2026-07-13,2026-07-13,2026-07-13,,2026-07-12 14:00,2026-07-13 15:00,2026-07-13 19:00,Rớt hôm trước
SG PHÚ NHUẬN,Transporting,1,8,,2026-07-13,2026-07-13,2026-07-13,,2026-07-12 14:00,2026-07-13 12:00,2026-07-13 17:00,Rớt hôm trước
SG HƯNG LONG,Inbound,10,119,2026-07-13,2026-07-12,2026-07-13,2026-07-13,2026-07-13 15:00,2026-07-12 14:00,2026-07-13 12:00,2026-07-13 12:00,Rớt hôm trước
SG CỦ CHI,Pickup Done,3,19,,2026-07-13,2026-07-13,,,2026-07-12 14:00,2026-07-13 17:00,,Rớt hôm trước
SG BÌNH TRỊ ĐÔNG,Pickup Done,1,6,,2026-07-13,2026-07-13,,,2026-07-12 14:00,2026-07-13 16:00,,Rớt hôm trước
SG BÀ ĐIỂM,Pickup Done,1,6,,2026-07-13,2026-07-13,,,2026-07-12 14:00,2026-07-13 10:00,,Rớt hôm trước
SG CỦ CHI,Inbound,1,11,2026-07-13,2026-07-12,2026-07-12,2026-07-13,2026-07-13 16:00,2026-07-12 14:00,2026-07-12 16:00,2026-07-13 14:00,Rớt hôm nay
SG CỦ CHI,Created,1,10,,2026-07-13,,,,2026-07-12 14:00,,,Rớt hôm trước
SG GÒ VẤP,Pickup Done,1,10,,2026-07-13,2026-07-13,,,2026-07-12 14:00,2026-07-13 10:00,,Rớt hôm trước
LA ĐỨC HÒA,Inbound,8,64,2026-07-13,2026-07-12,2026-07-13,2026-07-13,2026-07-13 19:00,2026-07-12 15:00,2026-07-13 15:00,2026-07-13 15:00,Rớt hôm trước
SG TÂN SƠN NHÌ,Transporting,1,12,,2026-07-13,2026-07-13,2026-07-13,,2026-07-12 15:00,2026-07-13 18:00,2026-07-13 18:00,Rớt hôm trước
SG BÌNH TRỊ ĐÔNG,Pickup Done,1,8,,2026-07-13,2026-07-13,,,2026-07-12 15:00,2026-07-13 16:00,,Rớt hôm trước
SG BÌNH TÂN,Pickup Done,11,79,,2026-07-13,2026-07-13,,,2026-07-12 15:00,2026-07-13 11:00,,Rớt hôm trước
SG THỦ ĐỨC,Created,1,15,,2026-07-13,,,,2026-07-12 15:00,,,Rớt hôm trước
SG BÌNH TÂN,Inbound,1,9,2026-07-12,2026-07-12,2026-07-12,2026-07-12,2026-07-13 00:00,2026-07-12 15:00,2026-07-12 20:00,2026-07-12 22:00,Rớt hôm nay
SG PHÚ LÂM,Transporting,2,19,,2026-07-13,2026-07-13,2026-07-13,,2026-07-12 15:00,2026-07-13 14:00,2026-07-13 19:00,Rớt hôm trước
SG THỦ ĐỨC,Transporting,1,10,,2026-07-13,2026-07-13,2026-07-13,,2026-07-12 15:00,2026-07-13 13:00,2026-07-13 14:00,Rớt hôm trước
SG ĐÔNG HƯNG THUẬN,Transporting,1,15,,2026-07-13,2026-07-13,2026-07-13,,2026-07-12 15:00,2026-07-13 16:00,2026-07-13 19:00,Rớt hôm trước
SG TÂN TẠO,Pickup Done,4,32,,2026-07-13,2026-07-13,,,2026-07-12 15:00,2026-07-13 09:00,,Rớt hôm trước
SG PHÚ LÂM,Transporting,2,21,,2026-07-13,2026-07-13,2026-07-13,,2026-07-12 15:00,2026-07-13 15:00,2026-07-13 19:00,Rớt hôm trước
SG ĐÔNG HƯNG THUẬN,Transporting,1,7,,2026-07-13,2026-07-13,2026-07-13,,2026-07-12 15:00,2026-07-13 11:00,2026-07-13 19:00,Rớt hôm trước
SG BÌNH TÂN,Created,3,28,,2026-07-13,,,,2026-07-12 15:00,,,Rớt hôm trước
SG NHƠN ĐỨC,Inbound,1,14,2026-07-12,2026-07-12,2026-07-12,2026-07-12,2026-07-12 20:00,2026-07-12 15:00,2026-07-12 17:00,2026-07-12 18:00,Rớt hôm nay
SG BÌNH TÂN,Inbound,1,6,2026-07-12,2026-07-12,2026-07-12,2026-07-12,2026-07-12 22:00,2026-07-12 15:00,2026-07-12 19:00,2026-07-12 21:00,Rớt hôm nay
SG PHÚ NHUẬN,Transporting,1,5,,2026-07-13,2026-07-13,2026-07-13,,2026-07-12 15:00,2026-07-13 14:00,2026-07-13 17:00,Rớt hôm trước
LA ĐỨC HÒA,Inbound,1,8,2026-07-13,2026-07-12,2026-07-13,2026-07-13,2026-07-13 19:00,2026-07-12 15:00,2026-07-13 15:00,2026-07-13 16:00,Rớt hôm trước
AG THOẠI SƠN,Transporting,2,10,,2026-07-12,2026-07-12,2026-07-13,,2026-07-12 15:00,2026-07-12 16:00,2026-07-13 15:00,Rớt hôm nay
SG BÌNH TÂN,Pickup Done,1,11,,2026-07-13,2026-07-13,,,2026-07-12 15:00,2026-07-13 19:00,,Rớt hôm trước
SG TÂN TẠO,Pickup Done,1,6,,2026-07-13,2026-07-13,,,2026-07-12 15:00,2026-07-13 11:00,,Rớt hôm trước
SG HIỆP BÌNH,Transporting,4,44,,2026-07-13,2026-07-13,2026-07-13,,2026-07-12 15:00,2026-07-13 10:00,2026-07-13 19:00,Rớt hôm trước
SG BÌNH LỢI,Inbound,2,10,2026-07-13,2026-07-12,2026-07-13,2026-07-13,2026-07-13 14:00,2026-07-12 15:00,2026-07-13 09:00,2026-07-13 11:00,Rớt hôm trước
SG CHỢ LỚN,Inbound,1,7,2026-07-12,2026-07-12,2026-07-12,2026-07-12,2026-07-12 21:00,2026-07-12 15:00,2026-07-12 16:00,2026-07-12 20:00,Rớt hôm nay
SG BÌNH TÂN,Pickup Done,12,103,,2026-07-13,2026-07-13,,,2026-07-12 16:00,2026-07-13 11:00,,Rớt hôm trước
LA ĐỨC HÒA,Created,1,10,,2026-07-13,,,,2026-07-12 15:00,,,Rớt hôm trước
SG TÂN SƠN NHÌ,Transporting,1,5,,2026-07-13,2026-07-13,2026-07-13,,2026-07-12 15:00,2026-07-13 16:00,2026-07-13 17:00,Rớt hôm trước
SG TÂN THỚI HIỆP,Pickup Done,1,9,,2026-07-13,2026-07-13,,,2026-07-12 15:00,2026-07-13 12:00,,Rớt hôm trước
SG BÀ ĐIỂM,Pickup Done,3,31,,2026-07-13,2026-07-13,,,2026-07-12 16:00,2026-07-13 11:00,,Rớt hôm trước
TG TRUNG AN,Transporting,1,5,,2026-07-13,2026-07-13,2026-07-13,,2026-07-12 16:00,2026-07-13 10:00,2026-07-13 20:00,Rớt hôm trước
SG ĐÔNG HƯNG THUẬN,Transporting,6,36,,2026-07-13,2026-07-13,2026-07-13,,2026-07-12 16:00,2026-07-13 10:00,2026-07-13 19:00,Rớt hôm trước
SG NHƠN ĐỨC,Pickup Done,9,84,,2026-07-13,2026-07-13,,,2026-07-12 16:00,2026-07-13 11:00,,Rớt hôm trước
SG BÌNH LỢI,Inbound,30,229,2026-07-13,2026-07-12,2026-07-13,2026-07-13,2026-07-13 14:00,2026-07-12 16:00,2026-07-13 13:00,2026-07-13 13:00,Rớt hôm trước
SG CỦ CHI,Pickup Done,5,87,,2026-07-13,2026-07-13,,,2026-07-12 16:00,2026-07-13 11:00,,Rớt hôm trước
LA ĐỨC HÒA,Inbound,4,45,2026-07-13,2026-07-12,2026-07-13,2026-07-13,2026-07-13 19:00,2026-07-12 16:00,2026-07-13 15:00,2026-07-13 15:00,Rớt hôm trước
SG TÂN TẠO,Pickup Done,1,13,,2026-07-13,2026-07-13,,,2026-07-12 16:00,2026-07-13 10:00,,Rớt hôm trước
SG TÂN THỚI HIỆP,Pickup Done,1,15,,2026-07-13,2026-07-13,,,2026-07-12 16:00,2026-07-13 10:00,,Rớt hôm trước
SG NHƠN ĐỨC,Inbound,1,8,2026-07-13,2026-07-12,2026-07-13,2026-07-13,2026-07-13 19:00,2026-07-12 16:00,2026-07-13 18:00,2026-07-13 18:00,Rớt hôm trước
SG TÂN TẠO,Pickup Done,1,6,,2026-07-13,2026-07-13,,,2026-07-12 16:00,2026-07-13 09:00,,Rớt hôm trước
SG CHỢ LỚN,Transporting,2,36,,2026-07-13,2026-07-13,2026-07-13,,2026-07-12 16:00,2026-07-13 12:00,2026-07-13 18:00,Rớt hôm trước
SG BÌNH TÂN,Created,1,8,,2026-07-13,,,,2026-07-12 16:00,,,Rớt hôm trước
SG ĐÔNG HƯNG THUẬN,Created,1,5,,2026-07-13,,,,2026-07-12 16:00,,,Rớt hôm trước
SG BẢY HIỀN,Transporting,1,8,,2026-07-13,2026-07-13,2026-07-13,,2026-07-12 16:00,2026-07-13 12:00,2026-07-13 14:00,Rớt hôm trước
SG BÌNH LỢI,Inbound,1,5,2026-07-13,2026-07-12,2026-07-13,2026-07-13,2026-07-13 14:00,2026-07-12 16:00,2026-07-13 09:00,2026-07-13 11:00,Rớt hôm trước
SG CỦ CHI,Pickup Done,2,15,,2026-07-13,2026-07-13,,,2026-07-12 16:00,2026-07-13 17:00,,Rớt hôm trước
LA ĐỨC HÒA,Inbound,1,9,2026-07-13,2026-07-12,2026-07-13,2026-07-13,2026-07-13 19:00,2026-07-12 16:00,2026-07-13 15:00,2026-07-13 16:00,Rớt hôm trước
SG BÌNH TÂN,Pickup Done,6,31,,2026-07-13,2026-07-13,,,2026-07-12 16:00,2026-07-13 13:00,,Rớt hôm trước
SG BÌNH TÂN,Pickup Done,4,25,,2026-07-13,2026-07-13,,,2026-07-12 16:00,2026-07-13 19:00,,Rớt hôm trước
SG BÌNH TÂN,Pickup Done,1,12,,2026-07-13,2026-07-13,,,2026-07-12 17:00,2026-07-13 10:00,,Rớt hôm trước
LA BẾN LỨC,Inbound,1,11,2026-07-13,2026-07-12,2026-07-13,2026-07-13,2026-07-13 20:00,2026-07-12 16:00,2026-07-13 10:00,2026-07-13 18:00,Rớt hôm trước
SG KHÁNH HỘI,Transporting,2,15,,2026-07-13,2026-07-13,2026-07-13,,2026-07-12 16:00,2026-07-13 10:00,2026-07-13 18:00,Rớt hôm trước
SG BÌNH TÂN,Pickup Done,1,15,,2026-07-13,2026-07-13,,,2026-07-12 16:00,2026-07-13 10:00,,Rớt hôm trước
SG THỦ ĐỨC,Transporting,1,18,,2026-07-13,2026-07-13,2026-07-13,,2026-07-12 16:00,2026-07-13 11:00,2026-07-13 14:00,Rớt hôm trước
SG TÂN HƯNG,Transporting,1,8,,2026-07-13,2026-07-13,2026-07-13,,2026-07-12 16:00,2026-07-13 11:00,2026-07-13 18:00,Rớt hôm trước
SG CỦ CHI,Inbound,1,8,2026-07-12,2026-07-12,2026-07-12,2026-07-12,2026-07-12 22:00,2026-07-12 16:00,2026-07-12 17:00,2026-07-12 19:00,Rớt hôm nay
AG LONG XUYÊN,Transporting,2,24,,2026-07-13,2026-07-13,2026-07-13,,2026-07-12 17:00,2026-07-13 17:00,2026-07-13 17:00,Rớt hôm trước
SG BÌNH TÂN,Pickup Done,128,1053,,2026-07-13,2026-07-13,,,2026-07-12 17:00,2026-07-13 11:00,,Rớt hôm trước
SG HƯNG LONG,Inbound,12,132,2026-07-13,2026-07-12,2026-07-13,2026-07-13,2026-07-13 15:00,2026-07-12 17:00,2026-07-13 11:00,2026-07-13 11:00,Rớt hôm trước
SG NHƠN ĐỨC,Pickup Done,11,100,,2026-07-13,2026-07-13,,,2026-07-12 17:00,2026-07-13 11:00,,Rớt hôm trước
SG NHƠN ĐỨC,Created,8,74,,2026-07-13,,,,2026-07-12 17:00,,,Rớt hôm trước
SG BÌNH TÂN,Pickup Done,1,8,,2026-07-13,2026-07-13,,,2026-07-12 17:00,2026-07-13 16:00,,Rớt hôm trước
SG TÂN THỚI HIỆP,Pickup Done,1,9,,2026-07-13,2026-07-13,,,2026-07-12 17:00,2026-07-13 12:00,,Rớt hôm trước
SG NHƠN ĐỨC,Inbound,4,30,2026-07-13,2026-07-12,2026-07-13,2026-07-13,2026-07-13 19:00,2026-07-12 17:00,2026-07-13 18:00,2026-07-13 18:00,Rớt hôm trước
SG ĐÔNG HƯNG THUẬN,Transporting,1,6,,2026-07-13,2026-07-13,2026-07-13,,2026-07-12 17:00,2026-07-13 13:00,2026-07-13 19:00,Rớt hôm trước
SG AN PHÚ ĐÔNG,Transporting,1,7,,2026-07-13,2026-07-13,2026-07-13,,2026-07-12 17:00,2026-07-13 19:00,2026-07-13 19:00,Rớt hôm trước
SG HƯNG LONG,Created,1,8,,2026-07-13,,,,2026-07-12 17:00,,,Rớt hôm trước
SG CỦ CHI,Pickup Done,2,12,,2026-07-13,2026-07-13,,,2026-07-12 17:00,2026-07-13 17:00,,Rớt hôm trước
SG HƯNG LONG,Transporting,2,12,,2026-07-13,2026-07-13,2026-07-13,,2026-07-12 17:00,2026-07-13 16:00,2026-07-13 19:00,Rớt hôm trước
SG CHỢ LỚN,Transporting,1,10,,2026-07-13,2026-07-13,2026-07-13,,2026-07-12 17:00,2026-07-13 12:00,2026-07-13 18:00,Rớt hôm trước
AG THOẠI SƠN,Transporting,1,5,,2026-07-12,2026-07-12,2026-07-13,,2026-07-12 17:00,2026-07-12 17:00,2026-07-13 15:00,Rớt hôm nay
SG GÒ VẤP,Pickup Done,3,23,,2026-07-13,2026-07-13,,,2026-07-12 17:00,2026-07-13 11:00,,Rớt hôm trước
SG ĐÔNG HƯNG THUẬN,Transporting,1,6,,2026-07-13,2026-07-13,2026-07-13,,2026-07-12 17:00,2026-07-13 18:00,2026-07-13 19:00,Rớt hôm trước
DT CAO LÃNH,Transporting,5,29,,2026-07-13,2026-07-13,2026-07-13,,2026-07-12 17:00,2026-07-13 10:00,2026-07-13 15:00,Rớt hôm trước
SG TÂN HƯNG,Transporting,4,31,,2026-07-13,2026-07-13,2026-07-13,,2026-07-12 17:00,2026-07-13 11:00,2026-07-13 18:00,Rớt hôm trước
SG HÓC MÔN,Transporting,4,40,,2026-07-13,2026-07-13,2026-07-13,,2026-07-12 17:00,2026-07-13 18:00,2026-07-13 19:00,Rớt hôm trước
LA ĐỨC HÒA,Inbound,1,13,2026-07-13,2026-07-12,2026-07-13,2026-07-13,2026-07-13 19:00,2026-07-12 17:00,2026-07-13 15:00,2026-07-13 15:00,Rớt hôm trước
SG BÌNH TÂN,Created,1,8,,2026-07-13,,,,2026-07-12 17:00,,,Rớt hôm trước
SG BẢY HIỀN,Transporting,1,9,,2026-07-13,2026-07-13,2026-07-13,,2026-07-12 17:00,2026-07-13 10:00,2026-07-13 14:00,Rớt hôm trước
SG BÌNH TÂN,Pickup Done,1,8,,2026-07-13,2026-07-13,,,2026-07-12 17:00,2026-07-13 12:00,,Rớt hôm trước
LA TÂN AN,Inbound,1,8,2026-07-13,2026-07-12,2026-07-13,2026-07-13,2026-07-13 20:00,2026-07-12 17:00,2026-07-13 14:00,2026-07-13 17:00,Rớt hôm trước
SG CHỢ LỚN,Created,1,18,,2026-07-13,,,,2026-07-12 17:00,,,Rớt hôm trước
SG BÌNH TÂN,Pickup Done,1,6,,2026-07-13,2026-07-13,,,2026-07-12 17:00,2026-07-13 19:00,,Rớt hôm trước
SG BÌNH TRỊ ĐÔNG,Pickup Done,1,7,,2026-07-13,2026-07-13,,,2026-07-12 17:00,2026-07-13 16:00,,Rớt hôm trước
SG BÌNH TÂN,Inbound,1,9,2026-07-12,2026-07-12,2026-07-12,,2026-07-13 00:00,2026-07-12 17:00,2026-07-12 22:00,,Rớt hôm nay
SG PHÚ LÂM,Transporting,3,32,,2026-07-13,2026-07-13,2026-07-13,,2026-07-12 17:00,2026-07-13 15:00,2026-07-13 19:00,Rớt hôm trước
SG GÒ VẤP,Pickup Done,4,34,,2026-07-13,2026-07-13,,,2026-07-12 17:00,2026-07-13 10:00,,Rớt hôm trước
SG GÒ VẤP,Pickup Done,1,6,,2026-07-13,2026-07-13,,,2026-07-12 17:00,2026-07-13 09:00,,Rớt hôm trước
VL CHỢ LÁCH,Transporting,1,7,,2026-07-13,2026-07-13,2026-07-13,,2026-07-12 17:00,2026-07-13 10:00,2026-07-13 16:00,Rớt hôm trước
LA ĐỨC HÒA,Created,1,11,,2026-07-13,,,,2026-07-12 17:00,,,Rớt hôm trước
LA TÂN AN,Inbound,1,8,2026-07-13,2026-07-12,2026-07-13,2026-07-13,2026-07-13 20:00,2026-07-12 18:00,2026-07-13 14:00,2026-07-13 17:00,Rớt hôm trước
SG BÌNH TÂN,Pickup Done,40,349,,2026-07-13,2026-07-13,,,2026-07-12 18:00,2026-07-13 11:00,,Rớt hôm trước
SG NHƠN ĐỨC,Pickup Done,9,85,,2026-07-13,2026-07-13,,,2026-07-12 18:00,2026-07-13 11:00,,Rớt hôm trước
LA ĐỨC HÒA,Inbound,5,59,2026-07-13,2026-07-12,2026-07-13,2026-07-13,2026-07-13 19:00,2026-07-12 18:00,2026-07-13 15:00,2026-07-13 15:00,Rớt hôm trước
SG TÂN TẠO,Pickup Done,1,6,,2026-07-13,2026-07-13,,,2026-07-12 18:00,2026-07-13 10:00,,Rớt hôm trước
SG BÌNH LỢI,Inbound,4,36,2026-07-13,2026-07-12,2026-07-13,2026-07-13,2026-07-13 14:00,2026-07-12 18:00,2026-07-13 11:00,2026-07-13 12:00,Rớt hôm trước
SG BÌNH TÂN,Pickup Done,1,9,,2026-07-13,2026-07-13,,,2026-07-12 18:00,2026-07-13 16:00,,Rớt hôm trước
SG BÌNH TÂN,Pickup Done,3,28,,2026-07-13,2026-07-13,,,2026-07-12 18:00,2026-07-13 19:00,,Rớt hôm trước
SG NHƠN ĐỨC,Inbound,3,21,2026-07-13,2026-07-12,2026-07-13,2026-07-13,2026-07-13 19:00,2026-07-12 18:00,2026-07-13 18:00,2026-07-13 18:00,Rớt hôm trước
SG NHƠN ĐỨC,Inbound,1,5,2026-07-13,2026-07-12,2026-07-13,2026-07-13,2026-07-13 19:00,2026-07-12 18:00,2026-07-13 17:00,2026-07-13 18:00,Rớt hôm trước
SG BÌNH LỢI,Inbound,5,38,2026-07-13,2026-07-12,2026-07-13,2026-07-13,2026-07-13 14:00,2026-07-12 18:00,2026-07-13 11:00,2026-07-13 11:00,Rớt hôm trước
SG BÌNH TÂN,Created,3,43,,2026-07-13,,,,2026-07-12 18:00,,,Rớt hôm trước
SG BÌNH TRỊ ĐÔNG,Pickup Done,1,7,,2026-07-13,2026-07-13,,,2026-07-12 18:00,2026-07-13 12:00,,Rớt hôm trước
AG TÂN CHÂU,Transporting,1,8,,2026-07-13,2026-07-13,2026-07-13,,2026-07-12 18:00,2026-07-13 08:00,2026-07-13 17:00,Rớt hôm trước
SG TÂN HƯNG,Transporting,1,7,,2026-07-13,2026-07-13,2026-07-13,,2026-07-12 18:00,2026-07-13 11:00,2026-07-13 18:00,Rớt hôm trước
SG NHƠN ĐỨC,Created,2,12,,2026-07-13,,,,2026-07-12 18:00,,,Rớt hôm trước
SG BÌNH TÂN,Pickup Done,1,7,,2026-07-13,2026-07-13,,,2026-07-12 18:00,2026-07-13 10:00,,Rớt hôm trước
TG TRUNG AN,Transporting,2,16,,2026-07-13,2026-07-13,2026-07-13,,2026-07-12 18:00,2026-07-13 10:00,2026-07-13 20:00,Rớt hôm trước
SG BÌNH TÂN,Pickup Done,40,349,,2026-07-13,2026-07-13,,,2026-07-12 19:00,2026-07-13 11:00,,Rớt hôm trước
SG BÌNH TÂN,Transporting,1,16,,2026-07-13,2026-07-13,2026-07-13,,2026-07-12 18:00,2026-07-13 11:00,2026-07-13 17:00,Rớt hôm trước
SG NHƠN ĐỨC,Pickup Done,15,140,,2026-07-13,2026-07-13,,,2026-07-12 19:00,2026-07-13 11:00,,Rớt hôm trước
SG NHƠN ĐỨC,Inbound,1,11,2026-07-13,2026-07-12,2026-07-13,2026-07-13,2026-07-13 19:00,2026-07-12 19:00,2026-07-13 17:00,2026-07-13 18:00,Rớt hôm trước
SG HIỆP BÌNH,Created,1,14,,2026-07-13,,,,2026-07-12 19:00,,,Rớt hôm trước
SG BÌNH LỢI,Inbound,8,76,2026-07-13,2026-07-12,2026-07-13,2026-07-13,2026-07-13 14:00,2026-07-12 19:00,2026-07-13 11:00,2026-07-13 12:00,Rớt hôm trước
SG HIỆP BÌNH,Transporting,3,41,,2026-07-13,2026-07-13,2026-07-13,,2026-07-12 19:00,2026-07-13 10:00,2026-07-13 19:00,Rớt hôm trước
SG TÂN TẠO,Pickup Done,2,12,,2026-07-13,2026-07-13,,,2026-07-12 19:00,2026-07-13 18:00,,Rớt hôm trước
SG TÂN HƯNG,Transporting,4,27,,2026-07-13,2026-07-13,2026-07-13,,2026-07-12 19:00,2026-07-13 11:00,2026-07-13 18:00,Rớt hôm trước
SG TÂN TẠO,Pickup Done,5,54,,2026-07-13,2026-07-13,,,2026-07-12 19:00,2026-07-13 10:00,,Rớt hôm trước
VL CHỢ LÁCH,Transporting,3,26,,2026-07-13,2026-07-13,2026-07-13,,2026-07-12 19:00,2026-07-13 10:00,2026-07-13 16:00,Rớt hôm trước
VL CHỢ LÁCH,Transporting,4,24,,2026-07-13,2026-07-13,2026-07-13,,2026-07-12 19:00,2026-07-13 11:00,2026-07-13 16:00,Rớt hôm trước
SG BÌNH TÂN,Pickup Done,3,33,,2026-07-13,2026-07-13,,,2026-07-12 19:00,2026-07-13 10:00,,Rớt hôm trước
SG BÌNH LỢI,Inbound,1,5,2026-07-13,2026-07-12,2026-07-13,2026-07-13,2026-07-13 14:00,2026-07-12 19:00,2026-07-13 09:00,2026-07-13 11:00,Rớt hôm trước
SG BÌNH LỢI,Inbound,14,130,2026-07-13,2026-07-12,2026-07-13,2026-07-13,2026-07-13 14:00,2026-07-12 19:00,2026-07-13 11:00,2026-07-13 11:00,Rớt hôm trước
SG BÌNH TÂN,Created,4,45,,2026-07-13,,,,2026-07-12 19:00,,,Rớt hôm trước
SG BÌNH TÂN,Pickup Done,1,5,,2026-07-13,2026-07-13,,,2026-07-12 19:00,2026-07-13 12:00,,Rớt hôm trước
AG LONG XUYÊN,Pickup Done,1,10,,2026-07-13,2026-07-13,,,2026-07-12 19:00,2026-07-13 17:00,,Rớt hôm trước
VL VĨNH LONG,Transporting,2,91,,2026-07-13,2026-07-13,2026-07-13,,2026-07-12 19:00,2026-07-13 11:00,2026-07-13 16:00,Rớt hôm trước
SG BÌNH TÂN,Transporting,6,119,,2026-07-13,2026-07-13,2026-07-13,,2026-07-12 19:00,2026-07-13 11:00,2026-07-13 17:00,Rớt hôm trước
SG BÌNH TÂN,Pickup Done,1,5,,2026-07-13,2026-07-13,,,2026-07-12 19:00,2026-07-13 18:00,,Rớt hôm trước
LA ĐỨC HÒA,Inbound,5,65,2026-07-13,2026-07-12,2026-07-13,2026-07-13,2026-07-13 19:00,2026-07-12 19:00,2026-07-13 15:00,2026-07-13 15:00,Rớt hôm trước
AG LONG XUYÊN,Transporting,1,7,,2026-07-13,2026-07-13,2026-07-13,,2026-07-12 19:00,2026-07-13 17:00,2026-07-13 17:00,Rớt hôm trước
BN HUB,Inbound,1,0,2026-07-12,2026-07-10,2026-07-10,2026-07-10,2026-07-12 19:00,2026-07-10 13:00,2026-07-10 16:00,2026-07-11 01:00,Rớt hôm nay
BN HUB,Inbound,2,0,2026-07-12,2026-07-10,2026-07-10,2026-07-10,2026-07-12 19:00,2026-07-10 14:00,2026-07-10 18:00,2026-07-11 01:00,Rớt hôm nay
BN HUB,Inbound,1,0,2026-07-12,2026-07-10,2026-07-10,2026-07-10,2026-07-12 19:00,2026-07-10 08:00,2026-07-10 10:00,2026-07-11 00:00,Rớt hôm nay
BN HUB,Inbound,1,0,2026-07-12,2026-07-10,2026-07-10,2026-07-10,2026-07-12 19:00,2026-07-10 08:00,2026-07-10 17:00,2026-07-11 01:00,Rớt hôm nay
BN HUB,Inbound,1,0,2026-07-12,2026-07-10,2026-07-10,2026-07-10,2026-07-12 19:00,2026-07-10 10:00,2026-07-10 16:00,2026-07-11 01:00,Rớt hôm nay
BN HUB,Inbound,1,0,2026-07-12,2026-07-10,2026-07-10,2026-07-10,2026-07-12 19:00,2026-07-10 15:00,2026-07-10 17:00,2026-07-11 01:00,Rớt hôm nay
SG BÀ ĐIỂM,Pickup Done,2,12,,2026-07-13,2026-07-13,,,2026-07-12 19:00,2026-07-13 11:00,,Rớt hôm trước
SG TÂN HƯNG,Transporting,3,18,,2026-07-13,2026-07-13,2026-07-13,,2026-07-12 19:00,2026-07-13 17:00,2026-07-13 18:00,Rớt hôm trước
LA ĐỨC HÒA,Inbound,4,29,2026-07-13,2026-07-12,2026-07-13,2026-07-13,2026-07-13 19:00,2026-07-12 20:00,2026-07-13 15:00,2026-07-13 15:00,Rớt hôm trước
SG TÂN THỚI HIỆP,Pickup Done,2,18,,2026-07-13,2026-07-13,,,2026-07-12 19:00,2026-07-13 12:00,,Rớt hôm trước
SG BÌNH TÂN,Pickup Done,52,434,,2026-07-13,2026-07-13,,,2026-07-12 20:00,2026-07-13 11:00,,Rớt hôm trước
SG HƯNG LONG,Transporting,1,8,,2026-07-13,2026-07-13,2026-07-13,,2026-07-12 19:00,2026-07-13 16:00,2026-07-13 19:00,Rớt hôm trước
BN HUB,Inbound,1,0,2026-07-12,2026-07-10,2026-07-10,2026-07-10,2026-07-12 19:00,2026-07-10 08:00,2026-07-10 11:00,2026-07-10 22:00,Rớt hôm nay
BN HUB,Inbound,1,0,2026-07-12,2026-07-10,2026-07-10,2026-07-10,2026-07-12 19:00,2026-07-10 15:00,2026-07-10 20:00,2026-07-11 00:00,Rớt hôm nay
BN HUB,Inbound,1,0,2026-07-12,2026-07-09,2026-07-10,2026-07-10,2026-07-12 19:00,2026-07-10 00:00,2026-07-10 15:00,2026-07-10 22:00,Rớt hôm trước
BN HUB,Inbound,1,0,2026-07-12,2026-07-10,2026-07-10,2026-07-10,2026-07-12 19:00,2026-07-10 07:00,2026-07-10 11:00,2026-07-11 00:00,Rớt hôm nay
BN HUB,Inbound,1,0,2026-07-12,2026-07-10,2026-07-10,2026-07-10,2026-07-12 19:00,2026-07-10 14:00,2026-07-10 14:00,2026-07-11 00:00,Rớt hôm nay
BN HUB,Inbound,1,0,2026-07-12,2026-07-09,2026-07-10,2026-07-10,2026-07-12 19:00,2026-07-09 20:00,2026-07-10 11:00,2026-07-11 00:00,Rớt hôm trước
BN HUB,Inbound,1,0,2026-07-12,2026-07-10,2026-07-10,2026-07-10,2026-07-12 19:00,2026-07-10 13:00,2026-07-10 16:00,2026-07-11 00:00,Rớt hôm nay
SG AN PHÚ ĐÔNG,Transporting,1,5,,2026-07-13,2026-07-13,2026-07-13,,2026-07-12 20:00,2026-07-13 19:00,2026-07-13 19:00,Rớt hôm trước
SG BÌNH LỢI,Inbound,14,124,2026-07-13,2026-07-12,2026-07-13,2026-07-13,2026-07-13 14:00,2026-07-12 20:00,2026-07-13 11:00,2026-07-13 11:00,Rớt hôm trước
SG BÌNH TÂN,Transporting,7,135,,2026-07-13,2026-07-13,2026-07-13,,2026-07-12 20:00,2026-07-13 11:00,2026-07-13 17:00,Rớt hôm trước
SG BÌNH LỢI,Inbound,16,119,2026-07-13,2026-07-12,2026-07-13,2026-07-13,2026-07-13 14:00,2026-07-12 20:00,2026-07-13 11:00,2026-07-13 12:00,Rớt hôm trước
SG TÂN TẠO,Pickup Done,9,65,,2026-07-13,2026-07-13,,,2026-07-12 20:00,2026-07-13 10:00,,Rớt hôm trước
VL CHỢ LÁCH,Transporting,1,6,,2026-07-13,2026-07-13,2026-07-13,,2026-07-12 20:00,2026-07-13 11:00,2026-07-13 16:00,Rớt hôm trước
SG TÂN HƯNG,Transporting,9,65,,2026-07-13,2026-07-13,2026-07-13,,2026-07-12 20:00,2026-07-13 11:00,2026-07-13 18:00,Rớt hôm trước
ST PHÚ LỢI,Created,1,14,,2026-07-13,,,,2026-07-12 20:00,,,Rớt hôm trước
SG NHƠN ĐỨC,Pickup Done,13,161,,2026-07-13,2026-07-13,,,2026-07-12 20:00,2026-07-13 11:00,,Rớt hôm trước
DT CAO LÃNH,Transporting,1,15,,2026-07-13,2026-07-13,2026-07-13,,2026-07-12 20:00,2026-07-13 10:00,2026-07-13 15:00,Rớt hôm trước
AG LONG XUYÊN,Pickup Done,1,7,,2026-07-13,2026-07-13,,,2026-07-12 20:00,2026-07-13 17:00,,Rớt hôm trước
SG BÌNH TÂN,Created,3,25,,2026-07-13,,,,2026-07-12 20:00,,,Rớt hôm trước
BN HUB,Inbound,4,0,2026-07-12,2026-07-10,2026-07-10,2026-07-10,2026-07-12 20:00,2026-07-10 06:00,2026-07-10 11:00,2026-07-10 22:00,Rớt hôm nay
BN HUB,Inbound,2,0,2026-07-12,2026-07-10,2026-07-10,2026-07-10,2026-07-12 20:00,2026-07-10 12:00,2026-07-10 16:00,2026-07-10 22:00,Rớt hôm nay
BN HUB,Inbound,3,0,2026-07-12,2026-07-10,2026-07-10,2026-07-10,2026-07-12 20:00,2026-07-10 07:00,2026-07-10 11:00,2026-07-10 22:00,Rớt hôm nay
BN HUB,Inbound,1,0,2026-07-12,2026-07-10,2026-07-10,2026-07-10,2026-07-12 20:00,2026-07-10 09:00,2026-07-10 11:00,2026-07-10 22:00,Rớt hôm nay
BN HUB,Inbound,1,0,2026-07-12,2026-07-10,2026-07-10,2026-07-10,2026-07-12 20:00,2026-07-10 15:00,2026-07-10 17:00,2026-07-10 22:00,Rớt hôm nay
BN HUB,Inbound,1,0,2026-07-12,2026-07-10,2026-07-10,2026-07-10,2026-07-12 20:00,2026-07-10 13:00,2026-07-10 17:00,2026-07-10 22:00,Rớt hôm nay
BN HUB,Inbound,1,0,2026-07-12,2026-07-10,2026-07-10,2026-07-10,2026-07-12 19:00,2026-07-10 07:00,2026-07-10 09:00,2026-07-10 22:00,Rớt hôm nay
BN HUB,Inbound,1,0,2026-07-12,2026-07-10,2026-07-10,2026-07-10,2026-07-12 20:00,2026-07-10 14:00,2026-07-10 17:00,2026-07-10 22:00,Rớt hôm nay
SG BÌNH TÂN,Pickup Done,16,130,,2026-07-13,2026-07-13,,,2026-07-12 20:00,2026-07-13 10:00,,Rớt hôm trước
SG TÂN TẠO,Pickup Done,1,6,,2026-07-13,2026-07-13,,,2026-07-12 20:00,2026-07-13 09:00,,Rớt hôm trước
VL CHỢ LÁCH,Transporting,4,33,,2026-07-13,2026-07-13,2026-07-13,,2026-07-12 20:00,2026-07-13 10:00,2026-07-13 16:00,Rớt hôm trước
SG BÌNH TÂN,Pickup Done,58,478,,2026-07-13,2026-07-13,,,2026-07-12 21:00,2026-07-13 11:00,,Rớt hôm trước
ST PHÚ LỢI,Transporting,1,7,,2026-07-13,2026-07-13,2026-07-13,,2026-07-12 20:00,2026-07-13 08:00,2026-07-13 15:00,Rớt hôm trước
SG TÂN TẠO,Pickup Done,10,118,,2026-07-13,2026-07-13,,,2026-07-12 20:00,2026-07-13 19:00,,Rớt hôm trước
SG BÌNH TÂN,Pickup Done,1,19,,2026-07-13,2026-07-13,,,2026-07-12 20:00,2026-07-13 19:00,,Rớt hôm trước
SG BÌNH LỢI,Inbound,1,5,2026-07-13,2026-07-12,2026-07-13,2026-07-13,2026-07-13 14:00,2026-07-12 20:00,2026-07-13 09:00,2026-07-13 11:00,Rớt hôm trước
SG AN LẠC,Pickup Done,27,165,,2026-07-13,2026-07-13,,,2026-07-12 21:00,2026-07-13 10:00,,Rớt hôm trước
SG TÂN HƯNG,Transporting,1,10,,2026-07-13,2026-07-13,2026-07-13,,2026-07-12 20:00,2026-07-13 16:00,2026-07-13 18:00,Rớt hôm trước
SG PHÚ LÂM,Transporting,2,22,,2026-07-13,2026-07-13,2026-07-13,,2026-07-12 21:00,2026-07-13 11:00,2026-07-13 19:00,Rớt hôm trước
SG CHỢ LỚN,Transporting,1,5,,2026-07-13,2026-07-13,2026-07-13,,2026-07-12 20:00,2026-07-13 12:00,2026-07-13 18:00,Rớt hôm trước
SG GÒ VẤP,Pickup Done,1,6,,2026-07-13,2026-07-13,,,2026-07-12 20:00,2026-07-13 10:00,,Rớt hôm trước
SG NHƠN ĐỨC,Created,1,7,,2026-07-13,,,,2026-07-12 20:00,,,Rớt hôm trước
SG NHƠN ĐỨC,Inbound,1,6,2026-07-13,2026-07-12,2026-07-13,2026-07-13,2026-07-13 19:00,2026-07-12 20:00,2026-07-13 17:00,2026-07-13 18:00,Rớt hôm trước
SG BÌNH LỢI,Inbound,23,196,2026-07-13,2026-07-12,2026-07-13,2026-07-13,2026-07-13 14:00,2026-07-12 21:00,2026-07-13 11:00,2026-07-13 11:00,Rớt hôm trước
DT CAO LÃNH,Transporting,3,20,,2026-07-13,2026-07-13,2026-07-13,,2026-07-12 21:00,2026-07-13 10:00,2026-07-13 15:00,Rớt hôm trước
BN HUB,Inbound,1,0,2026-07-12,2026-07-10,2026-07-10,2026-07-10,2026-07-12 20:00,2026-07-10 14:00,2026-07-10 16:00,2026-07-10 22:00,Rớt hôm nay
BN HUB,Inbound,1,0,2026-07-12,2026-07-09,2026-07-10,2026-07-10,2026-07-12 20:00,2026-07-09 22:00,2026-07-10 11:00,2026-07-10 21:00,Rớt hôm trước
BN HUB,Inbound,1,0,2026-07-12,2026-07-10,2026-07-10,2026-07-10,2026-07-12 20:00,2026-07-10 16:00,2026-07-10 16:00,2026-07-10 21:00,Rớt hôm nay
BN HUB,Inbound,2,0,2026-07-12,2026-07-10,2026-07-10,2026-07-10,2026-07-12 20:00,2026-07-10 08:00,2026-07-10 09:00,2026-07-10 21:00,Rớt hôm nay
BN HUB,Inbound,1,0,2026-07-12,2026-07-10,2026-07-10,2026-07-10,2026-07-12 20:00,2026-07-10 08:00,2026-07-10 18:00,2026-07-10 21:00,Rớt hôm nay
BN HUB,Inbound,1,0,2026-07-12,2026-07-10,2026-07-10,2026-07-10,2026-07-12 20:00,2026-07-10 07:00,2026-07-10 11:00,2026-07-10 21:00,Rớt hôm nay
BN HUB,Inbound,1,0,2026-07-12,2026-07-10,2026-07-10,2026-07-10,2026-07-12 20:00,2026-07-10 10:00,2026-07-10 12:00,2026-07-10 21:00,Rớt hôm nay
BN HUB,Inbound,1,0,2026-07-12,2026-07-10,2026-07-10,2026-07-10,2026-07-12 20:00,2026-07-10 10:00,2026-07-10 11:00,2026-07-10 21:00,Rớt hôm nay
BN HUB,Inbound,1,0,2026-07-12,2026-07-10,2026-07-10,2026-07-10,2026-07-12 20:00,2026-07-10 09:00,2026-07-10 11:00,2026-07-10 21:00,Rớt hôm nay
BN HUB,Inbound,1,0,2026-07-12,2026-07-10,2026-07-10,2026-07-10,2026-07-12 20:00,2026-07-10 13:00,2026-07-10 18:00,2026-07-10 21:00,Rớt hôm nay
SG HÓC MÔN,Transporting,1,6,,2026-07-13,2026-07-13,2026-07-13,,2026-07-12 21:00,2026-07-13 10:00,2026-07-13 19:00,Rớt hôm trước
AG TÂN CHÂU,Transporting,3,27,,2026-07-13,2026-07-13,2026-07-13,,2026-07-12 21:00,2026-07-13 08:00,2026-07-13 17:00,Rớt hôm trước
SG BÌNH TÂN,Pickup Done,4,41,,2026-07-13,2026-07-13,,,2026-07-12 21:00,2026-07-13 19:00,,Rớt hôm trước
SG TÂN TẠO,Pickup Done,6,39,,2026-07-13,2026-07-13,,,2026-07-12 21:00,2026-07-13 10:00,,Rớt hôm trước
SG BÌNH LỢI,Inbound,13,116,2026-07-13,2026-07-12,2026-07-13,2026-07-13,2026-07-13 14:00,2026-07-12 21:00,2026-07-13 11:00,2026-07-13 12:00,Rớt hôm trước
SG CỦ CHI,Created,6,50,,2026-07-13,,,,2026-07-12 21:00,,,Rớt hôm trước
SG TÂN HƯNG,Transporting,5,42,,2026-07-13,2026-07-13,2026-07-13,,2026-07-12 21:00,2026-07-13 11:00,2026-07-13 18:00,Rớt hôm trước
SG BÌNH LỢI,Inbound,1,10,2026-07-13,2026-07-12,2026-07-13,2026-07-13,2026-07-13 14:00,2026-07-12 21:00,2026-07-13 12:00,2026-07-13 12:00,Rớt hôm trước
SG NHƠN ĐỨC,Inbound,2,22,2026-07-13,2026-07-12,2026-07-13,2026-07-13,2026-07-13 19:00,2026-07-12 21:00,2026-07-13 17:00,2026-07-13 18:00,Rớt hôm trước
SG BÌNH TÂN,Transporting,1,23,,2026-07-13,2026-07-13,2026-07-13,,2026-07-12 21:00,2026-07-13 11:00,2026-07-13 17:00,Rớt hôm trước
SG NHƠN ĐỨC,Pickup Done,8,73,,2026-07-13,2026-07-13,,,2026-07-12 21:00,2026-07-13 11:00,,Rớt hôm trước
SG BÌNH TÂN,Created,3,34,,2026-07-13,,,,2026-07-12 21:00,,,Rớt hôm trước
VL CHỢ LÁCH,Transporting,1,80,,2026-07-13,2026-07-13,2026-07-13,,2026-07-12 21:00,2026-07-13 12:00,2026-07-13 18:00,Rớt hôm trước
LA ĐỨC HÒA,Inbound,3,33,2026-07-13,2026-07-12,2026-07-13,2026-07-13,2026-07-13 19:00,2026-07-12 21:00,2026-07-13 15:00,2026-07-13 15:00,Rớt hôm trước
SG NHƠN ĐỨC,Created,1,6,,2026-07-13,,,,2026-07-12 21:00,,,Rớt hôm trước
SG CỦ CHI,Pickup Done,3,17,,2026-07-13,2026-07-13,,,2026-07-12 21:00,2026-07-13 10:00,,Rớt hôm trước
SG HÓC MÔN,Transporting,1,5,,2026-07-13,2026-07-13,2026-07-13,,2026-07-12 21:00,2026-07-13 11:00,2026-07-13 19:00,Rớt hôm trước
SG BÀ ĐIỂM,Pickup Done,8,67,,2026-07-13,2026-07-13,,,2026-07-12 21:00,2026-07-13 11:00,,Rớt hôm trước
DT SA ĐÉC,Transporting,26,236,,2026-07-13,2026-07-13,2026-07-13,,2026-07-12 21:00,2026-07-13 09:00,2026-07-13 18:00,Rớt hôm trước
SG TÂN NHỰT,Transporting,15,133,,2026-07-13,2026-07-13,2026-07-13,,2026-07-12 21:00,2026-07-13 15:00,2026-07-13 18:00,Rớt hôm trước
AG LONG XUYÊN,Transporting,2,16,,2026-07-13,2026-07-13,2026-07-13,,2026-07-12 21:00,2026-07-13 17:00,2026-07-13 17:00,Rớt hôm trước
SG BÌNH TÂN,Pickup Done,30,249,,2026-07-13,2026-07-13,,,2026-07-12 22:00,2026-07-13 11:00,,Rớt hôm trước
SG GÒ VẤP,Pickup Done,1,5,,2026-07-13,2026-07-13,,,2026-07-12 21:00,2026-07-13 11:00,,Rớt hôm trước
AG THOẠI SƠN,Transporting,2,11,,2026-07-13,2026-07-13,2026-07-13,,2026-07-12 22:00,2026-07-13 09:00,2026-07-13 17:00,Rớt hôm trước
SG ĐÔNG HƯNG THUẬN,Transporting,4,23,,2026-07-13,2026-07-13,2026-07-13,,2026-07-12 21:00,2026-07-13 10:00,2026-07-13 19:00,Rớt hôm trước
SG HIỆP BÌNH,Transporting,1,6,,2026-07-13,2026-07-13,2026-07-13,,2026-07-12 21:00,2026-07-13 11:00,2026-07-13 19:00,Rớt hôm trước
VL CHỢ LÁCH,Transporting,1,15,,2026-07-13,2026-07-13,2026-07-13,,2026-07-12 21:00,2026-07-13 10:00,2026-07-13 16:00,Rớt hôm trước
SG TÂN TẠO,Pickup Done,2,13,,2026-07-13,2026-07-13,,,2026-07-12 21:00,2026-07-13 09:00,,Rớt hôm trước
SG NHƠN ĐỨC,Inbound,1,7,2026-07-13,2026-07-12,2026-07-13,2026-07-13,2026-07-13 19:00,2026-07-12 21:00,2026-07-13 18:00,2026-07-13 18:00,Rớt hôm trước
SG BÌNH TÂN,Pickup Done,1,9,,2026-07-13,2026-07-13,,,2026-07-12 21:00,2026-07-13 18:00,,Rớt hôm trước
SG GÒ VẤP,Pickup Done,1,6,,2026-07-13,2026-07-13,,,2026-07-12 21:00,2026-07-13 09:00,,Rớt hôm trước
VL CHỢ LÁCH,Transporting,1,6,,2026-07-13,2026-07-13,2026-07-13,,2026-07-12 21:00,2026-07-13 11:00,2026-07-13 16:00,Rớt hôm trước
HCM HUB,Inbound,1,0,2026-07-12,,,,2026-07-12 21:00,,,,Rớt hôm nay
SG NHƠN ĐỨC,Pickup Done,16,174,,2026-07-13,2026-07-13,,,2026-07-12 22:00,2026-07-13 11:00,,Rớt hôm trước
SG BÌNH LỢI,Inbound,11,93,2026-07-13,2026-07-12,2026-07-13,2026-07-13,2026-07-13 14:00,2026-07-12 22:00,2026-07-13 11:00,2026-07-13 11:00,Rớt hôm trước
SG TÂN HƯNG,Transporting,15,111,,2026-07-13,2026-07-13,2026-07-13,,2026-07-12 22:00,2026-07-13 11:00,2026-07-13 18:00,Rớt hôm trước
SG BÌNH TÂN,Pickup Done,2,21,,2026-07-13,2026-07-13,,,2026-07-12 22:00,2026-07-13 10:00,,Rớt hôm trước
SG BÌNH LỢI,Transporting,12,98,,2026-07-13,2026-07-13,2026-07-13,,2026-07-12 22:00,2026-07-13 19:00,2026-07-13 19:00,Rớt hôm trước
SG ĐÔNG HƯNG THUẬN,Transporting,7,57,,2026-07-13,2026-07-13,2026-07-13,,2026-07-12 22:00,2026-07-13 11:00,2026-07-13 19:00,Rớt hôm trước
SG BÌNH TÂN,Pickup Done,1,24,,2026-07-13,2026-07-13,,,2026-07-12 22:00,2026-07-13 18:00,,Rớt hôm trước
SG BÌNH LỢI,Transporting,2,19,,2026-07-13,2026-07-13,2026-07-13,,2026-07-12 22:00,2026-07-13 18:00,2026-07-13 18:00,Rớt hôm trước
SG THỦ ĐỨC,Created,1,13,,2026-07-13,,,,2026-07-12 22:00,,,Rớt hôm trước
SG PHÚ NHUẬN,Transporting,1,7,,2026-07-13,2026-07-13,2026-07-13,,2026-07-12 22:00,2026-07-13 14:00,2026-07-13 17:00,Rớt hôm trước
SG TÂN TẠO,Pickup Done,3,26,,2026-07-13,2026-07-13,,,2026-07-12 22:00,2026-07-13 10:00,,Rớt hôm trước
SG BÌNH LỢI,Inbound,5,51,2026-07-13,2026-07-12,2026-07-13,2026-07-13,2026-07-13 14:00,2026-07-12 22:00,2026-07-13 11:00,2026-07-13 12:00,Rớt hôm trước
SG BÌNH LỢI,Transporting,2,18,,2026-07-13,2026-07-13,2026-07-13,,2026-07-12 22:00,2026-07-13 19:00,2026-07-13 20:00,Rớt hôm trước
SG BÌNH TÂN,Pickup Done,3,30,,2026-07-13,2026-07-13,,,2026-07-12 22:00,2026-07-13 19:00,,Rớt hôm trước
SG BÌNH LỢI,Transporting,2,17,,2026-07-13,2026-07-13,2026-07-13,,2026-07-12 22:00,2026-07-13 18:00,2026-07-13 19:00,Rớt hôm trước
SG THỦ ĐỨC,Transporting,2,37,,2026-07-13,2026-07-13,2026-07-13,,2026-07-12 22:00,2026-07-13 10:00,2026-07-13 14:00,Rớt hôm trước
LA ĐỨC HÒA,Inbound,3,46,2026-07-13,2026-07-12,2026-07-13,2026-07-13,2026-07-13 19:00,2026-07-12 22:00,2026-07-13 15:00,2026-07-13 15:00,Rớt hôm trước
SG NHƠN ĐỨC,Inbound,1,15,2026-07-13,2026-07-12,2026-07-13,2026-07-13,2026-07-13 19:00,2026-07-12 22:00,2026-07-13 18:00,2026-07-13 18:00,Rớt hôm trước
SG ĐÔNG HƯNG THUẬN,Transporting,1,6,,2026-07-13,2026-07-13,2026-07-13,,2026-07-12 22:00,2026-07-13 18:00,2026-07-13 19:00,Rớt hôm trước
SG TÂN TẠO,Pickup Done,1,8,,2026-07-13,2026-07-13,,,2026-07-12 22:00,2026-07-13 18:00,,Rớt hôm trước
BD DĨ AN,Inbound,1,0,2026-07-12,2026-07-12,2026-07-12,2026-07-12,2026-07-12 22:00,2026-07-12 15:00,2026-07-12 16:00,2026-07-12 18:00,Rớt hôm nay
BD DĨ AN,Inbound,1,0,2026-07-12,2026-07-12,2026-07-12,2026-07-12,2026-07-12 22:00,2026-07-12 12:00,2026-07-12 16:00,2026-07-12 18:00,Rớt hôm nay
BD BÌNH HÒA,Inbound,1,0,2026-07-12,2026-07-12,2026-07-12,2026-07-12,2026-07-12 21:00,2026-07-12 07:00,2026-07-12 11:00,2026-07-12 19:00,Rớt hôm nay
BD BÌNH HÒA,Inbound,1,0,2026-07-12,2026-07-12,2026-07-12,2026-07-12,2026-07-12 21:00,2026-07-12 12:00,2026-07-12 14:00,2026-07-12 19:00,Rớt hôm nay
SG GÒ VẤP,Pickup Done,46,413,,2026-07-13,2026-07-13,,,2026-07-12 22:00,2026-07-13 15:00,,Rớt hôm trước
SG GÒ VẤP,Pickup Done,13,136,,2026-07-13,2026-07-13,,,2026-07-12 23:00,2026-07-13 15:00,,Rớt hôm trước
SG BÌNH TÂN,Pickup Done,14,113,,2026-07-13,2026-07-13,,,2026-07-12 23:00,2026-07-13 11:00,,Rớt hôm trước
SG BÌNH TÂN,Created,2,14,,2026-07-13,,,,2026-07-12 22:00,,,Rớt hôm trước
SG TÂN TẠO,Pickup Done,1,6,,2026-07-13,2026-07-13,,,2026-07-12 22:00,2026-07-13 09:00,,Rớt hôm trước
SG BÌNH LỢI,Pickup Done,1,14,,2026-07-13,2026-07-13,,,2026-07-12 22:00,2026-07-13 18:00,,Rớt hôm trước
SG BÌNH LỢI,Transporting,2,25,,2026-07-13,2026-07-13,2026-07-13,,2026-07-12 22:00,2026-07-13 17:00,2026-07-13 18:00,Rớt hôm trước
SG BÌNH LỢI,Inbound,1,5,2026-07-13,2026-07-12,2026-07-13,2026-07-13,2026-07-13 14:00,2026-07-12 22:00,2026-07-13 09:00,2026-07-13 11:00,Rớt hôm trước
SG TÂN TẠO,Pickup Done,2,19,,2026-07-13,2026-07-13,,,2026-07-12 23:00,2026-07-13 10:00,,Rớt hôm trước
SG BÌNH TRỊ ĐÔNG,Created,1,12,,2026-07-13,,,,2026-07-12 23:00,,,Rớt hôm trước
SG BÌNH LỢI,Inbound,10,75,2026-07-13,2026-07-12,2026-07-13,2026-07-13,2026-07-13 14:00,2026-07-12 23:00,2026-07-13 11:00,2026-07-13 11:00,Rớt hôm trước
SG BÌNH LỢI,Inbound,4,41,2026-07-13,2026-07-12,2026-07-13,2026-07-13,2026-07-13 14:00,2026-07-12 23:00,2026-07-13 11:00,2026-07-13 12:00,Rớt hôm trước
SG BÌNH TÂN,Pickup Done,2,29,,2026-07-13,2026-07-13,,,2026-07-12 23:00,2026-07-13 12:00,,Rớt hôm trước
SG NHƠN ĐỨC,Pickup Done,2,13,,2026-07-13,2026-07-13,,,2026-07-12 23:00,2026-07-13 11:00,,Rớt hôm trước
AG LONG XUYÊN,Transporting,1,7,,2026-07-13,2026-07-13,2026-07-13,,2026-07-12 23:00,2026-07-13 17:00,2026-07-13 17:00,Rớt hôm trước
SG TÂN TẠO,Pickup Done,1,7,,2026-07-13,2026-07-13,,,2026-07-12 23:00,2026-07-13 18:00,,Rớt hôm trước
SG TÂN HƯNG,Transporting,1,7,,2026-07-13,2026-07-13,2026-07-13,,2026-07-12 23:00,2026-07-13 11:00,2026-07-13 18:00,Rớt hôm trước
SG BÌNH TÂN,Pickup Done,1,8,,2026-07-13,2026-07-13,,,2026-07-12 23:00,2026-07-13 19:00,,Rớt hôm trước
SG BÌNH TÂN,Created,1,8,,2026-07-13,,,,2026-07-13 00:00,,,Rớt hôm trước
SG CHỢ LỚN,Created,1,97,,2026-07-13,,,,2026-07-13 00:00,,,Rớt hôm trước
SG THỦ ĐỨC,Transporting,18,244,,2026-07-13,2026-07-13,2026-07-13,,2026-07-13 00:00,2026-07-13 17:00,2026-07-13 19:00,Rớt hôm trước
SG THỦ ĐỨC,Transporting,42,571,,2026-07-13,2026-07-13,2026-07-13,,2026-07-13 00:00,2026-07-13 10:00,2026-07-13 11:00,Rớt hôm trước
SG BÌNH TÂN,Pickup Done,1,9,,2026-07-13,2026-07-13,,,2026-07-13 00:00,2026-07-13 18:00,,Rớt hôm trước
SG BÌNH LỢI,Inbound,5,43,2026-07-13,2026-07-12,2026-07-13,2026-07-13,2026-07-13 14:00,2026-07-13 00:00,2026-07-13 11:00,2026-07-13 12:00,Rớt hôm trước
SG TÂN TẠO,Pickup Done,5,30,,2026-07-13,2026-07-13,,,2026-07-13 00:00,2026-07-13 11:00,,Rớt hôm trước
SG TÂN HƯNG,Transporting,3,30,,2026-07-13,2026-07-13,2026-07-13,,2026-07-13 00:00,2026-07-13 11:00,2026-07-13 18:00,Rớt hôm trước
SG THỦ ĐỨC,Transporting,1,13,,2026-07-13,2026-07-13,2026-07-13,,2026-07-13 00:00,2026-07-13 17:00,2026-07-13 20:00,Rớt hôm trước
SG THỦ ĐỨC,Created,1,13,,2026-07-13,,,,2026-07-13 00:00,,,Rớt hôm trước
SG THỦ ĐỨC,Transporting,2,27,,2026-07-13,2026-07-13,2026-07-13,,2026-07-13 00:00,2026-07-13 19:00,2026-07-13 19:00,Rớt hôm trước
SG PHÚ NHUẬN,Created,1,13,,2026-07-13,,,,2026-07-13 00:00,,,Rớt hôm trước
SG ĐÔNG HƯNG THUẬN,Transporting,1,7,,2026-07-13,2026-07-13,2026-07-13,,2026-07-13 00:00,2026-07-13 16:00,2026-07-13 19:00,Rớt hôm trước
SG BÌNH LỢI,Inbound,3,39,2026-07-13,2026-07-12,2026-07-13,2026-07-13,2026-07-13 14:00,2026-07-13 00:00,2026-07-13 11:00,2026-07-13 11:00,Rớt hôm trước
SG HƯNG LONG,Transporting,1,17,,2026-07-13,2026-07-13,2026-07-13,,2026-07-13 00:00,2026-07-13 16:00,2026-07-13 19:00,Rớt hôm trước
SG BÌNH TÂN,Pickup Done,3,32,,2026-07-13,2026-07-13,,,2026-07-13 00:00,2026-07-13 19:00,,Rớt hôm trước
SG BÌNH TÂN,Pickup Done,25,191,,2026-07-13,2026-07-13,,,2026-07-13 00:00,2026-07-13 10:00,,Rớt hôm trước
SG TÂN HƯNG,Transporting,1,12,,2026-07-13,2026-07-13,2026-07-13,,2026-07-13 00:00,2026-07-13 17:00,2026-07-13 18:00,Rớt hôm trước
SG BÌNH TÂN,Pickup Done,23,292,,2026-07-13,2026-07-13,,,2026-07-13 00:00,2026-07-13 16:00,,Rớt hôm trước
SG BÌNH TÂN,Pickup Done,8,107,,2026-07-13,2026-07-13,,,2026-07-13 00:00,2026-07-13 11:00,,Rớt hôm trước
SG BÌNH LỢI,Inbound,1,12,2026-07-13,2026-07-12,2026-07-13,2026-07-13,2026-07-13 14:00,2026-07-13 00:00,2026-07-13 12:00,2026-07-13 12:00,Rớt hôm trước
SG BÌNH TÂN,Pickup Done,11,139,,2026-07-13,2026-07-13,,,2026-07-13 01:00,2026-07-13 16:00,,Rớt hôm trước
SG NHƠN ĐỨC,Pickup Done,2,12,,2026-07-13,2026-07-13,,,2026-07-13 00:00,2026-07-13 11:00,,Rớt hôm trước
VT LONG ĐẤT,Inbound,1,0,2026-07-12,2026-07-12,2026-07-12,2026-07-12,2026-07-13 00:00,2026-07-12 17:00,2026-07-12 18:00,2026-07-12 18:00,Rớt hôm nay
VT LONG ĐẤT,Inbound,4,0,2026-07-12,2026-07-12,2026-07-12,2026-07-12,2026-07-13 00:00,2026-07-12 09:00,2026-07-12 10:00,2026-07-12 18:00,Rớt hôm nay
VT CHÂU ĐỨC,Inbound,2,0,2026-07-12,2026-07-12,2026-07-12,2026-07-12,2026-07-13 00:00,2026-07-12 13:00,2026-07-12 13:00,2026-07-12 16:00,Rớt hôm nay
VT LONG ĐẤT,Inbound,2,0,2026-07-12,2026-07-12,2026-07-12,2026-07-12,2026-07-13 00:00,2026-07-12 14:00,2026-07-12 14:00,2026-07-12 18:00,Rớt hôm nay
VT LONG ĐẤT,Inbound,1,0,2026-07-12,2026-07-12,2026-07-12,2026-07-12,2026-07-13 00:00,2026-07-12 16:00,2026-07-12 16:00,2026-07-12 18:00,Rớt hôm nay
VT CHÂU ĐỨC,Inbound,1,0,2026-07-12,2026-07-12,2026-07-12,2026-07-12,2026-07-13 00:00,2026-07-12 08:00,2026-07-12 10:00,2026-07-12 16:00,Rớt hôm nay
SG BÌNH TRỊ ĐÔNG,Pickup Done,12,105,,2026-07-13,2026-07-13,,,2026-07-13 01:00,2026-07-13 11:00,,Rớt hôm trước
SG NHƠN ĐỨC,Pickup Done,2,15,,2026-07-13,2026-07-13,,,2026-07-13 01:00,2026-07-13 11:00,,Rớt hôm trước
SG TÂN HƯNG,Transporting,2,15,,2026-07-13,2026-07-13,2026-07-13,,2026-07-13 01:00,2026-07-13 11:00,2026-07-13 18:00,Rớt hôm trước
SG BÌNH TÂN,Pickup Done,4,35,,2026-07-13,2026-07-13,,,2026-07-13 01:00,2026-07-13 19:00,,Rớt hôm trước
SG BÌNH LỢI,Inbound,4,45,2026-07-13,2026-07-12,2026-07-13,2026-07-13,2026-07-13 14:00,2026-07-13 01:00,2026-07-13 11:00,2026-07-13 11:00,Rớt hôm trước
AG THOẠI SƠN,Transporting,2,11,,2026-07-13,2026-07-13,2026-07-13,,2026-07-13 01:00,2026-07-13 09:00,2026-07-13 17:00,Rớt hôm trước
SG BÌNH LỢI,Inbound,2,18,2026-07-13,2026-07-12,2026-07-13,2026-07-13,2026-07-13 14:00,2026-07-13 01:00,2026-07-13 11:00,2026-07-13 12:00,Rớt hôm trước
SG BÌNH TÂN,Pickup Done,1,15,,2026-07-13,2026-07-13,,,2026-07-13 01:00,2026-07-13 14:00,,Rớt hôm trước
VT LONG ĐẤT,Inbound,1,0,2026-07-12,2026-07-12,2026-07-12,2026-07-12,2026-07-13 01:00,2026-07-12 16:00,2026-07-12 16:00,2026-07-12 18:00,Rớt hôm nay
VT CHÂU ĐỨC,Inbound,1,0,2026-07-12,2026-07-12,2026-07-12,2026-07-12,2026-07-13 01:00,2026-07-12 08:00,2026-07-12 10:00,2026-07-12 16:00,Rớt hôm nay
VT CHÂU ĐỨC,Inbound,1,0,2026-07-12,2026-07-12,2026-07-12,2026-07-12,2026-07-13 01:00,2026-07-12 13:00,2026-07-12 13:00,2026-07-12 16:00,Rớt hôm nay
VT XUYÊN MỘC,Inbound,1,0,2026-07-12,2026-07-12,2026-07-12,2026-07-12,2026-07-13 01:00,2026-07-12 10:00,2026-07-12 11:00,2026-07-12 15:00,Rớt hôm nay
VT LONG ĐẤT,Inbound,2,0,2026-07-12,2026-07-12,2026-07-12,2026-07-12,2026-07-13 01:00,2026-07-12 14:00,2026-07-12 14:00,2026-07-12 18:00,Rớt hôm nay
,Inbound,1,9,,2026-07-12,2026-07-13,2026-07-12,,2026-07-12 09:00,2026-07-13 09:00,2026-07-12 15:00,Rớt hôm trước
SG BÌNH TÂN,Created,2,28,,2026-07-13,,,,2026-07-13 01:00,,,Rớt hôm trước
SG BÌNH LỢI,Inbound,1,6,2026-07-13,2026-07-12,2026-07-13,2026-07-13,2026-07-13 14:00,2026-07-13 02:00,2026-07-13 12:00,2026-07-13 12:00,Rớt hôm trước
LA ĐỨC HÒA,Inbound,1,6,2026-07-13,2026-07-12,2026-07-13,2026-07-13,2026-07-13 19:00,2026-07-13 01:00,2026-07-13 15:00,2026-07-13 15:00,Rớt hôm trước
SG BÌNH LỢI,Inbound,3,26,2026-07-13,2026-07-12,2026-07-13,2026-07-13,2026-07-13 14:00,2026-07-13 02:00,2026-07-13 11:00,2026-07-13 12:00,Rớt hôm trước
SG BÌNH LỢI,Inbound,1,6,2026-07-13,2026-07-12,2026-07-13,2026-07-13,2026-07-13 14:00,2026-07-13 01:00,2026-07-13 12:00,2026-07-13 12:00,Rớt hôm trước
SG NHƠN ĐỨC,Inbound,2,12,2026-07-13,2026-07-12,2026-07-13,2026-07-13,2026-07-13 19:00,2026-07-13 02:00,2026-07-13 18:00,2026-07-13 18:00,Rớt hôm trước
SG BÌNH TÂN,Pickup Done,1,9,,2026-07-13,2026-07-13,,,2026-07-13 02:00,2026-07-13 18:00,,Rớt hôm trước
SG BÌNH TÂN,Pickup Done,1,9,,2026-07-13,2026-07-13,,,2026-07-13 02:00,2026-07-13 14:00,,Rớt hôm trước
SG NHƠN ĐỨC,Created,1,6,,2026-07-13,,,,2026-07-13 02:00,,,Rớt hôm trước
SG BÌNH TÂN,Created,1,8,,2026-07-13,,,,2026-07-13 02:00,,,Rớt hôm trước
SG BÌNH TÂN,Pickup Done,2,12,,2026-07-13,2026-07-13,,,2026-07-13 03:00,2026-07-13 19:00,,Rớt hôm trước
SG BÌNH TÂN,Pickup Done,1,9,,2026-07-13,2026-07-13,,,2026-07-13 03:00,2026-07-13 14:00,,Rớt hôm trước
SG BÌNH TÂN,Pickup Done,1,5,,2026-07-13,2026-07-13,,,2026-07-13 03:00,2026-07-13 18:00,,Rớt hôm trước
SG BÌNH TÂN,Pickup Done,2,25,,2026-07-13,2026-07-13,,,2026-07-13 03:00,2026-07-13 16:00,,Rớt hôm trước
SG BÌNH LỢI,Inbound,1,10,2026-07-13,2026-07-12,2026-07-13,2026-07-13,2026-07-13 14:00,2026-07-13 03:00,2026-07-13 11:00,2026-07-13 12:00,Rớt hôm trước
SG HƯNG LONG,Transporting,1,8,,2026-07-13,2026-07-13,2026-07-13,,2026-07-13 03:00,2026-07-13 16:00,2026-07-13 19:00,Rớt hôm trước
SG BÌNH LỢI,Created,10,61,,2026-07-13,,,,2026-07-13 04:00,,,Rớt hôm trước
SG BÌNH TÂN,Pickup Done,1,7,,2026-07-13,2026-07-13,,,2026-07-13 04:00,2026-07-13 19:00,,Rớt hôm trước
SG BÌNH LỢI,Inbound,5,63,2026-07-13,2026-07-12,2026-07-13,2026-07-13,2026-07-13 14:00,2026-07-13 04:00,2026-07-13 11:00,2026-07-13 12:00,Rớt hôm trước
SG BÌNH LỢI,Inbound,1,6,2026-07-13,2026-07-12,2026-07-13,2026-07-13,2026-07-13 14:00,2026-07-13 04:00,2026-07-13 11:00,2026-07-13 11:00,Rớt hôm trước
SG BÌNH TÂN,Pickup Done,1,6,,2026-07-13,2026-07-13,,,2026-07-13 05:00,2026-07-13 11:00,,Rớt hôm trước
SG THỦ ĐỨC,Transporting,6,46,,2026-07-13,2026-07-13,2026-07-13,,2026-07-13 04:00,2026-07-13 11:00,2026-07-13 14:00,Rớt hôm trước
SG BÌNH TÂN,Created,1,7,,2026-07-13,,,,2026-07-13 04:00,,,Rớt hôm trước
SG BÌNH TÂN,Pickup Done,1,6,,2026-07-13,2026-07-13,,,2026-07-13 04:00,2026-07-13 11:00,,Rớt hôm trước
SG CỦ CHI,Pickup Done,52,539,,2026-07-13,2026-07-13,,,2026-07-13 05:00,2026-07-13 19:00,,Rớt hôm trước
SG CỦ CHI,Pickup Done,100,773,,2026-07-13,2026-07-13,,,2026-07-13 05:00,2026-07-13 14:00,,Rớt hôm trước
SG BÌNH LỢI,Inbound,1,7,2026-07-13,2026-07-12,2026-07-13,2026-07-13,2026-07-13 14:00,2026-07-13 05:00,2026-07-13 11:00,2026-07-13 12:00,Rớt hôm trước
SG BÌNH LỢI,Inbound,2,25,2026-07-13,2026-07-12,2026-07-13,2026-07-13,2026-07-13 14:00,2026-07-13 05:00,2026-07-13 11:00,2026-07-13 11:00,Rớt hôm trước
SG CỦ CHI,Pickup Done,5,156,,2026-07-13,2026-07-13,,,2026-07-13 05:00,2026-07-13 20:00,,Rớt hôm trước
SG BÌNH TÂN,Pickup Done,5,39,,2026-07-13,2026-07-13,,,2026-07-13 05:00,2026-07-13 19:00,,Rớt hôm trước
SG CỦ CHI,Inbound,63,501,2026-07-13,2026-07-12,2026-07-13,2026-07-13,2026-07-13 13:00,2026-07-13 05:00,2026-07-13 09:00,2026-07-13 09:00,Rớt hôm trước
SG CỦ CHI,Inbound,24,177,2026-07-13,2026-07-12,2026-07-13,2026-07-13,2026-07-13 16:00,2026-07-13 05:00,2026-07-13 13:00,2026-07-13 13:00,Rớt hôm trước
SG CỦ CHI,Inbound,6,44,2026-07-13,2026-07-13,2026-07-13,2026-07-13,2026-07-13 16:00,2026-07-13 06:00,2026-07-13 14:00,2026-07-13 14:00,Rớt hôm nay
SG CỦ CHI,Inbound,38,199,2026-07-13,2026-07-12,2026-07-13,2026-07-13,2026-07-13 16:00,2026-07-13 05:00,2026-07-13 11:00,2026-07-13 13:00,Rớt hôm trước
SG TÂN SƠN NHÌ,Transporting,28,204,,2026-07-13,2026-07-13,2026-07-13,,2026-07-13 05:00,2026-07-13 11:00,2026-07-13 18:00,Rớt hôm trước
SG CỦ CHI,Inbound,19,141,2026-07-13,2026-07-12,2026-07-13,2026-07-13,2026-07-13 16:00,2026-07-13 05:00,2026-07-13 13:00,2026-07-13 14:00,Rớt hôm trước
SG CỦ CHI,Inbound,15,146,2026-07-13,2026-07-12,2026-07-13,2026-07-13,2026-07-13 16:00,2026-07-13 05:00,2026-07-13 11:00,2026-07-13 14:00,Rớt hôm trước
SG CỦ CHI,Transporting,9,67,,2026-07-13,2026-07-13,2026-07-13,,2026-07-13 05:00,2026-07-13 19:00,2026-07-13 19:00,Rớt hôm trước
SG CỦ CHI,Inbound,7,44,2026-07-13,2026-07-12,2026-07-13,2026-07-13,2026-07-13 13:00,2026-07-13 05:00,2026-07-13 11:00,2026-07-13 11:00,Rớt hôm trước
SG CỦ CHI,Transporting,28,239,,2026-07-13,2026-07-13,2026-07-13,,2026-07-13 05:00,2026-07-13 18:00,2026-07-13 18:00,Rớt hôm trước
SG BÌNH TÂN,Pickup Done,4,33,,2026-07-13,2026-07-13,,,2026-07-13 05:00,2026-07-13 10:00,,Rớt hôm trước
AG LONG XUYÊN,Transporting,5,36,,2026-07-13,2026-07-13,2026-07-13,,2026-07-13 05:00,2026-07-13 17:00,2026-07-13 17:00,Rớt hôm trước
SG CỦ CHI,Transporting,1,7,,2026-07-13,2026-07-13,2026-07-13,,2026-07-13 05:00,2026-07-13 18:00,2026-07-13 19:00,Rớt hôm trước
SG CỦ CHI,Inbound,23,183,2026-07-13,2026-07-13,2026-07-13,2026-07-13,2026-07-13 16:00,2026-07-13 06:00,2026-07-13 13:00,2026-07-13 13:00,Rớt hôm nay
SG CỦ CHI,Inbound,6,51,2026-07-13,2026-07-12,2026-07-13,2026-07-13,2026-07-13 16:00,2026-07-13 05:00,2026-07-13 14:00,2026-07-13 14:00,Rớt hôm trước
SG TÂN HƯNG,Transporting,2,17,,2026-07-13,2026-07-13,2026-07-13,,2026-07-13 05:00,2026-07-13 17:00,2026-07-13 18:00,Rớt hôm trước
LA ĐỨC HÒA,Inbound,6,49,2026-07-13,2026-07-12,2026-07-13,2026-07-13,2026-07-13 19:00,2026-07-13 05:00,2026-07-13 13:00,2026-07-13 17:00,Rớt hôm trước
SG TÂN SƠN NHÌ,Transporting,9,81,,2026-07-13,2026-07-13,2026-07-13,,2026-07-13 05:00,2026-07-13 10:00,2026-07-13 18:00,Rớt hôm trước
SG CỦ CHI,Inbound,4,31,2026-07-13,2026-07-12,2026-07-13,2026-07-13,2026-07-13 13:00,2026-07-13 05:00,2026-07-13 10:00,2026-07-13 10:00,Rớt hôm trước
SG CỦ CHI,Inbound,62,494,2026-07-13,2026-07-13,2026-07-13,2026-07-13,2026-07-13 13:00,2026-07-13 06:00,2026-07-13 09:00,2026-07-13 09:00,Rớt hôm nay
SG CỦ CHI,Inbound,3,16,2026-07-13,2026-07-12,2026-07-13,2026-07-13,2026-07-13 19:00,2026-07-13 05:00,2026-07-13 14:00,2026-07-13 14:00,Rớt hôm trước
SG CỦ CHI,Inbound,2,19,2026-07-13,2026-07-13,2026-07-13,2026-07-13,2026-07-13 16:00,2026-07-13 06:00,2026-07-13 11:00,2026-07-13 14:00,Rớt hôm nay
SG CỦ CHI,Inbound,22,116,2026-07-13,2026-07-13,2026-07-13,2026-07-13,2026-07-13 16:00,2026-07-13 06:00,2026-07-13 11:00,2026-07-13 13:00,Rớt hôm nay
SG TÂN HƯNG,Transporting,1,7,,2026-07-13,2026-07-13,2026-07-13,,2026-07-13 05:00,2026-07-13 11:00,2026-07-13 18:00,Rớt hôm trước
SG BÀ ĐIỂM,Pickup Done,1,7,,2026-07-13,2026-07-13,,,2026-07-13 05:00,2026-07-13 11:00,,Rớt hôm trước
SG NHƠN ĐỨC,Pickup Done,1,8,,2026-07-13,2026-07-13,,,2026-07-13 05:00,2026-07-13 11:00,,Rớt hôm trước
LA ĐỨC HÒA,Inbound,13,102,2026-07-13,2026-07-13,2026-07-13,2026-07-13,2026-07-13 19:00,2026-07-13 06:00,2026-07-13 13:00,2026-07-13 17:00,Rớt hôm nay
SG BÌNH LỢI TRUNG,Transporting,24,330,,2026-07-13,2026-07-13,2026-07-13,,2026-07-13 06:00,2026-07-13 16:00,2026-07-13 16:00,Rớt hôm nay
SG BÌNH LỢI,Created,62,392,,2026-07-13,,,,2026-07-13 06:00,,,Rớt hôm nay
CT NINH KIỀU,Transporting,12,61,,2026-07-13,2026-07-13,2026-07-13,,2026-07-13 06:00,2026-07-13 11:00,2026-07-13 18:00,Rớt hôm nay
AG LONG XUYÊN,Transporting,5,31,,2026-07-13,2026-07-13,2026-07-13,,2026-07-13 06:00,2026-07-13 17:00,2026-07-13 17:00,Rớt hôm nay
SG CỦ CHI,Transporting,1,10,,2026-07-13,2026-07-13,2026-07-13,,2026-07-13 06:00,2026-07-13 09:00,2026-07-13 09:00,Rớt hôm nay
SG BÌNH TÂN,Pickup Done,3,38,,2026-07-13,2026-07-13,,,2026-07-13 06:00,2026-07-13 16:00,,Rớt hôm nay
VL CHỢ LÁCH,Transporting,3,24,,2026-07-13,2026-07-13,2026-07-13,,2026-07-13 06:00,2026-07-13 11:00,2026-07-13 18:00,Rớt hôm nay
SG BÀ ĐIỂM,Pickup Done,11,72,,2026-07-13,2026-07-13,,,2026-07-13 06:00,2026-07-13 11:00,,Rớt hôm nay
SG CỦ CHI,Inbound,20,144,2026-07-13,2026-07-13,2026-07-13,2026-07-13,2026-07-13 16:00,2026-07-13 06:00,2026-07-13 13:00,2026-07-13 14:00,Rớt hôm nay
SG TÂN TẠO,Pickup Done,2,20,,2026-07-13,2026-07-13,,,2026-07-13 06:00,2026-07-13 18:00,,Rớt hôm nay
SG BÌNH TÂN,Pickup Done,14,120,,2026-07-13,2026-07-13,,,2026-07-13 06:00,2026-07-13 19:00,,Rớt hôm nay
SG BÌNH LỢI,Inbound,4,36,2026-07-13,2026-07-13,2026-07-13,2026-07-13,2026-07-13 14:00,2026-07-13 06:00,2026-07-13 11:00,2026-07-13 11:00,Rớt hôm nay
SG TÂN TẠO,Pickup Done,1,6,,2026-07-13,2026-07-13,,,2026-07-13 06:00,2026-07-13 16:00,,Rớt hôm nay
SG BÀ ĐIỂM,Pickup Done,2,23,,2026-07-13,2026-07-13,,,2026-07-13 06:00,2026-07-13 10:00,,Rớt hôm nay
SG BÌNH LỢI TRUNG,Created,2,40,,2026-07-13,,,,2026-07-13 06:00,,,Rớt hôm nay
SG BÌNH LỢI,Inbound,1,5,2026-07-13,2026-07-13,2026-07-13,2026-07-13,2026-07-13 14:00,2026-07-13 06:00,2026-07-13 09:00,2026-07-13 11:00,Rớt hôm nay
SG CỦ CHI,Inbound,4,25,2026-07-13,2026-07-13,2026-07-13,2026-07-13,2026-07-13 13:00,2026-07-13 06:00,2026-07-13 11:00,2026-07-13 11:00,Rớt hôm nay
SG TÂN HƯNG,Transporting,1,8,,2026-07-13,2026-07-13,2026-07-13,,2026-07-13 06:00,2026-07-13 11:00,2026-07-13 18:00,Rớt hôm nay
SG CỦ CHI,Inbound,1,12,2026-07-13,2026-07-13,2026-07-13,2026-07-13,2026-07-13 19:00,2026-07-13 06:00,2026-07-13 15:00,2026-07-13 15:00,Rớt hôm nay
SG BÌNH TÂN,Created,1,9,,2026-07-13,,,,2026-07-13 06:00,,,Rớt hôm nay
SG CỦ CHI,Inbound,1,9,2026-07-13,2026-07-13,2026-07-13,2026-07-13,2026-07-13 19:00,2026-07-13 06:00,2026-07-13 13:00,2026-07-13 16:00,Rớt hôm nay
SG TÂN TẠO,Inbound,1,6,2026-07-13,2026-07-13,2026-07-13,2026-07-13,2026-07-13 16:00,2026-07-13 06:00,2026-07-13 09:00,2026-07-13 14:00,Rớt hôm nay
SG BÌNH TRỊ ĐÔNG,Pickup Done,2,14,,2026-07-13,2026-07-13,,,2026-07-13 06:00,2026-07-13 12:00,,Rớt hôm nay
SG BÌNH LỢI,Pickup Done,1,13,,2026-07-13,2026-07-13,,,2026-07-13 06:00,2026-07-13 18:00,,Rớt hôm nay
SG BÌNH TÂN,Pickup Done,40,401,,2026-07-13,2026-07-13,,,2026-07-13 06:00,2026-07-13 14:00,,Rớt hôm nay
SG AN PHÚ ĐÔNG,Transporting,31,336,,2026-07-13,2026-07-13,2026-07-13,,2026-07-13 06:00,2026-07-13 17:00,2026-07-13 17:00,Rớt hôm nay
SG BÌNH LỢI,Inbound,3,23,2026-07-13,2026-07-13,2026-07-13,2026-07-13,2026-07-13 14:00,2026-07-13 06:00,2026-07-13 11:00,2026-07-13 12:00,Rớt hôm nay
SG HÓC MÔN,Transporting,2,12,,2026-07-13,2026-07-13,2026-07-13,,2026-07-13 06:00,2026-07-13 10:00,2026-07-13 19:00,Rớt hôm nay
LA ĐỨC HÒA,Inbound,1,15,2026-07-13,2026-07-13,2026-07-13,2026-07-13,2026-07-13 19:00,2026-07-13 06:00,2026-07-13 15:00,2026-07-13 15:00,Rớt hôm nay
SG TÂN HƯNG,Transporting,29,268,,2026-07-13,2026-07-13,2026-07-13,,2026-07-13 06:00,2026-07-13 10:00,2026-07-13 18:00,Rớt hôm nay
SG THỦ ĐỨC,Transporting,1,8,,2026-07-13,2026-07-13,2026-07-13,,2026-07-13 06:00,2026-07-13 15:00,2026-07-13 16:00,Rớt hôm nay
SG THỦ ĐỨC,Transporting,5,28,,2026-07-13,2026-07-13,2026-07-13,,2026-07-13 06:00,2026-07-13 11:00,2026-07-13 16:00,Rớt hôm nay
AG THOẠI SƠN,Transporting,1,6,,2026-07-13,2026-07-13,2026-07-13,,2026-07-13 06:00,2026-07-13 09:00,2026-07-13 17:00,Rớt hôm nay
SG CỦ CHI,Inbound,1,8,2026-07-13,2026-07-13,2026-07-13,2026-07-13,2026-07-13 16:00,2026-07-13 07:00,2026-07-13 13:00,2026-07-13 14:00,Rớt hôm nay
SG TÂN TẠO,Pickup Done,21,166,,2026-07-13,2026-07-13,,,2026-07-13 06:00,2026-07-13 10:00,,Rớt hôm nay
SG THỦ ĐỨC,Transporting,3,21,,2026-07-13,2026-07-13,2026-07-13,,2026-07-13 06:00,2026-07-13 15:00,2026-07-13 19:00,Rớt hôm nay
SG TÂN TẠO,Created,36,381,,2026-07-13,,,,2026-07-13 06:00,,,Rớt hôm nay
SG BÌNH LỢI,Pickup Done,1,5,,2026-07-13,2026-07-13,,,2026-07-13 06:00,2026-07-13 16:00,,Rớt hôm nay
SG BÀ ĐIỂM,Pickup Done,1,6,,2026-07-13,2026-07-13,,,2026-07-13 06:00,2026-07-13 18:00,,Rớt hôm nay
SG HƯNG LONG,Inbound,11,63,2026-07-13,2026-07-13,2026-07-13,2026-07-13,2026-07-13 15:00,2026-07-13 06:00,2026-07-13 12:00,2026-07-13 12:00,Rớt hôm nay
SG BÌNH TÂN,Pickup Done,5,54,,2026-07-13,2026-07-13,,,2026-07-13 06:00,2026-07-13 10:00,,Rớt hôm nay
VL CHỢ LÁCH,Transporting,3,20,,2026-07-13,2026-07-13,2026-07-13,,2026-07-13 07:00,2026-07-13 11:00,2026-07-13 16:00,Rớt hôm nay
VL CHỢ LÁCH,Transporting,5,59,,2026-07-13,2026-07-13,2026-07-13,,2026-07-13 07:00,2026-07-13 10:00,2026-07-13 16:00,Rớt hôm nay
SG BÌNH TÂN,Pickup Done,1,12,,2026-07-13,2026-07-13,,,2026-07-13 06:00,2026-07-13 12:00,,Rớt hôm nay
SG CỦ CHI,Inbound,1,8,2026-07-13,2026-07-13,2026-07-13,2026-07-13,2026-07-13 19:00,2026-07-13 06:00,2026-07-13 14:00,2026-07-13 14:00,Rớt hôm nay
SG BÌNH LỢI,Pickup Done,2,19,,2026-07-13,2026-07-13,,,2026-07-13 07:00,2026-07-13 16:00,,Rớt hôm nay
SG CỦ CHI,Inbound,2,15,2026-07-13,2026-07-13,2026-07-13,2026-07-13,2026-07-13 16:00,2026-07-13 07:00,2026-07-13 13:00,2026-07-13 13:00,Rớt hôm nay
SG THỦ ĐỨC,Transporting,91,1219,,2026-07-13,2026-07-13,2026-07-13,,2026-07-13 07:00,2026-07-13 10:00,2026-07-13 17:00,Rớt hôm nay
SG PHÚ LÂM,Transporting,21,121,,2026-07-13,2026-07-13,2026-07-13,,2026-07-13 07:00,2026-07-13 10:00,2026-07-13 19:00,Rớt hôm nay
SG BÌNH LỢI,Pickup Done,12,107,,2026-07-13,2026-07-13,,,2026-07-13 07:00,2026-07-13 18:00,,Rớt hôm nay
SG BÌNH TÂN,Created,21,197,,2026-07-13,,,,2026-07-13 07:00,,,Rớt hôm nay
DT SA ĐÉC,Transporting,10,100,,2026-07-13,2026-07-13,2026-07-13,,2026-07-13 07:00,2026-07-13 10:00,2026-07-13 16:00,Rớt hôm nay
SG TÂN HƯNG,Transporting,1,6,,2026-07-13,2026-07-13,2026-07-13,,2026-07-13 07:00,2026-07-13 11:00,2026-07-13 18:00,Rớt hôm nay
SG GÒ VẤP,Pickup Done,10,139,,2026-07-13,2026-07-13,,,2026-07-13 07:00,2026-07-13 16:00,,Rớt hôm nay
SG THỦ ĐỨC,Transporting,3,31,,2026-07-13,2026-07-13,2026-07-13,,2026-07-13 07:00,2026-07-13 15:00,2026-07-13 16:00,Rớt hôm nay
SG NHƠN ĐỨC,Pickup Done,6,36,,2026-07-13,2026-07-13,,,2026-07-13 07:00,2026-07-13 11:00,,Rớt hôm nay
SG TÂN TẠO,Pickup Done,9,85,,2026-07-13,2026-07-13,,,2026-07-13 07:00,2026-07-13 17:00,,Rớt hôm nay
SG TÂN SƠN NHÌ,Transporting,5,38,,2026-07-13,2026-07-13,2026-07-13,,2026-07-13 07:00,2026-07-13 10:00,2026-07-13 19:00,Rớt hôm nay
SG BÌNH TÂN,Pickup Done,19,157,,2026-07-13,2026-07-13,,,2026-07-13 07:00,2026-07-13 19:00,,Rớt hôm nay
LA ĐỨC HÒA,Inbound,37,263,2026-07-13,2026-07-13,2026-07-13,2026-07-13,2026-07-13 19:00,2026-07-13 07:00,2026-07-13 11:00,2026-07-13 17:00,Rớt hôm nay
SG TÂN HƯNG,Created,1,7,,2026-07-13,,,,2026-07-13 07:00,,,Rớt hôm nay
SG TÂN SƠN NHÌ,Transporting,20,178,,2026-07-13,2026-07-13,2026-07-13,,2026-07-13 07:00,2026-07-13 10:00,2026-07-13 18:00,Rớt hôm nay
SG TÂN SƠN NHÌ,Transporting,25,220,,2026-07-13,2026-07-13,2026-07-13,,2026-07-13 07:00,2026-07-13 11:00,2026-07-13 18:00,Rớt hôm nay
SG AN LẠC,Pickup Done,22,137,,2026-07-13,2026-07-13,,,2026-07-13 07:00,2026-07-13 10:00,,Rớt hôm nay
SG BÀ ĐIỂM,Pickup Done,64,397,,2026-07-13,2026-07-13,,,2026-07-13 07:00,2026-07-13 11:00,,Rớt hôm nay
SG BÌNH TÂN,Pickup Done,79,668,,2026-07-13,2026-07-13,,,2026-07-13 07:00,2026-07-13 11:00,,Rớt hôm nay
SG BÌNH TÂN,Inbound,2,12,2026-07-13,2026-07-13,2026-07-13,,2026-07-13 20:00,2026-07-13 07:00,2026-07-13 11:00,,Rớt hôm nay
SG HƯNG LONG,Transporting,24,215,,2026-07-13,2026-07-13,2026-07-13,,2026-07-13 07:00,2026-07-13 17:00,2026-07-13 19:00,Rớt hôm nay
SG VĨNH LỘC,Inbound,1,95,2026-07-13,2026-07-13,2026-07-13,2026-07-13,2026-07-13 15:00,2026-07-13 07:00,2026-07-13 13:00,2026-07-13 13:00,Rớt hôm nay
SG BÌNH TÂN,Transporting,5,82,,2026-07-13,2026-07-13,2026-07-13,,2026-07-13 07:00,2026-07-13 11:00,2026-07-13 17:00,Rớt hôm nay
SG TÂN TẠO,Pickup Done,2,13,,2026-07-13,2026-07-13,,,2026-07-13 07:00,2026-07-13 18:00,,Rớt hôm nay
SG BÌNH LỢI,Inbound,9,77,2026-07-13,2026-07-13,2026-07-13,2026-07-13,2026-07-13 14:00,2026-07-13 07:00,2026-07-13 11:00,2026-07-13 12:00,Rớt hôm nay
SG HƯNG LONG,Inbound,13,112,2026-07-13,2026-07-13,2026-07-13,2026-07-13,2026-07-13 15:00,2026-07-13 07:00,2026-07-13 12:00,2026-07-13 12:00,Rớt hôm nay
SG BÀ ĐIỂM,Pickup Done,7,38,,2026-07-13,2026-07-13,,,2026-07-13 07:00,2026-07-13 17:00,,Rớt hôm nay
SG AN PHÚ ĐÔNG,Transporting,1,5,,2026-07-13,2026-07-13,2026-07-13,,2026-07-13 07:00,2026-07-13 19:00,2026-07-13 19:00,Rớt hôm nay
SG PHÚ LÂM,Transporting,34,352,,2026-07-13,2026-07-13,2026-07-13,,2026-07-13 07:00,2026-07-13 15:00,2026-07-13 19:00,Rớt hôm nay
SG THỦ ĐỨC,Transporting,25,310,,2026-07-13,2026-07-13,2026-07-13,,2026-07-13 07:00,2026-07-13 16:00,2026-07-13 17:00,Rớt hôm nay
SG HƯNG LONG,Inbound,9,190,2026-07-13,2026-07-13,2026-07-13,2026-07-13,2026-07-13 15:00,2026-07-13 07:00,2026-07-13 11:00,2026-07-13 11:00,Rớt hôm nay
SG THỦ ĐỨC,Transporting,15,135,,2026-07-13,2026-07-13,2026-07-13,,2026-07-13 07:00,2026-07-13 18:00,2026-07-13 19:00,Rớt hôm nay
SG HƯNG LONG,Transporting,1,5,,2026-07-13,2026-07-13,2026-07-13,,2026-07-13 07:00,2026-07-13 16:00,2026-07-13 19:00,Rớt hôm nay
SG CỦ CHI,Pickup Done,8,64,,2026-07-13,2026-07-13,,,2026-07-13 07:00,2026-07-13 11:00,,Rớt hôm nay
SG BÀ ĐIỂM,Pickup Done,3,28,,2026-07-13,2026-07-13,,,2026-07-13 07:00,2026-07-13 18:00,,Rớt hôm nay
SG TÂN THỚI HIỆP,Pickup Done,8,71,,2026-07-13,2026-07-13,,,2026-07-13 07:00,2026-07-13 11:00,,Rớt hôm nay
SG CỦ CHI,Pickup Done,4,23,,2026-07-13,2026-07-13,,,2026-07-13 07:00,2026-07-13 18:00,,Rớt hôm nay
CT BÌNH THỦY,Transporting,7,42,,2026-07-13,2026-07-13,2026-07-13,,2026-07-13 07:00,2026-07-13 16:00,2026-07-13 18:00,Rớt hôm nay
DT SA ĐÉC,Transporting,251,2522,,2026-07-13,2026-07-13,2026-07-13,,2026-07-13 07:00,2026-07-13 10:00,2026-07-13 15:00,Rớt hôm nay
SG PHÚ LÂM,Transporting,4,50,,2026-07-13,2026-07-13,2026-07-13,,2026-07-13 07:00,2026-07-13 14:00,2026-07-13 19:00,Rớt hôm nay
SG BÌNH LỢI,Created,6,32,,2026-07-13,,,,2026-07-13 07:00,,,Rớt hôm nay
SG TÂN TẠO,Pickup Done,4,33,,2026-07-13,2026-07-13,,,2026-07-13 07:00,2026-07-13 16:00,,Rớt hôm nay
AG CẦN ĐĂNG,Transporting,2,12,,2026-07-13,2026-07-13,2026-07-13,,2026-07-13 07:00,2026-07-13 10:00,2026-07-13 14:00,Rớt hôm nay
SG HÓC MÔN,Transporting,1,6,,2026-07-13,2026-07-13,2026-07-13,,2026-07-13 07:00,2026-07-13 10:00,2026-07-13 19:00,Rớt hôm nay
SG BÌNH LỢI,Pickup Done,6,60,,2026-07-13,2026-07-13,,,2026-07-13 07:00,2026-07-13 10:00,,Rớt hôm nay
SG BÀ ĐIỂM,Pickup Done,4,41,,2026-07-13,2026-07-13,,,2026-07-13 07:00,2026-07-13 19:00,,Rớt hôm nay
SG BÀ ĐIỂM,Created,2,128,,2026-07-13,,,,2026-07-13 07:00,,,Rớt hôm nay
SG TÂN THỚI HIỆP,Pickup Done,1,5,,2026-07-13,2026-07-13,,,2026-07-13 07:00,2026-07-13 10:00,,Rớt hôm nay
SG THỦ ĐỨC,Transporting,1,6,,2026-07-13,2026-07-13,2026-07-13,,2026-07-13 07:00,2026-07-13 11:00,2026-07-13 14:00,Rớt hôm nay
SG BÌNH TÂN,Pickup Done,2,13,,2026-07-13,2026-07-13,,,2026-07-13 07:00,2026-07-13 10:00,,Rớt hôm nay
SG BÌNH TÂN,Pickup Done,3,20,,2026-07-13,2026-07-13,,,2026-07-13 07:00,2026-07-13 18:00,,Rớt hôm nay
LA ĐỨC HÒA,Inbound,2,26,2026-07-13,2026-07-13,2026-07-13,2026-07-13,2026-07-13 19:00,2026-07-13 07:00,2026-07-13 15:00,2026-07-13 15:00,Rớt hôm nay
VL VĨNH LONG,Transporting,4,112,,2026-07-13,2026-07-13,2026-07-13,,2026-07-13 07:00,2026-07-13 11:00,2026-07-13 16:00,Rớt hôm nay
AG TÂN CHÂU,Transporting,2,14,,2026-07-13,2026-07-13,2026-07-13,,2026-07-13 07:00,2026-07-13 09:00,2026-07-13 18:00,Rớt hôm nay
CT BÌNH THỦY,Transporting,1,5,,2026-07-13,2026-07-13,2026-07-13,,2026-07-13 07:00,2026-07-13 16:00,2026-07-13 17:00,Rớt hôm nay
SG TÂN SƠN NHÌ,Transporting,3,40,,2026-07-13,2026-07-13,2026-07-13,,2026-07-13 07:00,2026-07-13 18:00,2026-07-13 18:00,Rớt hôm nay
SG THỦ ĐỨC,Transporting,1,8,,2026-07-13,2026-07-13,2026-07-13,,2026-07-13 07:00,2026-07-13 10:00,2026-07-13 20:00,Rớt hôm nay
SG TÂN TẠO,Created,1,6,,2026-07-13,,,,2026-07-13 07:00,,,Rớt hôm nay
SG TÂN THỚI HIỆP,Pickup Done,1,8,,2026-07-13,2026-07-13,,,2026-07-13 07:00,2026-07-13 17:00,,Rớt hôm nay
SG BÌNH TÂN,Pickup Done,32,235,,2026-07-13,2026-07-13,,,2026-07-13 07:00,2026-07-13 12:00,,Rớt hôm nay
SG GÒ VẤP,Pickup Done,13,78,,2026-07-13,2026-07-13,,,2026-07-13 07:00,2026-07-13 09:00,,Rớt hôm nay
SG ĐÔNG HƯNG THUẬN,Transporting,1,9,,2026-07-13,2026-07-13,2026-07-13,,2026-07-13 07:00,2026-07-13 11:00,2026-07-13 19:00,Rớt hôm nay
SG HIỆP BÌNH,Transporting,4,40,,2026-07-13,2026-07-13,2026-07-13,,2026-07-13 07:00,2026-07-13 16:00,2026-07-13 19:00,Rớt hôm nay
VL CHỢ LÁCH,Transporting,5,35,,2026-07-13,2026-07-13,2026-07-13,,2026-07-13 07:00,2026-07-13 11:00,2026-07-13 18:00,Rớt hôm nay
DT SA ĐÉC,Transporting,4,32,,2026-07-13,2026-07-13,2026-07-13,,2026-07-13 07:00,2026-07-13 09:00,2026-07-13 15:00,Rớt hôm nay
SG CỦ CHI,Pickup Done,27,209,,2026-07-13,2026-07-13,,,2026-07-13 07:00,2026-07-13 09:00,,Rớt hôm nay
SG BÌNH TRỊ ĐÔNG,Pickup Done,52,401,,2026-07-13,2026-07-13,,,2026-07-13 07:00,2026-07-13 09:00,,Rớt hôm nay
CT BÌNH THỦY,Transporting,50,445,,2026-07-13,2026-07-13,2026-07-13,,2026-07-13 07:00,2026-07-13 18:00,2026-07-13 18:00,Rớt hôm nay
CT BÌNH THỦY,Transporting,21,192,,2026-07-13,2026-07-13,2026-07-13,,2026-07-13 07:00,2026-07-13 19:00,2026-07-13 19:00,Rớt hôm nay
LA BẾN LỨC,Inbound,2,19,2026-07-13,2026-07-13,2026-07-13,2026-07-13,2026-07-13 20:00,2026-07-13 07:00,2026-07-13 11:00,2026-07-13 18:00,Rớt hôm nay
SG GÒ VẤP,Pickup Done,12,72,,2026-07-13,2026-07-13,,,2026-07-13 07:00,2026-07-13 08:00,,Rớt hôm nay
SG THỦ ĐỨC,Transporting,19,108,,2026-07-13,2026-07-13,2026-07-13,,2026-07-13 07:00,2026-07-13 10:00,2026-07-13 14:00,Rớt hôm nay
SG CỦ CHI,Inbound,15,133,2026-07-13,2026-07-13,2026-07-13,2026-07-13,2026-07-13 13:00,2026-07-13 08:00,2026-07-13 09:00,2026-07-13 09:00,Rớt hôm nay
SG TÂN SƠN NHÌ,Transporting,58,672,,2026-07-13,2026-07-13,2026-07-13,,2026-07-13 08:00,2026-07-13 11:00,2026-07-13 16:00,Rớt hôm nay
SG GÒ VẤP,Pickup Done,15,146,,2026-07-13,2026-07-13,,,2026-07-13 07:00,2026-07-13 12:00,,Rớt hôm nay
SG HIỆP BÌNH,Transporting,8,62,,2026-07-13,2026-07-13,2026-07-13,,2026-07-13 07:00,2026-07-13 09:00,2026-07-13 19:00,Rớt hôm nay
SG TÂN NHỰT,Inbound,50,318,2026-07-13,2026-07-13,2026-07-13,2026-07-13,2026-07-13 14:00,2026-07-13 07:00,2026-07-13 09:00,2026-07-13 13:00,Rớt hôm nay
SG TÂN HƯNG,Transporting,50,424,,2026-07-13,2026-07-13,2026-07-13,,2026-07-13 07:00,2026-07-13 08:00,2026-07-13 18:00,Rớt hôm nay
SG BÌNH TÂN,Created,34,354,,2026-07-13,,,,2026-07-13 08:00,,,Rớt hôm nay
SG CỦ CHI,Inbound,7,58,2026-07-13,2026-07-13,2026-07-13,2026-07-13,2026-07-13 16:00,2026-07-13 08:00,2026-07-13 13:00,2026-07-13 14:00,Rớt hôm nay
SG HIỆP BÌNH,Transporting,2,17,,2026-07-13,2026-07-13,2026-07-13,,2026-07-13 07:00,2026-07-13 11:00,2026-07-13 20:00,Rớt hôm nay
SG GÒ VẤP,Pickup Done,3,17,,2026-07-13,2026-07-13,,,2026-07-13 08:00,2026-07-13 11:00,,Rớt hôm nay
SG THỦ ĐỨC,Transporting,24,288,,2026-07-13,2026-07-13,2026-07-13,,2026-07-13 07:00,2026-07-13 11:00,2026-07-13 11:00,Rớt hôm nay
SG HIỆP BÌNH,Transporting,3,41,,2026-07-13,2026-07-13,2026-07-13,,2026-07-13 07:00,2026-07-13 10:00,2026-07-13 20:00,Rớt hôm nay
CT BÌNH THỦY,Transporting,11,87,,2026-07-13,2026-07-13,2026-07-13,,2026-07-13 07:00,2026-07-13 10:00,2026-07-13 18:00,Rớt hôm nay
SG THỦ ĐỨC,Transporting,17,189,,2026-07-13,2026-07-13,2026-07-13,,2026-07-13 07:00,2026-07-13 10:00,2026-07-13 11:00,Rớt hôm nay
SG BÌNH TÂN,Pickup Done,24,134,,2026-07-13,2026-07-13,,,2026-07-13 07:00,2026-07-13 16:00,,Rớt hôm nay
CT BÌNH THỦY,Transporting,15,103,,2026-07-13,2026-07-13,2026-07-13,,2026-07-13 07:00,2026-07-13 17:00,2026-07-13 18:00,Rớt hôm nay
CT BÌNH THỦY,Transporting,12,136,,2026-07-13,2026-07-13,2026-07-13,,2026-07-13 07:00,2026-07-13 11:00,2026-07-13 18:00,Rớt hôm nay
SG THỦ ĐỨC,Transporting,7,74,,2026-07-13,2026-07-13,2026-07-13,,2026-07-13 07:00,2026-07-13 17:00,2026-07-13 19:00,Rớt hôm nay
SG ĐÔNG HƯNG THUẬN,Transporting,5,29,,2026-07-13,2026-07-13,2026-07-13,,2026-07-13 07:00,2026-07-13 13:00,2026-07-13 19:00,Rớt hôm nay
SG HIỆP BÌNH,Transporting,8,75,,2026-07-13,2026-07-13,2026-07-13,,2026-07-13 07:00,2026-07-13 11:00,2026-07-13 19:00,Rớt hôm nay
SG CỦ CHI,Inbound,35,262,2026-07-13,2026-07-13,2026-07-13,2026-07-13,2026-07-13 16:00,2026-07-13 08:00,2026-07-13 13:00,2026-07-13 13:00,Rớt hôm nay
SG PHÚ LÂM,Transporting,10,100,,2026-07-13,2026-07-13,2026-07-13,,2026-07-13 07:00,2026-07-13 09:00,2026-07-13 19:00,Rớt hôm nay
SG THỦ ĐỨC,Transporting,1,18,,2026-07-13,2026-07-13,2026-07-13,,2026-07-13 07:00,2026-07-13 19:00,2026-07-13 19:00,Rớt hôm nay
LA BẾN LỨC,Inbound,9,71,2026-07-13,2026-07-13,2026-07-13,2026-07-13,2026-07-13 20:00,2026-07-13 07:00,2026-07-13 12:00,2026-07-13 18:00,Rớt hôm nay
SG GÒ VẤP,Pickup Done,2,11,,2026-07-13,2026-07-13,,,2026-07-13 07:00,2026-07-13 11:00,,Rớt hôm nay
DT SA ĐÉC,Transporting,2,12,,2026-07-13,2026-07-13,2026-07-13,,2026-07-13 07:00,2026-07-13 10:00,2026-07-13 17:00,Rớt hôm nay
SG PHÚ NHUẬN,Transporting,3,26,,2026-07-13,2026-07-13,2026-07-13,,2026-07-13 07:00,2026-07-13 12:00,2026-07-13 17:00,Rớt hôm nay
SG HIỆP BÌNH,Transporting,9,78,,2026-07-13,2026-07-13,2026-07-13,,2026-07-13 07:00,2026-07-13 12:00,2026-07-13 19:00,Rớt hôm nay
SG TÂN NHỰT,Transporting,7,59,,2026-07-13,2026-07-13,2026-07-13,,2026-07-13 07:00,2026-07-13 09:00,2026-07-13 18:00,Rớt hôm nay
SG BÌNH LỢI,Pickup Done,4,33,,2026-07-13,2026-07-13,,,2026-07-13 07:00,2026-07-13 12:00,,Rớt hôm nay
SG THỦ ĐỨC,Created,4,28,,2026-07-13,,,,2026-07-13 07:00,,,Rớt hôm nay
TG TRUNG AN,Transporting,2,10,,2026-07-13,2026-07-13,2026-07-13,,2026-07-13 07:00,2026-07-13 10:00,2026-07-13 20:00,Rớt hôm nay
SG HIỆP BÌNH,Transporting,5,54,,2026-07-13,2026-07-13,2026-07-13,,2026-07-13 07:00,2026-07-13 10:00,2026-07-13 19:00,Rớt hôm nay
SG HIỆP BÌNH,Transporting,1,20,,2026-07-13,2026-07-13,2026-07-13,,2026-07-13 07:00,2026-07-13 16:00,2026-07-13 20:00,Rớt hôm nay
SG HIỆP BÌNH,Pickup Done,3,32,,2026-07-13,2026-07-13,,,2026-07-13 07:00,2026-07-13 09:00,,Rớt hôm nay
SG AN LẠC,Pickup Done,1,8,,2026-07-13,2026-07-13,,,2026-07-13 07:00,2026-07-13 14:00,,Rớt hôm nay
TG TRUNG AN,Pickup Done,1,5,,2026-07-13,2026-07-13,,,2026-07-13 07:00,2026-07-13 10:00,,Rớt hôm nay
SG TÂN NHỰT,Inbound,1,5,2026-07-13,2026-07-13,2026-07-13,2026-07-13,2026-07-13 15:00,2026-07-13 07:00,2026-07-13 09:00,2026-07-13 13:00,Rớt hôm nay
SG CỦ CHI,Inbound,5,28,2026-07-13,2026-07-13,2026-07-13,2026-07-13,2026-07-13 13:00,2026-07-13 08:00,2026-07-13 11:00,2026-07-13 11:00,Rớt hôm nay
SG NHƠN ĐỨC,Inbound,1,6,2026-07-13,2026-07-13,2026-07-13,2026-07-13,2026-07-13 19:00,2026-07-13 07:00,2026-07-13 18:00,2026-07-13 18:00,Rớt hôm nay
SG BÌNH TÂN,Pickup Done,2,13,,2026-07-13,2026-07-13,,,2026-07-13 07:00,2026-07-13 13:00,,Rớt hôm nay
SG BÌNH LỢI,Pickup Done,9,65,,2026-07-13,2026-07-13,,,2026-07-13 08:00,2026-07-13 17:00,,Rớt hôm nay
SG TÂN HƯNG,Transporting,1,6,,2026-07-13,2026-07-13,2026-07-13,,2026-07-13 07:00,2026-07-13 16:00,2026-07-13 18:00,Rớt hôm nay
TG TRUNG AN,Pickup Done,1,7,,2026-07-13,2026-07-13,,,2026-07-13 08:00,2026-07-13 10:00,,Rớt hôm nay
SG BÌNH LỢI,Inbound,2,24,2026-07-13,2026-07-13,2026-07-13,2026-07-13,2026-07-13 14:00,2026-07-13 07:00,2026-07-13 11:00,2026-07-13 11:00,Rớt hôm nay
SG BÌNH TÂN,Pickup Done,23,185,,2026-07-13,2026-07-13,,,2026-07-13 08:00,2026-07-13 19:00,,Rớt hôm nay
SG GÒ VẤP,Created,1,6,,2026-07-13,,,,2026-07-13 07:00,,,Rớt hôm nay
CT BÌNH THỦY,Transporting,1,10,,2026-07-13,2026-07-13,2026-07-13,,2026-07-13 07:00,2026-07-13 18:00,2026-07-13 19:00,Rớt hôm nay
SG TÂN NHỰT,Transporting,1,10,,2026-07-13,2026-07-13,2026-07-13,,2026-07-13 07:00,2026-07-13 15:00,2026-07-13 18:00,Rớt hôm nay
SG HIỆP BÌNH,Transporting,2,23,,2026-07-13,2026-07-13,2026-07-13,,2026-07-13 07:00,2026-07-13 09:00,2026-07-13 20:00,Rớt hôm nay
SG CỦ CHI,Transporting,2,18,,2026-07-13,2026-07-13,2026-07-13,,2026-07-13 08:00,2026-07-13 18:00,2026-07-13 18:00,Rớt hôm nay
CT BÌNH THỦY,Transporting,1,6,,2026-07-13,2026-07-13,2026-07-13,,2026-07-13 08:00,2026-07-13 18:00,2026-07-13 18:00,Rớt hôm nay
DT SA ĐÉC,Transporting,131,1400,,2026-07-13,2026-07-13,2026-07-13,,2026-07-13 08:00,2026-07-13 09:00,2026-07-13 15:00,Rớt hôm nay
SG AN PHÚ ĐÔNG,Pickup Done,18,178,,2026-07-13,2026-07-13,,,2026-07-13 08:00,2026-07-13 13:00,,Rớt hôm nay
SG BÌNH TÂN,Pickup Done,73,406,,2026-07-13,2026-07-13,,,2026-07-13 08:00,2026-07-13 13:00,,Rớt hôm nay
DT SA ĐÉC,Transporting,190,2080,,2026-07-13,2026-07-13,2026-07-13,,2026-07-13 08:00,2026-07-13 10:00,2026-07-13 15:00,Rớt hôm nay
SG HIỆP BÌNH,Transporting,15,164,,2026-07-13,2026-07-13,2026-07-13,,2026-07-13 08:00,2026-07-13 09:00,2026-07-13 20:00,Rớt hôm nay
SG TÂN TẠO,Pickup Done,8,126,,2026-07-13,2026-07-13,,,2026-07-13 08:00,2026-07-13 19:00,,Rớt hôm nay
SG HIỆP BÌNH,Pickup Done,4,44,,2026-07-13,2026-07-13,,,2026-07-13 08:00,2026-07-13 10:00,,Rớt hôm nay
SG BÌNH LỢI,Transporting,1,14,,2026-07-13,2026-07-13,2026-07-13,,2026-07-13 08:00,2026-07-13 18:00,2026-07-13 18:00,Rớt hôm nay
SG TÂN THỚI HIỆP,Transporting,129,692,,2026-07-13,2026-07-13,2026-07-13,,2026-07-13 08:00,2026-07-13 11:00,2026-07-13 20:00,Rớt hôm nay
SG BÌNH LỢI TRUNG,Transporting,6,58,,2026-07-13,2026-07-13,2026-07-13,,2026-07-13 08:00,2026-07-13 09:00,2026-07-13 16:00,Rớt hôm nay
SG HIỆP BÌNH,Transporting,3,29,,2026-07-13,2026-07-13,2026-07-13,,2026-07-13 08:00,2026-07-13 10:00,2026-07-13 20:00,Rớt hôm nay
SG HIỆP BÌNH,Pickup Done,12,126,,2026-07-13,2026-07-13,,,2026-07-13 08:00,2026-07-13 09:00,,Rớt hôm nay
SG PHÚ NHUẬN,Transporting,2,13,,2026-07-13,2026-07-13,2026-07-13,,2026-07-13 08:00,2026-07-13 12:00,2026-07-13 17:00,Rớt hôm nay
SG HIỆP BÌNH,Transporting,10,109,,2026-07-13,2026-07-13,2026-07-13,,2026-07-13 08:00,2026-07-13 09:00,2026-07-13 19:00,Rớt hôm nay
LA TÂN AN,Inbound,3,24,2026-07-13,2026-07-13,2026-07-13,2026-07-13,2026-07-13 20:00,2026-07-13 08:00,2026-07-13 14:00,2026-07-13 17:00,Rớt hôm nay
AG CẦN ĐĂNG,Transporting,1,10,,2026-07-13,2026-07-13,2026-07-13,,2026-07-13 08:00,2026-07-13 11:00,2026-07-13 14:00,Rớt hôm nay
SG TÂN HƯNG,Transporting,3,18,,2026-07-13,2026-07-13,2026-07-13,,2026-07-13 08:00,2026-07-13 17:00,2026-07-13 18:00,Rớt hôm nay
SG TÂN HƯNG,Transporting,18,112,,2026-07-13,2026-07-13,2026-07-13,,2026-07-13 08:00,2026-07-13 16:00,2026-07-13 18:00,Rớt hôm nay
SG THỦ ĐỨC,Created,4,61,,2026-07-13,,,,2026-07-13 08:00,,,Rớt hôm nay
SG TÂN THỚI HIỆP,Pickup Done,55,374,,2026-07-13,2026-07-13,,,2026-07-13 08:00,2026-07-13 11:00,,Rớt hôm nay
LA ĐỨC HÒA,Inbound,4,36,2026-07-13,2026-07-13,2026-07-13,2026-07-13,2026-07-13 19:00,2026-07-13 08:00,2026-07-13 15:00,2026-07-13 17:00,Rớt hôm nay
SG HÓC MÔN,Transporting,57,572,,2026-07-13,2026-07-13,2026-07-13,,2026-07-13 08:00,2026-07-13 09:00,2026-07-13 18:00,Rớt hôm nay
SG AN PHÚ ĐÔNG,Transporting,9,46,,2026-07-13,2026-07-13,2026-07-13,,2026-07-13 08:00,2026-07-13 16:00,2026-07-13 16:00,Rớt hôm nay
SG TÂN TẠO,Transporting,23,294,,2026-07-13,2026-07-13,2026-07-13,,2026-07-13 08:00,2026-07-13 17:00,2026-07-13 19:00,Rớt hôm nay
SG HIỆP BÌNH,Transporting,1,7,,2026-07-13,2026-07-13,2026-07-13,,2026-07-13 08:00,2026-07-13 19:00,2026-07-13 19:00,Rớt hôm nay
CT NINH KIỀU,Transporting,6,36,,2026-07-13,2026-07-13,2026-07-13,,2026-07-13 08:00,2026-07-13 17:00,2026-07-13 18:00,Rớt hôm nay
SG CỦ CHI,Pickup Done,35,504,,2026-07-13,2026-07-13,,,2026-07-13 08:00,2026-07-13 11:00,,Rớt hôm nay
SG BÌNH TÂN,Pickup Done,33,324,,2026-07-13,2026-07-13,,,2026-07-13 08:00,2026-07-13 11:00,,Rớt hôm nay
CT BÌNH THỦY,Transporting,20,157,,2026-07-13,2026-07-13,2026-07-13,,2026-07-13 08:00,2026-07-13 10:00,2026-07-13 18:00,Rớt hôm nay
SG BẢY HIỀN,Transporting,5,53,,2026-07-13,2026-07-13,2026-07-13,,2026-07-13 08:00,2026-07-13 12:00,2026-07-13 14:00,Rớt hôm nay
SG BÌNH TÂN,Pickup Done,15,129,,2026-07-13,2026-07-13,,,2026-07-13 08:00,2026-07-13 14:00,,Rớt hôm nay
SG THỦ ĐỨC,Transporting,27,178,,2026-07-13,2026-07-13,2026-07-13,,2026-07-13 08:00,2026-07-13 11:00,2026-07-13 14:00,Rớt hôm nay
SG PHÚ NHUẬN,Transporting,20,143,,2026-07-13,2026-07-13,2026-07-13,,2026-07-13 08:00,2026-07-13 11:00,2026-07-13 17:00,Rớt hôm nay
SG XUÂN HÒA,Transporting,10,88,,2026-07-13,2026-07-13,2026-07-13,,2026-07-13 08:00,2026-07-13 13:00,2026-07-13 17:00,Rớt hôm nay
SG BÌNH TÂN,Transporting,1,16,,2026-07-13,2026-07-13,2026-07-13,,2026-07-13 08:00,2026-07-13 11:00,2026-07-13 17:00,Rớt hôm nay
SG THỦ ĐỨC,Transporting,28,179,,2026-07-13,2026-07-13,2026-07-13,,2026-07-13 08:00,2026-07-13 10:00,2026-07-13 14:00,Rớt hôm nay
SG VĨNH LỘC,Transporting,8,294,,2026-07-13,2026-07-13,2026-07-13,,2026-07-13 08:00,2026-07-13 11:00,2026-07-13 16:00,Rớt hôm nay
SG TÂN SƠN NHÌ,Transporting,5,35,,2026-07-13,2026-07-13,2026-07-13,,2026-07-13 08:00,2026-07-13 10:00,2026-07-13 19:00,Rớt hôm nay
SG AN LẠC,Pickup Done,30,266,,2026-07-13,2026-07-13,,,2026-07-13 08:00,2026-07-13 11:00,,Rớt hôm nay
SG HIỆP BÌNH,Transporting,21,194,,2026-07-13,2026-07-13,2026-07-13,,2026-07-13 08:00,2026-07-13 11:00,2026-07-13 19:00,Rớt hôm nay
CT NINH KIỀU,Transporting,2,11,,2026-07-13,2026-07-13,2026-07-13,,2026-07-13 08:00,2026-07-13 11:00,2026-07-13 18:00,Rớt hôm nay
SG CHỢ LỚN,Created,1,70,,2026-07-13,,,,2026-07-13 08:00,,,Rớt hôm nay
SG BẢY HIỀN,Transporting,2,19,,2026-07-13,2026-07-13,2026-07-13,,2026-07-13 08:00,2026-07-13 10:00,2026-07-13 14:00,Rớt hôm nay
LA BẾN LỨC,Inbound,15,126,2026-07-13,2026-07-13,2026-07-13,2026-07-13,2026-07-13 20:00,2026-07-13 08:00,2026-07-13 16:00,2026-07-13 18:00,Rớt hôm nay
SG HƯNG LONG,Transporting,5,45,,2026-07-13,2026-07-13,2026-07-13,,2026-07-13 08:00,2026-07-13 16:00,2026-07-13 19:00,Rớt hôm nay
SG ĐÔNG HƯNG THUẬN,Transporting,10,129,,2026-07-13,2026-07-13,2026-07-13,,2026-07-13 08:00,2026-07-13 18:00,2026-07-13 19:00,Rớt hôm nay
TG TRUNG AN,Transporting,2,10,,2026-07-13,2026-07-13,2026-07-13,,2026-07-13 08:00,2026-07-13 10:00,2026-07-13 20:00,Rớt hôm nay
SG TÂN HƯNG,Transporting,4,32,,2026-07-13,2026-07-13,2026-07-13,,2026-07-13 08:00,2026-07-13 11:00,2026-07-13 18:00,Rớt hôm nay
SG VĨNH LỘC,Transporting,2,14,,2026-07-13,2026-07-13,2026-07-13,,2026-07-13 08:00,2026-07-13 17:00,2026-07-13 18:00,Rớt hôm nay
SG BÌNH TRỊ ĐÔNG,Pickup Done,13,124,,2026-07-13,2026-07-13,,,2026-07-13 08:00,2026-07-13 16:00,,Rớt hôm nay
SG VĨNH LỘC,Inbound,7,257,2026-07-13,2026-07-13,2026-07-13,2026-07-13,2026-07-13 15:00,2026-07-13 08:00,2026-07-13 11:00,2026-07-13 14:00,Rớt hôm nay
SG HÓC MÔN,Transporting,10,55,,2026-07-13,2026-07-13,2026-07-13,,2026-07-13 08:00,2026-07-13 11:00,2026-07-13 19:00,Rớt hôm nay
SG TÂN SƠN NHÌ,Transporting,4,71,,2026-07-13,2026-07-13,2026-07-13,,2026-07-13 08:00,2026-07-13 17:00,2026-07-13 17:00,Rớt hôm nay
SG BÌNH TÂN,Pickup Done,6,64,,2026-07-13,2026-07-13,,,2026-07-13 08:00,2026-07-13 16:00,,Rớt hôm nay
SG CHỢ LỚN,Transporting,7,54,,2026-07-13,2026-07-13,2026-07-13,,2026-07-13 08:00,2026-07-13 17:00,2026-07-13 18:00,Rớt hôm nay
SG PHÚ NHUẬN,Transporting,3,30,,2026-07-13,2026-07-13,2026-07-13,,2026-07-13 08:00,2026-07-13 14:00,2026-07-13 17:00,Rớt hôm nay
SG BÌNH TÂN,Pickup Done,3,37,,2026-07-13,2026-07-13,,,2026-07-13 08:00,2026-07-13 17:00,,Rớt hôm nay
SG BÀ ĐIỂM,Pickup Done,15,91,,2026-07-13,2026-07-13,,,2026-07-13 08:00,2026-07-13 11:00,,Rớt hôm nay
LA ĐỨC HÒA,Inbound,9,55,2026-07-13,2026-07-13,2026-07-13,2026-07-13,2026-07-13 19:00,2026-07-13 08:00,2026-07-13 10:00,2026-07-13 14:00,Rớt hôm nay
SG TÂN TẠO,Pickup Done,9,59,,2026-07-13,2026-07-13,,,2026-07-13 08:00,2026-07-13 16:00,,Rớt hôm nay
SG TÂN NHỰT,Inbound,9,90,2026-07-13,2026-07-13,2026-07-13,2026-07-13,2026-07-13 14:00,2026-07-13 08:00,2026-07-13 11:00,2026-07-13 13:00,Rớt hôm nay
SG BẢY HIỀN,Transporting,1,6,,2026-07-13,2026-07-13,2026-07-13,,2026-07-13 08:00,2026-07-13 10:00,2026-07-13 15:00,Rớt hôm nay
SG ĐÔNG HƯNG THUẬN,Transporting,9,79,,2026-07-13,2026-07-13,2026-07-13,,2026-07-13 08:00,2026-07-13 11:00,2026-07-13 19:00,Rớt hôm nay
DT SA ĐÉC,Transporting,2,20,,2026-07-13,2026-07-13,2026-07-13,,2026-07-13 08:00,2026-07-13 09:00,2026-07-13 17:00,Rớt hôm nay
LA BẾN LỨC,Inbound,11,66,2026-07-13,2026-07-13,2026-07-13,2026-07-13,2026-07-13 20:00,2026-07-13 08:00,2026-07-13 17:00,2026-07-13 18:00,Rớt hôm nay
SG HIỆP BÌNH,Transporting,16,140,,2026-07-13,2026-07-13,2026-07-13,,2026-07-13 08:00,2026-07-13 11:00,2026-07-13 20:00,Rớt hôm nay
SG ĐÔNG HƯNG THUẬN,Transporting,1,10,,2026-07-13,2026-07-13,2026-07-13,,2026-07-13 08:00,2026-07-13 13:00,2026-07-13 19:00,Rớt hôm nay
SG GÒ VẤP,Created,7,95,,2026-07-13,,,,2026-07-13 08:00,,,Rớt hôm nay
CT BÌNH THỦY,Transporting,2,23,,2026-07-13,2026-07-13,2026-07-13,,2026-07-13 08:00,2026-07-13 10:00,2026-07-13 17:00,Rớt hôm nay
DT CAO LÃNH,Transporting,1,8,,2026-07-13,2026-07-13,2026-07-13,,2026-07-13 08:00,2026-07-13 10:00,2026-07-13 15:00,Rớt hôm nay
DT SA ĐÉC,Transporting,3,21,,2026-07-13,2026-07-13,2026-07-13,,2026-07-13 08:00,2026-07-13 10:00,2026-07-13 17:00,Rớt hôm nay
SG THỦ ĐỨC,Transporting,36,252,,2026-07-13,2026-07-13,2026-07-13,,2026-07-13 08:00,2026-07-13 09:00,2026-07-13 17:00,Rớt hôm nay
SG BÌNH LỢI,Inbound,17,154,2026-07-13,2026-07-13,2026-07-13,2026-07-13,2026-07-13 14:00,2026-07-13 08:00,2026-07-13 11:00,2026-07-13 11:00,Rớt hôm nay
SG PHÚ LÂM,Transporting,6,60,,2026-07-13,2026-07-13,2026-07-13,,2026-07-13 08:00,2026-07-13 15:00,2026-07-13 19:00,Rớt hôm nay
DT SA ĐÉC,Transporting,1,14,,2026-07-13,2026-07-13,2026-07-13,,2026-07-13 08:00,2026-07-13 11:00,2026-07-13 17:00,Rớt hôm nay
SG HIỆP BÌNH,Transporting,2,110,,2026-07-13,2026-07-13,2026-07-13,,2026-07-13 08:00,2026-07-13 15:00,2026-07-13 19:00,Rớt hôm nay
SG TÂN HƯNG,Transporting,8,80,,2026-07-13,2026-07-13,2026-07-13,,2026-07-13 08:00,2026-07-13 14:00,2026-07-13 18:00,Rớt hôm nay
SG TÂN TẠO,Created,7,114,,2026-07-13,,,,2026-07-13 08:00,,,Rớt hôm nay
DT SA ĐÉC,Transporting,2,20,,2026-07-13,2026-07-13,2026-07-13,,2026-07-13 08:00,2026-07-13 09:00,2026-07-13 16:00,Rớt hôm nay
SG HIỆP BÌNH,Transporting,3,33,,2026-07-13,2026-07-13,2026-07-13,,2026-07-13 08:00,2026-07-13 16:00,2026-07-13 20:00,Rớt hôm nay
SG BÌNH LỢI,Inbound,11,92,2026-07-13,2026-07-13,2026-07-13,2026-07-13,2026-07-13 14:00,2026-07-13 08:00,2026-07-13 11:00,2026-07-13 12:00,Rớt hôm nay
SG KHÁNH HỘI,Transporting,2,18,,2026-07-13,2026-07-13,2026-07-13,,2026-07-13 08:00,2026-07-13 10:00,2026-07-13 18:00,Rớt hôm nay
SG BÀ ĐIỂM,Created,1,17,,2026-07-13,,,,2026-07-13 08:00,,,Rớt hôm nay
SG BÌNH TRỊ ĐÔNG,Pickup Done,1,80,,2026-07-13,2026-07-13,,,2026-07-13 08:00,2026-07-13 11:00,,Rớt hôm nay
LA TÂN AN,Inbound,1,8,2026-07-13,2026-07-13,2026-07-13,2026-07-13,2026-07-13 20:00,2026-07-13 08:00,2026-07-13 16:00,2026-07-13 17:00,Rớt hôm nay
SG BÌNH TRỊ ĐÔNG,Created,3,27,,2026-07-13,,,,2026-07-13 08:00,,,Rớt hôm nay
SG THỦ ĐỨC,Transporting,1,5,,2026-07-13,2026-07-13,2026-07-13,,2026-07-13 08:00,2026-07-13 13:00,2026-07-13 14:00,Rớt hôm nay
SG HÓC MÔN,Transporting,2,11,,2026-07-13,2026-07-13,2026-07-13,,2026-07-13 08:00,2026-07-13 10:00,2026-07-13 19:00,Rớt hôm nay
SG ĐÔNG HƯNG THUẬN,Transporting,13,164,,2026-07-13,2026-07-13,2026-07-13,,2026-07-13 08:00,2026-07-13 17:00,2026-07-13 19:00,Rớt hôm nay
SG HIỆP BÌNH,Transporting,2,20,,2026-07-13,2026-07-13,2026-07-13,,2026-07-13 08:00,2026-07-13 10:00,2026-07-13 19:00,Rớt hôm nay
SG BÌNH LỢI,Created,5,37,,2026-07-13,,,,2026-07-13 08:00,,,Rớt hôm nay
SG TÂN THỚI HIỆP,Created,1,5,,2026-07-13,,,,2026-07-13 08:00,,,Rớt hôm nay
SG BÌNH TÂN,Pickup Done,5,49,,2026-07-13,2026-07-13,,,2026-07-13 08:00,2026-07-13 18:00,,Rớt hôm nay
SG THỦ ĐỨC,Transporting,4,51,,2026-07-13,2026-07-13,2026-07-13,,2026-07-13 08:00,2026-07-13 12:00,2026-07-13 19:00,Rớt hôm nay
SG HIỆP BÌNH,Transporting,1,5,,2026-07-13,2026-07-13,2026-07-13,,2026-07-13 08:00,2026-07-13 17:00,2026-07-13 19:00,Rớt hôm nay
SG ĐÔNG HƯNG THUẬN,Transporting,4,40,,2026-07-13,2026-07-13,2026-07-13,,2026-07-13 08:00,2026-07-13 15:00,2026-07-13 19:00,Rớt hôm nay
SG THỦ ĐỨC,Transporting,1,8,,2026-07-13,2026-07-13,2026-07-13,,2026-07-13 08:00,2026-07-13 15:00,2026-07-13 19:00,Rớt hôm nay
SG TÂN HƯNG,Created,3,85,,2026-07-13,,,,2026-07-13 08:00,,,Rớt hôm nay
AG LONG XUYÊN,Transporting,1,7,,2026-07-13,2026-07-13,2026-07-13,,2026-07-13 08:00,2026-07-13 17:00,2026-07-13 17:00,Rớt hôm nay
SG TÂN TẠO,Pickup Done,1,8,,2026-07-13,2026-07-13,,,2026-07-13 08:00,2026-07-13 17:00,,Rớt hôm nay
SG HIỆP BÌNH,Transporting,4,52,,2026-07-13,2026-07-13,2026-07-13,,2026-07-13 08:00,2026-07-13 16:00,2026-07-13 19:00,Rớt hôm nay
SG NHƠN ĐỨC,Pickup Done,4,33,,2026-07-13,2026-07-13,,,2026-07-13 08:00,2026-07-13 11:00,,Rớt hôm nay
SG HÓC MÔN,Transporting,2,18,,2026-07-13,2026-07-13,2026-07-13,,2026-07-13 08:00,2026-07-13 18:00,2026-07-13 19:00,Rớt hôm nay
SG THỦ ĐỨC,Transporting,1,13,,2026-07-13,2026-07-13,2026-07-13,,2026-07-13 08:00,2026-07-13 17:00,2026-07-13 19:00,Rớt hôm nay
SG THỦ ĐỨC,Transporting,3,19,,2026-07-13,2026-07-13,2026-07-13,,2026-07-13 08:00,2026-07-13 13:00,2026-07-13 19:00,Rớt hôm nay
CT BÌNH THỦY,Transporting,1,10,,2026-07-13,2026-07-13,2026-07-13,,2026-07-13 08:00,2026-07-13 19:00,2026-07-13 19:00,Rớt hôm nay
SG BẢY HIỀN,Transporting,1,14,,2026-07-13,2026-07-13,2026-07-13,,2026-07-13 08:00,2026-07-13 10:00,2026-07-13 16:00,Rớt hôm nay
SG THỦ ĐỨC,Transporting,10,96,,2026-07-13,2026-07-13,2026-07-13,,2026-07-13 08:00,2026-07-13 18:00,2026-07-13 19:00,Rớt hôm nay
SG CỦ CHI,Inbound,296,1666,2026-07-13,2026-07-13,2026-07-13,2026-07-13,2026-07-13 13:00,2026-07-13 09:00,2026-07-13 11:00,2026-07-13 11:00,Rớt hôm nay
CT NINH KIỀU,Created,17,132,,2026-07-13,,,,2026-07-13 08:00,,,Rớt hôm nay
SG CỦ CHI,Inbound,43,218,2026-07-13,2026-07-13,2026-07-13,2026-07-13,2026-07-13 16:00,2026-07-13 08:00,2026-07-13 11:00,2026-07-13 13:00,Rớt hôm nay
SG CHỢ LỚN,Transporting,32,227,,2026-07-13,2026-07-13,2026-07-13,,2026-07-13 08:00,2026-07-13 09:00,2026-07-13 18:00,Rớt hôm nay
SG BẢY HIỀN,Transporting,3,22,,2026-07-13,2026-07-13,2026-07-13,,2026-07-13 08:00,2026-07-13 11:00,2026-07-13 15:00,Rớt hôm nay
SG BÌNH LỢI TRUNG,Transporting,29,219,,2026-07-13,2026-07-13,2026-07-13,,2026-07-13 08:00,2026-07-13 09:00,2026-07-13 17:00,Rớt hôm nay
SG TÂN TẠO,Pickup Done,131,745,,2026-07-13,2026-07-13,,,2026-07-13 08:00,2026-07-13 09:00,,Rớt hôm nay
SG TÂN TẠO,Pickup Done,50,366,,2026-07-13,2026-07-13,,,2026-07-13 08:00,2026-07-13 13:00,,Rớt hôm nay
SG TÂN THỚI HIỆP,Inbound,12,186,2026-07-13,2026-07-13,2026-07-13,2026-07-13,2026-07-13 19:00,2026-07-13 08:00,2026-07-13 11:00,2026-07-13 17:00,Rớt hôm nay
SG HIỆP BÌNH,Transporting,10,108,,2026-07-13,2026-07-13,2026-07-13,,2026-07-13 08:00,2026-07-13 13:00,2026-07-13 19:00,Rớt hôm nay
CT NINH KIỀU,Transporting,7,47,,2026-07-13,2026-07-13,2026-07-13,,2026-07-13 08:00,2026-07-13 16:00,2026-07-13 18:00,Rớt hôm nay
SG VĨNH LỘC,Transporting,23,127,,2026-07-13,2026-07-13,2026-07-13,,2026-07-13 08:00,2026-07-13 17:00,2026-07-13 17:00,Rớt hôm nay
CT NINH KIỀU,Transporting,9,63,,2026-07-13,2026-07-13,2026-07-13,,2026-07-13 08:00,2026-07-13 10:00,2026-07-13 18:00,Rớt hôm nay
SG BẢY HIỀN,Transporting,2,18,,2026-07-13,2026-07-13,2026-07-13,,2026-07-13 08:00,2026-07-13 11:00,2026-07-13 14:00,Rớt hôm nay
SG GÒ VẤP,Pickup Done,2,13,,2026-07-13,2026-07-13,,,2026-07-13 08:00,2026-07-13 09:00,,Rớt hôm nay
SG CỦ CHI,Pickup Done,12,70,,2026-07-13,2026-07-13,,,2026-07-13 08:00,2026-07-13 10:00,,Rớt hôm nay
SG BÌNH TRỊ ĐÔNG,Pickup Done,82,866,,2026-07-13,2026-07-13,,,2026-07-13 08:00,2026-07-13 10:00,,Rớt hôm nay
SG TÂN SƠN NHÌ,Transporting,3,38,,2026-07-13,2026-07-13,2026-07-13,,2026-07-13 08:00,2026-07-13 11:00,2026-07-13 18:00,Rớt hôm nay
SG CỦ CHI,Inbound,6,67,2026-07-13,2026-07-13,2026-07-13,2026-07-13,2026-07-13 13:00,2026-07-13 09:00,2026-07-13 09:00,2026-07-13 09:00,Rớt hôm nay
SG TÂN TẠO,Transporting,1,16,,2026-07-13,2026-07-13,2026-07-13,,2026-07-13 08:00,2026-07-13 17:00,2026-07-13 20:00,Rớt hôm nay
SG CỦ CHI,Inbound,130,725,2026-07-13,2026-07-13,2026-07-13,2026-07-13,2026-07-13 13:00,2026-07-13 09:00,2026-07-13 10:00,2026-07-13 10:00,Rớt hôm nay
SG BÌNH TÂN,Created,30,331,,2026-07-13,,,,2026-07-13 09:00,,,Rớt hôm nay
SG BÀ ĐIỂM,Pickup Done,1,7,,2026-07-13,2026-07-13,,,2026-07-13 08:00,2026-07-13 10:00,,Rớt hôm nay
SG TÂN THỚI HIỆP,Pickup Done,9,63,,2026-07-13,2026-07-13,,,2026-07-13 08:00,2026-07-13 10:00,,Rớt hôm nay
SG BÀ ĐIỂM,Pickup Done,11,66,,2026-07-13,2026-07-13,,,2026-07-13 08:00,2026-07-13 19:00,,Rớt hôm nay
SG BÌNH TRỊ ĐÔNG,Pickup Done,5,31,,2026-07-13,2026-07-13,,,2026-07-13 08:00,2026-07-13 09:00,,Rớt hôm nay
SG HIỆP BÌNH,Transporting,1,5,,2026-07-13,2026-07-13,2026-07-13,,2026-07-13 08:00,2026-07-13 13:00,2026-07-13 20:00,Rớt hôm nay
LA ĐỨC HÒA,Inbound,1,9,2026-07-13,2026-07-13,2026-07-13,2026-07-13,2026-07-13 19:00,2026-07-13 08:00,2026-07-13 15:00,2026-07-13 16:00,Rớt hôm nay
SG CỦ CHI,Inbound,13,66,2026-07-13,2026-07-13,2026-07-13,2026-07-13,2026-07-13 19:00,2026-07-13 08:00,2026-07-13 15:00,2026-07-13 15:00,Rớt hôm nay
SG CỦ CHI,Inbound,13,72,2026-07-13,2026-07-13,2026-07-13,2026-07-13,2026-07-13 13:00,2026-07-13 08:00,2026-07-13 10:00,2026-07-13 10:00,Rớt hôm nay
SG THỦ ĐỨC,Transporting,1,7,,2026-07-13,2026-07-13,2026-07-13,,2026-07-13 08:00,2026-07-13 11:00,2026-07-13 16:00,Rớt hôm nay
SG BÌNH TÂN,Pickup Done,10,91,,2026-07-13,2026-07-13,,,2026-07-13 08:00,2026-07-13 15:00,,Rớt hôm nay
VL CHỢ LÁCH,Transporting,1,10,,2026-07-13,2026-07-13,2026-07-13,,2026-07-13 08:00,2026-07-13 10:00,2026-07-13 16:00,Rớt hôm nay
SG PHÚ LÂM,Transporting,2,14,,2026-07-13,2026-07-13,2026-07-13,,2026-07-13 08:00,2026-07-13 14:00,2026-07-13 19:00,Rớt hôm nay
SG CỦ CHI,Inbound,143,1089,2026-07-13,2026-07-13,2026-07-13,2026-07-13,2026-07-13 16:00,2026-07-13 09:00,2026-07-13 13:00,2026-07-13 13:00,Rớt hôm nay
SG CỦ CHI,Inbound,30,222,2026-07-13,2026-07-13,2026-07-13,2026-07-13,2026-07-13 16:00,2026-07-13 09:00,2026-07-13 12:00,2026-07-13 15:00,Rớt hôm nay
SG BÌNH LỢI,Pickup Done,12,129,,2026-07-13,2026-07-13,,,2026-07-13 08:00,2026-07-13 19:00,,Rớt hôm nay
SG ĐÔNG HƯNG THUẬN,Transporting,2,10,,2026-07-13,2026-07-13,2026-07-13,,2026-07-13 08:00,2026-07-13 10:00,2026-07-13 19:00,Rớt hôm nay
SG BÌNH TÂN,Pickup Done,36,314,,2026-07-13,2026-07-13,,,2026-07-13 09:00,2026-07-13 19:00,,Rớt hôm nay
SG THỦ ĐỨC,Transporting,1,7,,2026-07-13,2026-07-13,2026-07-13,,2026-07-13 08:00,2026-07-13 16:00,2026-07-13 16:00,Rớt hôm nay
SG TÂN TẠO,Pickup Done,3,20,,2026-07-13,2026-07-13,,,2026-07-13 08:00,2026-07-13 18:00,,Rớt hôm nay
SG CỦ CHI,Inbound,30,152,2026-07-13,2026-07-13,2026-07-13,2026-07-13,2026-07-13 16:00,2026-07-13 09:00,2026-07-13 11:00,2026-07-13 13:00,Rớt hôm nay
SG CHỢ LỚN,Transporting,1,7,,2026-07-13,2026-07-13,2026-07-13,,2026-07-13 09:00,2026-07-13 09:00,2026-07-13 19:00,Rớt hôm nay
SG NHƠN ĐỨC,Inbound,1,6,2026-07-13,2026-07-13,2026-07-13,2026-07-13,2026-07-13 19:00,2026-07-13 08:00,2026-07-13 18:00,2026-07-13 18:00,Rớt hôm nay
SG CỦ CHI,Inbound,1,5,2026-07-13,2026-07-13,2026-07-13,2026-07-13,2026-07-13 19:00,2026-07-13 09:00,2026-07-13 09:00,2026-07-13 16:00,Rớt hôm nay
SG BÌNH TRỊ ĐÔNG,Pickup Done,1,6,,2026-07-13,2026-07-13,,,2026-07-13 08:00,2026-07-13 17:00,,Rớt hôm nay
SG PHÚ LÂM,Transporting,2,24,,2026-07-13,2026-07-13,2026-07-13,,2026-07-13 08:00,2026-07-13 10:00,2026-07-13 19:00,Rớt hôm nay
LA ĐỨC HÒA,Inbound,1,13,2026-07-13,2026-07-13,2026-07-13,2026-07-13,2026-07-13 19:00,2026-07-13 08:00,2026-07-13 15:00,2026-07-13 15:00,Rớt hôm nay
CT NINH KIỀU,Transporting,1,7,,2026-07-13,2026-07-13,2026-07-13,,2026-07-13 08:00,2026-07-13 18:00,2026-07-13 18:00,Rớt hôm nay
VL CHỢ LÁCH,Transporting,2,11,,2026-07-13,2026-07-13,2026-07-13,,2026-07-13 08:00,2026-07-13 11:00,2026-07-13 18:00,Rớt hôm nay
SG BÌNH TÂN,Pickup Done,1,9,,2026-07-13,2026-07-13,,,2026-07-13 08:00,2026-07-13 20:00,,Rớt hôm nay
SG CỦ CHI,Transporting,1,8,,2026-07-13,2026-07-13,2026-07-13,,2026-07-13 09:00,2026-07-13 13:00,2026-07-13 13:00,Rớt hôm nay
SG NHƠN ĐỨC,Inbound,1,18,2026-07-13,2026-07-13,2026-07-13,2026-07-13,2026-07-13 19:00,2026-07-13 08:00,2026-07-13 17:00,2026-07-13 18:00,Rớt hôm nay
SG HƯNG LONG,Transporting,1,80,,2026-07-13,2026-07-13,2026-07-13,,2026-07-13 08:00,2026-07-13 10:00,2026-07-13 19:00,Rớt hôm nay
SG BÌNH LỢI,Inbound,23,217,2026-07-13,2026-07-13,2026-07-13,2026-07-13,2026-07-13 14:00,2026-07-13 09:00,2026-07-13 11:00,2026-07-13 12:00,Rớt hôm nay
SG TÂN THỚI HIỆP,Inbound,167,1016,2026-07-13,2026-07-13,2026-07-13,2026-07-13,2026-07-13 19:00,2026-07-13 09:00,2026-07-13 11:00,2026-07-13 16:00,Rớt hôm nay
SG GÒ VẤP,Pickup Done,14,134,,2026-07-13,2026-07-13,,,2026-07-13 09:00,2026-07-13 15:00,,Rớt hôm nay
LA ĐỨC HÒA,Inbound,12,122,2026-07-13,2026-07-13,2026-07-13,2026-07-13,2026-07-13 19:00,2026-07-13 09:00,2026-07-13 15:00,2026-07-13 15:00,Rớt hôm nay
SG CỦ CHI,Inbound,5,55,2026-07-13,2026-07-13,2026-07-13,2026-07-13,2026-07-13 16:00,2026-07-13 09:00,2026-07-13 14:00,2026-07-13 14:00,Rớt hôm nay
DT SA ĐÉC,Transporting,6,33,,2026-07-13,2026-07-13,2026-07-13,,2026-07-13 09:00,2026-07-13 10:00,2026-07-13 16:00,Rớt hôm nay
SG THỦ ĐỨC,Transporting,8,75,,2026-07-13,2026-07-13,2026-07-13,,2026-07-13 09:00,2026-07-13 16:00,2026-07-13 16:00,Rớt hôm nay
SG BẢY HIỀN,Transporting,29,470,,2026-07-13,2026-07-13,2026-07-13,,2026-07-13 09:00,2026-07-13 15:00,2026-07-13 15:00,Rớt hôm nay
SG BÌNH TRỊ ĐÔNG,Pickup Done,10,114,,2026-07-13,2026-07-13,,,2026-07-13 09:00,2026-07-13 10:00,,Rớt hôm nay
SG BÌNH LỢI,Inbound,41,352,2026-07-13,2026-07-13,2026-07-13,2026-07-13,2026-07-13 14:00,2026-07-13 09:00,2026-07-13 11:00,2026-07-13 11:00,Rớt hôm nay
SG CỦ CHI,Pickup Done,17,161,,2026-07-13,2026-07-13,,,2026-07-13 09:00,2026-07-13 16:00,,Rớt hôm nay
SG ĐÔNG HƯNG THUẬN,Transporting,8,68,,2026-07-13,2026-07-13,2026-07-13,,2026-07-13 09:00,2026-07-13 11:00,2026-07-13 19:00,Rớt hôm nay
SG VĨNH LỘC,Inbound,6,73,2026-07-13,2026-07-13,2026-07-13,2026-07-13,2026-07-13 15:00,2026-07-13 09:00,2026-07-13 13:00,2026-07-13 14:00,Rớt hôm nay
SG BÌNH TRỊ ĐÔNG,Pickup Done,6,45,,2026-07-13,2026-07-13,,,2026-07-13 09:00,2026-07-13 16:00,,Rớt hôm nay
SG TÂN HƯNG,Transporting,5,108,,2026-07-13,2026-07-13,2026-07-13,,2026-07-13 09:00,2026-07-13 17:00,2026-07-13 18:00,Rớt hôm nay
AG AN PHÚ,Created,6,41,,2026-07-13,,,,2026-07-13 09:00,,,Rớt hôm nay
SG TÂN SƠN NHÌ,Transporting,28,305,,2026-07-13,2026-07-13,2026-07-13,,2026-07-13 09:00,2026-07-13 11:00,2026-07-13 18:00,Rớt hôm nay
SG AN LẠC,Pickup Done,240,1393,,2026-07-13,2026-07-13,,,2026-07-13 09:00,2026-07-13 11:00,,Rớt hôm nay
SG PHÚ LÂM,Created,30,186,,2026-07-13,,,,2026-07-13 09:00,,,Rớt hôm nay
SG BÌNH TÂN,Pickup Done,4,49,,2026-07-13,2026-07-13,,,2026-07-13 09:00,2026-07-13 16:00,,Rớt hôm nay
SG BÌNH TÂN,Pickup Done,49,412,,2026-07-13,2026-07-13,,,2026-07-13 09:00,2026-07-13 18:00,,Rớt hôm nay
SG CỦ CHI,Inbound,65,330,2026-07-13,2026-07-13,2026-07-13,2026-07-13,2026-07-13 13:00,2026-07-13 09:00,2026-07-13 11:00,2026-07-13 12:00,Rớt hôm nay
SG BẢY HIỀN,Transporting,4,34,,2026-07-13,2026-07-13,2026-07-13,,2026-07-13 09:00,2026-07-13 11:00,2026-07-13 15:00,Rớt hôm nay
SG ĐÔNG HƯNG THUẬN,Transporting,21,222,,2026-07-13,2026-07-13,2026-07-13,,2026-07-13 09:00,2026-07-13 15:00,2026-07-13 19:00,Rớt hôm nay
SG PHÚ LÂM,Transporting,48,431,,2026-07-13,2026-07-13,2026-07-13,,2026-07-13 09:00,2026-07-13 17:00,2026-07-13 19:00,Rớt hôm nay
SG HIỆP BÌNH,Transporting,32,263,,2026-07-13,2026-07-13,2026-07-13,,2026-07-13 09:00,2026-07-13 09:00,2026-07-13 19:00,Rớt hôm nay
SG CỦ CHI,Inbound,7,56,2026-07-13,2026-07-13,2026-07-13,2026-07-13,2026-07-13 16:00,2026-07-13 09:00,2026-07-13 13:00,2026-07-13 14:00,Rớt hôm nay
SG NHƠN ĐỨC,Pickup Done,5,58,,2026-07-13,2026-07-13,,,2026-07-13 09:00,2026-07-13 11:00,,Rớt hôm nay
SG PHÚ LÂM,Transporting,2,19,,2026-07-13,2026-07-13,2026-07-13,,2026-07-13 09:00,2026-07-13 15:00,2026-07-13 19:00,Rớt hôm nay
SG HƯNG LONG,Inbound,13,136,2026-07-13,2026-07-13,2026-07-13,2026-07-13,2026-07-13 15:00,2026-07-13 09:00,2026-07-13 11:00,2026-07-13 11:00,Rớt hôm nay
LA ĐỨC HÒA,Created,1,6,,2026-07-13,,,,2026-07-13 09:00,,,Rớt hôm nay
SG HIỆP BÌNH,Transporting,3,25,,2026-07-13,2026-07-13,2026-07-13,,2026-07-13 09:00,2026-07-13 10:00,2026-07-13 19:00,Rớt hôm nay
SG BÌNH TÂN,Pickup Done,31,276,,2026-07-13,2026-07-13,,,2026-07-13 09:00,2026-07-13 11:00,,Rớt hôm nay
SG NHƠN ĐỨC,Created,2,12,,2026-07-13,,,,2026-07-13 09:00,,,Rớt hôm nay
SG BẢY HIỀN,Transporting,10,200,,2026-07-13,2026-07-13,2026-07-13,,2026-07-13 09:00,2026-07-13 14:00,2026-07-13 14:00,Rớt hôm nay
SG PHÚ LÂM,Transporting,12,162,,2026-07-13,2026-07-13,2026-07-13,,2026-07-13 09:00,2026-07-13 10:00,2026-07-13 19:00,Rớt hôm nay
SG THỦ ĐỨC,Transporting,7,74,,2026-07-13,2026-07-13,2026-07-13,,2026-07-13 09:00,2026-07-13 11:00,2026-07-13 14:00,Rớt hôm nay
SG TÂN TẠO,Pickup Done,3,18,,2026-07-13,2026-07-13,,,2026-07-13 09:00,2026-07-13 10:00,,Rớt hôm nay
SG CỦ CHI,Inbound,1,5,2026-07-13,2026-07-13,2026-07-13,,2026-07-13 13:00,2026-07-13 09:00,2026-07-13 13:00,,Rớt hôm nay
SG THỦ ĐỨC,Transporting,3,28,,2026-07-13,2026-07-13,2026-07-13,,2026-07-13 09:00,2026-07-13 14:00,2026-07-13 19:00,Rớt hôm nay
DT SA ĐÉC,Transporting,11,98,,2026-07-13,2026-07-13,2026-07-13,,2026-07-13 09:00,2026-07-13 17:00,2026-07-13 17:00,Rớt hôm nay
SG AN PHÚ ĐÔNG,Pickup Done,3,26,,2026-07-13,2026-07-13,,,2026-07-13 09:00,2026-07-13 13:00,,Rớt hôm nay
SG BÀ ĐIỂM,Pickup Done,6,45,,2026-07-13,2026-07-13,,,2026-07-13 09:00,2026-07-13 11:00,,Rớt hôm nay
SG CỦ CHI,Transporting,1,7,,2026-07-13,2026-07-13,2026-07-13,,2026-07-13 09:00,2026-07-13 19:00,2026-07-13 19:00,Rớt hôm nay
SG CỦ CHI,Pickup Done,1,14,,2026-07-13,2026-07-13,,,2026-07-13 09:00,2026-07-13 17:00,,Rớt hôm nay
SG TÂN TẠO,Pickup Done,3,35,,2026-07-13,2026-07-13,,,2026-07-13 09:00,2026-07-13 19:00,,Rớt hôm nay
SG CHỢ LỚN,Transporting,6,66,,2026-07-13,2026-07-13,2026-07-13,,2026-07-13 09:00,2026-07-13 17:00,2026-07-13 18:00,Rớt hôm nay
SG BÌNH TÂN,Pickup Done,8,168,,2026-07-13,2026-07-13,,,2026-07-13 09:00,2026-07-13 17:00,,Rớt hôm nay
SG ĐÔNG HƯNG THUẬN,Transporting,9,99,,2026-07-13,2026-07-13,2026-07-13,,2026-07-13 09:00,2026-07-13 14:00,2026-07-13 19:00,Rớt hôm nay
VL CHỢ LÁCH,Transporting,1,12,,2026-07-13,2026-07-13,2026-07-13,,2026-07-13 09:00,2026-07-13 10:00,2026-07-13 16:00,Rớt hôm nay
DT SA ĐÉC,Transporting,1,6,,2026-07-13,2026-07-13,2026-07-13,,2026-07-13 09:00,2026-07-13 10:00,2026-07-13 17:00,Rớt hôm nay
SG VĨNH LỘC,Inbound,2,16,2026-07-13,2026-07-13,2026-07-13,2026-07-13,2026-07-13 15:00,2026-07-13 09:00,2026-07-13 13:00,2026-07-13 13:00,Rớt hôm nay
DT SA ĐÉC,Created,6,51,,2026-07-13,,,,2026-07-13 09:00,,,Rớt hôm nay
SG BẢY HIỀN,Transporting,2,14,,2026-07-13,2026-07-13,2026-07-13,,2026-07-13 09:00,2026-07-13 14:00,2026-07-13 15:00,Rớt hôm nay
SG BÌNH TÂN,Pickup Done,3,25,,2026-07-13,2026-07-13,,,2026-07-13 09:00,2026-07-13 10:00,,Rớt hôm nay
SG CHỢ LỚN,Created,1,12,,2026-07-13,,,,2026-07-13 09:00,,,Rớt hôm nay
SG BÌNH TÂN,Pickup Done,2,12,,2026-07-13,2026-07-13,,,2026-07-13 09:00,2026-07-13 13:00,,Rớt hôm nay
SG HƯNG LONG,Transporting,9,106,,2026-07-13,2026-07-13,2026-07-13,,2026-07-13 09:00,2026-07-13 17:00,2026-07-13 19:00,Rớt hôm nay
SG CỦ CHI,Inbound,1,8,2026-07-13,2026-07-13,2026-07-13,2026-07-13,2026-07-13 19:00,2026-07-13 09:00,2026-07-13 15:00,2026-07-13 15:00,Rớt hôm nay
SG NHƠN ĐỨC,Inbound,2,12,2026-07-13,2026-07-13,2026-07-13,2026-07-13,2026-07-13 19:00,2026-07-13 09:00,2026-07-13 18:00,2026-07-13 18:00,Rớt hôm nay
CT NINH KIỀU,Created,1,12,,2026-07-13,,,,2026-07-13 09:00,,,Rớt hôm nay
SG HÓC MÔN,Transporting,2,13,,2026-07-13,2026-07-13,2026-07-13,,2026-07-13 09:00,2026-07-13 10:00,2026-07-13 19:00,Rớt hôm nay
SG CỦ CHI,Inbound,1,5,2026-07-13,2026-07-13,2026-07-13,2026-07-13,2026-07-13 16:00,2026-07-13 09:00,2026-07-13 10:00,2026-07-13 10:00,Rớt hôm nay
SG BÌNH LỢI TRUNG,Transporting,2,40,,2026-07-13,2026-07-13,2026-07-13,,2026-07-13 09:00,2026-07-13 16:00,2026-07-13 16:00,Rớt hôm nay
SG CỦ CHI,Inbound,1,6,2026-07-13,2026-07-13,2026-07-13,,2026-07-13 16:00,2026-07-13 09:00,2026-07-13 12:00,,Rớt hôm nay
SG VĨNH LỘC,Transporting,1,6,,2026-07-13,2026-07-13,2026-07-13,,2026-07-13 09:00,2026-07-13 18:00,2026-07-13 18:00,Rớt hôm nay
SG ĐÔNG HƯNG THUẬN,Transporting,9,52,,2026-07-13,2026-07-13,2026-07-13,,2026-07-13 09:00,2026-07-13 13:00,2026-07-13 19:00,Rớt hôm nay
SG TÂN TẠO,Created,2,26,,2026-07-13,,,,2026-07-13 09:00,,,Rớt hôm nay
SG CỦ CHI,Transporting,7,67,,2026-07-13,2026-07-13,2026-07-13,,2026-07-13 09:00,2026-07-13 18:00,2026-07-13 18:00,Rớt hôm nay
SG TÂN HƯNG,Transporting,1,5,,2026-07-13,2026-07-13,2026-07-13,,2026-07-13 09:00,2026-07-13 16:00,2026-07-13 18:00,Rớt hôm nay
SG BÀ ĐIỂM,Created,1,92,,2026-07-13,,,,2026-07-13 09:00,,,Rớt hôm nay
SG CỦ CHI,Transporting,1,5,,2026-07-13,2026-07-13,2026-07-13,,2026-07-13 09:00,2026-07-13 10:00,2026-07-13 10:00,Rớt hôm nay
SG BÌNH TRỊ ĐÔNG,Pickup Done,1,5,,2026-07-13,2026-07-13,,,2026-07-13 09:00,2026-07-13 15:00,,Rớt hôm nay
CT NINH KIỀU,Transporting,1,10,,2026-07-13,2026-07-13,2026-07-13,,2026-07-13 09:00,2026-07-13 09:00,2026-07-13 18:00,Rớt hôm nay
SG TÂN HƯNG,Created,1,28,,2026-07-13,,,,2026-07-13 09:00,,,Rớt hôm nay
SG HIỆP BÌNH,Transporting,1,6,,2026-07-13,2026-07-13,2026-07-13,,2026-07-13 09:00,2026-07-13 09:00,2026-07-13 20:00,Rớt hôm nay
SG TÂN HƯNG,Transporting,2,13,,2026-07-13,2026-07-13,2026-07-13,,2026-07-13 09:00,2026-07-13 11:00,2026-07-13 18:00,Rớt hôm nay
SG TÂN TẠO,Pickup Done,2,13,,2026-07-13,2026-07-13,,,2026-07-13 09:00,2026-07-13 16:00,,Rớt hôm nay
SG BÌNH LỢI,Created,2,20,,2026-07-13,,,,2026-07-13 09:00,,,Rớt hôm nay
SG CỦ CHI,Created,1,85,,2026-07-13,,,,2026-07-13 09:00,,,Rớt hôm nay
SG NHƠN ĐỨC,Inbound,2,32,2026-07-13,2026-07-13,2026-07-13,2026-07-13,2026-07-13 19:00,2026-07-13 09:00,2026-07-13 11:00,2026-07-13 18:00,Rớt hôm nay
SG AN LẠC,Pickup Done,30,585,,2026-07-13,2026-07-13,,,2026-07-13 09:00,2026-07-13 09:00,,Rớt hôm nay
SG CHỢ LỚN,Transporting,3,24,,2026-07-13,2026-07-13,2026-07-13,,2026-07-13 10:00,2026-07-13 10:00,2026-07-13 18:00,Rớt hôm nay
SG HIỆP BÌNH,Transporting,10,83,,2026-07-13,2026-07-13,2026-07-13,,2026-07-13 10:00,2026-07-13 10:00,2026-07-13 19:00,Rớt hôm nay
SG HIỆP BÌNH,Pickup Done,4,28,,2026-07-13,2026-07-13,,,2026-07-13 10:00,2026-07-13 10:00,,Rớt hôm nay
SG HIỆP BÌNH,Transporting,1,7,,2026-07-13,2026-07-13,2026-07-13,,2026-07-13 10:00,2026-07-13 10:00,2026-07-13 20:00,Rớt hôm nay
VL CHỢ LÁCH,Transporting,1,7,,2026-07-13,2026-07-13,2026-07-13,,2026-07-13 09:00,2026-07-13 10:00,2026-07-13 18:00,Rớt hôm nay
SG AN PHÚ ĐÔNG,Pickup Done,83,678,,2026-07-13,2026-07-13,,,2026-07-13 10:00,2026-07-13 10:00,,Rớt hôm nay
SG CỦ CHI,Inbound,17,93,2026-07-13,2026-07-13,2026-07-13,2026-07-13,2026-07-13 16:00,2026-07-13 09:00,2026-07-13 10:00,2026-07-13 15:00,Rớt hôm nay
DT SA ĐÉC,Transporting,2,18,,2026-07-13,2026-07-13,2026-07-13,,2026-07-13 09:00,2026-07-13 10:00,2026-07-13 15:00,Rớt hôm nay
SG TÂN THỚI HIỆP,Transporting,1,6,,2026-07-13,2026-07-13,2026-07-13,,2026-07-13 10:00,2026-07-13 10:00,2026-07-13 20:00,Rớt hôm nay
SG PHÚ LÂM,Transporting,9,111,,2026-07-13,2026-07-13,2026-07-13,,2026-07-13 10:00,2026-07-13 10:00,2026-07-13 19:00,Rớt hôm nay
AG TỊNH BIÊN,Transporting,3,16,,2026-07-13,2026-07-13,2026-07-13,,2026-07-13 10:00,2026-07-13 16:00,2026-07-13 16:00,Rớt hôm nay
LA TÂN AN,Inbound,1,6,2026-07-13,2026-07-13,2026-07-13,2026-07-13,2026-07-13 20:00,2026-07-13 10:00,2026-07-13 14:00,2026-07-13 17:00,Rớt hôm nay
CT NINH KIỀU,Transporting,2,26,,2026-07-13,2026-07-13,2026-07-13,,2026-07-13 09:00,2026-07-13 15:00,2026-07-13 18:00,Rớt hôm nay
CT NINH KIỀU,Transporting,1,6,,2026-07-13,2026-07-13,2026-07-13,,2026-07-13 10:00,2026-07-13 15:00,2026-07-13 18:00,Rớt hôm nay
CT NINH KIỀU,Transporting,2,12,,2026-07-13,2026-07-13,2026-07-13,,2026-07-13 10:00,2026-07-13 16:00,2026-07-13 18:00,Rớt hôm nay
CT NINH KIỀU,Created,1,6,,2026-07-13,,,,2026-07-13 10:00,,,Rớt hôm nay
CT BÌNH THỦY,Transporting,7,45,,2026-07-13,2026-07-13,2026-07-13,,2026-07-13 10:00,2026-07-13 17:00,2026-07-13 18:00,Rớt hôm nay
CT BÌNH THỦY,Transporting,1,10,,2026-07-13,2026-07-13,2026-07-13,,2026-07-13 10:00,2026-07-13 18:00,2026-07-13 19:00,Rớt hôm nay
ST PHÚ LỢI,Created,1,9,,2026-07-13,,,,2026-07-13 09:00,,,Rớt hôm nay
SG BÌNH TÂN,Pickup Done,9,96,,2026-07-13,2026-07-13,,,2026-07-13 10:00,2026-07-13 18:00,,Rớt hôm nay
SG BÌNH TÂN,Pickup Done,11,126,,2026-07-13,2026-07-13,,,2026-07-13 10:00,2026-07-13 16:00,,Rớt hôm nay
SG BÌNH TÂN,Transporting,86,457,,2026-07-13,2026-07-13,2026-07-13,,2026-07-13 10:00,2026-07-13 10:00,2026-07-13 17:00,Rớt hôm nay
SG BÌNH TÂN,Inbound,8,40,2026-07-13,2026-07-13,2026-07-13,2026-07-13,2026-07-13 19:00,2026-07-13 10:00,2026-07-13 10:00,2026-07-13 17:00,Rớt hôm nay
SG BÌNH TÂN,Inbound,8,58,2026-07-13,2026-07-13,2026-07-13,2026-07-13,2026-07-13 20:00,2026-07-13 10:00,2026-07-13 10:00,2026-07-13 17:00,Rớt hôm nay
SG BÌNH TÂN,Created,32,366,,2026-07-13,,,,2026-07-13 10:00,,,Rớt hôm nay
SG BÌNH TÂN,Pickup Done,26,237,,2026-07-13,2026-07-13,,,2026-07-13 10:00,2026-07-13 19:00,,Rớt hôm nay
SG BÌNH TÂN,Pickup Done,13,78,,2026-07-13,2026-07-13,,,2026-07-13 10:00,2026-07-13 11:00,,Rớt hôm nay
SG BÌNH TÂN,Pickup Done,4,49,,2026-07-13,2026-07-13,,,2026-07-13 10:00,2026-07-13 17:00,,Rớt hôm nay
SG BÌNH TÂN,Pickup Done,5,49,,2026-07-13,2026-07-13,,,2026-07-13 10:00,2026-07-13 14:00,,Rớt hôm nay
SG BÌNH TÂN,Pickup Done,6,30,,2026-07-13,2026-07-13,,,2026-07-13 10:00,2026-07-13 13:00,,Rớt hôm nay
SG BÌNH TÂN,Transporting,366,2284,,2026-07-13,2026-07-13,2026-07-13,,2026-07-13 10:00,2026-07-13 11:00,2026-07-13 17:00,Rớt hôm nay
SG BÌNH TÂN,Inbound,222,1429,2026-07-13,2026-07-13,2026-07-13,2026-07-13,2026-07-13 20:00,2026-07-13 10:00,2026-07-13 11:00,2026-07-13 17:00,Rớt hôm nay
SG BÌNH TÂN,Inbound,4,24,2026-07-13,2026-07-13,2026-07-13,,2026-07-13 20:00,2026-07-13 10:00,2026-07-13 12:00,,Rớt hôm nay
SG BÌNH TÂN,Inbound,5,39,2026-07-13,2026-07-13,2026-07-13,,2026-07-13 20:00,2026-07-13 10:00,2026-07-13 11:00,,Rớt hôm nay
SG BÌNH TÂN,Inbound,168,958,2026-07-13,2026-07-13,2026-07-13,2026-07-13,2026-07-13 19:00,2026-07-13 10:00,2026-07-13 11:00,2026-07-13 17:00,Rớt hôm nay
SG BÌNH TÂN,Inbound,7,40,2026-07-13,2026-07-13,2026-07-13,,2026-07-13 19:00,2026-07-13 10:00,2026-07-13 12:00,,Rớt hôm nay
SG BÌNH TÂN,Inbound,6,39,2026-07-13,2026-07-13,2026-07-13,,2026-07-13 19:00,2026-07-13 10:00,2026-07-13 11:00,,Rớt hôm nay
SG BÌNH TÂN,Pickup Done,3,19,,2026-07-13,2026-07-13,,,2026-07-13 10:00,2026-07-13 12:00,,Rớt hôm nay
SG AN LẠC,Pickup Done,1,6,,2026-07-13,2026-07-13,,,2026-07-13 10:00,2026-07-13 11:00,,Rớt hôm nay
SG AN LẠC,Pickup Done,8,58,,2026-07-13,2026-07-13,,,2026-07-13 10:00,2026-07-13 10:00,,Rớt hôm nay
SG AN PHÚ ĐÔNG,Transporting,5,40,,2026-07-13,2026-07-13,2026-07-13,,2026-07-13 09:00,2026-07-13 17:00,2026-07-13 17:00,Rớt hôm nay
SG AN PHÚ ĐÔNG,Transporting,1,5,,2026-07-13,2026-07-13,2026-07-13,,2026-07-13 10:00,2026-07-13 19:00,2026-07-13 19:00,Rớt hôm nay
SG TÂN THỚI HIỆP,Inbound,24,225,2026-07-13,2026-07-13,2026-07-13,2026-07-13,2026-07-13 19:00,2026-07-13 09:00,2026-07-13 11:00,2026-07-13 17:00,Rớt hôm nay
SG TÂN THỚI HIỆP,Transporting,2,12,,2026-07-13,2026-07-13,2026-07-13,,2026-07-13 10:00,2026-07-13 18:00,2026-07-13 20:00,Rớt hôm nay
SG TÂN SƠN NHÌ,Transporting,17,129,,2026-07-13,2026-07-13,2026-07-13,,2026-07-13 10:00,2026-07-13 10:00,2026-07-13 18:00,Rớt hôm nay
SG TÂN SƠN NHÌ,Transporting,9,93,,2026-07-13,2026-07-13,2026-07-13,,2026-07-13 10:00,2026-07-13 11:00,2026-07-13 18:00,Rớt hôm nay
SG PHÚ LÂM,Transporting,5,43,,2026-07-13,2026-07-13,2026-07-13,,2026-07-13 09:00,2026-07-13 18:00,2026-07-13 19:00,Rớt hôm nay
SG PHÚ LÂM,Transporting,1,13,,2026-07-13,2026-07-13,2026-07-13,,2026-07-13 10:00,2026-07-13 12:00,2026-07-13 19:00,Rớt hôm nay
SG PHÚ LÂM,Transporting,11,127,,2026-07-13,2026-07-13,2026-07-13,,2026-07-13 10:00,2026-07-13 15:00,2026-07-13 19:00,Rớt hôm nay
SG PHÚ LÂM,Transporting,2,17,,2026-07-13,2026-07-13,2026-07-13,,2026-07-13 10:00,2026-07-13 14:00,2026-07-13 19:00,Rớt hôm nay
SG PHÚ LÂM,Created,1,10,,2026-07-13,,,,2026-07-13 10:00,,,Rớt hôm nay
SG BÌNH LỢI,Inbound,117,812,2026-07-13,2026-07-13,2026-07-13,2026-07-13,2026-07-13 14:00,2026-07-13 09:00,2026-07-13 13:00,2026-07-13 13:00,Rớt hôm nay
SG BÌNH LỢI,Inbound,2,16,2026-07-13,2026-07-13,2026-07-13,,2026-07-13 14:00,2026-07-13 09:00,2026-07-13 13:00,,Rớt hôm nay
SG BÌNH LỢI,Inbound,2,15,2026-07-13,2026-07-13,2026-07-13,,2026-07-13 14:00,2026-07-13 09:00,2026-07-13 14:00,,Rớt hôm nay
SG BÌNH LỢI,Pickup Done,1,6,,2026-07-13,2026-07-13,,,2026-07-13 09:00,2026-07-13 19:00,,Rớt hôm nay
SG BÌNH LỢI,Transporting,1,7,,2026-07-13,2026-07-13,2026-07-13,,2026-07-13 09:00,2026-07-13 18:00,2026-07-13 18:00,Rớt hôm nay
SG BÌNH LỢI,Inbound,33,307,2026-07-13,2026-07-13,2026-07-13,2026-07-13,2026-07-13 14:00,2026-07-13 10:00,2026-07-13 11:00,2026-07-13 11:00,Rớt hôm nay
SG BÌNH LỢI,Inbound,19,178,2026-07-13,2026-07-13,2026-07-13,2026-07-13,2026-07-13 14:00,2026-07-13 10:00,2026-07-13 11:00,2026-07-13 12:00,Rớt hôm nay
SG BÌNH LỢI,Transporting,28,314,,2026-07-13,2026-07-13,2026-07-13,,2026-07-13 10:00,2026-07-13 18:00,2026-07-13 18:00,Rớt hôm nay
SG BÌNH LỢI,Transporting,2,15,,2026-07-13,2026-07-13,2026-07-13,,2026-07-13 10:00,2026-07-13 17:00,2026-07-13 18:00,Rớt hôm nay
SG BÌNH LỢI,Pickup Done,14,108,,2026-07-13,2026-07-13,,,2026-07-13 10:00,2026-07-13 19:00,,Rớt hôm nay
SG BÌNH LỢI,Created,19,153,,2026-07-13,,,,2026-07-13 10:00,,,Rớt hôm nay
SG BÌNH LỢI,Pickup Done,8,73,,2026-07-13,2026-07-13,,,2026-07-13 10:00,2026-07-13 17:00,,Rớt hôm nay
SG BÌNH LỢI,Transporting,5,69,,2026-07-13,2026-07-13,2026-07-13,,2026-07-13 10:00,2026-07-13 19:00,2026-07-13 19:00,Rớt hôm nay
SG BÌNH LỢI,Transporting,1,9,,2026-07-13,2026-07-13,2026-07-13,,2026-07-13 10:00,2026-07-13 19:00,2026-07-13 20:00,Rớt hôm nay
SG BÌNH LỢI,Pickup Done,1,7,,2026-07-13,2026-07-13,,,2026-07-13 10:00,2026-07-13 18:00,,Rớt hôm nay
SG CỦ CHI,Inbound,16,111,2026-07-13,2026-07-13,2026-07-13,2026-07-13,2026-07-13 19:00,2026-07-13 10:00,2026-07-13 16:00,2026-07-13 16:00,Rớt hôm nay
SG CỦ CHI,Inbound,68,446,2026-07-13,2026-07-13,2026-07-13,2026-07-13,2026-07-13 19:00,2026-07-13 10:00,2026-07-13 15:00,2026-07-13 15:00,Rớt hôm nay
SG CỦ CHI,Inbound,56,414,2026-07-13,2026-07-13,2026-07-13,2026-07-13,2026-07-13 19:00,2026-07-13 10:00,2026-07-13 14:00,2026-07-13 14:00,Rớt hôm nay
SG CỦ CHI,Transporting,7,73,,2026-07-13,2026-07-13,2026-07-13,,2026-07-13 10:00,2026-07-13 18:00,2026-07-13 18:00,Rớt hôm nay
SG CỦ CHI,Pickup Done,7,72,,2026-07-13,2026-07-13,,,2026-07-13 10:00,2026-07-13 11:00,,Rớt hôm nay
SG CỦ CHI,Inbound,2,17,2026-07-13,2026-07-13,2026-07-13,2026-07-13,2026-07-13 16:00,2026-07-13 10:00,2026-07-13 13:00,2026-07-13 13:00,Rớt hôm nay
SG TÂN TẠO,Created,3,32,,2026-07-13,,,,2026-07-13 10:00,,,Rớt hôm nay
SG TÂN TẠO,Pickup Done,4,25,,2026-07-13,2026-07-13,,,2026-07-13 10:00,2026-07-13 16:00,,Rớt hôm nay
SG TÂN TẠO,Pickup Done,1,9,,2026-07-13,2026-07-13,,,2026-07-13 10:00,2026-07-13 19:00,,Rớt hôm nay
SG HÓC MÔN,Transporting,2,22,,2026-07-13,2026-07-13,2026-07-13,,2026-07-13 09:00,2026-07-13 18:00,2026-07-13 19:00,Rớt hôm nay
SG HÓC MÔN,Transporting,5,40,,2026-07-13,2026-07-13,2026-07-13,,2026-07-13 10:00,2026-07-13 10:00,2026-07-13 19:00,Rớt hôm nay
SG HÓC MÔN,Transporting,2,15,,2026-07-13,2026-07-13,2026-07-13,,2026-07-13 10:00,2026-07-13 15:00,2026-07-13 19:00,Rớt hôm nay
SG HÓC MÔN,Transporting,3,24,,2026-07-13,2026-07-13,2026-07-13,,2026-07-13 10:00,2026-07-13 12:00,2026-07-13 19:00,Rớt hôm nay
SG HÓC MÔN,Transporting,6,38,,2026-07-13,2026-07-13,2026-07-13,,2026-07-13 10:00,2026-07-13 18:00,2026-07-13 19:00,Rớt hôm nay
SG THỦ ĐỨC,Created,2,22,,2026-07-13,,,,2026-07-13 09:00,,,Rớt hôm nay
SG THỦ ĐỨC,Transporting,1,6,,2026-07-13,2026-07-13,2026-07-13,,2026-07-13 09:00,2026-07-13 15:00,2026-07-13 19:00,Rớt hôm nay
SG THỦ ĐỨC,Transporting,2,24,,2026-07-13,2026-07-13,2026-07-13,,2026-07-13 10:00,2026-07-13 19:00,2026-07-13 19:00,Rớt hôm nay
SG THỦ ĐỨC,Transporting,1,12,,2026-07-13,2026-07-13,2026-07-13,,2026-07-13 10:00,2026-07-13 11:00,2026-07-13 14:00,Rớt hôm nay
SG THỦ ĐỨC,Transporting,2,24,,2026-07-13,2026-07-13,2026-07-13,,2026-07-13 10:00,2026-07-13 17:00,2026-07-13 19:00,Rớt hôm nay
SG VĨNH LỘC,Inbound,1,80,2026-07-13,2026-07-13,2026-07-13,2026-07-13,2026-07-13 15:00,2026-07-13 10:00,2026-07-13 13:00,2026-07-13 14:00,Rớt hôm nay
SG VĨNH LỘC,Inbound,2,20,2026-07-13,2026-07-13,2026-07-13,2026-07-13,2026-07-13 15:00,2026-07-13 10:00,2026-07-13 11:00,2026-07-13 14:00,Rớt hôm nay
SG TÂN HƯNG,Transporting,9,55,,2026-07-13,2026-07-13,2026-07-13,,2026-07-13 10:00,2026-07-13 17:00,2026-07-13 18:00,Rớt hôm nay
SG ĐÔNG HƯNG THUẬN,Transporting,1,15,,2026-07-13,2026-07-13,2026-07-13,,2026-07-13 09:00,2026-07-13 18:00,2026-07-13 19:00,Rớt hôm nay
SG ĐÔNG HƯNG THUẬN,Transporting,1,19,,2026-07-13,2026-07-13,2026-07-13,,2026-07-13 10:00,2026-07-13 17:00,2026-07-13 19:00,Rớt hôm nay
SG ĐÔNG HƯNG THUẬN,Transporting,1,6,,2026-07-13,2026-07-13,2026-07-13,,2026-07-13 10:00,2026-07-13 11:00,2026-07-13 19:00,Rớt hôm nay
SG TÂN NHỰT,Transporting,12,108,,2026-07-13,2026-07-13,2026-07-13,,2026-07-13 09:00,2026-07-13 15:00,2026-07-13 18:00,Rớt hôm nay
SG TÂN NHỰT,Transporting,11,101,,2026-07-13,2026-07-13,2026-07-13,,2026-07-13 09:00,2026-07-13 18:00,2026-07-13 18:00,Rớt hôm nay
SG TÂN NHỰT,Inbound,3,27,2026-07-13,2026-07-13,2026-07-13,2026-07-13,2026-07-13 14:00,2026-07-13 10:00,2026-07-13 11:00,2026-07-13 13:00,Rớt hôm nay
SG BÌNH LỢI TRUNG,Transporting,2,11,,2026-07-13,2026-07-13,2026-07-13,,2026-07-13 10:00,2026-07-13 11:00,2026-07-13 16:00,Rớt hôm nay
SG BẢY HIỀN,Transporting,1,5,,2026-07-13,2026-07-13,2026-07-13,,2026-07-13 10:00,2026-07-13 14:00,2026-07-13 15:00,Rớt hôm nay
SG BÌNH LỢI TRUNG,Transporting,2,15,,2026-07-13,2026-07-13,2026-07-13,,2026-07-13 10:00,2026-07-13 16:00,2026-07-13 16:00,Rớt hôm nay
SG CHỢ LỚN,Transporting,9,93,,2026-07-13,2026-07-13,2026-07-13,,2026-07-13 09:00,2026-07-13 12:00,2026-07-13 18:00,Rớt hôm nay
SG CHỢ LỚN,Transporting,2,24,,2026-07-13,2026-07-13,2026-07-13,,2026-07-13 09:00,2026-07-13 13:00,2026-07-13 18:00,Rớt hôm nay
SG CHỢ LỚN,Transporting,2,29,,2026-07-13,2026-07-13,2026-07-13,,2026-07-13 10:00,2026-07-13 13:00,2026-07-13 18:00,Rớt hôm nay
SG CHỢ LỚN,Created,1,10,,2026-07-13,,,,2026-07-13 10:00,,,Rớt hôm nay
SG CHỢ LỚN,Transporting,5,31,,2026-07-13,2026-07-13,2026-07-13,,2026-07-13 10:00,2026-07-13 12:00,2026-07-13 18:00,Rớt hôm nay
SG BÌNH TRỊ ĐÔNG,Pickup Done,11,73,,2026-07-13,2026-07-13,,,2026-07-13 10:00,2026-07-13 15:00,,Rớt hôm nay
SG TÂN SƠN NHÌ,Transporting,3,15,,2026-07-13,2026-07-13,2026-07-13,,2026-07-13 10:00,2026-07-13 16:00,2026-07-13 17:00,Rớt hôm nay
SG BÌNH TRỊ ĐÔNG,Pickup Done,5,29,,2026-07-13,2026-07-13,,,2026-07-13 10:00,2026-07-13 16:00,,Rớt hôm nay
SG BÌNH TRỊ ĐÔNG,Pickup Done,1,16,,2026-07-13,2026-07-13,,,2026-07-13 10:00,2026-07-13 14:00,,Rớt hôm nay
SG GÒ VẤP,Pickup Done,3,24,,2026-07-13,2026-07-13,,,2026-07-13 09:00,2026-07-13 12:00,,Rớt hôm nay
SG GÒ VẤP,Pickup Done,1,15,,2026-07-13,2026-07-13,,,2026-07-13 10:00,2026-07-13 16:00,,Rớt hôm nay
SG NHƠN ĐỨC,Inbound,1,18,2026-07-13,2026-07-13,2026-07-13,2026-07-13,2026-07-13 19:00,2026-07-13 09:00,2026-07-13 16:00,2026-07-13 17:00,Rớt hôm nay
SG NHƠN ĐỨC,Inbound,1,5,2026-07-13,2026-07-13,2026-07-13,2026-07-13,2026-07-13 19:00,2026-07-13 09:00,2026-07-13 17:00,2026-07-13 18:00,Rớt hôm nay
SG NHƠN ĐỨC,Inbound,36,456,2026-07-13,2026-07-13,2026-07-13,2026-07-13,2026-07-13 19:00,2026-07-13 10:00,2026-07-13 17:00,2026-07-13 18:00,Rớt hôm nay
SG NHƠN ĐỨC,Inbound,9,129,2026-07-13,2026-07-13,2026-07-13,2026-07-13,2026-07-13 19:00,2026-07-13 10:00,2026-07-13 11:00,2026-07-13 18:00,Rớt hôm nay
SG NHƠN ĐỨC,Pickup Done,5,65,,2026-07-13,2026-07-13,,,2026-07-13 10:00,2026-07-13 11:00,,Rớt hôm nay
SG NHƠN ĐỨC,Inbound,1,36,2026-07-13,2026-07-13,2026-07-13,2026-07-13,2026-07-13 19:00,2026-07-13 10:00,2026-07-13 16:00,2026-07-13 17:00,Rớt hôm nay
SG PHÚ NHUẬN,Transporting,1,7,,2026-07-13,2026-07-13,2026-07-13,,2026-07-13 09:00,2026-07-13 13:00,2026-07-13 17:00,Rớt hôm nay
SG PHÚ NHUẬN,Transporting,7,54,,2026-07-13,2026-07-13,2026-07-13,,2026-07-13 10:00,2026-07-13 13:00,2026-07-13 17:00,Rớt hôm nay
SG PHÚ NHUẬN,Transporting,1,8,,2026-07-13,2026-07-13,2026-07-13,,2026-07-13 10:00,2026-07-13 14:00,2026-07-13 17:00,Rớt hôm nay
SG PHÚ NHUẬN,Created,1,14,,2026-07-13,,,,2026-07-13 10:00,,,Rớt hôm nay
SG HIỆP BÌNH,Transporting,1,13,,2026-07-13,2026-07-13,2026-07-13,,2026-07-13 09:00,2026-07-13 14:00,2026-07-13 20:00,Rớt hôm nay
SG HIỆP BÌNH,Transporting,6,51,,2026-07-13,2026-07-13,2026-07-13,,2026-07-13 10:00,2026-07-13 14:00,2026-07-13 19:00,Rớt hôm nay
SG HIỆP BÌNH,Transporting,2,19,,2026-07-13,2026-07-13,2026-07-13,,2026-07-13 10:00,2026-07-13 11:00,2026-07-13 19:00,Rớt hôm nay
SG HIỆP BÌNH,Transporting,4,62,,2026-07-13,2026-07-13,2026-07-13,,2026-07-13 10:00,2026-07-13 16:00,2026-07-13 20:00,Rớt hôm nay
SG HIỆP BÌNH,Transporting,10,120,,2026-07-13,2026-07-13,2026-07-13,,2026-07-13 10:00,2026-07-13 16:00,2026-07-13 19:00,Rớt hôm nay
SG HIỆP BÌNH,Created,1,19,,2026-07-13,,,,2026-07-13 10:00,,,Rớt hôm nay
SG BÀ ĐIỂM,Pickup Done,5,28,,2026-07-13,2026-07-13,,,2026-07-13 09:00,2026-07-13 17:00,,Rớt hôm nay
SG BÀ ĐIỂM,Created,1,92,,2026-07-13,,,,2026-07-13 10:00,,,Rớt hôm nay
SG BÀ ĐIỂM,Pickup Done,4,38,,2026-07-13,2026-07-13,,,2026-07-13 10:00,2026-07-13 11:00,,Rớt hôm nay
LA ĐỨC HÒA,Inbound,1,8,2026-07-13,2026-07-13,2026-07-13,2026-07-13,2026-07-13 19:00,2026-07-13 10:00,2026-07-13 15:00,2026-07-13 15:00,Rớt hôm nay
LA ĐỨC HÒA,Inbound,8,57,2026-07-13,2026-07-13,2026-07-13,2026-07-13,2026-07-13 19:00,2026-07-13 10:00,2026-07-13 11:00,2026-07-13 17:00,Rớt hôm nay
LA ĐỨC HÒA,Inbound,2,14,2026-07-13,2026-07-13,2026-07-13,2026-07-13,2026-07-13 19:00,2026-07-13 10:00,2026-07-13 18:00,2026-07-13 18:00,Rớt hôm nay
LA ĐỨC HÒA,Created,1,6,,2026-07-13,,,,2026-07-13 10:00,,,Rớt hôm nay
LA ĐỨC HÒA,Inbound,1,6,2026-07-13,2026-07-13,2026-07-13,2026-07-13,2026-07-13 19:00,2026-07-13 10:00,2026-07-13 15:00,2026-07-13 16:00,Rớt hôm nay
VL VĨNH LONG,Transporting,1,9,,2026-07-13,2026-07-13,2026-07-13,,2026-07-13 09:00,2026-07-13 11:00,2026-07-13 16:00,Rớt hôm nay
VL CHỢ LÁCH,Transporting,2,11,,2026-07-13,2026-07-13,2026-07-13,,2026-07-13 10:00,2026-07-13 11:00,2026-07-13 18:00,Rớt hôm nay
,Transporting,2,0,,2026-07-10,2026-07-10,2026-07-11,,2026-07-10 14:00,2026-07-10 20:00,2026-07-11 21:00,Rớt hôm nay
,Transporting,5,0,,2026-07-10,2026-07-10,2026-07-11,,2026-07-10 15:00,2026-07-10 18:00,2026-07-11 21:00,Rớt hôm nay
,Transporting,4,0,,2026-07-10,2026-07-10,2026-07-11,,2026-07-10 10:00,2026-07-10 10:00,2026-07-11 21:00,Rớt hôm nay
,Transporting,6,0,,2026-07-10,2026-07-10,2026-07-11,,2026-07-10 17:00,2026-07-10 19:00,2026-07-11 21:00,Rớt hôm nay
,Transporting,18,0,,2026-07-10,2026-07-10,2026-07-11,,2026-07-10 07:00,2026-07-10 11:00,2026-07-11 21:00,Rớt hôm nay
,Transporting,6,0,,2026-07-09,2026-07-09,2026-07-11,,2026-07-09 18:00,2026-07-09 21:00,2026-07-11 21:00,Rớt hôm nay
,Transporting,12,0,,2026-07-10,2026-07-10,2026-07-11,,2026-07-10 13:00,2026-07-10 20:00,2026-07-11 21:00,Rớt hôm nay
,Transporting,3,0,,2026-07-10,2026-07-10,2026-07-11,,2026-07-10 17:00,2026-07-10 20:00,2026-07-11 21:00,Rớt hôm nay
,Transporting,1,0,,2026-07-09,2026-07-10,2026-07-11,,2026-07-09 13:00,2026-07-10 10:00,2026-07-11 21:00,Rớt hôm trước
,Transporting,9,0,,2026-07-10,2026-07-10,2026-07-11,,2026-07-10 08:00,2026-07-10 11:00,2026-07-11 21:00,Rớt hôm nay
,Transporting,3,0,,2026-07-10,2026-07-10,2026-07-11,,2026-07-10 08:00,2026-07-10 10:00,2026-07-11 21:00,Rớt hôm nay
,Transporting,3,0,,2026-07-10,2026-07-10,2026-07-11,,2026-07-10 10:00,2026-07-10 19:00,2026-07-11 21:00,Rớt hôm nay
,Transporting,25,0,,2026-07-10,2026-07-10,2026-07-11,,2026-07-10 08:00,2026-07-10 09:00,2026-07-11 21:00,Rớt hôm nay
,Transporting,2,0,,2026-07-10,2026-07-10,2026-07-11,,2026-07-10 13:00,2026-07-10 17:00,2026-07-11 21:00,Rớt hôm nay
,Transporting,1,0,,2026-07-09,2026-07-09,2026-07-11,,2026-07-09 14:00,2026-07-09 16:00,2026-07-11 21:00,Rớt hôm nay
,Transporting,1,0,,2026-07-04,2026-07-04,2026-07-11,,2026-07-04 08:00,2026-07-04 17:00,2026-07-11 21:00,Rớt hôm nay
,Transporting,13,0,,2026-07-10,2026-07-10,2026-07-11,,2026-07-10 13:00,2026-07-10 15:00,2026-07-11 21:00,Rớt hôm nay
,Transporting,2,0,,2026-07-10,2026-07-10,2026-07-11,,2026-07-10 15:00,2026-07-10 15:00,2026-07-11 21:00,Rớt hôm nay
,Transporting,1,0,,2026-07-10,2026-07-10,2026-07-11,,2026-07-10 10:00,2026-07-10 12:00,2026-07-11 21:00,Rớt hôm nay
,Transporting,1,0,,2026-07-10,2026-07-10,2026-07-11,,2026-07-10 09:00,2026-07-10 19:00,2026-07-11 21:00,Rớt hôm nay
,Transporting,4,0,,2026-07-10,2026-07-10,2026-07-11,,2026-07-10 13:00,2026-07-10 19:00,2026-07-11 21:00,Rớt hôm nay
,Transporting,15,0,,2026-07-10,2026-07-10,2026-07-11,,2026-07-10 09:00,2026-07-10 11:00,2026-07-11 21:00,Rớt hôm nay
,Transporting,4,0,,2026-07-10,2026-07-10,2026-07-11,,2026-07-10 08:00,2026-07-10 15:00,2026-07-11 21:00,Rớt hôm nay
,Transporting,3,0,,2026-07-10,2026-07-10,2026-07-11,,2026-07-10 09:00,2026-07-10 18:00,2026-07-11 21:00,Rớt hôm nay
,Transporting,2,0,,2026-07-10,2026-07-10,2026-07-11,,2026-07-10 08:00,2026-07-10 19:00,2026-07-11 21:00,Rớt hôm nay
,Transporting,4,0,,2026-07-11,2026-07-11,2026-07-11,,2026-07-11 17:00,2026-07-11 17:00,2026-07-11 21:00,Rớt hôm nay
,Transporting,23,0,,2026-07-11,2026-07-11,2026-07-11,,2026-07-11 14:00,2026-07-11 15:00,2026-07-11 21:00,Rớt hôm nay
,Transporting,9,0,,2026-07-11,2026-07-11,2026-07-11,,2026-07-11 10:00,2026-07-11 11:00,2026-07-11 21:00,Rớt hôm nay
,Transporting,7,0,,2026-07-11,2026-07-11,2026-07-11,,2026-07-11 15:00,2026-07-11 16:00,2026-07-11 21:00,Rớt hôm nay
,Transporting,14,0,,2026-07-11,2026-07-11,2026-07-11,,2026-07-11 07:00,2026-07-11 09:00,2026-07-11 21:00,Rớt hôm nay
,Transporting,3,0,,2026-07-09,2026-07-10,2026-07-11,,2026-07-09 08:00,2026-07-10 10:00,2026-07-11 21:00,Rớt hôm trước
,Transporting,1,0,,2026-07-09,2026-07-10,2026-07-11,,2026-07-09 17:00,2026-07-10 09:00,2026-07-11 21:00,Rớt hôm trước
,Transporting,7,0,,2026-07-10,2026-07-10,2026-07-11,,2026-07-10 07:00,2026-07-10 16:00,2026-07-11 21:00,Rớt hôm nay
,Transporting,4,0,,2026-07-09,2026-07-10,2026-07-11,,2026-07-09 13:00,2026-07-10 09:00,2026-07-11 21:00,Rớt hôm trước
,Transporting,5,0,,2026-07-09,2026-07-10,2026-07-11,,2026-07-09 23:00,2026-07-10 10:00,2026-07-11 21:00,Rớt hôm trước
,Transporting,2,0,,2026-07-10,2026-07-10,2026-07-11,,2026-07-10 10:00,2026-07-10 20:00,2026-07-11 21:00,Rớt hôm nay
,Transporting,3,0,,2026-07-10,2026-07-10,2026-07-11,,2026-07-10 15:00,2026-07-10 16:00,2026-07-11 21:00,Rớt hôm nay
,Transporting,1,0,,2026-07-10,2026-07-10,2026-07-11,,2026-07-10 14:00,2026-07-10 19:00,2026-07-11 21:00,Rớt hôm nay
,Transporting,2,0,,2026-07-10,2026-07-10,2026-07-11,,2026-07-10 11:00,2026-07-10 18:00,2026-07-11 21:00,Rớt hôm nay
,Transporting,13,0,,2026-07-10,2026-07-10,2026-07-11,,2026-07-10 14:00,2026-07-10 18:00,2026-07-11 21:00,Rớt hôm nay
,Transporting,1,0,,2026-07-10,2026-07-10,2026-07-11,,2026-07-10 06:00,2026-07-10 07:00,2026-07-11 21:00,Rớt hôm nay
,Transporting,2,0,,2026-07-09,2026-07-10,2026-07-11,,2026-07-09 14:00,2026-07-10 14:00,2026-07-11 21:00,Rớt hôm trước
,Transporting,5,0,,2026-07-10,2026-07-10,2026-07-11,,2026-07-10 07:00,2026-07-10 14:00,2026-07-11 21:00,Rớt hôm nay
,Transporting,1,0,,2026-07-09,2026-07-10,2026-07-11,,2026-07-09 07:00,2026-07-10 16:00,2026-07-11 21:00,Rớt hôm trước
,Transporting,1,0,,2026-07-10,2026-07-10,2026-07-11,,2026-07-10 16:00,2026-07-10 17:00,2026-07-11 21:00,Rớt hôm nay
,Transporting,2,0,,2026-07-10,2026-07-10,2026-07-11,,2026-07-10 08:00,2026-07-10 12:00,2026-07-11 21:00,Rớt hôm nay
,Transporting,1,0,,2026-07-09,2026-07-10,2026-07-11,,2026-07-09 14:00,2026-07-10 11:00,2026-07-11 21:00,Rớt hôm trước
,Transporting,3,0,,2026-07-10,2026-07-10,2026-07-11,,2026-07-10 15:00,2026-07-10 17:00,2026-07-11 21:00,Rớt hôm nay
,Transporting,3,0,,2026-07-10,2026-07-10,2026-07-11,,2026-07-10 14:00,2026-07-10 15:00,2026-07-11 21:00,Rớt hôm nay
,Transporting,4,0,,2026-07-11,2026-07-11,2026-07-11,,2026-07-11 14:00,2026-07-11 16:00,2026-07-11 21:00,Rớt hôm nay
,Transporting,5,0,,2026-07-11,2026-07-11,2026-07-11,,2026-07-11 08:00,2026-07-11 10:00,2026-07-11 21:00,Rớt hôm nay
,Transporting,2,0,,2026-07-11,2026-07-11,2026-07-11,,2026-07-11 11:00,2026-07-11 16:00,2026-07-11 21:00,Rớt hôm nay
,Transporting,2,0,,2026-07-10,2026-07-11,2026-07-11,,2026-07-11 00:00,2026-07-11 16:00,2026-07-11 21:00,Rớt hôm trước
,Transporting,5,0,,2026-07-11,2026-07-11,2026-07-11,,2026-07-11 10:00,2026-07-11 16:00,2026-07-11 21:00,Rớt hôm nay
,Transporting,1,0,,2026-07-09,2026-07-10,2026-07-11,,2026-07-09 09:00,2026-07-10 17:00,2026-07-11 21:00,Rớt hôm trước
,Transporting,1,0,,2026-07-11,2026-07-11,2026-07-11,,2026-07-11 07:00,2026-07-11 10:00,2026-07-11 21:00,Rớt hôm nay
,Transporting,4,0,,2026-07-11,2026-07-11,2026-07-11,,2026-07-11 08:00,2026-07-11 11:00,2026-07-11 21:00,Rớt hôm nay
,Transporting,1,0,,2026-07-11,2026-07-11,2026-07-11,,2026-07-11 09:00,2026-07-11 10:00,2026-07-11 21:00,Rớt hôm nay
,Transporting,1,0,,2026-07-11,2026-07-11,2026-07-11,,2026-07-11 13:00,2026-07-11 15:00,2026-07-11 21:00,Rớt hôm nay
,Transporting,4,0,,2026-07-10,2026-07-10,2026-07-11,,2026-07-10 11:00,2026-07-10 19:00,2026-07-11 21:00,Rớt hôm nay
,Transporting,1,0,,2026-07-10,2026-07-10,2026-07-11,,2026-07-10 08:00,2026-07-10 20:00,2026-07-11 21:00,Rớt hôm nay
,Transporting,2,0,,2026-07-10,2026-07-10,2026-07-11,,2026-07-10 16:00,2026-07-10 20:00,2026-07-11 21:00,Rớt hôm nay
,Transporting,2,0,,2026-07-10,2026-07-10,2026-07-11,,2026-07-10 10:00,2026-07-10 18:00,2026-07-11 21:00,Rớt hôm nay
,Transporting,1,0,,2026-07-10,2026-07-10,2026-07-11,,2026-07-10 18:00,2026-07-10 20:00,2026-07-11 21:00,Rớt hôm nay
,Transporting,1,0,,2026-07-10,2026-07-10,2026-07-11,,2026-07-10 09:00,2026-07-10 16:00,2026-07-11 21:00,Rớt hôm nay
,Transporting,1,0,,2026-07-09,2026-07-09,2026-07-11,,2026-07-09 13:00,2026-07-09 18:00,2026-07-11 21:00,Rớt hôm nay
,Transporting,1,0,,2026-07-10,2026-07-10,2026-07-11,,2026-07-10 09:00,2026-07-10 17:00,2026-07-11 21:00,Rớt hôm nay
,Transporting,3,0,,2026-07-10,2026-07-10,2026-07-11,,2026-07-10 10:00,2026-07-10 17:00,2026-07-11 21:00,Rớt hôm nay
,Transporting,1,0,,2026-07-10,2026-07-10,2026-07-11,,2026-07-10 17:00,2026-07-10 18:00,2026-07-11 21:00,Rớt hôm nay
,Transporting,2,0,,2026-07-10,2026-07-10,2026-07-11,,2026-07-10 13:00,2026-07-10 18:00,2026-07-11 21:00,Rớt hôm nay
,Transporting,2,0,,2026-07-10,2026-07-10,2026-07-11,,2026-07-10 12:00,2026-07-10 15:00,2026-07-11 21:00,Rớt hôm nay
,Transporting,1,0,,2026-07-09,2026-07-10,2026-07-11,,2026-07-09 13:00,2026-07-10 11:00,2026-07-11 21:00,Rớt hôm trước
,Transporting,3,0,,2026-07-10,2026-07-10,2026-07-11,,2026-07-10 07:00,2026-07-10 13:00,2026-07-11 21:00,Rớt hôm nay
,Transporting,1,0,,2026-07-09,2026-07-09,2026-07-11,,2026-07-09 14:00,2026-07-09 21:00,2026-07-11 21:00,Rớt hôm nay
,Transporting,1,0,,2026-07-10,2026-07-10,2026-07-11,,2026-07-10 11:00,2026-07-10 15:00,2026-07-11 21:00,Rớt hôm nay
,Transporting,1,0,,2026-07-09,2026-07-10,2026-07-11,,2026-07-09 06:00,2026-07-10 07:00,2026-07-11 21:00,Rớt hôm trước
,Transporting,3,0,,2026-07-09,2026-07-10,2026-07-11,,2026-07-09 07:00,2026-07-10 14:00,2026-07-11 21:00,Rớt hôm trước
,Transporting,1,0,,2026-07-08,2026-07-10,2026-07-11,,2026-07-09 01:00,2026-07-10 16:00,2026-07-11 21:00,Rớt hôm trước
,Transporting,2,0,,2026-07-10,2026-07-10,2026-07-11,,2026-07-10 14:00,2026-07-10 16:00,2026-07-11 21:00,Rớt hôm nay
,Transporting,1,0,,2026-07-03,2026-07-05,2026-07-11,,2026-07-03 21:00,2026-07-05 18:00,2026-07-11 21:00,Rớt hôm trước
,Transporting,1,0,,2026-07-09,2026-07-10,2026-07-11,,2026-07-09 08:00,2026-07-10 09:00,2026-07-11 21:00,Rớt hôm trước
,Transporting,1,0,,2026-07-08,2026-07-10,2026-07-11,,2026-07-08 13:00,2026-07-10 09:00,2026-07-11 21:00,Rớt hôm trước
,Transporting,1,0,,2026-07-11,2026-07-11,2026-07-11,,2026-07-11 06:00,2026-07-11 11:00,2026-07-11 21:00,Rớt hôm nay
,Transporting,1,0,,2026-07-10,2026-07-10,2026-07-11,,2026-07-10 15:00,2026-07-10 19:00,2026-07-11 21:00,Rớt hôm nay
,Transporting,1,0,,2026-07-11,2026-07-11,2026-07-11,,2026-07-11 16:00,2026-07-11 17:00,2026-07-11 21:00,Rớt hôm nay
,Transporting,1,0,,2026-07-10,2026-07-11,2026-07-11,,2026-07-10 18:00,2026-07-11 11:00,2026-07-11 21:00,Rớt hôm trước
,Transporting,2,0,,2026-07-11,2026-07-11,2026-07-11,,2026-07-11 08:00,2026-07-11 15:00,2026-07-11 21:00,Rớt hôm nay
,Transporting,1,0,,2026-07-11,2026-07-11,2026-07-11,,2026-07-11 10:00,2026-07-11 14:00,2026-07-11 21:00,Rớt hôm nay
,Transporting,1,0,,2026-07-11,2026-07-11,2026-07-11,,2026-07-11 11:00,2026-07-11 11:00,2026-07-11 21:00,Rớt hôm nay
,Transporting,1,0,,2026-07-11,2026-07-11,2026-07-11,,2026-07-11 12:00,2026-07-11 16:00,2026-07-11 21:00,Rớt hôm nay
,Transporting,2,0,,2026-07-10,2026-07-11,2026-07-11,,2026-07-10 16:00,2026-07-11 15:00,2026-07-11 21:00,Rớt hôm trước
,Transporting,1,0,,2026-07-11,2026-07-11,2026-07-11,,2026-07-11 09:00,2026-07-11 15:00,2026-07-11 21:00,Rớt hôm nay
,Transporting,1,0,,2026-07-11,2026-07-11,2026-07-11,,2026-07-11 08:00,2026-07-11 16:00,2026-07-11 21:00,Rớt hôm nay
,Transporting,1,0,,2026-07-10,2026-07-10,2026-07-11,,2026-07-10 10:00,2026-07-10 21:00,2026-07-11 21:00,Rớt hôm nay
,Transporting,5,0,,2026-07-11,2026-07-11,2026-07-11,,2026-07-11 08:00,2026-07-11 09:00,2026-07-11 21:00,Rớt hôm nay
,Transporting,1,0,,2026-07-10,2026-07-11,2026-07-11,,2026-07-10 08:00,2026-07-11 09:00,2026-07-11 21:00,Rớt hôm trước
,Transporting,1,0,,2026-07-11,2026-07-11,2026-07-11,,2026-07-11 07:00,2026-07-11 11:00,2026-07-11 21:00,Rớt hôm nay
,Transporting,3,0,,2026-07-10,2026-07-10,2026-07-11,,2026-07-10 16:00,2026-07-10 18:00,2026-07-11 21:00,Rớt hôm nay
,Transporting,1,0,,2026-07-10,2026-07-10,2026-07-11,,2026-07-10 09:00,2026-07-10 14:00,2026-07-11 21:00,Rớt hôm nay
,Transporting,1,0,,2026-07-09,2026-07-10,2026-07-11,,2026-07-09 13:00,2026-07-10 19:00,2026-07-11 21:00,Rớt hôm trước
,Transporting,1,0,,2026-07-09,2026-07-10,2026-07-11,,2026-07-09 16:00,2026-07-10 12:00,2026-07-11 21:00,Rớt hôm trước
,Transporting,1,0,,2026-07-09,2026-07-10,2026-07-11,,2026-07-09 10:00,2026-07-10 17:00,2026-07-11 21:00,Rớt hôm trước
,Transporting,1,0,,2026-07-10,2026-07-10,2026-07-11,,2026-07-10 07:00,2026-07-10 19:00,2026-07-11 21:00,Rớt hôm nay
,Transporting,1,0,,2026-07-10,2026-07-10,2026-07-11,,2026-07-10 10:00,2026-07-10 16:00,2026-07-11 21:00,Rớt hôm nay
,Transporting,1,0,,2026-07-09,2026-07-10,2026-07-11,,2026-07-09 15:00,2026-07-10 12:00,2026-07-11 21:00,Rớt hôm trước
,Transporting,1,0,,2026-07-10,2026-07-10,2026-07-11,,2026-07-10 11:00,2026-07-10 16:00,2026-07-11 21:00,Rớt hôm nay
,Transporting,1,0,,2026-07-10,2026-07-10,2026-07-11,,2026-07-10 17:00,2026-07-10 20:00,2026-07-11 22:00,Rớt hôm nay
,Transporting,1,0,,2026-07-10,2026-07-10,2026-07-11,,2026-07-10 17:00,2026-07-10 19:00,2026-07-11 22:00,Rớt hôm nay
,Transporting,1,0,,2026-07-09,2026-07-10,2026-07-11,,2026-07-09 21:00,2026-07-10 13:00,2026-07-11 22:00,Rớt hôm trước
,Transporting,1,0,,2026-07-10,2026-07-10,2026-07-11,,2026-07-10 09:00,2026-07-10 19:00,2026-07-11 22:00,Rớt hôm nay
,Transporting,1,0,,2026-07-10,2026-07-10,2026-07-11,,2026-07-10 06:00,2026-07-10 07:00,2026-07-11 22:00,Rớt hôm nay
,Transporting,65,0,,2026-07-11,2026-07-11,2026-07-11,,2026-07-11 08:00,2026-07-11 09:00,2026-07-11 22:00,Rớt hôm nay
,Transporting,52,0,,2026-07-11,2026-07-11,2026-07-11,,2026-07-11 14:00,2026-07-11 16:00,2026-07-11 22:00,Rớt hôm nay
,Transporting,2,0,,2026-07-11,2026-07-11,2026-07-11,,2026-07-11 10:00,2026-07-11 18:00,2026-07-11 22:00,Rớt hôm nay
,Transporting,1,0,,2026-07-11,2026-07-11,2026-07-11,,2026-07-11 13:00,2026-07-11 18:00,2026-07-11 22:00,Rớt hôm nay
,Transporting,2,0,,2026-07-11,2026-07-11,2026-07-11,,2026-07-11 15:00,2026-07-11 18:00,2026-07-11 22:00,Rớt hôm nay
,Transporting,2,0,,2026-07-11,2026-07-11,2026-07-11,,2026-07-11 11:00,2026-07-11 18:00,2026-07-11 22:00,Rớt hôm nay
,Transporting,1,0,,2026-07-11,2026-07-11,2026-07-11,,2026-07-11 09:00,2026-07-11 18:00,2026-07-11 22:00,Rớt hôm nay
,Transporting,1,0,,2026-07-11,2026-07-11,2026-07-11,,2026-07-11 09:00,2026-07-11 17:00,2026-07-11 22:00,Rớt hôm nay
,Transporting,3,0,,2026-07-11,2026-07-11,2026-07-11,,2026-07-11 16:00,2026-07-11 18:00,2026-07-11 22:00,Rớt hôm nay
,Transporting,6,0,,2026-07-11,2026-07-11,2026-07-11,,2026-07-11 10:00,2026-07-11 17:00,2026-07-11 22:00,Rớt hôm nay
,Transporting,1,0,,2026-07-11,2026-07-11,2026-07-11,,2026-07-11 11:00,2026-07-11 17:00,2026-07-11 22:00,Rớt hôm nay
,Transporting,1,0,,2026-07-10,2026-07-11,2026-07-11,,2026-07-10 16:00,2026-07-11 17:00,2026-07-11 22:00,Rớt hôm trước
,Transporting,1,0,,2026-07-04,2026-07-04,2026-07-11,,2026-07-04 08:00,2026-07-04 09:00,2026-07-11 22:00,Rớt hôm nay
,Transporting,5,0,,2026-07-11,2026-07-11,2026-07-11,,2026-07-11 13:00,2026-07-11 16:00,2026-07-11 22:00,Rớt hôm nay
,Transporting,8,0,,2026-07-11,2026-07-11,2026-07-11,,2026-07-11 10:00,2026-07-11 16:00,2026-07-11 22:00,Rớt hôm nay
,Transporting,10,0,,2026-07-11,2026-07-11,2026-07-11,,2026-07-11 08:00,2026-07-11 10:00,2026-07-11 22:00,Rớt hôm nay
,Transporting,8,0,,2026-07-11,2026-07-11,2026-07-11,,2026-07-11 15:00,2026-07-11 16:00,2026-07-11 22:00,Rớt hôm nay
,Transporting,27,0,,2026-07-11,2026-07-11,2026-07-11,,2026-07-11 07:00,2026-07-11 11:00,2026-07-11 22:00,Rớt hôm nay
,Transporting,1,0,,2026-07-10,2026-07-11,2026-07-11,,2026-07-11 05:00,2026-07-11 11:00,2026-07-11 22:00,Rớt hôm trước
,Transporting,19,0,,2026-07-11,2026-07-11,2026-07-11,,2026-07-11 08:00,2026-07-11 11:00,2026-07-11 22:00,Rớt hôm nay
,Transporting,15,0,,2026-07-11,2026-07-11,2026-07-11,,2026-07-11 10:00,2026-07-11 11:00,2026-07-11 22:00,Rớt hôm nay
,Transporting,6,0,,2026-07-11,2026-07-11,2026-07-11,,2026-07-11 09:00,2026-07-11 11:00,2026-07-11 22:00,Rớt hôm nay
,Transporting,3,0,,2026-07-11,2026-07-11,2026-07-11,,2026-07-11 13:00,2026-07-11 14:00,2026-07-11 22:00,Rớt hôm nay
,Transporting,6,0,,2026-07-11,2026-07-11,2026-07-11,,2026-07-11 15:00,2026-07-11 17:00,2026-07-11 22:00,Rớt hôm nay
,Transporting,3,0,,2026-07-11,2026-07-11,2026-07-11,,2026-07-11 10:00,2026-07-11 14:00,2026-07-11 22:00,Rớt hôm nay
,Transporting,14,0,,2026-07-11,2026-07-11,2026-07-11,,2026-07-11 07:00,2026-07-11 14:00,2026-07-11 22:00,Rớt hôm nay
,Transporting,3,0,,2026-07-11,2026-07-11,2026-07-11,,2026-07-11 09:00,2026-07-11 10:00,2026-07-11 22:00,Rớt hôm nay
,Transporting,3,0,,2026-07-10,2026-07-11,2026-07-11,,2026-07-10 23:00,2026-07-11 17:00,2026-07-11 22:00,Rớt hôm trước
,Transporting,10,0,,2026-07-11,2026-07-11,2026-07-11,,2026-07-11 09:00,2026-07-11 16:00,2026-07-11 22:00,Rớt hôm nay
,Transporting,1,0,,2026-07-11,2026-07-11,2026-07-11,,2026-07-11 16:00,2026-07-11 16:00,2026-07-11 22:00,Rớt hôm nay
,Transporting,15,0,,2026-07-11,2026-07-11,2026-07-11,,2026-07-11 13:00,2026-07-11 17:00,2026-07-11 22:00,Rớt hôm nay
,Transporting,3,0,,2026-07-11,2026-07-11,2026-07-11,,2026-07-11 17:00,2026-07-11 18:00,2026-07-11 22:00,Rớt hôm nay
,Transporting,19,0,,2026-07-11,2026-07-11,2026-07-11,,2026-07-11 12:00,2026-07-11 15:00,2026-07-11 22:00,Rớt hôm nay
,Transporting,1,0,,2026-07-11,2026-07-11,2026-07-11,,2026-07-11 09:00,2026-07-11 14:00,2026-07-11 22:00,Rớt hôm nay
,Transporting,1,0,,2026-07-10,2026-07-11,2026-07-11,,2026-07-10 14:00,2026-07-11 11:00,2026-07-11 22:00,Rớt hôm trước
,Transporting,1,0,,2026-07-10,2026-07-10,2026-07-11,,2026-07-10 08:00,2026-07-10 18:00,2026-07-11 22:00,Rớt hôm nay
,Transporting,25,0,,2026-07-11,2026-07-11,2026-07-11,,2026-07-11 14:00,2026-07-11 15:00,2026-07-11 22:00,Rớt hôm nay
,Transporting,4,0,,2026-07-11,2026-07-11,2026-07-11,,2026-07-11 06:00,2026-07-11 11:00,2026-07-11 22:00,Rớt hôm nay
,Transporting,12,0,,2026-07-11,2026-07-11,2026-07-11,,2026-07-11 08:00,2026-07-11 16:00,2026-07-11 22:00,Rớt hôm nay
,Transporting,2,0,,2026-07-11,2026-07-11,2026-07-11,,2026-07-11 13:00,2026-07-11 15:00,2026-07-11 22:00,Rớt hôm nay
,Transporting,1,0,,2026-07-11,2026-07-11,2026-07-11,,2026-07-11 11:00,2026-07-11 15:00,2026-07-11 22:00,Rớt hôm nay
,Transporting,2,0,,2026-07-10,2026-07-11,2026-07-11,,2026-07-11 01:00,2026-07-11 17:00,2026-07-11 22:00,Rớt hôm trước
,Transporting,2,0,,2026-07-11,2026-07-11,2026-07-11,,2026-07-11 15:00,2026-07-11 15:00,2026-07-11 22:00,Rớt hôm nay
,Transporting,3,0,,2026-07-10,2026-07-11,2026-07-11,,2026-07-10 22:00,2026-07-11 10:00,2026-07-11 22:00,Rớt hôm trước
,Transporting,1,0,,2026-07-10,2026-07-11,2026-07-11,,2026-07-11 00:00,2026-07-11 10:00,2026-07-11 22:00,Rớt hôm trước
,Transporting,1,0,,2026-07-10,2026-07-11,2026-07-11,,2026-07-10 21:00,2026-07-11 15:00,2026-07-11 22:00,Rớt hôm trước
,Transporting,1,0,,2026-07-11,2026-07-11,2026-07-11,,2026-07-11 08:00,2026-07-11 15:00,2026-07-11 22:00,Rớt hôm nay
,Transporting,1,0,,2026-07-11,2026-07-11,2026-07-11,,2026-07-11 10:00,2026-07-11 15:00,2026-07-11 22:00,Rớt hôm nay
,Transporting,1,0,,2026-07-10,2026-07-11,2026-07-11,,2026-07-10 14:00,2026-07-11 15:00,2026-07-11 22:00,Rớt hôm trước
,Transporting,1,0,,2026-07-10,2026-07-11,2026-07-11,,2026-07-10 17:00,2026-07-11 15:00,2026-07-11 22:00,Rớt hôm trước
,Transporting,1,0,,2026-07-10,2026-07-11,2026-07-11,,2026-07-10 23:00,2026-07-11 11:00,2026-07-11 22:00,Rớt hôm trước
,Transporting,4,0,,2026-07-11,2026-07-11,2026-07-11,,2026-07-11 06:00,2026-07-11 10:00,2026-07-11 22:00,Rớt hôm nay
,Transporting,1,0,,2026-07-10,2026-07-11,2026-07-11,,2026-07-10 22:00,2026-07-11 12:00,2026-07-11 22:00,Rớt hôm trước
,Transporting,1,0,,2026-07-09,2026-07-11,2026-07-11,,2026-07-09 19:00,2026-07-11 19:00,2026-07-11 22:00,Rớt hôm trước
,Transporting,7,0,,2026-07-10,2026-07-11,2026-07-11,,2026-07-10 08:00,2026-07-11 10:00,2026-07-11 22:00,Rớt hôm trước
,Transporting,1,0,,2026-07-10,2026-07-11,2026-07-11,,2026-07-10 19:00,2026-07-11 17:00,2026-07-11 22:00,Rớt hôm trước
,Transporting,1,0,,2026-07-10,2026-07-11,2026-07-11,,2026-07-10 08:00,2026-07-11 09:00,2026-07-11 22:00,Rớt hôm trước
,Transporting,3,0,,2026-07-10,2026-07-11,2026-07-11,,2026-07-10 21:00,2026-07-11 11:00,2026-07-11 22:00,Rớt hôm trước
,Transporting,1,0,,2026-07-10,2026-07-11,2026-07-11,,2026-07-10 22:00,2026-07-11 11:00,2026-07-11 22:00,Rớt hôm trước
,Transporting,1,0,,2026-07-10,2026-07-11,2026-07-11,,2026-07-10 10:00,2026-07-11 09:00,2026-07-11 22:00,Rớt hôm trước
,Transporting,1,0,,2026-07-10,2026-07-11,2026-07-11,,2026-07-10 12:00,2026-07-11 11:00,2026-07-11 22:00,Rớt hôm trước
,Transporting,1,0,,2026-07-10,2026-07-11,2026-07-11,,2026-07-10 17:00,2026-07-11 11:00,2026-07-11 22:00,Rớt hôm trước
,Transporting,1,0,,2026-07-11,2026-07-11,2026-07-11,,2026-07-11 11:00,2026-07-11 11:00,2026-07-11 22:00,Rớt hôm nay
,Transporting,26,0,,2026-07-11,2026-07-11,2026-07-11,,2026-07-11 06:00,2026-07-11 15:00,2026-07-11 22:00,Rớt hôm nay
,Transporting,3,0,,2026-07-11,2026-07-11,2026-07-11,,2026-07-11 07:00,2026-07-11 16:00,2026-07-11 22:00,Rớt hôm nay
,Transporting,1,0,,2026-07-11,2026-07-11,2026-07-11,,2026-07-11 06:00,2026-07-11 17:00,2026-07-11 22:00,Rớt hôm nay
,Transporting,3,0,,2026-07-10,2026-07-11,2026-07-11,,2026-07-11 05:00,2026-07-11 15:00,2026-07-11 22:00,Rớt hôm trước
,Transporting,1,0,,2026-07-10,2026-07-11,2026-07-11,,2026-07-10 07:00,2026-07-11 14:00,2026-07-11 22:00,Rớt hôm trước
,Transporting,1,0,,2026-07-11,2026-07-11,2026-07-11,,2026-07-11 06:00,2026-07-11 14:00,2026-07-11 22:00,Rớt hôm nay
,Transporting,1,0,,2026-07-11,2026-07-11,2026-07-11,,2026-07-11 09:00,2026-07-11 20:00,2026-07-11 22:00,Rớt hôm nay
,Transporting,1,0,,2026-07-10,2026-07-11,2026-07-11,,2026-07-10 10:00,2026-07-11 17:00,2026-07-11 22:00,Rớt hôm trước
,Transporting,10,0,,2026-07-09,2026-07-11,2026-07-11,,2026-07-09 15:00,2026-07-11 16:00,2026-07-11 22:00,Rớt hôm trước
,Transporting,8,0,,2026-07-10,2026-07-11,2026-07-11,,2026-07-10 14:00,2026-07-11 16:00,2026-07-11 22:00,Rớt hôm trước
,Transporting,9,0,,2026-07-11,2026-07-11,2026-07-11,,2026-07-11 11:00,2026-07-11 16:00,2026-07-11 22:00,Rớt hôm nay
,Transporting,2,0,,2026-07-11,2026-07-11,2026-07-11,,2026-07-11 09:00,2026-07-11 15:00,2026-07-11 22:00,Rớt hôm nay
,Transporting,1,0,,2026-07-04,2026-07-04,2026-07-11,,2026-07-04 09:00,2026-07-04 22:00,2026-07-11 22:00,Rớt hôm nay
,Transporting,2,0,,2026-07-11,2026-07-11,2026-07-11,,2026-07-11 16:00,2026-07-11 17:00,2026-07-11 22:00,Rớt hôm nay
,Transporting,10,0,,2026-07-11,2026-07-11,2026-07-11,,2026-07-11 07:00,2026-07-11 09:00,2026-07-11 22:00,Rớt hôm nay
,Transporting,3,0,,2026-07-11,2026-07-11,2026-07-11,,2026-07-11 12:00,2026-07-11 16:00,2026-07-11 22:00,Rớt hôm nay
,Inbound,2,0,2026-07-13,2026-07-11,2026-07-11,2026-07-11,2026-07-13 20:00,2026-07-11 12:00,2026-07-11 16:00,2026-07-11 22:00,Rớt hôm nay
,Transporting,2,0,,2026-07-11,2026-07-11,2026-07-11,,2026-07-11 14:00,2026-07-11 18:00,2026-07-11 22:00,Rớt hôm nay
,Transporting,2,0,,2026-07-11,2026-07-11,2026-07-11,,2026-07-11 08:00,2026-07-11 17:00,2026-07-11 22:00,Rớt hôm nay
,Transporting,1,0,,2026-07-10,2026-07-11,2026-07-11,,2026-07-10 20:00,2026-07-11 11:00,2026-07-11 22:00,Rớt hôm trước
,Transporting,1,0,,2026-07-10,2026-07-11,2026-07-11,,2026-07-10 11:00,2026-07-11 11:00,2026-07-11 22:00,Rớt hôm trước
,Transporting,1,0,,2026-07-09,2026-07-11,2026-07-11,,2026-07-09 09:00,2026-07-11 11:00,2026-07-11 22:00,Rớt hôm trước
,Transporting,1,0,,2026-07-09,2026-07-10,2026-07-11,,2026-07-09 09:00,2026-07-10 10:00,2026-07-11 22:00,Rớt hôm trước
,Transporting,1,0,,2026-07-11,2026-07-11,2026-07-11,,2026-07-11 13:00,2026-07-11 19:00,2026-07-11 22:00,Rớt hôm nay
,Transporting,1,0,,2026-07-10,2026-07-11,2026-07-11,,2026-07-10 10:00,2026-07-11 11:00,2026-07-11 22:00,Rớt hôm trước
,Transporting,1,0,,2026-07-07,2026-07-10,2026-07-11,,2026-07-07 12:00,2026-07-10 10:00,2026-07-11 22:00,Rớt hôm trước
,Transporting,1,0,,2026-07-08,2026-07-09,2026-07-11,,2026-07-08 20:00,2026-07-09 10:00,2026-07-11 22:00,Rớt hôm trước
,Transporting,1,0,,2026-07-08,2026-07-10,2026-07-11,,2026-07-08 15:00,2026-07-10 10:00,2026-07-11 22:00,Rớt hôm trước
,Transporting,7,0,,2026-07-11,2026-07-11,2026-07-11,,2026-07-11 13:00,2026-07-11 20:00,2026-07-11 22:00,Rớt hôm nay
,Transporting,1,0,,2026-07-11,2026-07-11,2026-07-11,,2026-07-11 10:00,2026-07-11 20:00,2026-07-11 22:00,Rớt hôm nay
,Transporting,2,0,,2026-07-11,2026-07-11,2026-07-11,,2026-07-11 17:00,2026-07-11 20:00,2026-07-11 22:00,Rớt hôm nay
,Transporting,1,0,,2026-07-10,2026-07-11,2026-07-11,,2026-07-10 20:00,2026-07-11 10:00,2026-07-11 22:00,Rớt hôm trước
,Transporting,1,0,,2026-07-11,2026-07-11,2026-07-11,,2026-07-11 16:00,2026-07-11 19:00,2026-07-11 22:00,Rớt hôm nay
,Transporting,1,0,,2026-07-11,2026-07-11,2026-07-11,,2026-07-11 08:00,2026-07-11 19:00,2026-07-11 22:00,Rớt hôm nay
,Transporting,1,0,,2026-07-11,2026-07-11,2026-07-11,,2026-07-11 15:00,2026-07-11 20:00,2026-07-11 22:00,Rớt hôm nay
,Inbound,4,0,2026-07-13,2026-07-10,2026-07-11,2026-07-11,2026-07-13 20:00,2026-07-10 14:00,2026-07-11 16:00,2026-07-11 22:00,Rớt hôm trước
,Inbound,4,0,2026-07-13,2026-07-09,2026-07-11,2026-07-11,2026-07-13 20:00,2026-07-09 15:00,2026-07-11 16:00,2026-07-11 22:00,Rớt hôm trước
,Transporting,5,0,,2026-07-11,2026-07-11,2026-07-11,,2026-07-11 14:00,2026-07-11 14:00,2026-07-11 22:00,Rớt hôm nay
,Transporting,1,0,,2026-07-11,2026-07-11,2026-07-11,,2026-07-11 10:00,2026-07-11 10:00,2026-07-11 22:00,Rớt hôm nay
,Transporting,1,0,,2026-07-10,2026-07-11,2026-07-11,,2026-07-10 15:00,2026-07-11 09:00,2026-07-11 22:00,Rớt hôm trước
,Inbound,2,0,2026-07-13,2026-07-11,2026-07-11,2026-07-11,2026-07-13 20:00,2026-07-11 13:00,2026-07-11 17:00,2026-07-11 22:00,Rớt hôm nay
,Inbound,3,0,2026-07-13,2026-07-11,2026-07-11,2026-07-11,2026-07-13 20:00,2026-07-11 11:00,2026-07-11 16:00,2026-07-11 22:00,Rớt hôm nay
,Inbound,19,0,2026-07-13,2026-07-11,2026-07-11,2026-07-11,2026-07-13 20:00,2026-07-11 06:00,2026-07-11 15:00,2026-07-11 22:00,Rớt hôm nay
,Inbound,8,0,2026-07-13,2026-07-11,2026-07-11,2026-07-11,2026-07-13 20:00,2026-07-11 12:00,2026-07-11 15:00,2026-07-11 22:00,Rớt hôm nay
,Inbound,1,0,2026-07-13,2026-07-08,2026-07-10,2026-07-11,2026-07-13 20:00,2026-07-08 20:00,2026-07-10 10:00,2026-07-11 22:00,Rớt hôm trước
,Inbound,1,0,2026-07-13,2026-07-11,2026-07-11,2026-07-11,2026-07-13 20:00,2026-07-11 13:00,2026-07-11 20:00,2026-07-11 22:00,Rớt hôm nay
,Inbound,1,0,2026-07-13,2026-07-11,2026-07-11,2026-07-11,2026-07-13 20:00,2026-07-11 13:00,2026-07-11 19:00,2026-07-11 22:00,Rớt hôm nay
,Transporting,1,0,,2026-07-08,2026-07-11,2026-07-11,,2026-07-08 14:00,2026-07-11 11:00,2026-07-11 22:00,Rớt hôm trước
,Inbound,1,0,2026-07-13,2026-07-11,2026-07-11,2026-07-11,2026-07-13 20:00,2026-07-11 11:00,2026-07-11 17:00,2026-07-11 22:00,Rớt hôm nay
,Inbound,1,0,2026-07-13,2026-07-11,2026-07-11,2026-07-11,2026-07-13 20:00,2026-07-11 10:00,2026-07-11 11:00,2026-07-11 22:00,Rớt hôm nay
,Inbound,1,0,2026-07-13,2026-07-10,2026-07-11,2026-07-11,2026-07-13 20:00,2026-07-10 11:00,2026-07-11 11:00,2026-07-11 22:00,Rớt hôm trước
,Inbound,2,0,2026-07-13,2026-07-11,2026-07-11,2026-07-11,2026-07-13 20:00,2026-07-11 08:00,2026-07-11 11:00,2026-07-11 22:00,Rớt hôm nay
,Inbound,1,0,2026-07-13,2026-07-10,2026-07-11,2026-07-11,2026-07-13 20:00,2026-07-10 11:00,2026-07-11 17:00,2026-07-11 22:00,Rớt hôm trước
,Inbound,1,0,2026-07-13,2026-07-11,2026-07-11,2026-07-11,2026-07-13 20:00,2026-07-11 08:00,2026-07-11 19:00,2026-07-11 22:00,Rớt hôm nay
,Inbound,1,0,2026-07-13,2026-07-11,2026-07-11,2026-07-11,2026-07-13 20:00,2026-07-11 16:00,2026-07-11 19:00,2026-07-11 22:00,Rớt hôm nay
,Inbound,1,0,2026-07-13,2026-07-11,2026-07-11,2026-07-11,2026-07-13 20:00,2026-07-11 14:00,2026-07-11 20:00,2026-07-11 22:00,Rớt hôm nay
,Transporting,1,0,,2026-07-11,2026-07-11,2026-07-11,,2026-07-11 08:00,2026-07-11 11:00,2026-07-11 23:00,Rớt hôm nay
,Transporting,2,0,,2026-07-11,2026-07-11,2026-07-11,,2026-07-11 13:00,2026-07-11 16:00,2026-07-11 23:00,Rớt hôm nay
,Transporting,1,0,,2026-07-11,2026-07-11,2026-07-11,,2026-07-11 15:00,2026-07-11 16:00,2026-07-11 23:00,Rớt hôm nay
,Inbound,3,0,2026-07-13,2026-07-11,2026-07-11,2026-07-11,2026-07-13 20:00,2026-07-11 09:00,2026-07-11 16:00,2026-07-11 23:00,Rớt hôm nay
,Inbound,7,0,2026-07-13,2026-07-11,2026-07-11,2026-07-11,2026-07-13 20:00,2026-07-11 15:00,2026-07-11 16:00,2026-07-11 23:00,Rớt hôm nay
,Inbound,18,0,2026-07-13,2026-07-11,2026-07-11,2026-07-11,2026-07-13 20:00,2026-07-11 14:00,2026-07-11 16:00,2026-07-11 23:00,Rớt hôm nay
,Inbound,4,0,2026-07-13,2026-07-11,2026-07-11,2026-07-11,2026-07-13 20:00,2026-07-11 07:00,2026-07-11 09:00,2026-07-11 23:00,Rớt hôm nay
,Inbound,2,0,2026-07-13,2026-07-11,2026-07-11,2026-07-11,2026-07-13 20:00,2026-07-11 08:00,2026-07-11 10:00,2026-07-11 23:00,Rớt hôm nay
,Inbound,4,0,2026-07-13,2026-07-11,2026-07-11,2026-07-11,2026-07-13 20:00,2026-07-11 07:00,2026-07-11 14:00,2026-07-11 23:00,Rớt hôm nay
,Inbound,3,0,2026-07-13,2026-07-11,2026-07-11,2026-07-11,2026-07-13 20:00,2026-07-11 06:00,2026-07-11 17:00,2026-07-11 23:00,Rớt hôm nay
,Transporting,1,0,,2026-07-11,2026-07-11,2026-07-11,,2026-07-11 10:00,2026-07-11 17:00,2026-07-11 23:00,Rớt hôm nay
,Inbound,1,0,2026-07-13,2026-07-10,2026-07-11,2026-07-11,2026-07-13 20:00,2026-07-10 13:00,2026-07-11 16:00,2026-07-11 23:00,Rớt hôm trước
,Inbound,6,0,2026-07-13,2026-07-11,2026-07-11,2026-07-11,2026-07-13 20:00,2026-07-11 13:00,2026-07-11 15:00,2026-07-11 23:00,Rớt hôm nay
,Inbound,3,0,2026-07-13,2026-07-11,2026-07-11,2026-07-11,2026-07-13 20:00,2026-07-11 06:00,2026-07-11 14:00,2026-07-11 23:00,Rớt hôm nay
,Inbound,1,0,2026-07-13,2026-07-10,2026-07-11,2026-07-11,2026-07-13 20:00,2026-07-10 21:00,2026-07-11 11:00,2026-07-11 23:00,Rớt hôm trước
,Inbound,2,0,2026-07-13,2026-07-11,2026-07-11,2026-07-11,2026-07-13 20:00,2026-07-11 14:00,2026-07-11 17:00,2026-07-11 23:00,Rớt hôm nay
,Inbound,3,0,2026-07-13,2026-07-10,2026-07-11,2026-07-11,2026-07-13 20:00,2026-07-10 07:00,2026-07-11 14:00,2026-07-11 23:00,Rớt hôm trước
,Inbound,1,0,2026-07-13,2026-07-10,2026-07-11,2026-07-11,2026-07-13 20:00,2026-07-10 17:00,2026-07-11 11:00,2026-07-11 23:00,Rớt hôm trước
,Inbound,1,0,2026-07-13,2026-07-10,2026-07-10,2026-07-11,2026-07-13 20:00,2026-07-10 14:00,2026-07-10 18:00,2026-07-11 23:00,Rớt hôm nay
,Inbound,6,0,2026-07-13,2026-07-11,2026-07-11,2026-07-11,2026-07-13 20:00,2026-07-11 15:00,2026-07-11 17:00,2026-07-11 23:00,Rớt hôm nay
,Inbound,2,0,2026-07-13,2026-07-10,2026-07-11,2026-07-11,2026-07-13 20:00,2026-07-11 05:00,2026-07-11 15:00,2026-07-11 23:00,Rớt hôm trước
,Inbound,1,0,2026-07-13,2026-07-10,2026-07-11,2026-07-11,2026-07-13 20:00,2026-07-11 05:00,2026-07-11 16:00,2026-07-11 23:00,Rớt hôm trước
,Inbound,1,0,2026-07-13,2026-07-11,2026-07-11,2026-07-11,2026-07-13 20:00,2026-07-11 07:00,2026-07-11 07:00,2026-07-11 23:00,Rớt hôm nay
,Inbound,3,0,2026-07-13,2026-07-11,2026-07-11,2026-07-11,2026-07-13 20:00,2026-07-11 13:00,2026-07-11 16:00,2026-07-11 23:00,Rớt hôm nay
,Inbound,3,0,2026-07-13,2026-07-11,2026-07-11,2026-07-11,2026-07-13 20:00,2026-07-11 13:00,2026-07-11 17:00,2026-07-11 23:00,Rớt hôm nay
,Inbound,3,0,2026-07-13,2026-07-11,2026-07-11,2026-07-11,2026-07-13 20:00,2026-07-11 08:00,2026-07-11 09:00,2026-07-11 23:00,Rớt hôm nay
,Inbound,1,0,2026-07-13,2026-07-11,2026-07-11,2026-07-11,2026-07-13 20:00,2026-07-11 11:00,2026-07-11 16:00,2026-07-11 23:00,Rớt hôm nay
,Inbound,1,0,2026-07-13,2026-07-11,2026-07-11,2026-07-11,2026-07-13 20:00,2026-07-11 10:00,2026-07-11 16:00,2026-07-11 23:00,Rớt hôm nay
,Inbound,3,0,2026-07-13,2026-07-11,2026-07-11,2026-07-11,2026-07-13 20:00,2026-07-11 08:00,2026-07-11 11:00,2026-07-11 23:00,Rớt hôm nay
,Inbound,1,0,2026-07-13,2026-07-10,2026-07-11,2026-07-11,2026-07-13 20:00,2026-07-10 13:00,2026-07-11 09:00,2026-07-11 23:00,Rớt hôm trước
,Inbound,1,0,2026-07-13,2026-07-08,2026-07-11,2026-07-11,2026-07-13 20:00,2026-07-08 14:00,2026-07-11 14:00,2026-07-11 23:00,Rớt hôm trước
,Inbound,5,0,2026-07-13,2026-07-10,2026-07-11,2026-07-11,2026-07-13 20:00,2026-07-10 14:00,2026-07-11 14:00,2026-07-11 23:00,Rớt hôm trước
,Transporting,1,0,,2026-07-10,2026-07-11,2026-07-11,,2026-07-10 23:00,2026-07-11 11:00,2026-07-11 23:00,Rớt hôm trước
,Transporting,1,0,,2026-07-10,2026-07-11,2026-07-11,,2026-07-10 12:00,2026-07-11 11:00,2026-07-11 23:00,Rớt hôm trước
,Inbound,1,0,2026-07-13,2026-07-10,2026-07-11,2026-07-11,2026-07-13 20:00,2026-07-10 16:00,2026-07-11 10:00,2026-07-11 23:00,Rớt hôm trước
,Inbound,1,0,2026-07-13,2026-07-10,2026-07-11,2026-07-11,2026-07-13 20:00,2026-07-10 15:00,2026-07-11 15:00,2026-07-11 23:00,Rớt hôm trước
,Inbound,1,0,2026-07-13,2026-07-10,2026-07-11,2026-07-11,2026-07-13 20:00,2026-07-10 16:00,2026-07-11 14:00,2026-07-11 23:00,Rớt hôm trước
,Inbound,1,0,2026-07-13,2026-07-10,2026-07-11,2026-07-11,2026-07-13 20:00,2026-07-10 19:00,2026-07-11 11:00,2026-07-11 23:00,Rớt hôm trước
,Inbound,1,0,2026-07-13,2026-07-11,2026-07-11,2026-07-11,2026-07-13 20:00,2026-07-11 07:00,2026-07-11 17:00,2026-07-11 23:00,Rớt hôm nay
,Transporting,1,0,,2026-07-11,2026-07-11,2026-07-11,,2026-07-11 07:00,2026-07-11 14:00,2026-07-11 23:00,Rớt hôm nay
,Inbound,3,0,2026-07-13,2026-07-11,2026-07-11,2026-07-11,2026-07-13 20:00,2026-07-11 14:00,2026-07-11 14:00,2026-07-11 23:00,Rớt hôm nay
,Inbound,3,0,2026-07-13,2026-07-11,2026-07-11,2026-07-11,2026-07-13 20:00,2026-07-11 09:00,2026-07-11 10:00,2026-07-11 23:00,Rớt hôm nay
,Transporting,2,0,,2026-07-11,2026-07-11,2026-07-11,,2026-07-11 13:00,2026-07-11 18:00,2026-07-11 23:00,Rớt hôm nay
,Transporting,1,0,,2026-07-11,2026-07-11,2026-07-11,,2026-07-11 07:00,2026-07-11 09:00,2026-07-11 23:00,Rớt hôm nay
,Inbound,4,0,2026-07-13,2026-07-11,2026-07-11,2026-07-11,2026-07-13 20:00,2026-07-11 07:00,2026-07-11 11:00,2026-07-11 23:00,Rớt hôm nay
,Inbound,4,0,2026-07-13,2026-07-11,2026-07-11,2026-07-11,2026-07-13 20:00,2026-07-11 13:00,2026-07-11 19:00,2026-07-11 23:00,Rớt hôm nay
,Transporting,1,0,,2026-07-11,2026-07-11,2026-07-11,,2026-07-11 13:00,2026-07-11 19:00,2026-07-11 23:00,Rớt hôm nay
,Inbound,2,0,2026-07-13,2026-07-11,2026-07-11,2026-07-11,2026-07-13 20:00,2026-07-11 17:00,2026-07-11 19:00,2026-07-11 23:00,Rớt hôm nay
,Inbound,2,0,2026-07-13,2026-07-11,2026-07-11,2026-07-11,2026-07-13 20:00,2026-07-11 17:00,2026-07-11 18:00,2026-07-11 23:00,Rớt hôm nay
,Inbound,6,0,2026-07-13,2026-07-11,2026-07-11,2026-07-11,2026-07-13 20:00,2026-07-11 06:00,2026-07-11 11:00,2026-07-11 23:00,Rớt hôm nay
,Inbound,1,0,2026-07-13,2026-07-11,2026-07-11,2026-07-11,2026-07-13 20:00,2026-07-11 11:00,2026-07-11 17:00,2026-07-11 23:00,Rớt hôm nay
,Inbound,5,0,2026-07-13,2026-07-11,2026-07-11,2026-07-11,2026-07-13 20:00,2026-07-11 13:00,2026-07-11 18:00,2026-07-11 23:00,Rớt hôm nay
,Inbound,1,0,2026-07-13,2026-07-10,2026-07-11,2026-07-11,2026-07-13 20:00,2026-07-11 01:00,2026-07-11 11:00,2026-07-11 23:00,Rớt hôm trước
,Inbound,3,0,2026-07-13,2026-07-11,2026-07-11,2026-07-11,2026-07-13 20:00,2026-07-11 10:00,2026-07-11 18:00,2026-07-11 23:00,Rớt hôm nay
,Transporting,1,0,,2026-07-10,2026-07-11,2026-07-11,,2026-07-11 01:00,2026-07-11 11:00,2026-07-11 23:00,Rớt hôm trước
,Inbound,1,0,2026-07-13,2026-07-11,2026-07-11,2026-07-11,2026-07-13 20:00,2026-07-11 13:00,2026-07-11 23:00,2026-07-11 23:00,Rớt hôm nay
,Inbound,2,0,2026-07-13,2026-07-11,2026-07-11,2026-07-11,2026-07-13 20:00,2026-07-11 07:00,2026-07-11 15:00,2026-07-11 23:00,Rớt hôm nay
,Inbound,4,0,2026-07-13,2026-07-11,2026-07-11,2026-07-11,2026-07-13 20:00,2026-07-11 07:00,2026-07-11 16:00,2026-07-11 23:00,Rớt hôm nay
,Transporting,1,0,,2026-07-09,2026-07-11,2026-07-11,,2026-07-09 14:00,2026-07-11 11:00,2026-07-11 23:00,Rớt hôm trước
,Inbound,1,0,2026-07-13,2026-07-11,2026-07-11,2026-07-11,2026-07-13 20:00,2026-07-11 14:00,2026-07-11 15:00,2026-07-11 23:00,Rớt hôm nay
,Inbound,1,0,2026-07-13,2026-07-11,2026-07-11,2026-07-11,2026-07-13 20:00,2026-07-11 10:00,2026-07-11 15:00,2026-07-11 23:00,Rớt hôm nay
,Inbound,1,0,2026-07-13,2026-07-10,2026-07-11,2026-07-11,2026-07-13 20:00,2026-07-11 03:00,2026-07-11 17:00,2026-07-11 23:00,Rớt hôm trước
,Inbound,1,0,2026-07-13,2026-07-10,2026-07-11,2026-07-11,2026-07-13 20:00,2026-07-10 15:00,2026-07-11 16:00,2026-07-11 23:00,Rớt hôm trước
,Inbound,1,0,2026-07-13,2026-07-11,2026-07-11,2026-07-11,2026-07-13 20:00,2026-07-11 15:00,2026-07-11 18:00,2026-07-11 23:00,Rớt hôm nay
,Inbound,1,0,2026-07-13,2026-07-10,2026-07-11,2026-07-11,2026-07-13 20:00,2026-07-10 23:00,2026-07-11 18:00,2026-07-11 23:00,Rớt hôm trước
,Inbound,1,0,2026-07-13,2026-07-10,2026-07-11,2026-07-11,2026-07-13 20:00,2026-07-10 22:00,2026-07-11 16:00,2026-07-11 23:00,Rớt hôm trước
,Inbound,1,0,2026-07-13,2026-07-11,2026-07-11,2026-07-11,2026-07-13 20:00,2026-07-11 10:00,2026-07-11 17:00,2026-07-11 23:00,Rớt hôm nay
,Transporting,4,0,,2026-07-10,2026-07-11,2026-07-11,,2026-07-10 23:00,2026-07-11 10:00,2026-07-12 01:00,Rớt hôm trước
,Transporting,5,0,,2026-07-11,2026-07-11,2026-07-11,,2026-07-11 13:00,2026-07-11 15:00,2026-07-12 01:00,Rớt hôm nay
,Transporting,9,0,,2026-07-10,2026-07-11,2026-07-11,,2026-07-10 15:00,2026-07-11 11:00,2026-07-12 01:00,Rớt hôm trước
,Transporting,54,0,,2026-07-11,2026-07-11,2026-07-11,,2026-07-11 08:00,2026-07-11 09:00,2026-07-12 01:00,Rớt hôm nay
,Transporting,4,0,,2026-07-11,2026-07-11,2026-07-11,,2026-07-11 17:00,2026-07-11 18:00,2026-07-12 01:00,Rớt hôm nay
,Transporting,9,0,,2026-07-11,2026-07-11,2026-07-11,,2026-07-11 16:00,2026-07-11 18:00,2026-07-12 01:00,Rớt hôm nay
,Transporting,31,0,,2026-07-11,2026-07-11,2026-07-11,,2026-07-11 14:00,2026-07-11 16:00,2026-07-12 01:00,Rớt hôm nay
,Transporting,13,0,,2026-07-11,2026-07-11,2026-07-11,,2026-07-11 08:00,2026-07-11 11:00,2026-07-12 01:00,Rớt hôm nay
,Transporting,4,0,,2026-07-11,2026-07-11,2026-07-11,,2026-07-11 07:00,2026-07-11 15:00,2026-07-12 01:00,Rớt hôm nay
,Transporting,3,0,,2026-07-11,2026-07-11,2026-07-11,,2026-07-11 07:00,2026-07-11 09:00,2026-07-12 01:00,Rớt hôm nay
,Transporting,4,0,,2026-07-11,2026-07-11,2026-07-11,,2026-07-11 10:00,2026-07-11 11:00,2026-07-12 01:00,Rớt hôm nay
,Transporting,10,0,,2026-07-11,2026-07-11,2026-07-11,,2026-07-11 13:00,2026-07-11 18:00,2026-07-12 01:00,Rớt hôm nay
,Transporting,1,0,,2026-07-11,2026-07-11,2026-07-11,,2026-07-11 11:00,2026-07-11 20:00,2026-07-12 01:00,Rớt hôm nay
,Transporting,3,0,,2026-07-10,2026-07-10,2026-07-11,,2026-07-10 17:00,2026-07-10 18:00,2026-07-12 01:00,Rớt hôm nay
,Transporting,5,0,,2026-07-11,2026-07-11,2026-07-11,,2026-07-11 13:00,2026-07-11 16:00,2026-07-12 01:00,Rớt hôm nay
,Transporting,1,0,,2026-07-10,2026-07-11,2026-07-11,,2026-07-11 03:00,2026-07-11 17:00,2026-07-12 01:00,Rớt hôm trước
,Transporting,15,0,,2026-07-11,2026-07-11,2026-07-11,,2026-07-11 13:00,2026-07-11 17:00,2026-07-12 01:00,Rớt hôm nay
,Transporting,2,0,,2026-07-10,2026-07-11,2026-07-11,,2026-07-10 16:00,2026-07-11 10:00,2026-07-12 01:00,Rớt hôm trước
,Transporting,4,0,,2026-07-11,2026-07-11,2026-07-11,,2026-07-11 10:00,2026-07-11 15:00,2026-07-12 01:00,Rớt hôm nay
,Transporting,1,0,,2026-07-10,2026-07-11,2026-07-11,,2026-07-10 09:00,2026-07-11 09:00,2026-07-12 01:00,Rớt hôm trước
,Transporting,1,0,,2026-07-10,2026-07-11,2026-07-11,,2026-07-10 17:00,2026-07-11 09:00,2026-07-12 01:00,Rớt hôm trước
,Transporting,1,0,,2026-07-10,2026-07-10,2026-07-11,,2026-07-10 08:00,2026-07-10 09:00,2026-07-12 01:00,Rớt hôm nay
,Transporting,5,0,,2026-07-11,2026-07-11,2026-07-11,,2026-07-11 09:00,2026-07-11 16:00,2026-07-12 01:00,Rớt hôm nay
,Transporting,1,0,,2026-07-11,2026-07-11,2026-07-11,,2026-07-11 12:00,2026-07-11 20:00,2026-07-12 01:00,Rớt hôm nay
,Transporting,1,0,,2026-07-11,2026-07-11,2026-07-11,,2026-07-11 12:00,2026-07-11 18:00,2026-07-12 01:00,Rớt hôm nay
,Transporting,2,0,,2026-07-11,2026-07-11,2026-07-11,,2026-07-11 09:00,2026-07-11 15:00,2026-07-12 01:00,Rớt hôm nay
,Transporting,4,0,,2026-07-11,2026-07-11,2026-07-11,,2026-07-11 14:00,2026-07-11 18:00,2026-07-12 01:00,Rớt hôm nay
,Transporting,1,0,,2026-07-11,2026-07-11,2026-07-11,,2026-07-11 13:00,2026-07-11 14:00,2026-07-12 01:00,Rớt hôm nay
,Transporting,14,0,,2026-07-11,2026-07-11,2026-07-11,,2026-07-11 08:00,2026-07-11 10:00,2026-07-12 01:00,Rớt hôm nay
,Transporting,1,0,,2026-07-11,2026-07-11,2026-07-11,,2026-07-11 08:00,2026-07-11 16:00,2026-07-12 01:00,Rớt hôm nay
,Transporting,1,0,,2026-07-11,2026-07-11,2026-07-11,,2026-07-11 14:00,2026-07-11 14:00,2026-07-12 01:00,Rớt hôm nay
,Transporting,5,0,,2026-07-06,2026-07-11,2026-07-11,,2026-07-06 16:00,2026-07-11 17:00,2026-07-12 01:00,Rớt hôm trước
,Transporting,1,0,,2026-07-10,2026-07-11,2026-07-11,,2026-07-10 14:00,2026-07-11 11:00,2026-07-12 01:00,Rớt hôm trước
,Transporting,2,0,,2026-07-10,2026-07-11,2026-07-11,,2026-07-10 19:00,2026-07-12 00:00,2026-07-12 01:00,Rớt hôm trước
,Transporting,1,0,,2026-07-11,2026-07-11,2026-07-11,,2026-07-11 18:00,2026-07-11 18:00,2026-07-12 01:00,Rớt hôm nay
,Transporting,2,0,,2026-07-11,2026-07-11,2026-07-11,,2026-07-11 10:00,2026-07-11 16:00,2026-07-12 01:00,Rớt hôm nay
,Transporting,8,0,,2026-07-04,2026-07-11,2026-07-11,,2026-07-04 15:00,2026-07-11 17:00,2026-07-12 01:00,Rớt hôm trước
,Transporting,1,0,,2026-07-10,2026-07-11,2026-07-11,,2026-07-10 11:00,2026-07-12 00:00,2026-07-12 01:00,Rớt hôm trước
,Transporting,12,0,,2026-07-11,2026-07-11,2026-07-11,,2026-07-11 07:00,2026-07-11 10:00,2026-07-12 01:00,Rớt hôm nay
,Transporting,1,0,,2026-07-10,2026-07-11,2026-07-11,,2026-07-10 22:00,2026-07-11 10:00,2026-07-12 01:00,Rớt hôm trước
,Transporting,22,0,,2026-07-11,2026-07-11,2026-07-11,,2026-07-11 07:00,2026-07-11 11:00,2026-07-12 01:00,Rớt hôm nay
,Transporting,10,0,,2026-07-11,2026-07-11,2026-07-11,,2026-07-11 11:00,2026-07-11 17:00,2026-07-12 01:00,Rớt hôm nay
,Transporting,1,0,,2026-07-11,2026-07-11,2026-07-11,,2026-07-11 09:00,2026-07-11 17:00,2026-07-12 01:00,Rớt hôm nay
,Transporting,12,0,,2026-07-11,2026-07-11,2026-07-11,,2026-07-11 16:00,2026-07-11 17:00,2026-07-12 01:00,Rớt hôm nay
,Transporting,1,0,,2026-07-11,2026-07-11,2026-07-11,,2026-07-11 07:00,2026-07-11 17:00,2026-07-12 01:00,Rớt hôm nay
,Transporting,23,0,,2026-07-11,2026-07-11,2026-07-11,,2026-07-11 14:00,2026-07-11 20:00,2026-07-12 01:00,Rớt hôm nay
,Transporting,2,0,,2026-07-11,2026-07-11,2026-07-11,,2026-07-11 14:00,2026-07-11 19:00,2026-07-12 01:00,Rớt hôm nay
,Transporting,1,0,,2026-07-11,2026-07-11,2026-07-11,,2026-07-11 15:00,2026-07-11 19:00,2026-07-12 01:00,Rớt hôm nay
,Transporting,4,0,,2026-07-11,2026-07-11,2026-07-11,,2026-07-11 16:00,2026-07-11 19:00,2026-07-12 01:00,Rớt hôm nay
,Transporting,3,0,,2026-07-11,2026-07-11,2026-07-11,,2026-07-11 17:00,2026-07-11 19:00,2026-07-12 01:00,Rớt hôm nay
,Transporting,3,0,,2026-07-11,2026-07-11,2026-07-11,,2026-07-11 10:00,2026-07-11 17:00,2026-07-12 01:00,Rớt hôm nay
,Transporting,2,0,,2026-07-11,2026-07-11,2026-07-11,,2026-07-11 10:00,2026-07-11 18:00,2026-07-12 01:00,Rớt hôm nay
,Transporting,2,0,,2026-07-11,2026-07-11,2026-07-11,,2026-07-11 15:00,2026-07-11 18:00,2026-07-12 01:00,Rớt hôm nay
,Transporting,2,0,,2026-07-11,2026-07-11,2026-07-11,,2026-07-11 12:00,2026-07-11 15:00,2026-07-12 01:00,Rớt hôm nay
,Transporting,3,0,,2026-07-11,2026-07-11,2026-07-11,,2026-07-11 15:00,2026-07-11 17:00,2026-07-12 01:00,Rớt hôm nay
,Transporting,6,0,,2026-07-11,2026-07-11,2026-07-11,,2026-07-11 13:00,2026-07-11 19:00,2026-07-12 01:00,Rớt hôm nay
,Transporting,1,0,,2026-07-09,2026-07-11,2026-07-11,,2026-07-09 12:00,2026-07-11 11:00,2026-07-12 01:00,Rớt hôm trước
,Transporting,1,0,,2026-07-11,2026-07-11,2026-07-11,,2026-07-11 13:00,2026-07-11 20:00,2026-07-12 01:00,Rớt hôm nay
,Transporting,1,0,,2026-07-10,2026-07-11,2026-07-11,,2026-07-11 01:00,2026-07-11 11:00,2026-07-12 01:00,Rớt hôm trước
,Transporting,6,0,,2026-07-11,2026-07-11,2026-07-11,,2026-07-11 06:00,2026-07-11 11:00,2026-07-12 01:00,Rớt hôm nay
,Transporting,1,0,,2026-07-11,2026-07-11,2026-07-11,,2026-07-11 13:00,2026-07-11 23:00,2026-07-12 01:00,Rớt hôm nay
,Transporting,1,0,,2026-07-11,2026-07-11,2026-07-11,,2026-07-11 10:00,2026-07-11 14:00,2026-07-12 01:00,Rớt hôm nay
,Transporting,1,0,,2026-07-10,2026-07-11,2026-07-11,,2026-07-10 13:00,2026-07-11 10:00,2026-07-12 01:00,Rớt hôm trước
,Transporting,2,0,,2026-07-11,2026-07-11,2026-07-11,,2026-07-11 12:00,2026-07-11 17:00,2026-07-12 01:00,Rớt hôm nay
,Transporting,1,0,,2026-07-10,2026-07-11,2026-07-11,,2026-07-10 14:00,2026-07-11 16:00,2026-07-12 01:00,Rớt hôm trước
,Transporting,1,0,,2026-07-11,2026-07-11,2026-07-11,,2026-07-11 10:00,2026-07-11 19:00,2026-07-12 01:00,Rớt hôm nay
,Transporting,9,0,,2026-07-11,2026-07-11,2026-07-11,,2026-07-11 14:00,2026-07-11 17:00,2026-07-12 01:00,Rớt hôm nay
,Transporting,1,0,,2026-07-10,2026-07-11,2026-07-11,,2026-07-10 21:00,2026-07-11 11:00,2026-07-12 01:00,Rớt hôm trước
,Transporting,2,0,,2026-07-11,2026-07-11,2026-07-11,,2026-07-11 06:00,2026-07-11 09:00,2026-07-12 01:00,Rớt hôm nay
,Transporting,2,0,,2026-07-11,2026-07-11,2026-07-11,,2026-07-11 16:00,2026-07-11 16:00,2026-07-12 01:00,Rớt hôm nay
,Transporting,1,0,,2026-07-11,2026-07-11,2026-07-11,,2026-07-11 10:00,2026-07-11 10:00,2026-07-12 01:00,Rớt hôm nay
,Transporting,1,0,,2026-07-11,2026-07-11,2026-07-11,,2026-07-11 11:00,2026-07-11 18:00,2026-07-12 01:00,Rớt hôm nay
,Transporting,1,0,,2026-07-11,2026-07-11,2026-07-11,,2026-07-11 08:00,2026-07-11 15:00,2026-07-12 01:00,Rớt hôm nay
,Transporting,2,0,,2026-07-11,2026-07-11,2026-07-11,,2026-07-11 09:00,2026-07-11 11:00,2026-07-12 01:00,Rớt hôm nay
,Transporting,1,0,,2026-07-11,2026-07-11,2026-07-11,,2026-07-11 14:00,2026-07-11 15:00,2026-07-12 01:00,Rớt hôm nay
,Transporting,1,0,,2026-07-10,2026-07-11,2026-07-11,,2026-07-10 08:00,2026-07-11 12:00,2026-07-12 01:00,Rớt hôm trước
,Transporting,2,0,,2026-07-11,2026-07-11,2026-07-11,,2026-07-11 09:00,2026-07-11 10:00,2026-07-12 01:00,Rớt hôm nay
,Transporting,1,0,,2026-07-11,2026-07-11,2026-07-11,,2026-07-11 15:00,2026-07-11 16:00,2026-07-12 01:00,Rớt hôm nay
,Transporting,2,0,,2026-07-11,2026-07-11,2026-07-11,,2026-07-11 15:00,2026-07-11 15:00,2026-07-12 01:00,Rớt hôm nay
,Transporting,1,0,,2026-07-11,2026-07-11,2026-07-11,,2026-07-11 09:00,2026-07-11 18:00,2026-07-12 01:00,Rớt hôm nay
,Transporting,1,0,,2026-07-10,2026-07-11,2026-07-11,,2026-07-10 14:00,2026-07-11 14:00,2026-07-12 01:00,Rớt hôm trước
,Transporting,1,0,,2026-07-09,2026-07-11,2026-07-11,,2026-07-09 14:00,2026-07-11 15:00,2026-07-12 01:00,Rớt hôm trước
,Transporting,1,0,,2026-07-10,2026-07-11,2026-07-11,,2026-07-10 07:00,2026-07-11 14:00,2026-07-12 01:00,Rớt hôm trước
,Transporting,1,0,,2026-07-10,2026-07-11,2026-07-11,,2026-07-11 05:00,2026-07-11 16:00,2026-07-12 01:00,Rớt hôm trước
,Transporting,1,0,,2026-07-11,2026-07-11,2026-07-11,,2026-07-11 07:00,2026-07-11 14:00,2026-07-12 01:00,Rớt hôm nay
,Transporting,4,0,,2026-07-11,2026-07-11,2026-07-11,,2026-07-11 06:00,2026-07-11 14:00,2026-07-12 01:00,Rớt hôm nay
,Transporting,1,0,,2026-07-10,2026-07-11,2026-07-11,,2026-07-10 06:00,2026-07-11 16:00,2026-07-12 01:00,Rớt hôm trước
,Transporting,1,0,,2026-07-10,2026-07-11,2026-07-11,,2026-07-10 17:00,2026-07-11 16:00,2026-07-12 01:00,Rớt hôm trước
,Transporting,2,0,,2026-07-11,2026-07-11,2026-07-11,,2026-07-11 13:00,2026-07-11 15:00,2026-07-12 02:00,Rớt hôm nay
,Transporting,10,0,,2026-07-11,2026-07-11,2026-07-11,,2026-07-11 10:00,2026-07-11 11:00,2026-07-12 02:00,Rớt hôm nay
,Transporting,6,0,,2026-07-11,2026-07-11,2026-07-11,,2026-07-11 11:00,2026-07-11 17:00,2026-07-12 02:00,Rớt hôm nay
,Transporting,4,0,,2026-07-11,2026-07-11,2026-07-11,,2026-07-11 08:00,2026-07-11 15:00,2026-07-12 02:00,Rớt hôm nay
,Transporting,32,0,,2026-07-11,2026-07-11,2026-07-11,,2026-07-11 14:00,2026-07-11 20:00,2026-07-12 02:00,Rớt hôm nay
,Transporting,5,0,,2026-07-11,2026-07-11,2026-07-11,,2026-07-11 07:00,2026-07-11 17:00,2026-07-12 02:00,Rớt hôm nay
,Transporting,19,0,,2026-07-11,2026-07-11,2026-07-11,,2026-07-11 14:00,2026-07-11 16:00,2026-07-12 02:00,Rớt hôm nay
,Transporting,3,0,,2026-07-10,2026-07-11,2026-07-11,,2026-07-10 16:00,2026-07-11 17:00,2026-07-12 02:00,Rớt hôm trước
,Transporting,1,0,,2026-07-10,2026-07-11,2026-07-12,,2026-07-10 16:00,2026-07-11 22:00,2026-07-13 00:00,Rớt hôm trước
,Transporting,2,0,,2026-07-11,2026-07-11,2026-07-11,,2026-07-11 06:00,2026-07-11 17:00,2026-07-12 02:00,Rớt hôm nay
,Transporting,11,0,,2026-07-11,2026-07-11,2026-07-11,,2026-07-11 08:00,2026-07-11 10:00,2026-07-12 02:00,Rớt hôm nay
,Transporting,2,0,,2026-07-11,2026-07-11,2026-07-11,,2026-07-11 15:00,2026-07-11 16:00,2026-07-12 02:00,Rớt hôm nay
,Transporting,18,0,,2026-07-11,2026-07-11,2026-07-11,,2026-07-11 08:00,2026-07-11 09:00,2026-07-12 02:00,Rớt hôm nay
,Transporting,2,0,,2026-07-11,2026-07-11,2026-07-11,,2026-07-11 11:00,2026-07-11 16:00,2026-07-12 02:00,Rớt hôm nay
,Transporting,2,0,,2026-07-11,2026-07-11,2026-07-11,,2026-07-11 10:00,2026-07-11 16:00,2026-07-12 02:00,Rớt hôm nay
,Transporting,3,0,,2026-07-11,2026-07-11,2026-07-11,,2026-07-11 13:00,2026-07-11 17:00,2026-07-12 02:00,Rớt hôm nay
,Transporting,42,0,,2026-07-11,2026-07-11,2026-07-11,,2026-07-11 08:00,2026-07-11 11:00,2026-07-12 02:00,Rớt hôm nay
,Transporting,1,0,,2026-07-11,2026-07-11,2026-07-11,,2026-07-11 10:00,2026-07-11 20:00,2026-07-12 02:00,Rớt hôm nay
,Transporting,6,0,,2026-07-11,2026-07-11,2026-07-11,,2026-07-11 07:00,2026-07-11 11:00,2026-07-12 02:00,Rớt hôm nay
,Transporting,4,0,,2026-07-11,2026-07-11,2026-07-11,,2026-07-11 12:00,2026-07-11 16:00,2026-07-12 02:00,Rớt hôm nay
,Transporting,4,0,,2026-07-11,2026-07-11,2026-07-11,,2026-07-11 13:00,2026-07-11 16:00,2026-07-12 02:00,Rớt hôm nay
,Transporting,3,0,,2026-07-11,2026-07-11,2026-07-11,,2026-07-11 09:00,2026-07-11 16:00,2026-07-12 02:00,Rớt hôm nay
,Transporting,5,0,,2026-07-11,2026-07-11,2026-07-11,,2026-07-11 16:00,2026-07-11 17:00,2026-07-12 02:00,Rớt hôm nay
,Transporting,1,0,,2026-07-11,2026-07-11,2026-07-11,,2026-07-11 11:00,2026-07-11 15:00,2026-07-12 02:00,Rớt hôm nay
,Transporting,6,0,,2026-07-10,2026-07-11,2026-07-11,,2026-07-11 00:00,2026-07-11 10:00,2026-07-12 02:00,Rớt hôm trước
,Transporting,1,0,,2026-07-10,2026-07-11,2026-07-11,,2026-07-10 16:00,2026-07-11 14:00,2026-07-12 02:00,Rớt hôm trước
,Transporting,1,0,,2026-07-09,2026-07-11,2026-07-11,,2026-07-09 14:00,2026-07-11 14:00,2026-07-12 02:00,Rớt hôm trước
,Transporting,2,0,,2026-07-10,2026-07-11,2026-07-11,,2026-07-10 14:00,2026-07-11 15:00,2026-07-12 02:00,Rớt hôm trước
,Transporting,1,0,,2026-07-10,2026-07-11,2026-07-11,,2026-07-10 14:00,2026-07-11 14:00,2026-07-12 02:00,Rớt hôm trước
,Transporting,1,0,,2026-07-11,2026-07-11,2026-07-11,,2026-07-11 07:00,2026-07-11 07:00,2026-07-12 02:00,Rớt hôm nay
,Transporting,4,0,,2026-07-11,2026-07-11,2026-07-11,,2026-07-11 15:00,2026-07-11 17:00,2026-07-12 02:00,Rớt hôm nay
,Transporting,1,0,,2026-07-11,2026-07-11,2026-07-11,,2026-07-11 07:00,2026-07-11 14:00,2026-07-12 02:00,Rớt hôm nay
,Transporting,55,0,,2026-07-11,2026-07-11,2026-07-11,,2026-07-11 09:00,2026-07-11 10:00,2026-07-12 02:00,Rớt hôm nay
,Transporting,1,0,,2026-07-11,2026-07-11,2026-07-11,,2026-07-11 10:00,2026-07-11 14:00,2026-07-12 02:00,Rớt hôm nay
,Transporting,1,0,,2026-07-11,2026-07-11,2026-07-11,,2026-07-11 12:00,2026-07-11 15:00,2026-07-12 02:00,Rớt hôm nay
,Transporting,1,0,,2026-07-11,2026-07-11,2026-07-11,,2026-07-11 10:00,2026-07-11 10:00,2026-07-12 02:00,Rớt hôm nay
,Transporting,2,0,,2026-07-11,2026-07-11,2026-07-11,,2026-07-11 17:00,2026-07-11 20:00,2026-07-12 02:00,Rớt hôm nay
,Transporting,1,0,,2026-07-10,2026-07-11,2026-07-11,,2026-07-10 12:00,2026-07-11 11:00,2026-07-12 02:00,Rớt hôm trước
,Transporting,1,0,,2026-07-09,2026-07-11,2026-07-11,,2026-07-09 08:00,2026-07-11 11:00,2026-07-12 02:00,Rớt hôm trước
,Transporting,6,0,,2026-07-11,2026-07-11,2026-07-11,,2026-07-11 08:00,2026-07-11 12:00,2026-07-12 02:00,Rớt hôm nay
,Transporting,1,0,,2026-07-08,2026-07-10,2026-07-11,,2026-07-08 20:00,2026-07-10 10:00,2026-07-12 02:00,Rớt hôm trước
,Transporting,1,0,,2026-07-10,2026-07-11,2026-07-11,,2026-07-10 12:00,2026-07-11 17:00,2026-07-12 02:00,Rớt hôm trước
,Transporting,2,0,,2026-07-11,2026-07-11,2026-07-11,,2026-07-11 16:00,2026-07-11 18:00,2026-07-12 02:00,Rớt hôm nay
,Transporting,2,0,,2026-07-10,2026-07-11,2026-07-11,,2026-07-10 11:00,2026-07-11 17:00,2026-07-12 02:00,Rớt hôm trước
,Transporting,1,0,,2026-07-09,2026-07-10,2026-07-11,,2026-07-09 10:00,2026-07-10 10:00,2026-07-12 02:00,Rớt hôm trước
,Transporting,1,0,,2026-07-08,2026-07-11,2026-07-11,,2026-07-08 10:00,2026-07-11 11:00,2026-07-12 02:00,Rớt hôm trước
,Transporting,1,0,,2026-07-08,2026-07-10,2026-07-11,,2026-07-08 16:00,2026-07-10 10:00,2026-07-12 02:00,Rớt hôm trước
,Transporting,1,0,,2026-07-07,2026-07-10,2026-07-11,,2026-07-07 20:00,2026-07-10 10:00,2026-07-12 02:00,Rớt hôm trước
,Transporting,1,0,,2026-07-10,2026-07-11,2026-07-11,,2026-07-10 10:00,2026-07-11 17:00,2026-07-12 02:00,Rớt hôm trước
,Transporting,1,0,,2026-07-10,2026-07-11,2026-07-11,,2026-07-10 11:00,2026-07-11 11:00,2026-07-12 02:00,Rớt hôm trước
,Transporting,1,0,,2026-07-10,2026-07-10,2026-07-11,,2026-07-10 06:00,2026-07-10 10:00,2026-07-12 02:00,Rớt hôm nay
,Transporting,1,0,,2026-07-11,2026-07-11,2026-07-11,,2026-07-11 09:00,2026-07-11 12:00,2026-07-12 02:00,Rớt hôm nay
,Transporting,1,0,,2026-07-10,2026-07-11,2026-07-11,,2026-07-10 13:00,2026-07-11 10:00,2026-07-12 02:00,Rớt hôm trước
,Transporting,1,0,,2026-07-10,2026-07-11,2026-07-11,,2026-07-10 14:00,2026-07-11 12:00,2026-07-12 02:00,Rớt hôm trước
,Transporting,1,0,,2026-07-10,2026-07-11,2026-07-11,,2026-07-10 07:00,2026-07-11 17:00,2026-07-12 02:00,Rớt hôm trước
,Transporting,3,0,,2026-07-11,2026-07-11,2026-07-11,,2026-07-11 14:00,2026-07-11 17:00,2026-07-12 02:00,Rớt hôm nay
,Transporting,1,0,,2026-07-11,2026-07-11,2026-07-11,,2026-07-11 10:00,2026-07-11 17:00,2026-07-12 02:00,Rớt hôm nay
,Transporting,2,0,,2026-07-11,2026-07-11,2026-07-11,,2026-07-11 08:00,2026-07-11 17:00,2026-07-12 02:00,Rớt hôm nay
,Transporting,1,0,,2026-07-10,2026-07-11,2026-07-11,,2026-07-10 23:00,2026-07-11 11:00,2026-07-12 02:00,Rớt hôm trước
,Transporting,1,0,,2026-07-11,2026-07-11,2026-07-11,,2026-07-11 07:00,2026-07-11 10:00,2026-07-12 02:00,Rớt hôm nay
,Transporting,1,0,,2026-07-10,2026-07-11,2026-07-11,,2026-07-10 07:00,2026-07-11 10:00,2026-07-12 02:00,Rớt hôm trước
,Transporting,1,0,,2026-07-10,2026-07-11,2026-07-11,,2026-07-10 08:00,2026-07-11 16:00,2026-07-12 02:00,Rớt hôm trước
,Transporting,1,0,,2026-07-10,2026-07-11,2026-07-11,,2026-07-10 10:00,2026-07-11 11:00,2026-07-12 02:00,Rớt hôm trước
,Transporting,9,0,,2026-07-11,2026-07-11,2026-07-11,,2026-07-11 10:00,2026-07-11 18:00,2026-07-12 02:00,Rớt hôm nay
,Transporting,1,0,,2026-07-10,2026-07-11,2026-07-11,,2026-07-10 07:00,2026-07-11 09:00,2026-07-12 02:00,Rớt hôm trước
,Transporting,1,0,,2026-07-10,2026-07-11,2026-07-11,,2026-07-10 10:00,2026-07-11 16:00,2026-07-12 02:00,Rớt hôm trước
,Transporting,24,0,,2026-07-11,2026-07-11,2026-07-11,,2026-07-11 14:00,2026-07-11 18:00,2026-07-12 02:00,Rớt hôm nay
,Transporting,8,0,,2026-07-11,2026-07-11,2026-07-11,,2026-07-11 11:00,2026-07-11 18:00,2026-07-12 02:00,Rớt hôm nay
,Transporting,1,0,,2026-07-11,2026-07-11,2026-07-11,,2026-07-11 14:00,2026-07-11 14:00,2026-07-12 02:00,Rớt hôm nay
,Transporting,1,0,,2026-07-11,2026-07-11,2026-07-11,,2026-07-11 13:00,2026-07-11 18:00,2026-07-12 02:00,Rớt hôm nay
,Transporting,1,0,,2026-07-11,2026-07-11,2026-07-11,,2026-07-11 06:00,2026-07-11 11:00,2026-07-12 02:00,Rớt hôm nay
,Transporting,1,0,,2026-07-10,2026-07-11,2026-07-11,,2026-07-10 07:00,2026-07-11 11:00,2026-07-12 02:00,Rớt hôm trước
,Transporting,2,0,,2026-07-11,2026-07-11,2026-07-11,,2026-07-11 13:00,2026-07-11 19:00,2026-07-12 02:00,Rớt hôm nay
,Transporting,1,0,,2026-07-11,2026-07-11,2026-07-11,,2026-07-11 11:00,2026-07-11 19:00,2026-07-12 02:00,Rớt hôm nay
,Transporting,1,0,,2026-07-10,2026-07-11,2026-07-11,,2026-07-10 17:00,2026-07-11 11:00,2026-07-12 02:00,Rớt hôm trước
,Transporting,2,0,,2026-07-08,2026-07-11,2026-07-11,,2026-07-08 14:00,2026-07-11 17:00,2026-07-12 02:00,Rớt hôm trước
,Transporting,1,0,,2026-07-05,2026-07-06,2026-07-11,,2026-07-05 17:00,2026-07-06 12:00,2026-07-12 02:00,Rớt hôm trước
,Transporting,1,0,,2026-07-03,2026-07-03,2026-07-11,,2026-07-03 10:00,2026-07-03 10:00,2026-07-12 02:00,Rớt hôm nay
,Transporting,1,0,,2026-07-03,2026-07-04,2026-07-11,,2026-07-03 22:00,2026-07-04 11:00,2026-07-12 02:00,Rớt hôm trước
,Transporting,1,0,,2026-07-11,2026-07-11,2026-07-11,,2026-07-11 15:00,2026-07-11 19:00,2026-07-12 02:00,Rớt hôm nay
,Transporting,1,0,,2026-07-11,2026-07-11,2026-07-11,,2026-07-11 14:00,2026-07-11 19:00,2026-07-12 02:00,Rớt hôm nay
,Transporting,1,0,,2026-07-10,2026-07-11,2026-07-11,,2026-07-10 18:00,2026-07-11 11:00,2026-07-12 02:00,Rớt hôm trước
,Transporting,2,0,,2026-07-11,2026-07-11,2026-07-11,,2026-07-11 07:00,2026-07-11 08:00,2026-07-12 02:00,Rớt hôm nay
,Transporting,1,0,,2026-07-11,2026-07-11,2026-07-11,,2026-07-11 16:00,2026-07-11 16:00,2026-07-12 02:00,Rớt hôm nay
,Transporting,1,0,,2026-07-09,2026-07-11,2026-07-11,,2026-07-10 01:00,2026-07-11 17:00,2026-07-12 02:00,Rớt hôm trước
,Transporting,1,0,,2026-07-11,2026-07-11,2026-07-11,,2026-07-11 14:00,2026-07-11 15:00,2026-07-12 02:00,Rớt hôm nay
,Transporting,1,0,,2026-07-11,2026-07-11,2026-07-11,,2026-07-11 09:00,2026-07-11 15:00,2026-07-12 02:00,Rớt hôm nay
,Transporting,2,0,,2026-07-11,2026-07-11,2026-07-11,,2026-07-11 09:00,2026-07-11 11:00,2026-07-12 03:00,Rớt hôm nay
,Transporting,2,0,,2026-07-10,2026-07-11,2026-07-11,,2026-07-10 16:00,2026-07-11 11:00,2026-07-12 03:00,Rớt hôm trước
,Transporting,15,0,,2026-07-11,2026-07-11,2026-07-11,,2026-07-11 08:00,2026-07-11 11:00,2026-07-12 03:00,Rớt hôm nay
,Transporting,1,0,,2026-07-10,2026-07-11,2026-07-11,,2026-07-10 08:00,2026-07-11 12:00,2026-07-12 03:00,Rớt hôm trước
,Transporting,2,0,,2026-07-11,2026-07-11,2026-07-11,,2026-07-11 07:00,2026-07-11 10:00,2026-07-12 03:00,Rớt hôm nay
,Transporting,3,0,,2026-07-10,2026-07-11,2026-07-11,,2026-07-10 09:00,2026-07-11 11:00,2026-07-12 03:00,Rớt hôm trước
,Transporting,2,0,,2026-07-11,2026-07-11,2026-07-11,,2026-07-11 08:00,2026-07-11 10:00,2026-07-12 03:00,Rớt hôm nay
,Transporting,1,0,,2026-07-10,2026-07-11,2026-07-11,,2026-07-10 16:00,2026-07-11 10:00,2026-07-12 03:00,Rớt hôm trước
,Transporting,1,0,,2026-07-10,2026-07-11,2026-07-11,,2026-07-10 15:00,2026-07-11 10:00,2026-07-12 03:00,Rớt hôm trước
,Transporting,3,0,,2026-07-10,2026-07-11,2026-07-11,,2026-07-10 13:00,2026-07-11 10:00,2026-07-12 03:00,Rớt hôm trước
,Transporting,5,0,,2026-07-11,2026-07-11,2026-07-11,,2026-07-11 14:00,2026-07-11 20:00,2026-07-12 03:00,Rớt hôm nay
,Transporting,1,0,,2026-07-10,2026-07-11,2026-07-11,,2026-07-10 14:00,2026-07-11 12:00,2026-07-12 03:00,Rớt hôm trước
,Transporting,1,0,,2026-07-11,2026-07-11,2026-07-11,,2026-07-11 11:00,2026-07-11 18:00,2026-07-12 03:00,Rớt hôm nay
,Transporting,4,0,,2026-07-11,2026-07-11,2026-07-11,,2026-07-11 14:00,2026-07-11 19:00,2026-07-12 03:00,Rớt hôm nay
,Transporting,1,0,,2026-07-10,2026-07-11,2026-07-11,,2026-07-10 14:00,2026-07-11 10:00,2026-07-12 03:00,Rớt hôm trước
,Transporting,1,0,,2026-07-10,2026-07-11,2026-07-11,,2026-07-10 08:00,2026-07-11 11:00,2026-07-12 03:00,Rớt hôm trước
,Transporting,2,0,,2026-07-10,2026-07-11,2026-07-11,,2026-07-10 15:00,2026-07-11 11:00,2026-07-12 03:00,Rớt hôm trước
,Transporting,5,0,,2026-07-11,2026-07-11,2026-07-11,,2026-07-11 14:00,2026-07-11 16:00,2026-07-12 03:00,Rớt hôm nay
,Transporting,1,0,,2026-07-11,2026-07-11,2026-07-11,,2026-07-11 15:00,2026-07-11 16:00,2026-07-12 03:00,Rớt hôm nay
,Transporting,2,0,,2026-07-11,2026-07-11,2026-07-11,,2026-07-11 07:00,2026-07-11 11:00,2026-07-12 03:00,Rớt hôm nay
,Transporting,2,0,,2026-07-10,2026-07-11,2026-07-11,,2026-07-11 00:00,2026-07-11 16:00,2026-07-12 03:00,Rớt hôm trước
,Transporting,1,0,,2026-07-11,2026-07-11,2026-07-11,,2026-07-11 07:00,2026-07-11 15:00,2026-07-12 03:00,Rớt hôm nay
,Transporting,1,0,,2026-07-11,2026-07-11,2026-07-11,,2026-07-11 14:00,2026-07-11 17:00,2026-07-12 03:00,Rớt hôm nay
,Transporting,1,0,,2026-07-11,2026-07-11,2026-07-11,,2026-07-11 14:00,2026-07-11 15:00,2026-07-12 03:00,Rớt hôm nay
,Transporting,1,0,,2026-07-11,2026-07-11,2026-07-11,,2026-07-11 17:00,2026-07-11 18:00,2026-07-12 03:00,Rớt hôm nay
,Transporting,4,0,,2026-07-11,2026-07-11,2026-07-11,,2026-07-11 08:00,2026-07-11 09:00,2026-07-12 03:00,Rớt hôm nay
,Transporting,2,0,,2026-07-11,2026-07-11,2026-07-11,,2026-07-11 10:00,2026-07-11 18:00,2026-07-12 03:00,Rớt hôm nay
,Transporting,1,0,,2026-07-11,2026-07-11,2026-07-11,,2026-07-11 11:00,2026-07-11 19:00,2026-07-12 03:00,Rớt hôm nay
,Transporting,1,0,,2026-07-11,2026-07-11,2026-07-11,,2026-07-11 15:00,2026-07-11 15:00,2026-07-12 03:00,Rớt hôm nay
,Transporting,1,0,,2026-07-10,2026-07-11,2026-07-11,,2026-07-10 23:00,2026-07-11 10:00,2026-07-12 03:00,Rớt hôm trước
,Transporting,1,0,,2026-07-10,2026-07-11,2026-07-11,,2026-07-10 15:00,2026-07-11 09:00,2026-07-12 04:00,Rớt hôm trước
,Transporting,1,0,,2026-07-10,2026-07-11,2026-07-11,,2026-07-10 08:00,2026-07-11 12:00,2026-07-12 04:00,Rớt hôm trước
,Transporting,1,0,,2026-07-11,2026-07-11,2026-07-11,,2026-07-11 07:00,2026-07-11 16:00,2026-07-12 04:00,Rớt hôm nay
,Transporting,1,0,,2026-07-10,2026-07-11,2026-07-11,,2026-07-10 22:00,2026-07-11 10:00,2026-07-12 04:00,Rớt hôm trước
,Transporting,1,0,,2026-07-07,2026-07-10,2026-07-11,,2026-07-07 10:00,2026-07-10 10:00,2026-07-12 04:00,Rớt hôm trước
,Transporting,1,0,,2026-07-11,2026-07-11,2026-07-11,,2026-07-11 08:00,2026-07-11 09:00,2026-07-12 04:00,Rớt hôm nay
,Transporting,1,0,,2026-07-10,2026-07-11,2026-07-11,,2026-07-10 08:00,2026-07-11 09:00,2026-07-12 04:00,Rớt hôm trước
,Transporting,8,0,,2026-07-12,2026-07-12,2026-07-12,,2026-07-12 12:00,2026-07-12 16:00,2026-07-12 23:00,Rớt hôm nay
,Transporting,2,0,,2026-07-12,2026-07-12,2026-07-12,,2026-07-12 07:00,2026-07-12 16:00,2026-07-12 23:00,Rớt hôm nay
,Transporting,25,0,,2026-07-12,2026-07-12,2026-07-12,,2026-07-12 06:00,2026-07-12 11:00,2026-07-12 23:00,Rớt hôm nay
,Transporting,2,0,,2026-07-12,2026-07-12,2026-07-12,,2026-07-12 09:00,2026-07-12 15:00,2026-07-12 23:00,Rớt hôm nay
,Transporting,23,0,,2026-07-12,2026-07-12,2026-07-12,,2026-07-12 14:00,2026-07-12 16:00,2026-07-12 23:00,Rớt hôm nay
,Transporting,1,0,,2026-07-11,2026-07-12,2026-07-12,,2026-07-11 12:00,2026-07-12 16:00,2026-07-12 23:00,Rớt hôm trước
,Transporting,3,0,,2026-07-11,2026-07-12,2026-07-12,,2026-07-11 22:00,2026-07-12 16:00,2026-07-12 23:00,Rớt hôm trước
,Transporting,4,0,,2026-07-12,2026-07-12,2026-07-12,,2026-07-12 08:00,2026-07-12 11:00,2026-07-12 23:00,Rớt hôm nay
,Transporting,14,0,,2026-07-12,2026-07-12,2026-07-12,,2026-07-12 14:00,2026-07-12 15:00,2026-07-12 23:00,Rớt hôm nay
,Transporting,4,0,,2026-07-12,2026-07-12,2026-07-12,,2026-07-12 07:00,2026-07-12 09:00,2026-07-12 23:00,Rớt hôm nay
,Transporting,1,0,,2026-07-10,2026-07-12,2026-07-12,,2026-07-10 23:00,2026-07-12 15:00,2026-07-12 23:00,Rớt hôm trước
,Transporting,1,0,,2026-07-11,2026-07-12,2026-07-12,,2026-07-11 16:00,2026-07-12 16:00,2026-07-12 23:00,Rớt hôm trước
,Transporting,1,0,,2026-07-11,2026-07-12,2026-07-12,,2026-07-11 09:00,2026-07-12 13:00,2026-07-12 23:00,Rớt hôm trước
,Transporting,31,0,,2026-07-12,2026-07-12,2026-07-12,,2026-07-12 08:00,2026-07-12 15:00,2026-07-12 23:00,Rớt hôm nay
,Transporting,1,0,,2026-07-11,2026-07-12,2026-07-12,,2026-07-11 13:00,2026-07-12 17:00,2026-07-12 23:00,Rớt hôm trước
,Transporting,14,0,,2026-07-12,2026-07-12,2026-07-12,,2026-07-12 13:00,2026-07-12 16:00,2026-07-12 23:00,Rớt hôm nay
,Transporting,5,0,,2026-07-12,2026-07-12,2026-07-12,,2026-07-12 13:00,2026-07-12 18:00,2026-07-12 23:00,Rớt hôm nay
,Transporting,2,0,,2026-07-11,2026-07-12,2026-07-12,,2026-07-11 19:00,2026-07-12 11:00,2026-07-12 23:00,Rớt hôm trước
,Transporting,11,0,,2026-07-12,2026-07-12,2026-07-12,,2026-07-12 07:00,2026-07-12 10:00,2026-07-12 23:00,Rớt hôm nay
,Transporting,8,0,,2026-07-12,2026-07-12,2026-07-12,,2026-07-12 12:00,2026-07-12 18:00,2026-07-12 23:00,Rớt hôm nay
,Transporting,17,0,,2026-07-12,2026-07-12,2026-07-12,,2026-07-12 09:00,2026-07-12 16:00,2026-07-12 23:00,Rớt hôm nay
,Transporting,1,0,,2026-07-12,2026-07-12,2026-07-12,,2026-07-12 13:00,2026-07-12 19:00,2026-07-12 23:00,Rớt hôm nay
,Transporting,2,0,,2026-07-12,2026-07-12,2026-07-12,,2026-07-12 13:00,2026-07-12 17:00,2026-07-12 23:00,Rớt hôm nay
,Transporting,4,0,,2026-07-12,2026-07-12,2026-07-12,,2026-07-12 15:00,2026-07-12 18:00,2026-07-12 23:00,Rớt hôm nay
,Transporting,2,0,,2026-07-12,2026-07-12,2026-07-12,,2026-07-12 14:00,2026-07-12 18:00,2026-07-12 23:00,Rớt hôm nay
,Transporting,10,0,,2026-07-12,2026-07-12,2026-07-12,,2026-07-12 08:00,2026-07-12 16:00,2026-07-12 23:00,Rớt hôm nay
,Transporting,51,0,,2026-07-12,2026-07-12,2026-07-12,,2026-07-12 08:00,2026-07-12 09:00,2026-07-12 23:00,Rớt hôm nay
,Transporting,1,0,,2026-07-11,2026-07-12,2026-07-12,,2026-07-11 15:00,2026-07-12 11:00,2026-07-12 23:00,Rớt hôm trước
,Transporting,21,0,,2026-07-12,2026-07-12,2026-07-12,,2026-07-12 09:00,2026-07-12 10:00,2026-07-12 23:00,Rớt hôm nay
,Transporting,2,0,,2026-07-12,2026-07-12,2026-07-12,,2026-07-12 10:00,2026-07-12 18:00,2026-07-12 23:00,Rớt hôm nay
,Transporting,2,0,,2026-07-11,2026-07-12,2026-07-12,,2026-07-11 20:00,2026-07-12 11:00,2026-07-12 23:00,Rớt hôm trước
,Transporting,4,0,,2026-07-12,2026-07-12,2026-07-12,,2026-07-12 16:00,2026-07-12 16:00,2026-07-12 23:00,Rớt hôm nay
,Transporting,6,0,,2026-07-12,2026-07-12,2026-07-12,,2026-07-12 08:00,2026-07-12 10:00,2026-07-12 23:00,Rớt hôm nay
,Transporting,1,0,,2026-07-09,2026-07-12,2026-07-12,,2026-07-09 09:00,2026-07-12 16:00,2026-07-12 23:00,Rớt hôm trước
,Transporting,5,0,,2026-07-12,2026-07-12,2026-07-12,,2026-07-12 11:00,2026-07-12 16:00,2026-07-12 23:00,Rớt hôm nay
,Transporting,1,0,,2026-07-11,2026-07-12,2026-07-12,,2026-07-11 11:00,2026-07-12 16:00,2026-07-12 23:00,Rớt hôm trước
,Transporting,1,0,,2026-07-10,2026-07-11,2026-07-12,,2026-07-10 20:00,2026-07-11 13:00,2026-07-12 23:00,Rớt hôm trước
,Transporting,1,0,,2026-07-09,2026-07-11,2026-07-12,,2026-07-09 20:00,2026-07-11 13:00,2026-07-12 23:00,Rớt hôm trước
,Transporting,2,0,,2026-07-10,2026-07-12,2026-07-12,,2026-07-10 10:00,2026-07-12 11:00,2026-07-12 23:00,Rớt hôm trước
,Transporting,3,0,,2026-07-12,2026-07-12,2026-07-12,,2026-07-12 15:00,2026-07-12 16:00,2026-07-12 23:00,Rớt hôm nay
,Transporting,2,0,,2026-07-12,2026-07-12,2026-07-12,,2026-07-12 11:00,2026-07-12 11:00,2026-07-12 23:00,Rớt hôm nay
,Transporting,1,0,,2026-07-11,2026-07-11,2026-07-12,,2026-07-11 18:00,2026-07-11 22:00,2026-07-12 23:00,Rớt hôm nay
,Transporting,1,0,,2026-07-11,2026-07-12,2026-07-12,,2026-07-11 16:00,2026-07-12 11:00,2026-07-12 23:00,Rớt hôm trước
,Transporting,3,0,,2026-07-12,2026-07-12,2026-07-12,,2026-07-12 07:00,2026-07-12 11:00,2026-07-12 23:00,Rớt hôm nay
,Transporting,1,0,,2026-07-12,2026-07-12,2026-07-12,,2026-07-12 10:00,2026-07-12 17:00,2026-07-12 23:00,Rớt hôm nay
,Transporting,10,0,,2026-07-12,2026-07-12,2026-07-12,,2026-07-12 10:00,2026-07-12 11:00,2026-07-12 23:00,Rớt hôm nay
,Transporting,3,0,,2026-07-12,2026-07-12,2026-07-12,,2026-07-12 15:00,2026-07-12 15:00,2026-07-12 23:00,Rớt hôm nay
,Transporting,1,0,,2026-07-12,2026-07-12,2026-07-12,,2026-07-12 10:00,2026-07-12 16:00,2026-07-12 23:00,Rớt hôm nay
,Transporting,1,0,,2026-07-11,2026-07-12,2026-07-12,,2026-07-11 14:00,2026-07-12 11:00,2026-07-12 23:00,Rớt hôm trước
,Transporting,1,0,,2026-07-11,2026-07-12,2026-07-12,,2026-07-11 23:00,2026-07-12 11:00,2026-07-12 23:00,Rớt hôm trước
,Transporting,2,0,,2026-07-12,2026-07-12,2026-07-12,,2026-07-12 06:00,2026-07-12 09:00,2026-07-12 23:00,Rớt hôm nay
,Transporting,1,0,,2026-07-12,2026-07-12,2026-07-12,,2026-07-12 17:00,2026-07-12 17:00,2026-07-12 23:00,Rớt hôm nay
,Transporting,2,0,,2026-07-11,2026-07-12,2026-07-12,,2026-07-12 01:00,2026-07-12 17:00,2026-07-12 23:00,Rớt hôm trước
,Transporting,1,0,,2026-07-11,2026-07-12,2026-07-12,,2026-07-11 18:00,2026-07-12 16:00,2026-07-12 23:00,Rớt hôm trước
,Transporting,1,0,,2026-07-12,2026-07-12,2026-07-12,,2026-07-12 09:00,2026-07-12 11:00,2026-07-12 23:00,Rớt hôm nay
,Transporting,3,0,,2026-07-12,2026-07-12,2026-07-12,,2026-07-12 16:00,2026-07-12 17:00,2026-07-12 23:00,Rớt hôm nay
,Transporting,1,0,,2026-07-04,2026-07-04,2026-07-12,,2026-07-04 16:00,2026-07-04 18:00,2026-07-12 23:00,Rớt hôm nay
,Transporting,1,0,,2026-07-10,2026-07-12,2026-07-12,,2026-07-10 16:00,2026-07-12 17:00,2026-07-12 23:00,Rớt hôm trước
,Transporting,8,0,,2026-07-12,2026-07-12,2026-07-12,,2026-07-12 12:00,2026-07-12 19:00,2026-07-12 23:00,Rớt hôm nay
,Transporting,1,0,,2026-07-04,2026-07-04,2026-07-12,,2026-07-04 14:00,2026-07-04 15:00,2026-07-12 23:00,Rớt hôm nay
,Transporting,1,0,,2026-07-10,2026-07-12,2026-07-12,,2026-07-10 10:00,2026-07-12 17:00,2026-07-12 23:00,Rớt hôm trước
,Transporting,2,0,,2026-07-11,2026-07-12,2026-07-12,,2026-07-11 21:00,2026-07-12 10:00,2026-07-12 23:00,Rớt hôm trước
,Transporting,1,0,,2026-07-12,2026-07-12,2026-07-12,,2026-07-12 07:00,2026-07-12 17:00,2026-07-12 23:00,Rớt hôm nay
,Transporting,1,0,,2026-07-11,2026-07-12,2026-07-12,,2026-07-11 17:00,2026-07-12 17:00,2026-07-12 23:00,Rớt hôm trước
,Transporting,2,0,,2026-07-12,2026-07-12,2026-07-12,,2026-07-12 10:00,2026-07-12 15:00,2026-07-12 23:00,Rớt hôm nay
,Transporting,2,0,,2026-07-10,2026-07-12,2026-07-12,,2026-07-10 14:00,2026-07-12 11:00,2026-07-12 23:00,Rớt hôm trước
,Transporting,3,0,,2026-07-10,2026-07-12,2026-07-12,,2026-07-10 09:00,2026-07-12 10:00,2026-07-12 23:00,Rớt hôm trước
,Transporting,2,0,,2026-07-10,2026-07-12,2026-07-12,,2026-07-10 14:00,2026-07-12 10:00,2026-07-12 23:00,Rớt hôm trước
,Transporting,1,0,,2026-07-09,2026-07-12,2026-07-12,,2026-07-09 09:00,2026-07-12 10:00,2026-07-12 23:00,Rớt hôm trước
,Transporting,2,0,,2026-07-09,2026-07-12,2026-07-12,,2026-07-09 14:00,2026-07-12 10:00,2026-07-12 23:00,Rớt hôm trước
,Transporting,1,0,,2026-07-10,2026-07-12,2026-07-12,,2026-07-10 11:00,2026-07-12 10:00,2026-07-12 23:00,Rớt hôm trước
,Transporting,1,0,,2026-07-11,2026-07-12,2026-07-12,,2026-07-12 01:00,2026-07-12 11:00,2026-07-12 23:00,Rớt hôm trước
,Transporting,2,0,,2026-07-10,2026-07-12,2026-07-12,,2026-07-10 12:00,2026-07-12 11:00,2026-07-12 23:00,Rớt hôm trước
,Transporting,4,0,,2026-07-12,2026-07-12,2026-07-12,,2026-07-12 10:00,2026-07-12 12:00,2026-07-12 23:00,Rớt hôm nay
,Transporting,1,0,,2026-07-12,2026-07-12,2026-07-12,,2026-07-12 10:00,2026-07-12 10:00,2026-07-12 23:00,Rớt hôm nay
,Transporting,1,0,,2026-07-11,2026-07-11,2026-07-12,,2026-07-11 08:00,2026-07-11 19:00,2026-07-12 23:00,Rớt hôm nay
,Transporting,2,0,,2026-07-12,2026-07-12,2026-07-12,,2026-07-12 09:00,2026-07-12 17:00,2026-07-12 23:00,Rớt hôm nay
,Transporting,2,0,,2026-07-12,2026-07-12,2026-07-12,,2026-07-12 14:00,2026-07-12 17:00,2026-07-12 23:00,Rớt hôm nay
,Transporting,2,0,,2026-07-11,2026-07-12,2026-07-12,,2026-07-12 00:00,2026-07-12 16:00,2026-07-12 23:00,Rớt hôm trước
,Transporting,1,0,,2026-07-12,2026-07-12,2026-07-12,,2026-07-12 07:00,2026-07-12 15:00,2026-07-12 23:00,Rớt hôm nay
,Transporting,1,0,,2026-07-12,2026-07-12,2026-07-12,,2026-07-12 07:00,2026-07-12 18:00,2026-07-12 23:00,Rớt hôm nay
,Transporting,1,0,,2026-07-10,2026-07-12,2026-07-12,,2026-07-10 11:00,2026-07-12 11:00,2026-07-12 23:00,Rớt hôm trước
,Transporting,2,0,,2026-07-10,2026-07-12,2026-07-12,,2026-07-10 14:00,2026-07-12 17:00,2026-07-12 23:00,Rớt hôm trước
,Transporting,2,0,,2026-07-10,2026-07-12,2026-07-12,,2026-07-10 11:00,2026-07-12 17:00,2026-07-12 23:00,Rớt hôm trước
,Transporting,1,0,,2026-07-10,2026-07-12,2026-07-12,,2026-07-10 16:00,2026-07-12 11:00,2026-07-12 23:00,Rớt hôm trước
,Transporting,1,0,,2026-07-10,2026-07-12,2026-07-12,,2026-07-10 13:00,2026-07-12 11:00,2026-07-12 23:00,Rớt hôm trước
,Transporting,1,0,,2026-07-11,2026-07-12,2026-07-12,,2026-07-11 20:00,2026-07-12 10:00,2026-07-12 23:00,Rớt hôm trước
,Transporting,5,0,,2026-07-11,2026-07-12,2026-07-12,,2026-07-11 18:00,2026-07-12 11:00,2026-07-12 23:00,Rớt hôm trước
,Transporting,9,0,,2026-07-12,2026-07-12,2026-07-12,,2026-07-12 08:00,2026-07-12 16:00,2026-07-13 00:00,Rớt hôm nay
,Transporting,59,0,,2026-07-12,2026-07-12,2026-07-12,,2026-07-12 08:00,2026-07-12 15:00,2026-07-13 00:00,Rớt hôm nay
,Transporting,62,0,,2026-07-12,2026-07-12,2026-07-12,,2026-07-12 08:00,2026-07-12 09:00,2026-07-13 00:00,Rớt hôm nay
,Transporting,3,0,,2026-07-12,2026-07-12,2026-07-12,,2026-07-12 10:00,2026-07-12 11:00,2026-07-13 00:00,Rớt hôm nay
,Transporting,6,0,,2026-07-11,2026-07-12,2026-07-12,,2026-07-11 18:00,2026-07-12 11:00,2026-07-13 00:00,Rớt hôm trước
,Transporting,2,0,,2026-07-10,2026-07-12,2026-07-12,,2026-07-10 12:00,2026-07-12 17:00,2026-07-13 00:00,Rớt hôm trước
,Transporting,1,0,,2026-07-11,2026-07-12,2026-07-12,,2026-07-11 07:00,2026-07-12 17:00,2026-07-13 00:00,Rớt hôm trước
,Transporting,1,0,,2026-07-11,2026-07-12,2026-07-12,,2026-07-11 20:00,2026-07-12 10:00,2026-07-13 00:00,Rớt hôm trước
,Transporting,3,0,,2026-07-12,2026-07-12,2026-07-12,,2026-07-12 07:00,2026-07-12 11:00,2026-07-13 00:00,Rớt hôm nay
,Transporting,3,0,,2026-07-12,2026-07-12,2026-07-12,,2026-07-12 14:00,2026-07-12 18:00,2026-07-13 00:00,Rớt hôm nay
,Transporting,3,0,,2026-07-12,2026-07-12,2026-07-12,,2026-07-12 15:00,2026-07-12 18:00,2026-07-13 00:00,Rớt hôm nay
,Transporting,1,0,,2026-07-11,2026-07-12,2026-07-12,,2026-07-12 05:00,2026-07-12 19:00,2026-07-13 00:00,Rớt hôm trước
,Transporting,31,0,,2026-07-12,2026-07-12,2026-07-12,,2026-07-12 07:00,2026-07-12 10:00,2026-07-13 00:00,Rớt hôm nay
,Transporting,15,0,,2026-07-12,2026-07-12,2026-07-12,,2026-07-12 12:00,2026-07-12 18:00,2026-07-13 00:00,Rớt hôm nay
,Transporting,7,0,,2026-07-12,2026-07-12,2026-07-12,,2026-07-12 15:00,2026-07-12 19:00,2026-07-13 00:00,Rớt hôm nay
,Transporting,1,0,,2026-07-12,2026-07-12,2026-07-12,,2026-07-12 14:00,2026-07-12 19:00,2026-07-13 00:00,Rớt hôm nay
,Transporting,4,0,,2026-07-12,2026-07-12,2026-07-12,,2026-07-12 10:00,2026-07-12 10:00,2026-07-13 00:00,Rớt hôm nay
,Transporting,20,0,,2026-07-12,2026-07-12,2026-07-12,,2026-07-12 09:00,2026-07-12 10:00,2026-07-13 00:00,Rớt hôm nay
,Transporting,5,0,,2026-07-12,2026-07-12,2026-07-12,,2026-07-12 08:00,2026-07-12 10:00,2026-07-13 00:00,Rớt hôm nay
,Transporting,1,0,,2026-07-12,2026-07-12,2026-07-12,,2026-07-12 16:00,2026-07-12 19:00,2026-07-13 00:00,Rớt hôm nay
,Transporting,1,0,,2026-07-11,2026-07-12,2026-07-12,,2026-07-11 19:00,2026-07-12 12:00,2026-07-13 00:00,Rớt hôm trước
,Transporting,2,0,,2026-07-11,2026-07-12,2026-07-12,,2026-07-11 19:00,2026-07-12 10:00,2026-07-13 00:00,Rớt hôm trước
,Transporting,2,0,,2026-07-12,2026-07-12,2026-07-12,,2026-07-12 08:00,2026-07-12 17:00,2026-07-13 00:00,Rớt hôm nay
,Transporting,1,0,,2026-07-12,2026-07-12,2026-07-12,,2026-07-12 10:00,2026-07-12 15:00,2026-07-13 00:00,Rớt hôm nay
,Transporting,2,0,,2026-07-12,2026-07-12,2026-07-12,,2026-07-12 12:00,2026-07-12 19:00,2026-07-13 00:00,Rớt hôm nay
,Transporting,6,0,,2026-07-12,2026-07-12,2026-07-12,,2026-07-12 13:00,2026-07-12 17:00,2026-07-13 00:00,Rớt hôm nay
,Transporting,3,0,,2026-07-12,2026-07-12,2026-07-12,,2026-07-12 09:00,2026-07-12 11:00,2026-07-13 00:00,Rớt hôm nay
,Transporting,2,0,,2026-07-11,2026-07-12,2026-07-12,,2026-07-11 21:00,2026-07-12 10:00,2026-07-13 00:00,Rớt hôm trước
,Transporting,7,0,,2026-07-11,2026-07-12,2026-07-12,,2026-07-11 16:00,2026-07-12 16:00,2026-07-13 00:00,Rớt hôm trước
,Transporting,2,0,,2026-07-11,2026-07-12,2026-07-12,,2026-07-11 14:00,2026-07-12 17:00,2026-07-13 00:00,Rớt hôm trước
,Transporting,8,0,,2026-07-12,2026-07-12,2026-07-12,,2026-07-12 15:00,2026-07-12 17:00,2026-07-13 00:00,Rớt hôm nay
,Transporting,15,0,,2026-07-12,2026-07-12,2026-07-12,,2026-07-12 07:00,2026-07-12 09:00,2026-07-13 00:00,Rớt hôm nay
,Transporting,1,0,,2026-07-11,2026-07-11,2026-07-12,,2026-07-11 17:00,2026-07-11 21:00,2026-07-13 00:00,Rớt hôm nay
,Transporting,5,0,,2026-07-12,2026-07-12,2026-07-12,,2026-07-12 13:00,2026-07-12 16:00,2026-07-13 00:00,Rớt hôm nay
,Transporting,5,0,,2026-07-11,2026-07-12,2026-07-12,,2026-07-11 14:00,2026-07-12 10:00,2026-07-13 00:00,Rớt hôm trước
,Transporting,7,0,,2026-07-12,2026-07-12,2026-07-12,,2026-07-12 10:00,2026-07-12 16:00,2026-07-13 00:00,Rớt hôm nay
,Transporting,2,0,,2026-07-12,2026-07-12,2026-07-12,,2026-07-12 14:00,2026-07-12 15:00,2026-07-13 00:00,Rớt hôm nay
,Transporting,2,0,,2026-07-12,2026-07-12,2026-07-12,,2026-07-12 14:00,2026-07-12 17:00,2026-07-13 00:00,Rớt hôm nay
,Transporting,3,0,,2026-07-11,2026-07-12,2026-07-12,,2026-07-11 17:00,2026-07-12 10:00,2026-07-13 00:00,Rớt hôm trước
,Transporting,8,0,,2026-07-11,2026-07-12,2026-07-12,,2026-07-11 08:00,2026-07-12 10:00,2026-07-13 00:00,Rớt hôm trước
,Transporting,1,0,,2026-07-12,2026-07-12,2026-07-12,,2026-07-12 10:00,2026-07-12 12:00,2026-07-13 00:00,Rớt hôm nay
,Transporting,1,0,,2026-07-11,2026-07-12,2026-07-12,,2026-07-11 16:00,2026-07-12 10:00,2026-07-13 00:00,Rớt hôm trước
,Transporting,1,0,,2026-07-10,2026-07-12,2026-07-12,,2026-07-10 08:00,2026-07-12 16:00,2026-07-13 00:00,Rớt hôm trước
,Transporting,4,0,,2026-07-12,2026-07-12,2026-07-12,,2026-07-12 06:00,2026-07-12 14:00,2026-07-13 00:00,Rớt hôm nay
,Transporting,3,0,,2026-07-11,2026-07-12,2026-07-12,,2026-07-11 13:00,2026-07-12 09:00,2026-07-13 00:00,Rớt hôm trước
,Transporting,2,0,,2026-07-11,2026-07-12,2026-07-12,,2026-07-11 09:00,2026-07-12 10:00,2026-07-13 00:00,Rớt hôm trước
,Transporting,8,0,,2026-07-12,2026-07-12,2026-07-12,,2026-07-12 13:00,2026-07-12 18:00,2026-07-13 00:00,Rớt hôm nay
,Transporting,2,0,,2026-07-11,2026-07-12,2026-07-12,,2026-07-11 18:00,2026-07-12 15:00,2026-07-13 00:00,Rớt hôm trước
,Transporting,1,0,,2026-07-11,2026-07-12,2026-07-12,,2026-07-11 17:00,2026-07-12 15:00,2026-07-13 00:00,Rớt hôm trước
,Transporting,1,0,,2026-07-11,2026-07-11,2026-07-12,,2026-07-11 10:00,2026-07-11 15:00,2026-07-13 00:00,Rớt hôm nay
,Transporting,2,0,,2026-07-12,2026-07-12,2026-07-12,,2026-07-12 07:00,2026-07-12 14:00,2026-07-13 00:00,Rớt hôm nay
,Transporting,2,0,,2026-07-11,2026-07-12,2026-07-12,,2026-07-11 22:00,2026-07-12 10:00,2026-07-13 00:00,Rớt hôm trước
,Transporting,1,0,,2026-07-10,2026-07-10,2026-07-12,,2026-07-10 13:00,2026-07-10 22:00,2026-07-13 00:00,Rớt hôm nay
,Transporting,1,0,,2026-07-11,2026-07-12,2026-07-12,,2026-07-11 17:00,2026-07-12 11:00,2026-07-13 00:00,Rớt hôm trước
,Transporting,2,0,,2026-07-11,2026-07-11,2026-07-12,,2026-07-11 07:00,2026-07-11 12:00,2026-07-13 00:00,Rớt hôm nay
,Transporting,4,0,,2026-07-12,2026-07-12,2026-07-12,,2026-07-12 06:00,2026-07-12 15:00,2026-07-13 00:00,Rớt hôm nay
,Transporting,1,0,,2026-07-11,2026-07-12,2026-07-12,,2026-07-11 17:00,2026-07-12 13:00,2026-07-13 00:00,Rớt hôm trước
,Transporting,1,0,,2026-07-11,2026-07-12,2026-07-12,,2026-07-11 15:00,2026-07-12 14:00,2026-07-13 00:00,Rớt hôm trước
,Transporting,12,0,,2026-07-12,2026-07-12,2026-07-12,,2026-07-12 14:00,2026-07-12 16:00,2026-07-13 00:00,Rớt hôm nay
,Transporting,2,0,,2026-07-11,2026-07-12,2026-07-12,,2026-07-11 15:00,2026-07-12 17:00,2026-07-13 00:00,Rớt hôm trước
,Transporting,1,0,,2026-07-03,2026-07-04,2026-07-12,,2026-07-03 16:00,2026-07-04 14:00,2026-07-13 00:00,Rớt hôm trước
,Transporting,1,0,,2026-07-11,2026-07-12,2026-07-12,,2026-07-11 11:00,2026-07-12 10:00,2026-07-13 00:00,Rớt hôm trước
,Transporting,3,0,,2026-07-12,2026-07-12,2026-07-12,,2026-07-12 16:00,2026-07-12 17:00,2026-07-13 00:00,Rớt hôm nay
,Transporting,1,0,,2026-07-11,2026-07-12,2026-07-12,,2026-07-11 14:00,2026-07-12 11:00,2026-07-13 00:00,Rớt hôm trước
,Transporting,2,0,,2026-07-11,2026-07-12,2026-07-12,,2026-07-11 13:00,2026-07-12 10:00,2026-07-13 00:00,Rớt hôm trước
,Transporting,1,0,,2026-07-10,2026-07-12,2026-07-12,,2026-07-10 14:00,2026-07-12 16:00,2026-07-13 00:00,Rớt hôm trước
,Transporting,1,0,,2026-07-12,2026-07-12,2026-07-12,,2026-07-12 09:00,2026-07-12 17:00,2026-07-13 00:00,Rớt hôm nay
,Transporting,1,0,,2026-07-11,2026-07-12,2026-07-12,,2026-07-11 21:00,2026-07-12 17:00,2026-07-13 00:00,Rớt hôm trước
,Transporting,2,0,,2026-07-11,2026-07-12,2026-07-12,,2026-07-11 08:00,2026-07-12 11:00,2026-07-13 00:00,Rớt hôm trước
,Transporting,2,0,,2026-07-12,2026-07-12,2026-07-12,,2026-07-12 16:00,2026-07-12 16:00,2026-07-13 00:00,Rớt hôm nay
,Transporting,4,0,,2026-07-12,2026-07-12,2026-07-12,,2026-07-12 10:00,2026-07-12 14:00,2026-07-13 00:00,Rớt hôm nay
,Transporting,2,0,,2026-07-12,2026-07-12,2026-07-12,,2026-07-12 14:00,2026-07-12 14:00,2026-07-13 00:00,Rớt hôm nay
,Transporting,1,0,,2026-07-10,2026-07-12,2026-07-12,,2026-07-10 13:00,2026-07-12 11:00,2026-07-13 00:00,Rớt hôm trước
,Transporting,2,0,,2026-07-10,2026-07-12,2026-07-12,,2026-07-10 11:00,2026-07-12 11:00,2026-07-13 00:00,Rớt hôm trước
,Transporting,1,0,,2026-07-12,2026-07-12,2026-07-12,,2026-07-12 07:00,2026-07-12 19:00,2026-07-13 00:00,Rớt hôm nay
,Transporting,18,0,,2026-07-12,2026-07-12,2026-07-12,,2026-07-12 06:00,2026-07-12 11:00,2026-07-13 00:00,Rớt hôm nay
,Transporting,1,0,,2026-07-11,2026-07-12,2026-07-12,,2026-07-11 22:00,2026-07-12 17:00,2026-07-13 00:00,Rớt hôm trước
,Transporting,2,0,,2026-07-12,2026-07-12,2026-07-12,,2026-07-12 15:00,2026-07-12 16:00,2026-07-13 00:00,Rớt hôm nay
,Transporting,3,0,,2026-07-10,2026-07-12,2026-07-12,,2026-07-10 14:00,2026-07-12 10:00,2026-07-13 00:00,Rớt hôm trước
,Transporting,13,0,,2026-07-12,2026-07-12,2026-07-12,,2026-07-12 12:00,2026-07-12 16:00,2026-07-13 00:00,Rớt hôm nay
,Transporting,1,0,,2026-07-11,2026-07-12,2026-07-12,,2026-07-11 23:00,2026-07-12 10:00,2026-07-13 00:00,Rớt hôm trước
,Transporting,6,0,,2026-07-10,2026-07-12,2026-07-12,,2026-07-10 09:00,2026-07-12 10:00,2026-07-13 00:00,Rớt hôm trước
,Transporting,1,0,,2026-07-10,2026-07-12,2026-07-12,,2026-07-10 10:00,2026-07-12 11:00,2026-07-13 00:00,Rớt hôm trước
,Transporting,1,0,,2026-07-12,2026-07-12,2026-07-12,,2026-07-12 11:00,2026-07-12 17:00,2026-07-13 00:00,Rớt hôm nay
,Transporting,1,0,,2026-07-11,2026-07-12,2026-07-12,,2026-07-11 11:00,2026-07-12 16:00,2026-07-13 00:00,Rớt hôm trước
,Transporting,1,0,,2026-07-10,2026-07-12,2026-07-12,,2026-07-10 14:00,2026-07-12 11:00,2026-07-13 00:00,Rớt hôm trước
,Transporting,1,0,,2026-07-10,2026-07-11,2026-07-12,,2026-07-10 20:00,2026-07-11 13:00,2026-07-13 00:00,Rớt hôm trước
,Transporting,10,0,,2026-07-12,2026-07-12,2026-07-12,,2026-07-12 09:00,2026-07-12 16:00,2026-07-13 00:00,Rớt hôm nay
,Transporting,1,0,,2026-07-12,2026-07-12,2026-07-12,,2026-07-12 08:00,2026-07-12 08:00,2026-07-13 00:00,Rớt hôm nay
,Transporting,1,0,,2026-07-12,2026-07-12,2026-07-12,,2026-07-12 06:00,2026-07-12 16:00,2026-07-13 00:00,Rớt hôm nay
,Transporting,85,0,,2026-07-12,2026-07-12,2026-07-12,,2026-07-12 08:00,2026-07-12 09:00,2026-07-13 01:00,Rớt hôm nay
,Transporting,5,0,,2026-07-12,2026-07-12,2026-07-12,,2026-07-12 14:00,2026-07-12 17:00,2026-07-13 01:00,Rớt hôm nay
,Transporting,4,0,,2026-07-12,2026-07-12,2026-07-12,,2026-07-12 09:00,2026-07-12 17:00,2026-07-13 01:00,Rớt hôm nay
,Transporting,1,0,,2026-07-12,2026-07-12,2026-07-12,,2026-07-12 10:00,2026-07-12 15:00,2026-07-13 01:00,Rớt hôm nay
,Transporting,13,0,,2026-07-12,2026-07-12,2026-07-12,,2026-07-12 08:00,2026-07-12 15:00,2026-07-13 01:00,Rớt hôm nay
,Transporting,7,0,,2026-07-12,2026-07-12,2026-07-12,,2026-07-12 08:00,2026-07-12 10:00,2026-07-13 01:00,Rớt hôm nay
,Transporting,2,0,,2026-07-12,2026-07-12,2026-07-12,,2026-07-12 08:00,2026-07-12 11:00,2026-07-13 01:00,Rớt hôm nay
,Transporting,1,0,,2026-07-12,2026-07-12,2026-07-12,,2026-07-12 09:00,2026-07-12 11:00,2026-07-13 01:00,Rớt hôm nay
,Transporting,2,0,,2026-07-12,2026-07-12,2026-07-12,,2026-07-12 12:00,2026-07-12 19:00,2026-07-13 01:00,Rớt hôm nay
,Transporting,3,0,,2026-07-11,2026-07-12,2026-07-12,,2026-07-11 08:00,2026-07-12 10:00,2026-07-13 01:00,Rớt hôm trước
,Transporting,6,0,,2026-07-12,2026-07-12,2026-07-12,,2026-07-12 13:00,2026-07-12 18:00,2026-07-13 01:00,Rớt hôm nay
,Transporting,2,0,,2026-07-12,2026-07-12,2026-07-12,,2026-07-12 06:00,2026-07-12 14:00,2026-07-13 01:00,Rớt hôm nay
,Transporting,1,0,,2026-07-11,2026-07-12,2026-07-12,,2026-07-11 14:00,2026-07-12 14:00,2026-07-13 01:00,Rớt hôm trước
,Transporting,1,0,,2026-07-11,2026-07-11,2026-07-12,,2026-07-11 07:00,2026-07-11 12:00,2026-07-13 01:00,Rớt hôm nay
,Transporting,1,0,,2026-07-11,2026-07-11,2026-07-12,,2026-07-11 16:00,2026-07-11 18:00,2026-07-13 01:00,Rớt hôm nay
,Transporting,1,0,,2026-07-11,2026-07-11,2026-07-12,,2026-07-11 13:00,2026-07-11 18:00,2026-07-13 01:00,Rớt hôm nay
,Transporting,7,0,,2026-07-12,2026-07-12,2026-07-12,,2026-07-12 12:00,2026-07-12 16:00,2026-07-13 01:00,Rớt hôm nay
,Transporting,2,0,,2026-07-12,2026-07-12,2026-07-12,,2026-07-12 15:00,2026-07-12 16:00,2026-07-13 01:00,Rớt hôm nay
,Transporting,1,0,,2026-07-12,2026-07-12,2026-07-12,,2026-07-12 09:00,2026-07-12 16:00,2026-07-13 01:00,Rớt hôm nay
,Transporting,5,0,,2026-07-12,2026-07-12,2026-07-12,,2026-07-12 16:00,2026-07-12 17:00,2026-07-13 01:00,Rớt hôm nay
,Transporting,4,0,,2026-07-12,2026-07-12,2026-07-12,,2026-07-12 13:00,2026-07-12 16:00,2026-07-13 01:00,Rớt hôm nay
,Transporting,8,0,,2026-07-12,2026-07-12,2026-07-12,,2026-07-12 09:00,2026-07-12 10:00,2026-07-13 01:00,Rớt hôm nay
,Transporting,1,0,,2026-07-11,2026-07-12,2026-07-12,,2026-07-11 15:00,2026-07-12 15:00,2026-07-13 01:00,Rớt hôm trước
,Transporting,2,0,,2026-07-10,2026-07-11,2026-07-12,,2026-07-10 13:00,2026-07-11 09:00,2026-07-13 01:00,Rớt hôm trước
,Transporting,2,0,,2026-07-12,2026-07-12,2026-07-12,,2026-07-12 16:00,2026-07-12 16:00,2026-07-13 01:00,Rớt hôm nay
,Transporting,2,0,,2026-07-12,2026-07-12,2026-07-12,,2026-07-12 08:00,2026-07-12 16:00,2026-07-13 01:00,Rớt hôm nay
,Transporting,5,0,,2026-07-12,2026-07-12,2026-07-12,,2026-07-12 06:00,2026-07-12 11:00,2026-07-13 01:00,Rớt hôm nay
,Transporting,7,0,,2026-07-12,2026-07-12,2026-07-12,,2026-07-12 15:00,2026-07-12 19:00,2026-07-13 01:00,Rớt hôm nay
,Transporting,1,0,,2026-07-12,2026-07-12,2026-07-12,,2026-07-12 10:00,2026-07-12 10:00,2026-07-13 01:00,Rớt hôm nay
,Transporting,1,0,,2026-07-11,2026-07-12,2026-07-12,,2026-07-11 19:00,2026-07-12 12:00,2026-07-13 01:00,Rớt hôm trước
,Transporting,13,0,,2026-07-12,2026-07-12,2026-07-12,,2026-07-12 14:00,2026-07-12 15:00,2026-07-13 01:00,Rớt hôm nay
,Transporting,7,0,,2026-07-12,2026-07-12,2026-07-12,,2026-07-12 06:00,2026-07-12 09:00,2026-07-13 01:00,Rớt hôm nay
,Transporting,2,0,,2026-07-12,2026-07-12,2026-07-12,,2026-07-12 17:00,2026-07-12 17:00,2026-07-13 01:00,Rớt hôm nay
,Transporting,1,0,,2026-07-12,2026-07-12,2026-07-12,,2026-07-12 11:00,2026-07-12 16:00,2026-07-13 01:00,Rớt hôm nay
,Transporting,2,0,,2026-07-12,2026-07-12,2026-07-12,,2026-07-12 14:00,2026-07-12 16:00,2026-07-13 01:00,Rớt hôm nay
,Transporting,4,0,,2026-07-12,2026-07-12,2026-07-12,,2026-07-12 10:00,2026-07-12 16:00,2026-07-13 01:00,Rớt hôm nay
,Transporting,2,0,,2026-07-12,2026-07-12,2026-07-12,,2026-07-12 13:00,2026-07-12 19:00,2026-07-13 01:00,Rớt hôm nay
,Transporting,11,0,,2026-07-12,2026-07-12,2026-07-12,,2026-07-12 07:00,2026-07-12 09:00,2026-07-13 01:00,Rớt hôm nay
,Transporting,3,0,,2026-07-12,2026-07-12,2026-07-12,,2026-07-12 07:00,2026-07-12 17:00,2026-07-13 01:00,Rớt hôm nay
,Transporting,3,0,,2026-07-12,2026-07-12,2026-07-12,,2026-07-12 13:00,2026-07-12 17:00,2026-07-13 01:00,Rớt hôm nay
,Transporting,2,0,,2026-07-12,2026-07-12,2026-07-12,,2026-07-12 10:00,2026-07-12 17:00,2026-07-13 01:00,Rớt hôm nay
,Transporting,1,0,,2026-07-12,2026-07-12,2026-07-12,,2026-07-12 16:00,2026-07-12 19:00,2026-07-13 01:00,Rớt hôm nay
,Transporting,1,0,,2026-07-10,2026-07-12,2026-07-12,,2026-07-10 14:00,2026-07-12 10:00,2026-07-13 01:00,Rớt hôm trước
,Transporting,2,0,,2026-07-12,2026-07-12,2026-07-12,,2026-07-12 14:00,2026-07-12 18:00,2026-07-13 01:00,Rớt hôm nay
,Transporting,1,0,,2026-07-12,2026-07-12,2026-07-12,,2026-07-12 17:00,2026-07-12 19:00,2026-07-13 01:00,Rớt hôm nay
,Transporting,1,0,,2026-07-12,2026-07-12,2026-07-12,,2026-07-12 11:00,2026-07-12 19:00,2026-07-13 01:00,Rớt hôm nay
,Transporting,2,0,,2026-07-12,2026-07-12,2026-07-12,,2026-07-12 07:00,2026-07-12 10:00,2026-07-13 01:00,Rớt hôm nay
,Transporting,2,0,,2026-07-12,2026-07-12,2026-07-12,,2026-07-12 15:00,2026-07-12 18:00,2026-07-13 01:00,Rớt hôm nay
,Transporting,2,0,,2026-07-11,2026-07-12,2026-07-12,,2026-07-11 09:00,2026-07-12 10:00,2026-07-13 01:00,Rớt hôm trước
,Transporting,9,0,,2026-07-12,2026-07-12,2026-07-12,,2026-07-12 12:00,2026-07-12 18:00,2026-07-13 01:00,Rớt hôm nay
,Transporting,3,0,,2026-07-12,2026-07-12,2026-07-12,,2026-07-12 15:00,2026-07-12 17:00,2026-07-13 01:00,Rớt hôm nay
,Transporting,1,0,,2026-07-12,2026-07-12,2026-07-12,,2026-07-12 10:00,2026-07-12 18:00,2026-07-13 01:00,Rớt hôm nay
,Transporting,1,0,,2026-07-10,2026-07-12,2026-07-12,,2026-07-10 14:00,2026-07-12 16:00,2026-07-13 01:00,Rớt hôm trước
,Transporting,1,0,,2026-07-12,2026-07-12,2026-07-12,,2026-07-12 07:00,2026-07-12 16:00,2026-07-13 01:00,Rớt hôm nay
,Transporting,1,0,,2026-07-11,2026-07-12,2026-07-12,,2026-07-11 10:00,2026-07-12 10:00,2026-07-13 01:00,Rớt hôm trước
,Transporting,1,0,,2026-07-11,2026-07-12,2026-07-12,,2026-07-11 20:00,2026-07-12 12:00,2026-07-13 01:00,Rớt hôm trước
,Transporting,1,0,,2026-07-11,2026-07-12,2026-07-12,,2026-07-11 16:00,2026-07-12 16:00,2026-07-13 01:00,Rớt hôm trước
,Transporting,1,0,,2026-07-10,2026-07-12,2026-07-12,,2026-07-10 07:00,2026-07-12 17:00,2026-07-13 01:00,Rớt hôm trước
,Transporting,1,0,,2026-07-12,2026-07-12,2026-07-12,,2026-07-12 09:00,2026-07-12 09:00,2026-07-13 01:00,Rớt hôm nay
,Transporting,3,0,,2026-07-11,2026-07-12,2026-07-12,,2026-07-11 13:00,2026-07-12 09:00,2026-07-13 01:00,Rớt hôm trước
,Transporting,1,0,,2026-07-12,2026-07-12,2026-07-12,,2026-07-12 06:00,2026-07-12 17:00,2026-07-13 01:00,Rớt hôm nay
,Transporting,1,0,,2026-07-03,2026-07-04,2026-07-12,,2026-07-03 19:00,2026-07-04 11:00,2026-07-13 01:00,Rớt hôm trước
,Transporting,1,0,,2026-07-11,2026-07-12,2026-07-12,,2026-07-11 17:00,2026-07-12 17:00,2026-07-13 01:00,Rớt hôm trước
,Transporting,1,0,,2026-07-11,2026-07-12,2026-07-12,,2026-07-11 16:00,2026-07-12 10:00,2026-07-13 01:00,Rớt hôm trước
,Transporting,2,0,,2026-07-11,2026-07-12,2026-07-12,,2026-07-11 16:00,2026-07-12 09:00,2026-07-13 01:00,Rớt hôm trước
,Transporting,1,0,,2026-07-12,2026-07-12,2026-07-12,,2026-07-12 06:00,2026-07-12 16:00,2026-07-13 01:00,Rớt hôm nay
,Transporting,1,0,,2026-07-10,2026-07-12,2026-07-12,,2026-07-10 08:00,2026-07-12 16:00,2026-07-13 01:00,Rớt hôm trước
,Transporting,1,0,,2026-07-11,2026-07-12,2026-07-12,,2026-07-11 14:00,2026-07-12 10:00,2026-07-13 01:00,Rớt hôm trước
,Transporting,1,0,,2026-07-11,2026-07-12,2026-07-12,,2026-07-11 17:00,2026-07-12 11:00,2026-07-13 01:00,Rớt hôm trước
,Transporting,1,0,,2026-07-11,2026-07-12,2026-07-12,,2026-07-11 06:00,2026-07-12 17:00,2026-07-13 02:00,Rớt hôm trước
,Transporting,3,0,,2026-07-12,2026-07-12,2026-07-12,,2026-07-12 07:00,2026-07-12 16:00,2026-07-13 03:00,Rớt hôm nay
,Transporting,3,0,,2026-07-12,2026-07-12,2026-07-12,,2026-07-12 13:00,2026-07-12 16:00,2026-07-13 03:00,Rớt hôm nay
,Transporting,2,0,,2026-07-11,2026-07-12,2026-07-12,,2026-07-11 19:00,2026-07-12 17:00,2026-07-13 03:00,Rớt hôm trước
,Transporting,1,0,,2026-07-12,2026-07-12,2026-07-12,,2026-07-12 15:00,2026-07-12 16:00,2026-07-13 03:00,Rớt hôm nay
,Transporting,1,0,,2026-07-12,2026-07-12,2026-07-12,,2026-07-12 08:00,2026-07-12 17:00,2026-07-13 03:00,Rớt hôm nay
,Transporting,2,0,,2026-07-12,2026-07-12,2026-07-12,,2026-07-12 14:00,2026-07-12 16:00,2026-07-13 03:00,Rớt hôm nay
,Transporting,1,0,,2026-07-12,2026-07-12,2026-07-12,,2026-07-12 15:00,2026-07-12 18:00,2026-07-13 03:00,Rớt hôm nay
,Transporting,1,0,,2026-07-12,2026-07-12,2026-07-12,,2026-07-12 14:00,2026-07-12 15:00,2026-07-13 03:00,Rớt hôm nay
,Transporting,2,0,,2026-07-12,2026-07-12,2026-07-12,,2026-07-12 08:00,2026-07-12 09:00,2026-07-13 03:00,Rớt hôm nay
,Transporting,1,0,,2026-07-12,2026-07-12,2026-07-12,,2026-07-12 10:00,2026-07-12 22:00,2026-07-13 04:00,Rớt hôm nay
SG BÌNH TÂN,Pickup Done,13,123,,2026-07-13,2026-07-13,,,2026-07-13 11:00,2026-07-13 18:00,,Rớt hôm nay
SG AN PHÚ ĐÔNG,Transporting,6,64,,2026-07-13,2026-07-13,2026-07-13,,2026-07-13 10:00,2026-07-13 17:00,2026-07-13 17:00,Rớt hôm nay
SG TÂN THỚI HIỆP,Pickup Done,12,126,,2026-07-13,2026-07-13,,,2026-07-13 11:00,2026-07-13 11:00,,Rớt hôm nay
SG TÂN SƠN NHÌ,Transporting,3,25,,2026-07-13,2026-07-13,2026-07-13,,2026-07-13 10:00,2026-07-13 11:00,2026-07-13 16:00,Rớt hôm nay
SG BÌNH LỢI,Transporting,36,365,,2026-07-13,2026-07-13,2026-07-13,,2026-07-13 11:00,2026-07-13 18:00,2026-07-13 18:00,Rớt hôm nay
SG BẢY HIỀN,Transporting,1,10,,2026-07-13,2026-07-13,2026-07-13,,2026-07-13 10:00,2026-07-13 13:00,2026-07-13 14:00,Rớt hôm nay
SG HIỆP BÌNH,Transporting,4,23,,2026-07-13,2026-07-13,2026-07-13,,2026-07-13 10:00,2026-07-13 17:00,2026-07-13 19:00,Rớt hôm nay
SG HIỆP BÌNH,Pickup Done,1,6,,2026-07-13,2026-07-13,,,2026-07-13 10:00,2026-07-13 17:00,,Rớt hôm nay
SG BÀ ĐIỂM,Pickup Done,2,16,,2026-07-13,2026-07-13,,,2026-07-13 10:00,2026-07-13 18:00,,Rớt hôm nay
LA ĐỨC HÒA,Inbound,2,25,2026-07-13,2026-07-13,2026-07-13,2026-07-13,2026-07-13 19:00,2026-07-13 10:00,2026-07-13 15:00,2026-07-13 17:00,Rớt hôm nay
AG CẦN ĐĂNG,Transporting,1,7,,2026-07-13,2026-07-13,2026-07-13,,2026-07-13 11:00,2026-07-13 11:00,2026-07-13 14:00,Rớt hôm nay
SG BÌNH TÂN,Pickup Done,28,260,,2026-07-13,2026-07-13,,,2026-07-13 11:00,2026-07-13 19:00,,Rớt hôm nay
SG BÌNH TÂN,Created,48,490,,2026-07-13,,,,2026-07-13 11:00,,,Rớt hôm nay
SG PHÚ LÂM,Transporting,17,212,,2026-07-13,2026-07-13,2026-07-13,,2026-07-13 11:00,2026-07-13 15:00,2026-07-13 19:00,Rớt hôm nay
SG BÌNH LỢI,Transporting,18,177,,2026-07-13,2026-07-13,2026-07-13,,2026-07-13 11:00,2026-07-13 17:00,2026-07-13 18:00,Rớt hôm nay
SG BÌNH LỢI,Inbound,1,5,2026-07-13,2026-07-13,2026-07-13,2026-07-13,2026-07-13 14:00,2026-07-13 11:00,2026-07-13 11:00,2026-07-13 11:00,Rớt hôm nay
SG BÌNH LỢI,Transporting,17,171,,2026-07-13,2026-07-13,2026-07-13,,2026-07-13 11:00,2026-07-13 19:00,2026-07-13 19:00,Rớt hôm nay
SG BÌNH LỢI,Inbound,1,12,2026-07-13,2026-07-13,2026-07-13,2026-07-13,2026-07-13 14:00,2026-07-13 11:00,2026-07-13 11:00,2026-07-13 12:00,Rớt hôm nay
SG CỦ CHI,Pickup Done,3,39,,2026-07-13,2026-07-13,,,2026-07-13 11:00,2026-07-13 11:00,,Rớt hôm nay
SG TÂN TẠO,Pickup Done,8,50,,2026-07-13,2026-07-13,,,2026-07-13 11:00,2026-07-13 16:00,,Rớt hôm nay
SG HÓC MÔN,Transporting,1,6,,2026-07-13,2026-07-13,2026-07-13,,2026-07-13 11:00,2026-07-13 16:00,2026-07-13 19:00,Rớt hôm nay
SG TÂN HƯNG,Transporting,4,25,,2026-07-13,2026-07-13,2026-07-13,,2026-07-13 11:00,2026-07-13 17:00,2026-07-13 18:00,Rớt hôm nay
SG ĐÔNG HƯNG THUẬN,Transporting,6,77,,2026-07-13,2026-07-13,2026-07-13,,2026-07-13 11:00,2026-07-13 17:00,2026-07-13 19:00,Rớt hôm nay
SG ĐÔNG HƯNG THUẬN,Transporting,1,6,,2026-07-13,2026-07-13,2026-07-13,,2026-07-13 11:00,2026-07-13 18:00,2026-07-13 19:00,Rớt hôm nay
SG NHƠN ĐỨC,Inbound,34,342,2026-07-13,2026-07-13,2026-07-13,2026-07-13,2026-07-13 19:00,2026-07-13 11:00,2026-07-13 17:00,2026-07-13 18:00,Rớt hôm nay
SG NHƠN ĐỨC,Inbound,2,13,2026-07-13,2026-07-13,2026-07-13,2026-07-13,2026-07-13 19:00,2026-07-13 11:00,2026-07-13 11:00,2026-07-13 18:00,Rớt hôm nay
LA ĐỨC HÒA,Inbound,4,30,2026-07-13,2026-07-13,2026-07-13,2026-07-13,2026-07-13 19:00,2026-07-13 11:00,2026-07-13 18:00,2026-07-13 18:00,Rớt hôm nay
LA BẾN LỨC,Inbound,2,22,2026-07-13,2026-07-13,2026-07-13,2026-07-13,2026-07-13 20:00,2026-07-13 11:00,2026-07-13 12:00,2026-07-13 18:00,Rớt hôm nay
SG BÀ ĐIỂM,Pickup Done,3,15,,2026-07-13,2026-07-13,,,2026-07-13 11:00,2026-07-13 11:00,,Rớt hôm nay
VL CHỢ LÁCH,Transporting,1,18,,2026-07-13,2026-07-13,2026-07-13,,2026-07-13 11:00,2026-07-13 11:00,2026-07-13 18:00,Rớt hôm nay
AG TÂN CHÂU,Transporting,3,25,,2026-07-13,2026-07-13,2026-07-13,,2026-07-13 11:00,2026-07-13 16:00,2026-07-13 17:00,Rớt hôm nay
LA TÂN AN,Inbound,1,8,2026-07-13,2026-07-13,2026-07-13,2026-07-13,2026-07-13 20:00,2026-07-13 11:00,2026-07-13 16:00,2026-07-13 17:00,Rớt hôm nay
LA TÂN AN,Inbound,1,10,2026-07-13,2026-07-13,2026-07-13,2026-07-13,2026-07-13 20:00,2026-07-13 11:00,2026-07-13 14:00,2026-07-13 17:00,Rớt hôm nay
CT BÌNH THỦY,Transporting,1,5,,2026-07-13,2026-07-13,2026-07-13,,2026-07-13 11:00,2026-07-13 17:00,2026-07-13 18:00,Rớt hôm nay
CT BÌNH THỦY,Transporting,2,23,,2026-07-13,2026-07-13,2026-07-13,,2026-07-13 11:00,2026-07-13 16:00,2026-07-13 18:00,Rớt hôm nay
SG BÌNH TÂN,Pickup Done,17,159,,2026-07-13,2026-07-13,,,2026-07-13 11:00,2026-07-13 16:00,,Rớt hôm nay
SG BÌNH TÂN,Pickup Done,5,62,,2026-07-13,2026-07-13,,,2026-07-13 11:00,2026-07-13 17:00,,Rớt hôm nay
SG BÌNH TÂN,Pickup Done,2,18,,2026-07-13,2026-07-13,,,2026-07-13 11:00,2026-07-13 14:00,,Rớt hôm nay
SG TÂN SƠN NHÌ,Transporting,3,23,,2026-07-13,2026-07-13,2026-07-13,,2026-07-13 11:00,2026-07-13 17:00,2026-07-13 18:00,Rớt hôm nay
SG PHÚ LÂM,Created,4,57,,2026-07-13,,,,2026-07-13 11:00,,,Rớt hôm nay
SG PHÚ LÂM,Transporting,4,49,,2026-07-13,2026-07-13,2026-07-13,,2026-07-13 11:00,2026-07-13 16:00,2026-07-13 19:00,Rớt hôm nay
SG BÌNH LỢI,Pickup Done,2,30,,2026-07-13,2026-07-13,,,2026-07-13 11:00,2026-07-13 17:00,,Rớt hôm nay
SG BÌNH LỢI,Created,1,10,,2026-07-13,,,,2026-07-13 11:00,,,Rớt hôm nay
SG BÌNH LỢI,Transporting,2,20,,2026-07-13,2026-07-13,2026-07-13,,2026-07-13 11:00,2026-07-13 19:00,2026-07-13 20:00,Rớt hôm nay
SG CỦ CHI,Inbound,3,27,2026-07-13,2026-07-13,2026-07-13,2026-07-13,2026-07-13 16:00,2026-07-13 11:00,2026-07-13 13:00,2026-07-13 13:00,Rớt hôm nay
SG CỦ CHI,Inbound,45,301,2026-07-13,2026-07-13,2026-07-13,2026-07-13,2026-07-13 19:00,2026-07-13 11:00,2026-07-13 14:00,2026-07-13 14:00,Rớt hôm nay
SG CỦ CHI,Inbound,57,427,2026-07-13,2026-07-13,2026-07-13,2026-07-13,2026-07-13 19:00,2026-07-13 11:00,2026-07-13 15:00,2026-07-13 15:00,Rớt hôm nay
SG CỦ CHI,Transporting,5,55,,2026-07-13,2026-07-13,2026-07-13,,2026-07-13 11:00,2026-07-13 18:00,2026-07-13 18:00,Rớt hôm nay
SG CỦ CHI,Inbound,3,18,2026-07-13,2026-07-13,2026-07-13,2026-07-13,2026-07-13 19:00,2026-07-13 11:00,2026-07-13 16:00,2026-07-13 16:00,Rớt hôm nay
SG TÂN TẠO,Pickup Done,28,268,,2026-07-13,2026-07-13,,,2026-07-13 11:00,2026-07-13 13:00,,Rớt hôm nay
SG TÂN TẠO,Created,1,10,,2026-07-13,,,,2026-07-13 11:00,,,Rớt hôm nay
SG HÓC MÔN,Transporting,1,8,,2026-07-13,2026-07-13,2026-07-13,,2026-07-13 11:00,2026-07-13 11:00,2026-07-13 19:00,Rớt hôm nay
SG THỦ ĐỨC,Transporting,1,8,,2026-07-13,2026-07-13,2026-07-13,,2026-07-13 11:00,2026-07-13 14:00,2026-07-13 19:00,Rớt hôm nay
SG THỦ ĐỨC,Transporting,6,58,,2026-07-13,2026-07-13,2026-07-13,,2026-07-13 11:00,2026-07-13 16:00,2026-07-13 16:00,Rớt hôm nay
SG THỦ ĐỨC,Created,3,18,,2026-07-13,,,,2026-07-13 11:00,,,Rớt hôm nay
SG ĐÔNG HƯNG THUẬN,Created,3,38,,2026-07-13,,,,2026-07-13 11:00,,,Rớt hôm nay
SG ĐÔNG HƯNG THUẬN,Transporting,1,5,,2026-07-13,2026-07-13,2026-07-13,,2026-07-13 11:00,2026-07-13 11:00,2026-07-13 19:00,Rớt hôm nay
SG NHƠN ĐỨC,Created,1,6,,2026-07-13,,,,2026-07-13 11:00,,,Rớt hôm nay
SG PHÚ NHUẬN,Transporting,8,79,,2026-07-13,2026-07-13,2026-07-13,,2026-07-13 11:00,2026-07-13 13:00,2026-07-13 17:00,Rớt hôm nay
SG PHÚ NHUẬN,Transporting,1,6,,2026-07-13,2026-07-13,2026-07-13,,2026-07-13 11:00,2026-07-13 14:00,2026-07-13 17:00,Rớt hôm nay
SG PHÚ NHUẬN,Created,1,10,,2026-07-13,,,,2026-07-13 11:00,,,Rớt hôm nay
SG HIỆP BÌNH,Transporting,1,12,,2026-07-13,2026-07-13,2026-07-13,,2026-07-13 11:00,2026-07-13 17:00,2026-07-13 20:00,Rớt hôm nay
SG HIỆP BÌNH,Transporting,2,20,,2026-07-13,2026-07-13,2026-07-13,,2026-07-13 11:00,2026-07-13 17:00,2026-07-13 19:00,Rớt hôm nay
SG BÀ ĐIỂM,Pickup Done,6,37,,2026-07-13,2026-07-13,,,2026-07-13 11:00,2026-07-13 19:00,,Rớt hôm nay
SG BÀ ĐIỂM,Pickup Done,2,18,,2026-07-13,2026-07-13,,,2026-07-13 11:00,2026-07-13 17:00,,Rớt hôm nay
LA ĐỨC HÒA,Inbound,3,33,2026-07-13,2026-07-13,2026-07-13,2026-07-13,2026-07-13 19:00,2026-07-13 11:00,2026-07-13 15:00,2026-07-13 15:00,Rớt hôm nay
LA BẾN LỨC,Created,3,19,,2026-07-13,,,,2026-07-13 11:00,,,Rớt hôm nay
VL CHỢ LÁCH,Transporting,4,31,,2026-07-13,2026-07-13,2026-07-13,,2026-07-13 11:00,2026-07-13 17:00,2026-07-13 18:00,Rớt hôm nay
CT NINH KIỀU,Transporting,1,10,,2026-07-13,2026-07-13,2026-07-13,,2026-07-13 11:00,2026-07-13 11:00,2026-07-13 18:00,Rớt hôm nay
SG BÌNH TRỊ ĐÔNG,Pickup Done,3,30,,2026-07-13,2026-07-13,,,2026-07-13 11:00,2026-07-13 11:00,,Rớt hôm nay
AG TỊNH BIÊN,Transporting,5,25,,2026-07-13,2026-07-13,2026-07-13,,2026-07-13 11:00,2026-07-13 16:00,2026-07-13 16:00,Rớt hôm nay
DT SA ĐÉC,Transporting,1,6,,2026-07-13,2026-07-13,2026-07-13,,2026-07-13 11:00,2026-07-13 16:00,2026-07-13 16:00,Rớt hôm nay
SG BÌNH TÂN,Pickup Done,2,18,,2026-07-13,2026-07-13,,,2026-07-13 11:00,2026-07-13 20:00,,Rớt hôm nay
SG TÂN THỚI HIỆP,Pickup Done,1,10,,2026-07-13,2026-07-13,,,2026-07-13 11:00,2026-07-13 16:00,,Rớt hôm nay
SG TÂN THỚI HIỆP,Pickup Done,2,25,,2026-07-13,2026-07-13,,,2026-07-13 11:00,2026-07-13 17:00,,Rớt hôm nay
SG TÂN THỚI HIỆP,Pickup Done,8,88,,2026-07-13,2026-07-13,,,2026-07-13 11:00,2026-07-13 14:00,,Rớt hôm nay
SG TÂN THỚI HIỆP,Created,1,6,,2026-07-13,,,,2026-07-13 11:00,,,Rớt hôm nay
SG TÂN SƠN NHÌ,Transporting,17,139,,2026-07-13,2026-07-13,2026-07-13,,2026-07-13 11:00,2026-07-13 18:00,2026-07-13 19:00,Rớt hôm nay
SG PHÚ LÂM,Transporting,2,17,,2026-07-13,2026-07-13,2026-07-13,,2026-07-13 11:00,2026-07-13 14:00,2026-07-13 19:00,Rớt hôm nay
SG CỦ CHI,Pickup Done,2,19,,2026-07-13,2026-07-13,,,2026-07-13 11:00,2026-07-13 16:00,,Rớt hôm nay
SG CỦ CHI,Pickup Done,1,20,,2026-07-13,2026-07-13,,,2026-07-13 11:00,2026-07-13 18:00,,Rớt hôm nay
SG TÂN TẠO,Pickup Done,1,7,,2026-07-13,2026-07-13,,,2026-07-13 11:00,2026-07-13 18:00,,Rớt hôm nay
SG TÂN HƯNG,Transporting,6,144,,2026-07-13,2026-07-13,2026-07-13,,2026-07-13 11:00,2026-07-13 16:00,2026-07-13 18:00,Rớt hôm nay
SG ĐÔNG HƯNG THUẬN,Transporting,27,212,,2026-07-13,2026-07-13,2026-07-13,,2026-07-13 11:00,2026-07-13 15:00,2026-07-13 19:00,Rớt hôm nay
SG TÂN NHỰT,Transporting,8,53,,2026-07-13,2026-07-13,2026-07-13,,2026-07-13 11:00,2026-07-13 12:00,2026-07-13 18:00,Rớt hôm nay
SG TÂN NHỰT,Inbound,1,10,2026-07-13,2026-07-13,2026-07-13,2026-07-13,2026-07-13 15:00,2026-07-13 11:00,2026-07-13 12:00,2026-07-13 13:00,Rớt hôm nay
SG BÌNH TRỊ ĐÔNG,Pickup Done,1,6,,2026-07-13,2026-07-13,,,2026-07-13 11:00,2026-07-13 12:00,,Rớt hôm nay
SG TÂN SƠN NHÌ,Transporting,1,8,,2026-07-13,2026-07-13,2026-07-13,,2026-07-13 11:00,2026-07-13 16:00,2026-07-13 17:00,Rớt hôm nay
SG NHƠN ĐỨC,Inbound,1,14,2026-07-13,2026-07-13,2026-07-13,2026-07-13,2026-07-13 19:00,2026-07-13 11:00,2026-07-13 16:00,2026-07-13 17:00,Rớt hôm nay
SG BÀ ĐIỂM,Pickup Done,3,24,,2026-07-13,2026-07-13,,,2026-07-13 11:00,2026-07-13 16:00,,Rớt hôm nay
LA ĐỨC HÒA,Inbound,1,5,2026-07-13,2026-07-13,2026-07-13,2026-07-13,2026-07-13 19:00,2026-07-13 11:00,2026-07-13 15:00,2026-07-13 17:00,Rớt hôm nay
LA ĐỨC HÒA,Inbound,5,33,2026-07-13,2026-07-13,2026-07-13,2026-07-13,2026-07-13 19:00,2026-07-13 11:00,2026-07-13 13:00,2026-07-13 17:00,Rớt hôm nay
SG HƯNG LONG,Transporting,4,42,,2026-07-13,2026-07-13,2026-07-13,,2026-07-13 11:00,2026-07-13 17:00,2026-07-13 19:00,Rớt hôm nay
CT NINH KIỀU,Transporting,1,6,,2026-07-13,2026-07-13,2026-07-13,,2026-07-13 11:00,2026-07-13 16:00,2026-07-13 18:00,Rớt hôm nay
SG BÌNH TÂN,Pickup Done,3,47,,2026-07-13,2026-07-13,,,2026-07-13 12:00,2026-07-13 17:00,,Rớt hôm nay
SG BÌNH TÂN,Pickup Done,63,594,,2026-07-13,2026-07-13,,,2026-07-13 12:00,2026-07-13 19:00,,Rớt hôm nay
SG PHÚ LÂM,Transporting,1,18,,2026-07-13,2026-07-13,2026-07-13,,2026-07-13 12:00,2026-07-13 14:00,2026-07-13 19:00,Rớt hôm nay
SG PHÚ LÂM,Transporting,17,205,,2026-07-13,2026-07-13,2026-07-13,,2026-07-13 12:00,2026-07-13 15:00,2026-07-13 19:00,Rớt hôm nay
SG BÌNH LỢI,Transporting,1,19,,2026-07-13,2026-07-13,2026-07-13,,2026-07-13 11:00,2026-07-13 18:00,2026-07-13 19:00,Rớt hôm nay
SG BÌNH LỢI,Transporting,61,571,,2026-07-13,2026-07-13,2026-07-13,,2026-07-13 12:00,2026-07-13 19:00,2026-07-13 19:00,Rớt hôm nay
SG CỦ CHI,Created,1,5,,2026-07-13,,,,2026-07-13 11:00,,,Rớt hôm nay
SG CỦ CHI,Inbound,2,11,2026-07-13,2026-07-13,2026-07-13,2026-07-13,2026-07-13 19:00,2026-07-13 12:00,2026-07-13 16:00,2026-07-13 16:00,Rớt hôm nay
SG CỦ CHI,Inbound,7,47,2026-07-13,2026-07-13,2026-07-13,2026-07-13,2026-07-13 19:00,2026-07-13 12:00,2026-07-13 14:00,2026-07-13 14:00,Rớt hôm nay
SG CỦ CHI,Transporting,7,67,,2026-07-13,2026-07-13,2026-07-13,,2026-07-13 12:00,2026-07-13 18:00,2026-07-13 18:00,Rớt hôm nay
SG CỦ CHI,Inbound,3,25,2026-07-13,2026-07-13,2026-07-13,2026-07-13,2026-07-13 19:00,2026-07-13 12:00,2026-07-13 15:00,2026-07-13 15:00,Rớt hôm nay
SG THỦ ĐỨC,Transporting,15,203,,2026-07-13,2026-07-13,2026-07-13,,2026-07-13 12:00,2026-07-13 19:00,2026-07-13 19:00,Rớt hôm nay
SG THỦ ĐỨC,Created,2,23,,2026-07-13,,,,2026-07-13 12:00,,,Rớt hôm nay
SG GÒ VẤP,Pickup Done,1,9,,2026-07-13,2026-07-13,,,2026-07-13 11:00,2026-07-13 16:00,,Rớt hôm nay
SG NHƠN ĐỨC,Created,4,26,,2026-07-13,,,,2026-07-13 12:00,,,Rớt hôm nay
LA TÂN AN,Pickup Done,1,8,,2026-07-13,2026-07-13,,,2026-07-13 12:00,2026-07-13 16:00,,Rớt hôm nay
CT NINH KIỀU,Transporting,5,47,,2026-07-13,2026-07-13,2026-07-13,,2026-07-13 12:00,2026-07-13 15:00,2026-07-13 18:00,Rớt hôm nay
SG BÌNH TÂN,Pickup Done,25,238,,2026-07-13,2026-07-13,,,2026-07-13 12:00,2026-07-13 18:00,,Rớt hôm nay
SG BÌNH TÂN,Created,43,372,,2026-07-13,,,,2026-07-13 12:00,,,Rớt hôm nay
SG BÌNH TÂN,Pickup Done,10,92,,2026-07-13,2026-07-13,,,2026-07-13 12:00,2026-07-13 14:00,,Rớt hôm nay
SG BÌNH TÂN,Pickup Done,8,71,,2026-07-13,2026-07-13,,,2026-07-13 12:00,2026-07-13 15:00,,Rớt hôm nay
SG TÂN THỚI HIỆP,Pickup Done,1,6,,2026-07-13,2026-07-13,,,2026-07-13 12:00,2026-07-13 17:00,,Rớt hôm nay
SG TÂN SƠN NHÌ,Transporting,9,62,,2026-07-13,2026-07-13,2026-07-13,,2026-07-13 12:00,2026-07-13 18:00,2026-07-13 19:00,Rớt hôm nay
SG TÂN SƠN NHÌ,Transporting,18,158,,2026-07-13,2026-07-13,2026-07-13,,2026-07-13 12:00,2026-07-13 17:00,2026-07-13 18:00,Rớt hôm nay
SG TÂN SƠN NHÌ,Pickup Done,2,24,,2026-07-13,2026-07-13,,,2026-07-13 12:00,2026-07-13 17:00,,Rớt hôm nay
SG PHÚ LÂM,Transporting,1,6,,2026-07-13,2026-07-13,2026-07-13,,2026-07-13 12:00,2026-07-13 17:00,2026-07-13 19:00,Rớt hôm nay
SG BÌNH LỢI,Transporting,31,276,,2026-07-13,2026-07-13,2026-07-13,,2026-07-13 12:00,2026-07-13 17:00,2026-07-13 18:00,Rớt hôm nay
SG BÌNH LỢI,Transporting,27,244,,2026-07-13,2026-07-13,2026-07-13,,2026-07-13 12:00,2026-07-13 18:00,2026-07-13 18:00,Rớt hôm nay
SG BÌNH LỢI,Transporting,5,50,,2026-07-13,2026-07-13,2026-07-13,,2026-07-13 12:00,2026-07-13 19:00,2026-07-13 20:00,Rớt hôm nay
SG BÌNH LỢI,Transporting,1,6,,2026-07-13,2026-07-13,2026-07-13,,2026-07-13 12:00,2026-07-13 20:00,2026-07-13 20:00,Rớt hôm nay
SG BÌNH LỢI,Created,28,178,,2026-07-13,,,,2026-07-13 12:00,,,Rớt hôm nay
SG BÌNH LỢI,Pickup Done,8,90,,2026-07-13,2026-07-13,,,2026-07-13 12:00,2026-07-13 19:00,,Rớt hôm nay
SG CỦ CHI,Pickup Done,1,6,,2026-07-13,2026-07-13,,,2026-07-13 12:00,2026-07-13 18:00,,Rớt hôm nay
SG CỦ CHI,Pickup Done,4,27,,2026-07-13,2026-07-13,,,2026-07-13 12:00,2026-07-13 17:00,,Rớt hôm nay
SG TÂN TẠO,Pickup Done,1,8,,2026-07-13,2026-07-13,,,2026-07-13 12:00,2026-07-13 13:00,,Rớt hôm nay
SG TÂN TẠO,Created,16,218,,2026-07-13,,,,2026-07-13 12:00,,,Rớt hôm nay
SG TÂN TẠO,Pickup Done,12,88,,2026-07-13,2026-07-13,,,2026-07-13 12:00,2026-07-13 16:00,,Rớt hôm nay
SG TÂN TẠO,Pickup Done,7,51,,2026-07-13,2026-07-13,,,2026-07-13 12:00,2026-07-13 18:00,,Rớt hôm nay
SG HÓC MÔN,Transporting,1,5,,2026-07-13,2026-07-13,2026-07-13,,2026-07-13 12:00,2026-07-13 15:00,2026-07-13 19:00,Rớt hôm nay
SG KHÁNH HỘI,Created,2,24,,2026-07-13,,,,2026-07-13 12:00,,,Rớt hôm nay
SG THỦ ĐỨC,Transporting,2,24,,2026-07-13,2026-07-13,2026-07-13,,2026-07-13 12:00,2026-07-13 15:00,2026-07-13 19:00,Rớt hôm nay
SG THỦ ĐỨC,Transporting,11,62,,2026-07-13,2026-07-13,2026-07-13,,2026-07-13 12:00,2026-07-13 12:00,2026-07-13 14:00,Rớt hôm nay
SG TÂN HƯNG,Transporting,1,10,,2026-07-13,2026-07-13,2026-07-13,,2026-07-13 12:00,2026-07-13 16:00,2026-07-13 18:00,Rớt hôm nay
SG TÂN HƯNG,Transporting,9,93,,2026-07-13,2026-07-13,2026-07-13,,2026-07-13 12:00,2026-07-13 17:00,2026-07-13 18:00,Rớt hôm nay
SG ĐÔNG HƯNG THUẬN,Transporting,7,74,,2026-07-13,2026-07-13,2026-07-13,,2026-07-13 12:00,2026-07-13 18:00,2026-07-13 19:00,Rớt hôm nay
SG ĐÔNG HƯNG THUẬN,Transporting,14,142,,2026-07-13,2026-07-13,2026-07-13,,2026-07-13 12:00,2026-07-13 14:00,2026-07-13 19:00,Rớt hôm nay
SG ĐÔNG HƯNG THUẬN,Transporting,1,10,,2026-07-13,2026-07-13,2026-07-13,,2026-07-13 12:00,2026-07-13 15:00,2026-07-13 19:00,Rớt hôm nay
SG TÂN NHỰT,Transporting,3,24,,2026-07-13,2026-07-13,2026-07-13,,2026-07-13 12:00,2026-07-13 15:00,2026-07-13 18:00,Rớt hôm nay
SG BÌNH TRỊ ĐÔNG,Pickup Done,1,8,,2026-07-13,2026-07-13,,,2026-07-13 12:00,2026-07-13 17:00,,Rớt hôm nay
SG NHƠN ĐỨC,Inbound,16,154,2026-07-13,2026-07-13,2026-07-13,2026-07-13,2026-07-13 19:00,2026-07-13 12:00,2026-07-13 17:00,2026-07-13 18:00,Rớt hôm nay
SG PHÚ NHUẬN,Transporting,2,16,,2026-07-13,2026-07-13,2026-07-13,,2026-07-13 12:00,2026-07-13 14:00,2026-07-13 17:00,Rớt hôm nay
SG PHÚ NHUẬN,Transporting,1,20,,2026-07-13,2026-07-13,2026-07-13,,2026-07-13 12:00,2026-07-13 15:00,2026-07-13 17:00,Rớt hôm nay
SG HIỆP BÌNH,Transporting,1,7,,2026-07-13,2026-07-13,2026-07-13,,2026-07-13 12:00,2026-07-13 16:00,2026-07-13 19:00,Rớt hôm nay
SG XUÂN HÒA,Created,1,6,,2026-07-13,,,,2026-07-13 12:00,,,Rớt hôm nay
LA ĐỨC HÒA,Inbound,1,9,2026-07-13,2026-07-13,2026-07-13,2026-07-13,2026-07-13 19:00,2026-07-13 12:00,2026-07-13 15:00,2026-07-13 15:00,Rớt hôm nay
LA ĐỨC HÒA,Inbound,3,23,2026-07-13,2026-07-13,2026-07-13,2026-07-13,2026-07-13 19:00,2026-07-13 12:00,2026-07-13 15:00,2026-07-13 16:00,Rớt hôm nay
LA BẾN LỨC,Inbound,1,10,2026-07-13,2026-07-13,2026-07-13,2026-07-13,2026-07-13 20:00,2026-07-13 12:00,2026-07-13 17:00,2026-07-13 18:00,Rớt hôm nay
VL VĨNH LONG,Transporting,2,18,,2026-07-13,2026-07-13,2026-07-13,,2026-07-13 12:00,2026-07-13 15:00,2026-07-13 16:00,Rớt hôm nay
SG CHỢ LỚN,Transporting,7,52,,2026-07-13,2026-07-13,2026-07-13,,2026-07-13 12:00,2026-07-13 13:00,2026-07-13 18:00,Rớt hôm nay
AG LONG XUYÊN,Transporting,1,7,,2026-07-13,2026-07-13,2026-07-13,,2026-07-13 12:00,2026-07-13 17:00,2026-07-13 17:00,Rớt hôm nay
CT NINH KIỀU,Transporting,1,6,,2026-07-13,2026-07-13,2026-07-13,,2026-07-13 12:00,2026-07-13 16:00,2026-07-13 18:00,Rớt hôm nay
TG TRUNG AN,Created,2,21,,2026-07-13,,,,2026-07-13 12:00,,,Rớt hôm nay
SG BÌNH TÂN,Pickup Done,2,28,,2026-07-13,2026-07-13,,,2026-07-13 12:00,2026-07-13 16:00,,Rớt hôm nay
SG BÌNH TÂN,Pickup Done,38,344,,2026-07-13,2026-07-13,,,2026-07-13 13:00,2026-07-13 19:00,,Rớt hôm nay
SG BÌNH TÂN,Created,67,628,,2026-07-13,,,,2026-07-13 13:00,,,Rớt hôm nay
SG AN LẠC,Pickup Done,2,12,,2026-07-13,2026-07-13,,,2026-07-13 12:00,2026-07-13 16:00,,Rớt hôm nay
SG PHÚ LÂM,Created,1,10,,2026-07-13,,,,2026-07-13 12:00,,,Rớt hôm nay
SG BÌNH LỢI,Pickup Done,1,6,,2026-07-13,2026-07-13,,,2026-07-13 12:00,2026-07-13 18:00,,Rớt hôm nay
SG BÌNH LỢI,Transporting,1,13,,2026-07-13,2026-07-13,2026-07-13,,2026-07-13 12:00,2026-07-13 18:00,2026-07-13 19:00,Rớt hôm nay
SG BÌNH LỢI,Transporting,12,100,,2026-07-13,2026-07-13,2026-07-13,,2026-07-13 13:00,2026-07-13 18:00,2026-07-13 18:00,Rớt hôm nay
SG BÌNH LỢI,Transporting,46,402,,2026-07-13,2026-07-13,2026-07-13,,2026-07-13 13:00,2026-07-13 19:00,2026-07-13 19:00,Rớt hôm nay
SG CỦ CHI,Transporting,10,92,,2026-07-13,2026-07-13,2026-07-13,,2026-07-13 12:00,2026-07-13 17:00,2026-07-13 18:00,Rớt hôm nay
SG CỦ CHI,Inbound,2,19,2026-07-13,2026-07-13,2026-07-13,2026-07-13,2026-07-13 16:00,2026-07-13 13:00,2026-07-13 13:00,2026-07-13 13:00,Rớt hôm nay
SG CỦ CHI,Transporting,26,168,,2026-07-13,2026-07-13,2026-07-13,,2026-07-13 13:00,2026-07-13 18:00,2026-07-13 18:00,Rớt hôm nay
SG TÂN TẠO,Pickup Done,3,37,,2026-07-13,2026-07-13,,,2026-07-13 12:00,2026-07-13 19:00,,Rớt hôm nay
SG TÂN TẠO,Transporting,11,140,,2026-07-13,2026-07-13,2026-07-13,,2026-07-13 12:00,2026-07-13 17:00,2026-07-13 19:00,Rớt hôm nay
SG TÂN TẠO,Transporting,1,16,,2026-07-13,2026-07-13,2026-07-13,,2026-07-13 12:00,2026-07-13 17:00,2026-07-13 20:00,Rớt hôm nay
SG TÂN TẠO,Pickup Done,18,104,,2026-07-13,2026-07-13,,,2026-07-13 12:00,2026-07-13 17:00,,Rớt hôm nay
SG THỦ ĐỨC,Transporting,2,27,,2026-07-13,2026-07-13,2026-07-13,,2026-07-13 12:00,2026-07-13 17:00,2026-07-13 19:00,Rớt hôm nay
SG THỦ ĐỨC,Transporting,15,180,,2026-07-13,2026-07-13,2026-07-13,,2026-07-13 13:00,2026-07-13 17:00,2026-07-13 19:00,Rớt hôm nay
SG ĐÔNG HƯNG THUẬN,Transporting,1,6,,2026-07-13,2026-07-13,2026-07-13,,2026-07-13 12:00,2026-07-13 13:00,2026-07-13 19:00,Rớt hôm nay
SG TÂN NHỰT,Transporting,3,23,,2026-07-13,2026-07-13,2026-07-13,,2026-07-13 12:00,2026-07-13 13:00,2026-07-13 18:00,Rớt hôm nay
SG BÌNH LỢI TRUNG,Transporting,3,31,,2026-07-13,2026-07-13,2026-07-13,,2026-07-13 12:00,2026-07-13 16:00,2026-07-13 16:00,Rớt hôm nay
SG CHỢ LỚN,Transporting,2,15,,2026-07-13,2026-07-13,2026-07-13,,2026-07-13 12:00,2026-07-13 17:00,2026-07-13 18:00,Rớt hôm nay
SG NHƠN ĐỨC,Created,1,11,,2026-07-13,,,,2026-07-13 13:00,,,Rớt hôm nay
SG NHƠN ĐỨC,Inbound,11,119,2026-07-13,2026-07-13,2026-07-13,2026-07-13,2026-07-13 19:00,2026-07-13 13:00,2026-07-13 17:00,2026-07-13 18:00,Rớt hôm nay
SG BẢY HIỀN,Transporting,7,130,,2026-07-13,2026-07-13,2026-07-13,,2026-07-13 12:00,2026-07-13 14:00,2026-07-13 14:00,Rớt hôm nay
SG HIỆP BÌNH,Transporting,2,19,,2026-07-13,2026-07-13,2026-07-13,,2026-07-13 12:00,2026-07-13 17:00,2026-07-13 19:00,Rớt hôm nay
SG HIỆP BÌNH,Pickup Done,18,202,,2026-07-13,2026-07-13,,,2026-07-13 12:00,2026-07-13 18:00,,Rớt hôm nay
SG HIỆP BÌNH,Transporting,1,6,,2026-07-13,2026-07-13,2026-07-13,,2026-07-13 13:00,2026-07-13 14:00,2026-07-13 19:00,Rớt hôm nay
SG BÀ ĐIỂM,Pickup Done,1,7,,2026-07-13,2026-07-13,,,2026-07-13 12:00,2026-07-13 17:00,,Rớt hôm nay
SG BÀ ĐIỂM,Pickup Done,11,61,,2026-07-13,2026-07-13,,,2026-07-13 12:00,2026-07-13 19:00,,Rớt hôm nay
LA ĐỨC HÒA,Inbound,5,61,2026-07-13,2026-07-13,2026-07-13,2026-07-13,2026-07-13 19:00,2026-07-13 12:00,2026-07-13 15:00,2026-07-13 17:00,Rớt hôm nay
SG HƯNG LONG,Transporting,18,164,,2026-07-13,2026-07-13,2026-07-13,,2026-07-13 12:00,2026-07-13 16:00,2026-07-13 19:00,Rớt hôm nay
SG HƯNG LONG,Transporting,6,72,,2026-07-13,2026-07-13,2026-07-13,,2026-07-13 12:00,2026-07-13 17:00,2026-07-13 19:00,Rớt hôm nay
VL CHỢ LÁCH,Transporting,1,7,,2026-07-13,2026-07-13,2026-07-13,,2026-07-13 12:00,2026-07-13 18:00,2026-07-13 18:00,Rớt hôm nay
VL CHỢ LÁCH,Transporting,2,12,,2026-07-13,2026-07-13,2026-07-13,,2026-07-13 12:00,2026-07-13 17:00,2026-07-13 18:00,Rớt hôm nay
AG THOẠI SƠN,Transporting,4,25,,2026-07-13,2026-07-13,2026-07-13,,2026-07-13 13:00,2026-07-13 13:00,2026-07-13 17:00,Rớt hôm nay
LA TÂN AN,Inbound,1,6,2026-07-13,2026-07-13,2026-07-13,2026-07-13,2026-07-13 20:00,2026-07-13 13:00,2026-07-13 14:00,2026-07-13 17:00,Rớt hôm nay
LA TÂN AN,Inbound,1,24,2026-07-13,2026-07-13,2026-07-13,2026-07-13,2026-07-13 20:00,2026-07-13 13:00,2026-07-13 16:00,2026-07-13 17:00,Rớt hôm nay
DT SA ĐÉC,Transporting,516,5170,,2026-07-13,2026-07-13,2026-07-13,,2026-07-13 13:00,2026-07-13 14:00,2026-07-13 15:00,Rớt hôm nay
DT SA ĐÉC,Transporting,5,47,,2026-07-13,2026-07-13,2026-07-13,,2026-07-13 13:00,2026-07-13 15:00,2026-07-13 17:00,Rớt hôm nay
DT SA ĐÉC,Transporting,46,720,,2026-07-13,2026-07-13,2026-07-13,,2026-07-13 13:00,2026-07-13 15:00,2026-07-13 15:00,Rớt hôm nay
SG BÌNH TÂN,Pickup Done,46,435,,2026-07-13,2026-07-13,,,2026-07-13 13:00,2026-07-13 18:00,,Rớt hôm nay
SG BÌNH TÂN,Pickup Done,3,29,,2026-07-13,2026-07-13,,,2026-07-13 13:00,2026-07-13 14:00,,Rớt hôm nay
SG BÌNH TÂN,Pickup Done,8,51,,2026-07-13,2026-07-13,,,2026-07-13 13:00,2026-07-13 13:00,,Rớt hôm nay
SG AN PHÚ ĐÔNG,Pickup Done,4,43,,2026-07-13,2026-07-13,,,2026-07-13 13:00,2026-07-13 19:00,,Rớt hôm nay
SG AN PHÚ ĐÔNG,Created,6,47,,2026-07-13,,,,2026-07-13 13:00,,,Rớt hôm nay
SG AN PHÚ ĐÔNG,Transporting,1,10,,2026-07-13,2026-07-13,2026-07-13,,2026-07-13 13:00,2026-07-13 19:00,2026-07-13 19:00,Rớt hôm nay
SG TÂN THỚI HIỆP,Pickup Done,4,35,,2026-07-13,2026-07-13,,,2026-07-13 13:00,2026-07-13 16:00,,Rớt hôm nay
SG TÂN THỚI HIỆP,Inbound,38,340,2026-07-13,2026-07-13,2026-07-13,2026-07-13,2026-07-13 19:00,2026-07-13 13:00,2026-07-13 16:00,2026-07-13 17:00,Rớt hôm nay
SG TÂN SƠN NHÌ,Transporting,129,1300,,2026-07-13,2026-07-13,2026-07-13,,2026-07-13 13:00,2026-07-13 19:00,2026-07-13 19:00,Rớt hôm nay
SG TÂN SƠN NHÌ,Transporting,7,68,,2026-07-13,2026-07-13,2026-07-13,,2026-07-13 13:00,2026-07-13 16:00,2026-07-13 16:00,Rớt hôm nay
SG TÂN SƠN NHÌ,Transporting,12,100,,2026-07-13,2026-07-13,2026-07-13,,2026-07-13 13:00,2026-07-13 16:00,2026-07-13 18:00,Rớt hôm nay
SG PHÚ LÂM,Transporting,1,10,,2026-07-13,2026-07-13,2026-07-13,,2026-07-13 13:00,2026-07-13 18:00,2026-07-13 19:00,Rớt hôm nay
SG PHÚ LÂM,Transporting,9,121,,2026-07-13,2026-07-13,2026-07-13,,2026-07-13 13:00,2026-07-13 17:00,2026-07-13 19:00,Rớt hôm nay
SG PHÚ LÂM,Transporting,2,16,,2026-07-13,2026-07-13,2026-07-13,,2026-07-13 13:00,2026-07-13 14:00,2026-07-13 19:00,Rớt hôm nay
SG PHÚ LÂM,Transporting,16,230,,2026-07-13,2026-07-13,2026-07-13,,2026-07-13 13:00,2026-07-13 15:00,2026-07-13 19:00,Rớt hôm nay
SG BÌNH LỢI,Transporting,29,288,,2026-07-13,2026-07-13,2026-07-13,,2026-07-13 13:00,2026-07-13 17:00,2026-07-13 18:00,Rớt hôm nay
SG BÌNH LỢI,Pickup Done,1,6,,2026-07-13,2026-07-13,,,2026-07-13 13:00,2026-07-13 17:00,,Rớt hôm nay
SG BÌNH LỢI,Transporting,3,24,,2026-07-13,2026-07-13,2026-07-13,,2026-07-13 13:00,2026-07-13 19:00,2026-07-13 20:00,Rớt hôm nay
SG BÌNH LỢI,Transporting,6,61,,2026-07-13,2026-07-13,2026-07-13,,2026-07-13 13:00,2026-07-13 18:00,2026-07-13 19:00,Rớt hôm nay
SG BÌNH LỢI,Created,9,66,,2026-07-13,,,,2026-07-13 13:00,,,Rớt hôm nay
SG CỦ CHI,Inbound,45,283,2026-07-13,2026-07-13,2026-07-13,2026-07-13,2026-07-13 19:00,2026-07-13 13:00,2026-07-13 14:00,2026-07-13 14:00,Rớt hôm nay
SG CỦ CHI,Inbound,57,437,2026-07-13,2026-07-13,2026-07-13,2026-07-13,2026-07-13 19:00,2026-07-13 13:00,2026-07-13 15:00,2026-07-13 15:00,Rớt hôm nay
SG CỦ CHI,Inbound,50,371,2026-07-13,2026-07-13,2026-07-13,2026-07-13,2026-07-13 19:00,2026-07-13 13:00,2026-07-13 16:00,2026-07-13 16:00,Rớt hôm nay
SG CỦ CHI,Pickup Done,5,37,,2026-07-13,2026-07-13,,,2026-07-13 13:00,2026-07-13 17:00,,Rớt hôm nay
SG TÂN TẠO,Pickup Done,4,48,,2026-07-13,2026-07-13,,,2026-07-13 13:00,2026-07-13 19:00,,Rớt hôm nay
SG TÂN TẠO,Pickup Done,8,50,,2026-07-13,2026-07-13,,,2026-07-13 13:00,2026-07-13 16:00,,Rớt hôm nay
SG TÂN TẠO,Transporting,3,37,,2026-07-13,2026-07-13,2026-07-13,,2026-07-13 13:00,2026-07-13 17:00,2026-07-13 20:00,Rớt hôm nay
SG TÂN TẠO,Transporting,3,40,,2026-07-13,2026-07-13,2026-07-13,,2026-07-13 13:00,2026-07-13 17:00,2026-07-13 19:00,Rớt hôm nay
SG TÂN TẠO,Pickup Done,15,108,,2026-07-13,2026-07-13,,,2026-07-13 13:00,2026-07-13 18:00,,Rớt hôm nay
SG HÓC MÔN,Transporting,15,136,,2026-07-13,2026-07-13,2026-07-13,,2026-07-13 13:00,2026-07-13 15:00,2026-07-13 18:00,Rớt hôm nay
SG THỦ ĐỨC,Transporting,43,264,,2026-07-13,2026-07-13,2026-07-13,,2026-07-13 13:00,2026-07-13 15:00,2026-07-13 16:00,Rớt hôm nay
SG THỦ ĐỨC,Transporting,2,42,,2026-07-13,2026-07-13,2026-07-13,,2026-07-13 13:00,2026-07-13 19:00,2026-07-13 19:00,Rớt hôm nay
SG THỦ ĐỨC,Created,1,5,,2026-07-13,,,,2026-07-13 13:00,,,Rớt hôm nay
SG BÌNH LỢI,Transporting,11,110,,2026-07-13,2026-07-13,2026-07-13,,2026-07-13 13:00,2026-07-13 15:00,2026-07-13 18:00,Rớt hôm nay
SG TÂN HƯNG,Transporting,2,11,,2026-07-13,2026-07-13,2026-07-13,,2026-07-13 13:00,2026-07-13 16:00,2026-07-13 18:00,Rớt hôm nay
SG TÂN HƯNG,Transporting,7,69,,2026-07-13,2026-07-13,2026-07-13,,2026-07-13 13:00,2026-07-13 17:00,2026-07-13 18:00,Rớt hôm nay
SG ĐÔNG HƯNG THUẬN,Created,1,15,,2026-07-13,,,,2026-07-13 13:00,,,Rớt hôm nay
SG ĐÔNG HƯNG THUẬN,Transporting,6,70,,2026-07-13,2026-07-13,2026-07-13,,2026-07-13 13:00,2026-07-13 17:00,2026-07-13 19:00,Rớt hôm nay
SG ĐÔNG HƯNG THUẬN,Transporting,2,11,,2026-07-13,2026-07-13,2026-07-13,,2026-07-13 13:00,2026-07-13 16:00,2026-07-13 19:00,Rớt hôm nay
SG ĐÔNG HƯNG THUẬN,Transporting,12,118,,2026-07-13,2026-07-13,2026-07-13,,2026-07-13 13:00,2026-07-13 18:00,2026-07-13 19:00,Rớt hôm nay
SG BÌNH LỢI TRUNG,Transporting,3,60,,2026-07-13,2026-07-13,2026-07-13,,2026-07-13 13:00,2026-07-13 16:00,2026-07-13 16:00,Rớt hôm nay
SG CHỢ LỚN,Transporting,1,7,,2026-07-13,2026-07-13,2026-07-13,,2026-07-13 13:00,2026-07-13 13:00,2026-07-13 18:00,Rớt hôm nay
SG BÌNH TRỊ ĐÔNG,Pickup Done,10,158,,2026-07-13,2026-07-13,,,2026-07-13 13:00,2026-07-13 14:00,,Rớt hôm nay
SG BÌNH TRỊ ĐÔNG,Pickup Done,2,11,,2026-07-13,2026-07-13,,,2026-07-13 13:00,2026-07-13 15:00,,Rớt hôm nay
SG GÒ VẤP,Pickup Done,2,12,,2026-07-13,2026-07-13,,,2026-07-13 13:00,2026-07-13 16:00,,Rớt hôm nay
SG PHÚ NHUẬN,Transporting,11,152,,2026-07-13,2026-07-13,2026-07-13,,2026-07-13 13:00,2026-07-13 15:00,2026-07-13 17:00,Rớt hôm nay
SG HIỆP BÌNH,Transporting,5,39,,2026-07-13,2026-07-13,2026-07-13,,2026-07-13 13:00,2026-07-13 15:00,2026-07-13 19:00,Rớt hôm nay
SG HIỆP BÌNH,Transporting,23,189,,2026-07-13,2026-07-13,2026-07-13,,2026-07-13 13:00,2026-07-13 16:00,2026-07-13 19:00,Rớt hôm nay
SG HIỆP BÌNH,Transporting,1,15,,2026-07-13,2026-07-13,2026-07-13,,2026-07-13 13:00,2026-07-13 15:00,2026-07-13 20:00,Rớt hôm nay
SG HIỆP BÌNH,Transporting,6,167,,2026-07-13,2026-07-13,2026-07-13,,2026-07-13 13:00,2026-07-13 16:00,2026-07-13 20:00,Rớt hôm nay
SG HIỆP BÌNH,Created,3,21,,2026-07-13,,,,2026-07-13 13:00,,,Rớt hôm nay
SG HIỆP BÌNH,Transporting,3,23,,2026-07-13,2026-07-13,2026-07-13,,2026-07-13 13:00,2026-07-13 13:00,2026-07-13 19:00,Rớt hôm nay
SG XUÂN HÒA,Transporting,22,158,,2026-07-13,2026-07-13,2026-07-13,,2026-07-13 13:00,2026-07-13 17:00,2026-07-13 17:00,Rớt hôm nay
SG BÀ ĐIỂM,Pickup Done,11,77,,2026-07-13,2026-07-13,,,2026-07-13 13:00,2026-07-13 19:00,,Rớt hôm nay
SG BÀ ĐIỂM,Pickup Done,6,116,,2026-07-13,2026-07-13,,,2026-07-13 13:00,2026-07-13 17:00,,Rớt hôm nay
SG HƯNG LONG,Transporting,4,51,,2026-07-13,2026-07-13,2026-07-13,,2026-07-13 13:00,2026-07-13 17:00,2026-07-13 19:00,Rớt hôm nay
VL VĨNH LONG,Transporting,1,5,,2026-07-13,2026-07-13,2026-07-13,,2026-07-13 13:00,2026-07-13 15:00,2026-07-13 16:00,Rớt hôm nay
VL CHỢ LÁCH,Transporting,2,12,,2026-07-13,2026-07-13,2026-07-13,,2026-07-13 13:00,2026-07-13 17:00,2026-07-13 18:00,Rớt hôm nay
CT NINH KIỀU,Created,4,23,,2026-07-13,,,,2026-07-13 13:00,,,Rớt hôm nay
CT NINH KIỀU,Transporting,1,10,,2026-07-13,2026-07-13,2026-07-13,,2026-07-13 13:00,2026-07-13 15:00,2026-07-13 18:00,Rớt hôm nay
SG BÌNH TÂN,Pickup Done,2,15,,2026-07-13,2026-07-13,,,2026-07-13 13:00,2026-07-13 20:00,,Rớt hôm nay
SG BÌNH LỢI,Pickup Done,3,20,,2026-07-13,2026-07-13,,,2026-07-13 13:00,2026-07-13 19:00,,Rớt hôm nay
SG TÂN TẠO,Created,2,17,,2026-07-13,,,,2026-07-13 13:00,,,Rớt hôm nay
SG THỦ ĐỨC,Transporting,5,49,,2026-07-13,2026-07-13,2026-07-13,,2026-07-13 13:00,2026-07-13 15:00,2026-07-13 17:00,Rớt hôm nay
SG THỦ ĐỨC,Transporting,1,9,,2026-07-13,2026-07-13,2026-07-13,,2026-07-13 13:00,2026-07-13 15:00,2026-07-13 19:00,Rớt hôm nay
SG THỦ ĐỨC,Transporting,3,18,,2026-07-13,2026-07-13,2026-07-13,,2026-07-13 13:00,2026-07-13 16:00,2026-07-13 17:00,Rớt hôm nay
SG ĐÔNG HƯNG THUẬN,Transporting,2,26,,2026-07-13,2026-07-13,2026-07-13,,2026-07-13 13:00,2026-07-13 14:00,2026-07-13 19:00,Rớt hôm nay
SG ĐÔNG HƯNG THUẬN,Transporting,3,43,,2026-07-13,2026-07-13,2026-07-13,,2026-07-13 13:00,2026-07-13 15:00,2026-07-13 19:00,Rớt hôm nay
SG CHỢ LỚN,Transporting,8,51,,2026-07-13,2026-07-13,2026-07-13,,2026-07-13 13:00,2026-07-13 17:00,2026-07-13 18:00,Rớt hôm nay
SG GÒ VẤP,Pickup Done,6,42,,2026-07-13,2026-07-13,,,2026-07-13 13:00,2026-07-13 15:00,,Rớt hôm nay
SG GÒ VẤP,Pickup Done,4,40,,2026-07-13,2026-07-13,,,2026-07-13 13:00,2026-07-13 14:00,,Rớt hôm nay
SG HIỆP BÌNH,Transporting,6,55,,2026-07-13,2026-07-13,2026-07-13,,2026-07-13 13:00,2026-07-13 17:00,2026-07-13 19:00,Rớt hôm nay
SG BÀ ĐIỂM,Pickup Done,7,41,,2026-07-13,2026-07-13,,,2026-07-13 13:00,2026-07-13 18:00,,Rớt hôm nay
SG AN PHÚ ĐÔNG,Pickup Done,1,7,,2026-07-13,2026-07-13,,,2026-07-13 13:00,2026-07-13 13:00,,Rớt hôm nay
SG ĐÔNG HƯNG THUẬN,Transporting,1,6,,2026-07-13,2026-07-13,2026-07-13,,2026-07-13 13:00,2026-07-13 13:00,2026-07-13 19:00,Rớt hôm nay
AG LONG XUYÊN,Transporting,1,7,,2026-07-13,2026-07-13,2026-07-13,,2026-07-13 13:00,2026-07-13 17:00,2026-07-13 17:00,Rớt hôm nay
CT NINH KIỀU,Transporting,3,19,,2026-07-13,2026-07-13,2026-07-13,,2026-07-13 13:00,2026-07-13 17:00,2026-07-13 18:00,Rớt hôm nay
CT NINH KIỀU,Transporting,3,27,,2026-07-13,2026-07-13,2026-07-13,,2026-07-13 14:00,2026-07-13 16:00,2026-07-13 18:00,Rớt hôm nay
CT BÌNH THỦY,Transporting,11,144,,2026-07-13,2026-07-13,2026-07-13,,2026-07-13 13:00,2026-07-13 18:00,2026-07-13 18:00,Rớt hôm nay
CT BÌNH THỦY,Transporting,5,52,,2026-07-13,2026-07-13,2026-07-13,,2026-07-13 13:00,2026-07-13 19:00,2026-07-13 19:00,Rớt hôm nay
DT SA ĐÉC,Transporting,2,17,,2026-07-13,2026-07-13,2026-07-13,,2026-07-13 13:00,2026-07-13 17:00,2026-07-13 17:00,Rớt hôm nay
DT SA ĐÉC,Transporting,10,71,,2026-07-13,2026-07-13,2026-07-13,,2026-07-13 13:00,2026-07-13 17:00,2026-07-13 18:00,Rớt hôm nay
DT SA ĐÉC,Transporting,1,5,,2026-07-13,2026-07-13,2026-07-13,,2026-07-13 13:00,2026-07-13 16:00,2026-07-13 16:00,Rớt hôm nay
DT SA ĐÉC,Transporting,7,70,,2026-07-13,2026-07-13,2026-07-13,,2026-07-13 13:00,2026-07-13 14:00,2026-07-13 16:00,Rớt hôm nay
DT SA ĐÉC,Transporting,23,250,,2026-07-13,2026-07-13,2026-07-13,,2026-07-13 14:00,2026-07-13 14:00,2026-07-13 15:00,Rớt hôm nay
TG TRUNG AN,Created,1,5,,2026-07-13,,,,2026-07-13 13:00,,,Rớt hôm nay
SG BÌNH TÂN,Pickup Done,1,12,,2026-07-13,2026-07-13,,,2026-07-13 13:00,2026-07-13 16:00,,Rớt hôm nay
SG BÌNH TÂN,Pickup Done,3,30,,2026-07-13,2026-07-13,,,2026-07-13 13:00,2026-07-13 15:00,,Rớt hôm nay
SG AN LẠC,Created,1,5,,2026-07-13,,,,2026-07-13 13:00,,,Rớt hôm nay
SG AN LẠC,Pickup Done,1,5,,2026-07-13,2026-07-13,,,2026-07-13 13:00,2026-07-13 16:00,,Rớt hôm nay
SG TÂN THỚI HIỆP,Transporting,38,204,,2026-07-13,2026-07-13,2026-07-13,,2026-07-13 13:00,2026-07-13 18:00,2026-07-13 20:00,Rớt hôm nay
SG TÂN SƠN NHÌ,Transporting,7,119,,2026-07-13,2026-07-13,2026-07-13,,2026-07-13 13:00,2026-07-13 17:00,2026-07-13 17:00,Rớt hôm nay
SG TÂN SƠN NHÌ,Transporting,2,12,,2026-07-13,2026-07-13,2026-07-13,,2026-07-13 13:00,2026-07-13 15:00,2026-07-13 16:00,Rớt hôm nay
SG PHÚ LÂM,Transporting,11,106,,2026-07-13,2026-07-13,2026-07-13,,2026-07-13 14:00,2026-07-13 17:00,2026-07-13 19:00,Rớt hôm nay
SG PHÚ LÂM,Created,1,19,,2026-07-13,,,,2026-07-13 14:00,,,Rớt hôm nay
SG VĨNH LỘC,Transporting,6,63,,2026-07-13,2026-07-13,2026-07-13,,2026-07-13 13:00,2026-07-13 18:00,2026-07-13 18:00,Rớt hôm nay
SG BÌNH LỢI,Transporting,53,528,,2026-07-13,2026-07-13,2026-07-13,,2026-07-13 14:00,2026-07-13 19:00,2026-07-13 19:00,Rớt hôm nay
SG BÌNH LỢI,Pickup Done,4,24,,2026-07-13,2026-07-13,,,2026-07-13 14:00,2026-07-13 18:00,,Rớt hôm nay
SG CỦ CHI,Pickup Done,4,68,,2026-07-13,2026-07-13,,,2026-07-13 13:00,2026-07-13 16:00,,Rớt hôm nay
SG CỦ CHI,Inbound,1,8,2026-07-13,2026-07-13,2026-07-13,,2026-07-13 19:00,2026-07-13 13:00,2026-07-13 16:00,,Rớt hôm nay
SG CỦ CHI,Pickup Done,2,15,,2026-07-13,2026-07-13,,,2026-07-13 13:00,2026-07-13 15:00,,Rớt hôm nay
SG CỦ CHI,Created,4,33,,2026-07-13,,,,2026-07-13 13:00,,,Rớt hôm nay
SG CỦ CHI,Pickup Done,1,6,,2026-07-13,2026-07-13,,,2026-07-13 13:00,2026-07-13 18:00,,Rớt hôm nay
SG CỦ CHI,Inbound,1,9,2026-07-13,2026-07-13,2026-07-13,2026-07-13,2026-07-13 19:00,2026-07-13 14:00,2026-07-13 15:00,2026-07-13 15:00,Rớt hôm nay
SG CỦ CHI,Inbound,111,810,2026-07-13,2026-07-13,2026-07-13,2026-07-13,2026-07-13 19:00,2026-07-13 14:00,2026-07-13 16:00,2026-07-13 16:00,Rớt hôm nay
SG CỦ CHI,Transporting,18,118,,2026-07-13,2026-07-13,2026-07-13,,2026-07-13 14:00,2026-07-13 18:00,2026-07-13 18:00,Rớt hôm nay
SG CỦ CHI,Pickup Done,11,187,,2026-07-13,2026-07-13,,,2026-07-13 14:00,2026-07-13 19:00,,Rớt hôm nay
SG CỦ CHI,Pickup Done,39,334,,2026-07-13,2026-07-13,,,2026-07-13 14:00,2026-07-13 20:00,,Rớt hôm nay
SG CỦ CHI,Pickup Done,3,33,,2026-07-13,2026-07-13,,,2026-07-13 14:00,2026-07-13 15:00,,Rớt hôm nay
SG HÓC MÔN,Transporting,1,6,,2026-07-13,2026-07-13,2026-07-13,,2026-07-13 13:00,2026-07-13 16:00,2026-07-13 19:00,Rớt hôm nay
SG THỦ ĐỨC,Transporting,20,246,,2026-07-13,2026-07-13,2026-07-13,,2026-07-13 13:00,2026-07-13 17:00,2026-07-13 17:00,Rớt hôm nay
SG VĨNH LỘC,Transporting,5,26,,2026-07-13,2026-07-13,2026-07-13,,2026-07-13 13:00,2026-07-13 17:00,2026-07-13 17:00,Rớt hôm nay
SG TÂN HƯNG,Transporting,36,294,,2026-07-13,2026-07-13,2026-07-13,,2026-07-13 13:00,2026-07-13 15:00,2026-07-13 18:00,Rớt hôm nay
SG TÂN HƯNG,Created,2,18,,2026-07-13,,,,2026-07-13 13:00,,,Rớt hôm nay
SG TÂN HƯNG,Transporting,7,51,,2026-07-13,2026-07-13,2026-07-13,,2026-07-13 14:00,2026-07-13 17:00,2026-07-13 18:00,Rớt hôm nay
SG TÂN NHỰT,Created,1,6,,2026-07-13,,,,2026-07-13 13:00,,,Rớt hôm nay
SG TÂN NHỰT,Transporting,2,14,,2026-07-13,2026-07-13,2026-07-13,,2026-07-13 13:00,2026-07-13 18:00,2026-07-13 18:00,Rớt hôm nay
SG TÂN NHỰT,Transporting,1,9,,2026-07-13,2026-07-13,2026-07-13,,2026-07-13 13:00,2026-07-13 15:00,2026-07-13 18:00,Rớt hôm nay
SG BÌNH TRỊ ĐÔNG,Pickup Done,3,26,,2026-07-13,2026-07-13,,,2026-07-13 13:00,2026-07-13 19:00,,Rớt hôm nay
SG TÂN SƠN NHÌ,Transporting,1,10,,2026-07-13,2026-07-13,2026-07-13,,2026-07-13 13:00,2026-07-13 16:00,2026-07-13 17:00,Rớt hôm nay
SG NHƠN ĐỨC,Inbound,1,18,2026-07-13,2026-07-13,2026-07-13,2026-07-13,2026-07-13 19:00,2026-07-13 13:00,2026-07-13 16:00,2026-07-13 17:00,Rớt hôm nay
SG PHÚ NHUẬN,Transporting,10,57,,2026-07-13,2026-07-13,2026-07-13,,2026-07-13 13:00,2026-07-13 16:00,2026-07-13 17:00,Rớt hôm nay
SG PHÚ NHUẬN,Transporting,6,66,,2026-07-13,2026-07-13,2026-07-13,,2026-07-13 13:00,2026-07-13 14:00,2026-07-13 17:00,Rớt hôm nay
SG PHÚ NHUẬN,Transporting,1,5,,2026-07-13,2026-07-13,2026-07-13,,2026-07-13 14:00,2026-07-13 16:00,2026-07-13 17:00,Rớt hôm nay
SG HIỆP BÌNH,Pickup Done,7,70,,2026-07-13,2026-07-13,,,2026-07-13 13:00,2026-07-13 18:00,,Rớt hôm nay
SG BÀ ĐIỂM,Pickup Done,1,8,,2026-07-13,2026-07-13,,,2026-07-13 13:00,2026-07-13 16:00,,Rớt hôm nay
SG BÀ ĐIỂM,Pickup Done,3,16,,2026-07-13,2026-07-13,,,2026-07-13 14:00,2026-07-13 17:00,,Rớt hôm nay
LA ĐỨC HÒA,Inbound,4,31,2026-07-13,2026-07-13,2026-07-13,2026-07-13,2026-07-13 19:00,2026-07-13 13:00,2026-07-13 17:00,2026-07-13 18:00,Rớt hôm nay
LA ĐỨC HÒA,Inbound,5,36,2026-07-13,2026-07-13,2026-07-13,2026-07-13,2026-07-13 19:00,2026-07-13 13:00,2026-07-13 18:00,2026-07-13 18:00,Rớt hôm nay
LA ĐỨC HÒA,Inbound,1,8,2026-07-13,2026-07-13,2026-07-13,2026-07-13,2026-07-13 19:00,2026-07-13 13:00,2026-07-13 16:00,2026-07-13 16:00,Rớt hôm nay
LA ĐỨC HÒA,Inbound,1,12,2026-07-13,2026-07-13,2026-07-13,2026-07-13,2026-07-13 19:00,2026-07-13 13:00,2026-07-13 15:00,2026-07-13 17:00,Rớt hôm nay
LA ĐỨC HÒA,Inbound,14,119,2026-07-13,2026-07-13,2026-07-13,2026-07-13,2026-07-13 19:00,2026-07-13 14:00,2026-07-13 15:00,2026-07-13 16:00,Rớt hôm nay
SG VĨNH LỘC,Transporting,2,28,,2026-07-13,2026-07-13,2026-07-13,,2026-07-13 13:00,2026-07-13 17:00,2026-07-13 18:00,Rớt hôm nay
LA BẾN LỨC,Inbound,4,27,2026-07-13,2026-07-13,2026-07-13,2026-07-13,2026-07-13 20:00,2026-07-13 14:00,2026-07-13 17:00,2026-07-13 18:00,Rớt hôm nay
LA BẾN LỨC,Inbound,2,28,2026-07-13,2026-07-13,2026-07-13,2026-07-13,2026-07-13 20:00,2026-07-13 14:00,2026-07-13 16:00,2026-07-13 18:00,Rớt hôm nay
SG HIỆP BÌNH,Transporting,2,12,,2026-07-13,2026-07-13,2026-07-13,,2026-07-13 14:00,2026-07-13 14:00,2026-07-13 19:00,Rớt hôm nay
SG VĨNH LỘC,Inbound,31,1139,2026-07-13,2026-07-13,2026-07-13,2026-07-13,2026-07-13 15:00,2026-07-13 14:00,2026-07-13 14:00,2026-07-13 14:00,Rớt hôm nay
SG BẢY HIỀN,Transporting,10,136,,2026-07-13,2026-07-13,2026-07-13,,2026-07-13 14:00,2026-07-13 14:00,2026-07-13 14:00,Rớt hôm nay
SG BÌNH TÂN,Pickup Done,2,24,,2026-07-13,2026-07-13,,,2026-07-13 14:00,2026-07-13 14:00,,Rớt hôm nay
SG BÌNH TRỊ ĐÔNG,Pickup Done,32,247,,2026-07-13,2026-07-13,,,2026-07-13 14:00,2026-07-13 14:00,,Rớt hôm nay
CT NINH KIỀU,Transporting,3,15,,2026-07-13,2026-07-13,2026-07-13,,2026-07-13 14:00,2026-07-13 18:00,2026-07-13 18:00,Rớt hôm nay
CT BÌNH THỦY,Transporting,8,64,,2026-07-13,2026-07-13,2026-07-13,,2026-07-13 14:00,2026-07-13 17:00,2026-07-13 18:00,Rớt hôm nay
CT BÌNH THỦY,Transporting,7,79,,2026-07-13,2026-07-13,2026-07-13,,2026-07-13 14:00,2026-07-13 16:00,2026-07-13 18:00,Rớt hôm nay
CT BÌNH THỦY,Transporting,2,22,,2026-07-13,2026-07-13,2026-07-13,,2026-07-13 14:00,2026-07-13 17:00,2026-07-13 17:00,Rớt hôm nay
DT SA ĐÉC,Transporting,1,100,,2026-07-13,2026-07-13,2026-07-13,,2026-07-13 14:00,2026-07-13 15:00,2026-07-13 16:00,Rớt hôm nay
DT SA ĐÉC,Transporting,1,5,,2026-07-13,2026-07-13,2026-07-13,,2026-07-13 14:00,2026-07-13 16:00,2026-07-13 16:00,Rớt hôm nay
DT SA ĐÉC,Transporting,3,20,,2026-07-13,2026-07-13,2026-07-13,,2026-07-13 14:00,2026-07-13 15:00,2026-07-13 17:00,Rớt hôm nay
DT SA ĐÉC,Created,2,26,,2026-07-13,,,,2026-07-13 14:00,,,Rớt hôm nay
SG BÌNH TÂN,Created,205,2525,,2026-07-13,,,,2026-07-13 14:00,,,Rớt hôm nay
SG BÌNH TÂN,Pickup Done,18,155,,2026-07-13,2026-07-13,,,2026-07-13 14:00,2026-07-13 19:00,,Rớt hôm nay
SG BÌNH TÂN,Pickup Done,11,112,,2026-07-13,2026-07-13,,,2026-07-13 14:00,2026-07-13 18:00,,Rớt hôm nay
SG BÌNH TÂN,Pickup Done,1,5,,2026-07-13,2026-07-13,,,2026-07-13 14:00,2026-07-13 20:00,,Rớt hôm nay
SG BÌNH TÂN,Pickup Done,42,300,,2026-07-13,2026-07-13,,,2026-07-13 14:00,2026-07-13 16:00,,Rớt hôm nay
SG AN PHÚ ĐÔNG,Transporting,5,33,,2026-07-13,2026-07-13,2026-07-13,,2026-07-13 14:00,2026-07-13 17:00,2026-07-13 17:00,Rớt hôm nay
SG TÂN THỚI HIỆP,Transporting,1,5,,2026-07-13,2026-07-13,2026-07-13,,2026-07-13 14:00,2026-07-13 18:00,2026-07-13 20:00,Rớt hôm nay
SG TÂN SƠN NHÌ,Transporting,1,6,,2026-07-13,2026-07-13,2026-07-13,,2026-07-13 14:00,2026-07-13 18:00,2026-07-13 19:00,Rớt hôm nay
SG PHÚ LÂM,Transporting,6,73,,2026-07-13,2026-07-13,2026-07-13,,2026-07-13 14:00,2026-07-13 15:00,2026-07-13 19:00,Rớt hôm nay
SG BÌNH LỢI,Created,60,470,,2026-07-13,,,,2026-07-13 14:00,,,Rớt hôm nay
SG BÌNH LỢI,Transporting,3,36,,2026-07-13,2026-07-13,2026-07-13,,2026-07-13 14:00,2026-07-13 18:00,2026-07-13 19:00,Rớt hôm nay
SG BÌNH LỢI,Transporting,12,118,,2026-07-13,2026-07-13,2026-07-13,,2026-07-13 14:00,2026-07-13 18:00,2026-07-13 18:00,Rớt hôm nay
SG BÌNH LỢI,Transporting,7,71,,2026-07-13,2026-07-13,2026-07-13,,2026-07-13 14:00,2026-07-13 17:00,2026-07-13 18:00,Rớt hôm nay
SG BÌNH LỢI,Transporting,7,73,,2026-07-13,2026-07-13,2026-07-13,,2026-07-13 14:00,2026-07-13 20:00,2026-07-13 20:00,Rớt hôm nay
SG BÌNH LỢI,Pickup Done,6,57,,2026-07-13,2026-07-13,,,2026-07-13 14:00,2026-07-13 19:00,,Rớt hôm nay
SG BÌNH LỢI,Pickup Done,7,91,,2026-07-13,2026-07-13,,,2026-07-13 14:00,2026-07-13 17:00,,Rớt hôm nay
SG CỦ CHI,Pickup Done,13,157,,2026-07-13,2026-07-13,,,2026-07-13 14:00,2026-07-13 16:00,,Rớt hôm nay
SG CỦ CHI,Transporting,2,20,,2026-07-13,2026-07-13,2026-07-13,,2026-07-13 14:00,2026-07-13 17:00,2026-07-13 18:00,Rớt hôm nay
SG TÂN TẠO,Pickup Done,15,122,,2026-07-13,2026-07-13,,,2026-07-13 14:00,2026-07-13 17:00,,Rớt hôm nay
SG TÂN TẠO,Pickup Done,6,41,,2026-07-13,2026-07-13,,,2026-07-13 14:00,2026-07-13 18:00,,Rớt hôm nay
SG TÂN TẠO,Pickup Done,2,18,,2026-07-13,2026-07-13,,,2026-07-13 14:00,2026-07-13 19:00,,Rớt hôm nay
SG TÂN TẠO,Pickup Done,8,66,,2026-07-13,2026-07-13,,,2026-07-13 14:00,2026-07-13 16:00,,Rớt hôm nay
SG HÓC MÔN,Transporting,3,21,,2026-07-13,2026-07-13,2026-07-13,,2026-07-13 14:00,2026-07-13 15:00,2026-07-13 19:00,Rớt hôm nay
SG HÓC MÔN,Transporting,1,19,,2026-07-13,2026-07-13,2026-07-13,,2026-07-13 14:00,2026-07-13 18:00,2026-07-13 19:00,Rớt hôm nay
SG THỦ ĐỨC,Transporting,50,730,,2026-07-13,2026-07-13,2026-07-13,,2026-07-13 14:00,2026-07-13 16:00,2026-07-13 17:00,Rớt hôm nay
SG THỦ ĐỨC,Transporting,49,580,,2026-07-13,2026-07-13,2026-07-13,,2026-07-13 14:00,2026-07-13 18:00,2026-07-13 19:00,Rớt hôm nay
SG THỦ ĐỨC,Transporting,1,20,,2026-07-13,2026-07-13,2026-07-13,,2026-07-13 14:00,2026-07-13 16:00,2026-07-13 20:00,Rớt hôm nay
SG THỦ ĐỨC,Transporting,47,826,,2026-07-13,2026-07-13,2026-07-13,,2026-07-13 14:00,2026-07-13 19:00,2026-07-13 19:00,Rớt hôm nay
SG THỦ ĐỨC,Transporting,1,8,,2026-07-13,2026-07-13,2026-07-13,,2026-07-13 14:00,2026-07-13 15:00,2026-07-13 17:00,Rớt hôm nay
SG THỦ ĐỨC,Transporting,1,6,,2026-07-13,2026-07-13,2026-07-13,,2026-07-13 14:00,2026-07-13 15:00,2026-07-13 19:00,Rớt hôm nay
SG THỦ ĐỨC,Transporting,1,5,,2026-07-13,2026-07-13,2026-07-13,,2026-07-13 14:00,2026-07-13 17:00,2026-07-13 19:00,Rớt hôm nay
SG TÂN HƯNG,Created,4,32,,2026-07-13,,,,2026-07-13 14:00,,,Rớt hôm nay
SG ĐÔNG HƯNG THUẬN,Transporting,2,16,,2026-07-13,2026-07-13,2026-07-13,,2026-07-13 14:00,2026-07-13 15:00,2026-07-13 19:00,Rớt hôm nay
SG ĐÔNG HƯNG THUẬN,Transporting,1,10,,2026-07-13,2026-07-13,2026-07-13,,2026-07-13 14:00,2026-07-13 18:00,2026-07-13 19:00,Rớt hôm nay
SG ĐÔNG HƯNG THUẬN,Transporting,3,49,,2026-07-13,2026-07-13,2026-07-13,,2026-07-13 14:00,2026-07-13 17:00,2026-07-13 19:00,Rớt hôm nay
SG BÌNH LỢI TRUNG,Transporting,1,6,,2026-07-13,2026-07-13,2026-07-13,,2026-07-13 14:00,2026-07-13 16:00,2026-07-13 16:00,Rớt hôm nay
SG CHỢ LỚN,Transporting,1,7,,2026-07-13,2026-07-13,2026-07-13,,2026-07-13 14:00,2026-07-13 16:00,2026-07-13 18:00,Rớt hôm nay
SG GÒ VẤP,Pickup Done,1,15,,2026-07-13,2026-07-13,,,2026-07-13 14:00,2026-07-13 16:00,,Rớt hôm nay
SG GÒ VẤP,Created,15,162,,2026-07-13,,,,2026-07-13 14:00,,,Rớt hôm nay
SG GÒ VẤP,Pickup Done,1,8,,2026-07-13,2026-07-13,,,2026-07-13 14:00,2026-07-13 15:00,,Rớt hôm nay
SG NHƠN ĐỨC,Inbound,76,1011,2026-07-13,2026-07-13,2026-07-13,2026-07-13,2026-07-13 19:00,2026-07-13 14:00,2026-07-13 17:00,2026-07-13 18:00,Rớt hôm nay
SG NHƠN ĐỨC,Created,20,269,,2026-07-13,,,,2026-07-13 14:00,,,Rớt hôm nay
SG NHƠN ĐỨC,Inbound,191,2678,2026-07-13,2026-07-13,2026-07-13,2026-07-13,2026-07-13 19:00,2026-07-13 14:00,2026-07-13 16:00,2026-07-13 17:00,Rớt hôm nay
SG NHƠN ĐỨC,Inbound,56,777,2026-07-13,2026-07-13,2026-07-13,2026-07-13,2026-07-13 19:00,2026-07-13 14:00,2026-07-13 17:00,2026-07-13 17:00,Rớt hôm nay
SG BẢY HIỀN,Created,1,9,,2026-07-13,,,,2026-07-13 14:00,,,Rớt hôm nay
SG HIỆP BÌNH,Transporting,1,23,,2026-07-13,2026-07-13,2026-07-13,,2026-07-13 14:00,2026-07-13 16:00,2026-07-13 19:00,Rớt hôm nay
SG HIỆP BÌNH,Pickup Done,6,54,,2026-07-13,2026-07-13,,,2026-07-13 14:00,2026-07-13 19:00,,Rớt hôm nay
SG HIỆP BÌNH,Transporting,1,14,,2026-07-13,2026-07-13,2026-07-13,,2026-07-13 14:00,2026-07-13 15:00,2026-07-13 20:00,Rớt hôm nay
SG BÀ ĐIỂM,Pickup Done,4,25,,2026-07-13,2026-07-13,,,2026-07-13 14:00,2026-07-13 18:00,,Rớt hôm nay
SG BÀ ĐIỂM,Pickup Done,5,30,,2026-07-13,2026-07-13,,,2026-07-13 14:00,2026-07-13 19:00,,Rớt hôm nay
LA ĐỨC HÒA,Inbound,18,160,2026-07-13,2026-07-13,2026-07-13,2026-07-13,2026-07-13 19:00,2026-07-13 14:00,2026-07-13 16:00,2026-07-13 16:00,Rớt hôm nay
LA ĐỨC HÒA,Inbound,3,20,2026-07-13,2026-07-13,2026-07-13,2026-07-13,2026-07-13 19:00,2026-07-13 14:00,2026-07-13 17:00,2026-07-13 18:00,Rớt hôm nay
SG HƯNG LONG,Transporting,19,137,,2026-07-13,2026-07-13,2026-07-13,,2026-07-13 14:00,2026-07-13 16:00,2026-07-13 19:00,Rớt hôm nay
SG HƯNG LONG,Transporting,6,65,,2026-07-13,2026-07-13,2026-07-13,,2026-07-13 14:00,2026-07-13 17:00,2026-07-13 19:00,Rớt hôm nay
VL CHỢ LÁCH,Transporting,2,13,,2026-07-13,2026-07-13,2026-07-13,,2026-07-13 14:00,2026-07-13 17:00,2026-07-13 18:00,Rớt hôm nay
AG AN PHÚ,Transporting,1,10,,2026-07-13,2026-07-13,2026-07-13,,2026-07-13 14:00,2026-07-13 16:00,2026-07-13 16:00,Rớt hôm nay
AG TỊNH BIÊN,Transporting,2,10,,2026-07-13,2026-07-13,2026-07-13,,2026-07-13 14:00,2026-07-13 16:00,2026-07-13 16:00,Rớt hôm nay
DT SA ĐÉC,Transporting,7,70,,2026-07-13,2026-07-13,2026-07-13,,2026-07-13 14:00,2026-07-13 17:00,2026-07-13 17:00,Rớt hôm nay
SG BÌNH TÂN,Pickup Done,1,18,,2026-07-13,2026-07-13,,,2026-07-13 14:00,2026-07-13 17:00,,Rớt hôm nay
SG BÌNH TÂN,Pickup Done,9,63,,2026-07-13,2026-07-13,,,2026-07-13 15:00,2026-07-13 19:00,,Rớt hôm nay
SG BÌNH TÂN,Created,97,924,,2026-07-13,,,,2026-07-13 15:00,,,Rớt hôm nay
SG BÌNH TÂN,Pickup Done,7,49,,2026-07-13,2026-07-13,,,2026-07-13 14:00,2026-07-13 15:00,,Rớt hôm nay
SG TÂN THỚI HIỆP,Pickup Done,2,30,,2026-07-13,2026-07-13,,,2026-07-13 14:00,2026-07-13 18:00,,Rớt hôm nay
SG TÂN THỚI HIỆP,Inbound,64,381,2026-07-13,2026-07-13,2026-07-13,2026-07-13,2026-07-13 19:00,2026-07-13 14:00,2026-07-13 15:00,2026-07-13 16:00,Rớt hôm nay
SG TÂN THỚI HIỆP,Pickup Done,1,5,,2026-07-13,2026-07-13,,,2026-07-13 14:00,2026-07-13 15:00,,Rớt hôm nay
SG TÂN SƠN NHÌ,Created,10,130,,2026-07-13,,,,2026-07-13 14:00,,,Rớt hôm nay
SG TÂN SƠN NHÌ,Transporting,3,35,,2026-07-13,2026-07-13,2026-07-13,,2026-07-13 14:00,2026-07-13 17:00,2026-07-13 18:00,Rớt hôm nay
SG TÂN SƠN NHÌ,Transporting,1,10,,2026-07-13,2026-07-13,2026-07-13,,2026-07-13 14:00,2026-07-13 15:00,2026-07-13 16:00,Rớt hôm nay
SG TÂN SƠN NHÌ,Transporting,4,40,,2026-07-13,2026-07-13,2026-07-13,,2026-07-13 14:00,2026-07-13 16:00,2026-07-13 16:00,Rớt hôm nay
SG TÂN SƠN NHÌ,Transporting,1,9,,2026-07-13,2026-07-13,2026-07-13,,2026-07-13 14:00,2026-07-13 17:00,2026-07-13 17:00,Rớt hôm nay
SG VĨNH LỘC,Transporting,1,8,,2026-07-13,2026-07-13,2026-07-13,,2026-07-13 14:00,2026-07-13 18:00,2026-07-13 18:00,Rớt hôm nay
SG BÌNH LỢI,Pickup Done,5,74,,2026-07-13,2026-07-13,,,2026-07-13 14:00,2026-07-13 16:00,,Rớt hôm nay
SG BÌNH LỢI,Transporting,8,73,,2026-07-13,2026-07-13,2026-07-13,,2026-07-13 15:00,2026-07-13 17:00,2026-07-13 18:00,Rớt hôm nay
SG BÌNH LỢI,Pickup Done,8,71,,2026-07-13,2026-07-13,,,2026-07-13 15:00,2026-07-13 16:00,,Rớt hôm nay
SG BÌNH LỢI,Transporting,51,470,,2026-07-13,2026-07-13,2026-07-13,,2026-07-13 15:00,2026-07-13 19:00,2026-07-13 19:00,Rớt hôm nay
SG CỦ CHI,Pickup Done,7,55,,2026-07-13,2026-07-13,,,2026-07-13 14:00,2026-07-13 18:00,,Rớt hôm nay
SG CỦ CHI,Created,1,6,,2026-07-13,,,,2026-07-13 14:00,,,Rớt hôm nay
SG CỦ CHI,Inbound,26,174,2026-07-13,2026-07-13,2026-07-13,2026-07-13,2026-07-13 19:00,2026-07-13 15:00,2026-07-13 16:00,2026-07-13 16:00,Rớt hôm nay
SG CỦ CHI,Transporting,1,17,,2026-07-13,2026-07-13,2026-07-13,,2026-07-13 15:00,2026-07-13 19:00,2026-07-13 19:00,Rớt hôm nay
SG CỦ CHI,Transporting,15,103,,2026-07-13,2026-07-13,2026-07-13,,2026-07-13 15:00,2026-07-13 18:00,2026-07-13 18:00,Rớt hôm nay
SG CỦ CHI,Created,2,22,,2026-07-13,,,,2026-07-13 15:00,,,Rớt hôm nay
SG TÂN TẠO,Created,1,6,,2026-07-13,,,,2026-07-13 14:00,,,Rớt hôm nay
SG TÂN TẠO,Transporting,1,11,,2026-07-13,2026-07-13,2026-07-13,,2026-07-13 15:00,2026-07-13 17:00,2026-07-13 19:00,Rớt hôm nay
SG TÂN TẠO,Transporting,3,43,,2026-07-13,2026-07-13,2026-07-13,,2026-07-13 15:00,2026-07-13 17:00,2026-07-13 20:00,Rớt hôm nay
SG TÂN TẠO,Pickup Done,17,127,,2026-07-13,2026-07-13,,,2026-07-13 15:00,2026-07-13 18:00,,Rớt hôm nay
SG HÓC MÔN,Created,2,108,,2026-07-13,,,,2026-07-13 15:00,,,Rớt hôm nay
SG HÓC MÔN,Transporting,8,63,,2026-07-13,2026-07-13,2026-07-13,,2026-07-13 15:00,2026-07-13 15:00,2026-07-13 18:00,Rớt hôm nay
SG THỦ ĐỨC,Created,6,89,,2026-07-13,,,,2026-07-13 14:00,,,Rớt hôm nay
SG THỦ ĐỨC,Created,4,44,,2026-07-13,,,,2026-07-13 15:00,,,Rớt hôm nay
SG VĨNH LỘC,Transporting,5,183,,2026-07-13,2026-07-13,2026-07-13,,2026-07-13 14:00,2026-07-13 16:00,2026-07-13 16:00,Rớt hôm nay
SG TÂN HƯNG,Transporting,3,29,,2026-07-13,2026-07-13,2026-07-13,,2026-07-13 14:00,2026-07-13 16:00,2026-07-13 18:00,Rớt hôm nay
SG TÂN NHỰT,Transporting,1,7,,2026-07-13,2026-07-13,2026-07-13,,2026-07-13 14:00,2026-07-13 18:00,2026-07-13 18:00,Rớt hôm nay
SG CHỢ LỚN,Created,1,16,,2026-07-13,,,,2026-07-13 14:00,,,Rớt hôm nay
SG BÌNH TRỊ ĐÔNG,Pickup Done,2,13,,2026-07-13,2026-07-13,,,2026-07-13 14:00,2026-07-13 16:00,,Rớt hôm nay
SG BÌNH TRỊ ĐÔNG,Pickup Done,3,17,,2026-07-13,2026-07-13,,,2026-07-13 14:00,2026-07-13 15:00,,Rớt hôm nay
SG BÌNH TRỊ ĐÔNG,Created,1,13,,2026-07-13,,,,2026-07-13 14:00,,,Rớt hôm nay
SG HIỆP BÌNH,Transporting,1,6,,2026-07-13,2026-07-13,2026-07-13,,2026-07-13 14:00,2026-07-13 17:00,2026-07-13 20:00,Rớt hôm nay
SG HƯNG LONG,Created,1,5,,2026-07-13,,,,2026-07-13 14:00,,,Rớt hôm nay
SG HƯNG LONG,Transporting,8,92,,2026-07-13,2026-07-13,2026-07-13,,2026-07-13 15:00,2026-07-13 17:00,2026-07-13 19:00,Rớt hôm nay
VL VĨNH LONG,Transporting,1,5,,2026-07-13,2026-07-13,2026-07-13,,2026-07-13 14:00,2026-07-13 17:00,2026-07-13 17:00,Rớt hôm nay
VL VĨNH LONG,Transporting,2,14,,2026-07-13,2026-07-13,2026-07-13,,2026-07-13 14:00,2026-07-13 15:00,2026-07-13 16:00,Rớt hôm nay
VL CHỢ LÁCH,Transporting,2,13,,2026-07-13,2026-07-13,2026-07-13,,2026-07-13 14:00,2026-07-13 18:00,2026-07-13 18:00,Rớt hôm nay
SG BÌNH TRỊ ĐÔNG,Pickup Done,3,40,,2026-07-13,2026-07-13,,,2026-07-13 15:00,2026-07-13 15:00,,Rớt hôm nay
LA ĐỨC HÒA,Inbound,1,13,2026-07-13,2026-07-13,2026-07-13,2026-07-13,2026-07-13 19:00,2026-07-13 15:00,2026-07-13 15:00,2026-07-13 15:00,Rớt hôm nay
AG TÂN CHÂU,Transporting,4,35,,2026-07-13,2026-07-13,2026-07-13,,2026-07-13 15:00,2026-07-13 17:00,2026-07-13 17:00,Rớt hôm nay
AG THOẠI SƠN,Transporting,1,10,,2026-07-13,2026-07-13,2026-07-13,,2026-07-13 15:00,2026-07-13 15:00,2026-07-13 16:00,Rớt hôm nay
AG THOẠI SƠN,Transporting,3,17,,2026-07-13,2026-07-13,2026-07-13,,2026-07-13 15:00,2026-07-13 15:00,2026-07-13 17:00,Rớt hôm nay
CT NINH KIỀU,Transporting,3,15,,2026-07-13,2026-07-13,2026-07-13,,2026-07-13 15:00,2026-07-13 18:00,2026-07-13 18:00,Rớt hôm nay
CT BÌNH THỦY,Transporting,1,5,,2026-07-13,2026-07-13,2026-07-13,,2026-07-13 15:00,2026-07-13 17:00,2026-07-13 17:00,Rớt hôm nay
CT BÌNH THỦY,Transporting,1,10,,2026-07-13,2026-07-13,2026-07-13,,2026-07-13 15:00,2026-07-13 17:00,2026-07-13 18:00,Rớt hôm nay
CT LONG MỸ,Created,1,10,,2026-07-13,,,,2026-07-13 15:00,,,Rớt hôm nay
DT SA ĐÉC,Transporting,1,7,,2026-07-13,2026-07-13,2026-07-13,,2026-07-13 15:00,2026-07-13 18:00,2026-07-13 18:00,Rớt hôm nay
SG BÌNH TÂN,Pickup Done,8,63,,2026-07-13,2026-07-13,,,2026-07-13 15:00,2026-07-13 15:00,,Rớt hôm nay
SG BÌNH TÂN,Pickup Done,2,10,,2026-07-13,2026-07-13,,,2026-07-13 15:00,2026-07-13 16:00,,Rớt hôm nay
SG BÌNH TÂN,Pickup Done,34,241,,2026-07-13,2026-07-13,,,2026-07-13 15:00,2026-07-13 18:00,,Rớt hôm nay
SG AN LẠC,Created,1,11,,2026-07-13,,,,2026-07-13 15:00,,,Rớt hôm nay
SG AN PHÚ ĐÔNG,Transporting,1,5,,2026-07-13,2026-07-13,2026-07-13,,2026-07-13 15:00,2026-07-13 16:00,2026-07-13 16:00,Rớt hôm nay
SG AN PHÚ ĐÔNG,Transporting,1,5,,2026-07-13,2026-07-13,2026-07-13,,2026-07-13 15:00,2026-07-13 19:00,2026-07-13 19:00,Rớt hôm nay
SG TÂN SƠN NHÌ,Transporting,6,49,,2026-07-13,2026-07-13,2026-07-13,,2026-07-13 15:00,2026-07-13 18:00,2026-07-13 19:00,Rớt hôm nay
SG PHÚ LÂM,Transporting,10,96,,2026-07-13,2026-07-13,2026-07-13,,2026-07-13 15:00,2026-07-13 17:00,2026-07-13 19:00,Rớt hôm nay
SG PHÚ LÂM,Created,2,25,,2026-07-13,,,,2026-07-13 15:00,,,Rớt hôm nay
SG PHÚ LÂM,Transporting,1,10,,2026-07-13,2026-07-13,2026-07-13,,2026-07-13 15:00,2026-07-13 16:00,2026-07-13 19:00,Rớt hôm nay
SG BÌNH LỢI,Transporting,10,105,,2026-07-13,2026-07-13,2026-07-13,,2026-07-13 15:00,2026-07-13 19:00,2026-07-13 20:00,Rớt hôm nay
SG BÌNH LỢI,Transporting,2,18,,2026-07-13,2026-07-13,2026-07-13,,2026-07-13 15:00,2026-07-13 18:00,2026-07-13 18:00,Rớt hôm nay
SG BÌNH LỢI,Pickup Done,4,39,,2026-07-13,2026-07-13,,,2026-07-13 15:00,2026-07-13 19:00,,Rớt hôm nay
SG BÌNH LỢI,Created,120,858,,2026-07-13,,,,2026-07-13 15:00,,,Rớt hôm nay
SG BÌNH LỢI,Transporting,13,143,,2026-07-13,2026-07-13,2026-07-13,,2026-07-13 15:00,2026-07-13 20:00,2026-07-13 20:00,Rớt hôm nay
SG CỦ CHI,Pickup Done,7,45,,2026-07-13,2026-07-13,,,2026-07-13 15:00,2026-07-13 16:00,,Rớt hôm nay
SG CỦ CHI,Inbound,1,9,2026-07-13,2026-07-13,2026-07-13,2026-07-13,2026-07-13 19:00,2026-07-13 15:00,2026-07-13 15:00,2026-07-13 15:00,Rớt hôm nay
SG CỦ CHI,Pickup Done,6,45,,2026-07-13,2026-07-13,,,2026-07-13 15:00,2026-07-13 17:00,,Rớt hôm nay
SG TÂN TẠO,Pickup Done,3,18,,2026-07-13,2026-07-13,,,2026-07-13 15:00,2026-07-13 16:00,,Rớt hôm nay
SG TÂN TẠO,Pickup Done,2,16,,2026-07-13,2026-07-13,,,2026-07-13 15:00,2026-07-13 15:00,,Rớt hôm nay
SG HÓC MÔN,Transporting,10,67,,2026-07-13,2026-07-13,2026-07-13,,2026-07-13 15:00,2026-07-13 18:00,2026-07-13 19:00,Rớt hôm nay
SG THỦ ĐỨC,Transporting,3,32,,2026-07-13,2026-07-13,2026-07-13,,2026-07-13 15:00,2026-07-13 19:00,2026-07-13 19:00,Rớt hôm nay
SG ĐÔNG HƯNG THUẬN,Created,1,10,,2026-07-13,,,,2026-07-13 15:00,,,Rớt hôm nay
SG ĐÔNG HƯNG THUẬN,Transporting,1,12,,2026-07-13,2026-07-13,2026-07-13,,2026-07-13 15:00,2026-07-13 16:00,2026-07-13 19:00,Rớt hôm nay
SG TÂN NHỰT,Transporting,3,24,,2026-07-13,2026-07-13,2026-07-13,,2026-07-13 15:00,2026-07-13 15:00,2026-07-13 18:00,Rớt hôm nay
SG BÌNH LỢI TRUNG,Transporting,2,34,,2026-07-13,2026-07-13,2026-07-13,,2026-07-13 15:00,2026-07-13 16:00,2026-07-13 16:00,Rớt hôm nay
SG NHƠN ĐỨC,Inbound,1,6,2026-07-13,2026-07-13,2026-07-13,2026-07-13,2026-07-13 19:00,2026-07-13 15:00,2026-07-13 18:00,2026-07-13 18:00,Rớt hôm nay
SG NHƠN ĐỨC,Inbound,70,886,2026-07-13,2026-07-13,2026-07-13,2026-07-13,2026-07-13 19:00,2026-07-13 15:00,2026-07-13 17:00,2026-07-13 18:00,Rớt hôm nay
SG NHƠN ĐỨC,Inbound,5,69,2026-07-13,2026-07-13,2026-07-13,2026-07-13,2026-07-13 19:00,2026-07-13 15:00,2026-07-13 16:00,2026-07-13 17:00,Rớt hôm nay
SG NHƠN ĐỨC,Created,17,209,,2026-07-13,,,,2026-07-13 15:00,,,Rớt hôm nay
SG NHƠN ĐỨC,Inbound,10,132,2026-07-13,2026-07-13,2026-07-13,2026-07-13,2026-07-13 19:00,2026-07-13 15:00,2026-07-13 17:00,2026-07-13 17:00,Rớt hôm nay
SG BẢY HIỀN,Created,2,21,,2026-07-13,,,,2026-07-13 15:00,,,Rớt hôm nay
SG HIỆP BÌNH,Transporting,1,9,,2026-07-13,2026-07-13,2026-07-13,,2026-07-13 15:00,2026-07-13 15:00,2026-07-13 19:00,Rớt hôm nay
SG HIỆP BÌNH,Pickup Done,4,53,,2026-07-13,2026-07-13,,,2026-07-13 15:00,2026-07-13 18:00,,Rớt hôm nay
SG BÀ ĐIỂM,Pickup Done,1,8,,2026-07-13,2026-07-13,,,2026-07-13 15:00,2026-07-13 16:00,,Rớt hôm nay
SG BÀ ĐIỂM,Pickup Done,4,25,,2026-07-13,2026-07-13,,,2026-07-13 15:00,2026-07-13 18:00,,Rớt hôm nay
SG BÀ ĐIỂM,Pickup Done,2,14,,2026-07-13,2026-07-13,,,2026-07-13 15:00,2026-07-13 19:00,,Rớt hôm nay
LA ĐỨC HÒA,Inbound,3,21,2026-07-13,2026-07-13,2026-07-13,2026-07-13,2026-07-13 19:00,2026-07-13 15:00,2026-07-13 18:00,2026-07-13 18:00,Rớt hôm nay
LA ĐỨC HÒA,Inbound,4,29,2026-07-13,2026-07-13,2026-07-13,2026-07-13,2026-07-13 19:00,2026-07-13 15:00,2026-07-13 17:00,2026-07-13 18:00,Rớt hôm nay
LA ĐỨC HÒA,Created,5,43,,2026-07-13,,,,2026-07-13 15:00,,,Rớt hôm nay
LA ĐỨC HÒA,Inbound,1,8,2026-07-13,2026-07-13,2026-07-13,2026-07-13,2026-07-13 19:00,2026-07-13 15:00,2026-07-13 15:00,2026-07-13 16:00,Rớt hôm nay
SG HƯNG LONG,Created,4,41,,2026-07-13,,,,2026-07-13 15:00,,,Rớt hôm nay
SG BÌNH LỢI TRUNG,Transporting,13,81,,2026-07-13,2026-07-13,2026-07-13,,2026-07-13 15:00,2026-07-13 15:00,2026-07-13 17:00,Rớt hôm nay
SG TÂN HƯNG,Transporting,10,77,,2026-07-13,2026-07-13,2026-07-13,,2026-07-13 15:00,2026-07-13 15:00,2026-07-13 18:00,Rớt hôm nay
SG TÂN SƠN NHÌ,Transporting,1,10,,2026-07-13,2026-07-13,2026-07-13,,2026-07-13 15:00,2026-07-13 15:00,2026-07-13 16:00,Rớt hôm nay
SG TÂN SƠN NHÌ,Transporting,2,24,,2026-07-13,2026-07-13,2026-07-13,,2026-07-13 15:00,2026-07-13 16:00,2026-07-13 16:00,Rớt hôm nay
DT SA ĐÉC,Created,1,5,,2026-07-13,,,,2026-07-13 15:00,,,Rớt hôm nay
DT SA ĐÉC,Transporting,3,23,,2026-07-13,2026-07-13,2026-07-13,,2026-07-13 15:00,2026-07-13 16:00,2026-07-13 17:00,Rớt hôm nay
SG BÌNH TÂN,Pickup Done,3,29,,2026-07-13,2026-07-13,,,2026-07-13 15:00,2026-07-13 17:00,,Rớt hôm nay
SG BÌNH TÂN,Inbound,45,408,2026-07-13,2026-07-13,2026-07-13,2026-07-13,2026-07-13 19:00,2026-07-13 15:00,2026-07-13 16:00,2026-07-13 18:00,Rớt hôm nay
SG BÌNH TÂN,Inbound,70,353,2026-07-13,2026-07-13,2026-07-13,2026-07-13,2026-07-13 20:00,2026-07-13 15:00,2026-07-13 16:00,2026-07-13 18:00,Rớt hôm nay
SG BÌNH TÂN,Transporting,10,55,,2026-07-13,2026-07-13,2026-07-13,,2026-07-13 15:00,2026-07-13 16:00,2026-07-13 18:00,Rớt hôm nay
SG BÌNH TÂN,Inbound,3,24,2026-07-13,2026-07-13,2026-07-13,,2026-07-13 19:00,2026-07-13 15:00,2026-07-13 16:00,,Rớt hôm nay
SG BÌNH TÂN,Inbound,1,5,2026-07-13,2026-07-13,2026-07-13,,2026-07-13 20:00,2026-07-13 15:00,2026-07-13 16:00,,Rớt hôm nay
SG BÌNH TÂN,Inbound,3,15,2026-07-13,2026-07-13,2026-07-13,2026-07-13,2026-07-13 20:00,2026-07-13 15:00,2026-07-13 16:00,2026-07-13 17:00,Rớt hôm nay
SG BÌNH TÂN,Transporting,3,15,,2026-07-13,2026-07-13,2026-07-13,,2026-07-13 15:00,2026-07-13 16:00,2026-07-13 17:00,Rớt hôm nay
SG BÌNH TÂN,Created,60,695,,2026-07-13,,,,2026-07-13 16:00,,,Rớt hôm nay
SG BÌNH TÂN,Pickup Done,4,35,,2026-07-13,2026-07-13,,,2026-07-13 16:00,2026-07-13 20:00,,Rớt hôm nay
SG TÂN THỚI HIỆP,Inbound,1,5,2026-07-13,2026-07-13,2026-07-13,2026-07-13,2026-07-13 19:00,2026-07-13 15:00,2026-07-13 16:00,2026-07-13 17:00,Rớt hôm nay
SG TÂN THỚI HIỆP,Created,1,8,,2026-07-13,,,,2026-07-13 15:00,,,Rớt hôm nay
SG TÂN THỚI HIỆP,Transporting,18,106,,2026-07-13,2026-07-13,2026-07-13,,2026-07-13 15:00,2026-07-13 18:00,2026-07-13 20:00,Rớt hôm nay
SG PHÚ LÂM,Transporting,14,121,,2026-07-13,2026-07-13,2026-07-13,,2026-07-13 16:00,2026-07-13 17:00,2026-07-13 19:00,Rớt hôm nay
SG BÌNH LỢI,Transporting,1,6,,2026-07-13,2026-07-13,2026-07-13,,2026-07-13 15:00,2026-07-13 18:00,2026-07-13 19:00,Rớt hôm nay
SG BÌNH LỢI,Transporting,74,807,,2026-07-13,2026-07-13,2026-07-13,,2026-07-13 16:00,2026-07-13 19:00,2026-07-13 19:00,Rớt hôm nay
SG CỦ CHI,Transporting,37,293,,2026-07-13,2026-07-13,2026-07-13,,2026-07-13 15:00,2026-07-13 17:00,2026-07-13 17:00,Rớt hôm nay
SG CỦ CHI,Transporting,7,61,,2026-07-13,2026-07-13,2026-07-13,,2026-07-13 15:00,2026-07-13 17:00,2026-07-13 18:00,Rớt hôm nay
SG CỦ CHI,Pickup Done,1,14,,2026-07-13,2026-07-13,,,2026-07-13 15:00,2026-07-13 18:00,,Rớt hôm nay
SG CỦ CHI,Inbound,4,39,2026-07-13,2026-07-13,2026-07-13,2026-07-13,2026-07-13 19:00,2026-07-13 16:00,2026-07-13 16:00,2026-07-13 16:00,Rớt hôm nay
SG CỦ CHI,Transporting,166,1219,,2026-07-13,2026-07-13,2026-07-13,,2026-07-13 16:00,2026-07-13 17:00,2026-07-13 17:00,Rớt hôm nay
SG CỦ CHI,Transporting,26,209,,2026-07-13,2026-07-13,2026-07-13,,2026-07-13 16:00,2026-07-13 18:00,2026-07-13 18:00,Rớt hôm nay
SG TÂN TẠO,Created,1,17,,2026-07-13,,,,2026-07-13 15:00,,,Rớt hôm nay
SG TÂN TẠO,Pickup Done,5,27,,2026-07-13,2026-07-13,,,2026-07-13 15:00,2026-07-13 17:00,,Rớt hôm nay
SG THỦ ĐỨC,Transporting,3,18,,2026-07-13,2026-07-13,2026-07-13,,2026-07-13 15:00,2026-07-13 16:00,2026-07-13 17:00,Rớt hôm nay
SG TÂN HƯNG,Transporting,3,41,,2026-07-13,2026-07-13,2026-07-13,,2026-07-13 15:00,2026-07-13 17:00,2026-07-13 18:00,Rớt hôm nay
SG TÂN HƯNG,Transporting,2,21,,2026-07-13,2026-07-13,2026-07-13,,2026-07-13 15:00,2026-07-13 18:00,2026-07-13 18:00,Rớt hôm nay
SG CHỢ LỚN,Transporting,2,32,,2026-07-13,2026-07-13,2026-07-13,,2026-07-13 15:00,2026-07-13 18:00,2026-07-13 18:00,Rớt hôm nay
SG CHỢ LỚN,Transporting,2,14,,2026-07-13,2026-07-13,2026-07-13,,2026-07-13 15:00,2026-07-13 17:00,2026-07-13 18:00,Rớt hôm nay
SG BÌNH TRỊ ĐÔNG,Created,1,6,,2026-07-13,,,,2026-07-13 15:00,,,Rớt hôm nay
SG HIỆP BÌNH,Created,1,7,,2026-07-13,,,,2026-07-13 15:00,,,Rớt hôm nay
SG HIỆP BÌNH,Transporting,8,80,,2026-07-13,2026-07-13,2026-07-13,,2026-07-13 15:00,2026-07-13 17:00,2026-07-13 19:00,Rớt hôm nay
SG HIỆP BÌNH,Transporting,1,8,,2026-07-13,2026-07-13,2026-07-13,,2026-07-13 15:00,2026-07-13 17:00,2026-07-13 20:00,Rớt hôm nay
SG XUÂN HÒA,Transporting,3,20,,2026-07-13,2026-07-13,2026-07-13,,2026-07-13 15:00,2026-07-13 17:00,2026-07-13 17:00,Rớt hôm nay
SG BÀ ĐIỂM,Created,1,8,,2026-07-13,,,,2026-07-13 15:00,,,Rớt hôm nay
LA BẾN LỨC,Created,1,11,,2026-07-13,,,,2026-07-13 15:00,,,Rớt hôm nay
VL CHỢ LÁCH,Transporting,1,5,,2026-07-13,2026-07-13,2026-07-13,,2026-07-13 15:00,2026-07-13 17:00,2026-07-13 18:00,Rớt hôm nay
,Transporting,2,0,,2026-07-13,2026-07-13,2026-07-13,,2026-07-13 09:00,2026-07-13 14:00,2026-07-13 15:00,Rớt hôm nay
,Transporting,1,0,,2026-07-13,2026-07-13,2026-07-13,,2026-07-13 13:00,2026-07-13 14:00,2026-07-13 15:00,Rớt hôm nay
,Transporting,8,0,,2026-07-13,2026-07-13,2026-07-13,,2026-07-13 07:00,2026-07-13 10:00,2026-07-13 15:00,Rớt hôm nay
,Transporting,3,0,,2026-07-13,2026-07-13,2026-07-13,,2026-07-13 08:00,2026-07-13 10:00,2026-07-13 15:00,Rớt hôm nay
,Transporting,2,0,,2026-07-13,2026-07-13,2026-07-13,,2026-07-13 12:00,2026-07-13 15:00,2026-07-13 15:00,Rớt hôm nay
,Transporting,1,0,,2026-07-13,2026-07-13,2026-07-13,,2026-07-13 15:00,2026-07-13 15:00,2026-07-13 15:00,Rớt hôm nay
,Transporting,1,0,,2026-07-13,2026-07-13,2026-07-13,,2026-07-13 13:00,2026-07-13 15:00,2026-07-13 15:00,Rớt hôm nay
SG BÌNH TÂN,Inbound,3,15,2026-07-13,2026-07-13,2026-07-13,2026-07-13,2026-07-13 20:00,2026-07-13 16:00,2026-07-13 16:00,2026-07-13 17:00,Rớt hôm nay
SG BÌNH TÂN,Inbound,2,19,2026-07-13,2026-07-13,2026-07-13,2026-07-13,2026-07-13 19:00,2026-07-13 16:00,2026-07-13 16:00,2026-07-13 17:00,Rớt hôm nay
SG BÌNH TÂN,Transporting,5,25,,2026-07-13,2026-07-13,2026-07-13,,2026-07-13 16:00,2026-07-13 16:00,2026-07-13 17:00,Rớt hôm nay
SG BÌNH TÂN,Transporting,12,60,,2026-07-13,2026-07-13,2026-07-13,,2026-07-13 16:00,2026-07-13 16:00,2026-07-13 18:00,Rớt hôm nay
SG TÂN SƠN NHÌ,Transporting,1,10,,2026-07-13,2026-07-13,2026-07-13,,2026-07-13 16:00,2026-07-13 16:00,2026-07-13 16:00,Rớt hôm nay
SG BÌNH TÂN,Inbound,16,80,2026-07-13,2026-07-13,2026-07-13,2026-07-13,2026-07-13 20:00,2026-07-13 16:00,2026-07-13 16:00,2026-07-13 18:00,Rớt hôm nay
SG BÌNH TÂN,Pickup Done,6,32,,2026-07-13,2026-07-13,,,2026-07-13 16:00,2026-07-13 16:00,,Rớt hôm nay
SG BÌNH TÂN,Inbound,4,34,2026-07-13,2026-07-13,2026-07-13,2026-07-13,2026-07-13 19:00,2026-07-13 16:00,2026-07-13 16:00,2026-07-13 18:00,Rớt hôm nay
SG TÂN TẠO,Pickup Done,1,6,,2026-07-13,2026-07-13,,,2026-07-13 16:00,2026-07-13 16:00,,Rớt hôm nay
DT SA ĐÉC,Transporting,96,960,,2026-07-13,2026-07-13,2026-07-13,,2026-07-13 16:00,2026-07-13 16:00,2026-07-13 16:00,Rớt hôm nay
DT SA ĐÉC,Transporting,2,20,,2026-07-13,2026-07-13,2026-07-13,,2026-07-13 16:00,2026-07-13 16:00,2026-07-13 17:00,Rớt hôm nay
AG TÂN CHÂU,Transporting,4,35,,2026-07-13,2026-07-13,2026-07-13,,2026-07-13 16:00,2026-07-13 17:00,2026-07-13 17:00,Rớt hôm nay
AG TỊNH BIÊN,Transporting,1,5,,2026-07-13,2026-07-13,2026-07-13,,2026-07-13 16:00,2026-07-13 16:00,2026-07-13 16:00,Rớt hôm nay
CT NINH KIỀU,Created,2,14,,2026-07-13,,,,2026-07-13 16:00,,,Rớt hôm nay
CT NINH KIỀU,Transporting,2,11,,2026-07-13,2026-07-13,2026-07-13,,2026-07-13 16:00,2026-07-13 18:00,2026-07-13 18:00,Rớt hôm nay
CT BÌNH THỦY,Transporting,6,60,,2026-07-13,2026-07-13,2026-07-13,,2026-07-13 16:00,2026-07-13 18:00,2026-07-13 18:00,Rớt hôm nay
ST PHÚ LỢI,Created,1,9,,2026-07-13,,,,2026-07-13 16:00,,,Rớt hôm nay
DT SA ĐÉC,Transporting,3,22,,2026-07-13,2026-07-13,2026-07-13,,2026-07-13 16:00,2026-07-13 17:00,2026-07-13 17:00,Rớt hôm nay
SG BÌNH TÂN,Pickup Done,9,69,,2026-07-13,2026-07-13,,,2026-07-13 16:00,2026-07-13 19:00,,Rớt hôm nay
SG BÌNH TÂN,Pickup Done,19,171,,2026-07-13,2026-07-13,,,2026-07-13 16:00,2026-07-13 18:00,,Rớt hôm nay
SG AN PHÚ ĐÔNG,Transporting,1,7,,2026-07-13,2026-07-13,2026-07-13,,2026-07-13 16:00,2026-07-13 19:00,2026-07-13 19:00,Rớt hôm nay
SG TÂN THỚI HIỆP,Inbound,2,131,2026-07-13,2026-07-13,2026-07-13,2026-07-13,2026-07-13 19:00,2026-07-13 16:00,2026-07-13 16:00,2026-07-13 17:00,Rớt hôm nay
SG TÂN THỚI HIỆP,Pickup Done,1,5,,2026-07-13,2026-07-13,,,2026-07-13 16:00,2026-07-13 17:00,,Rớt hôm nay
SG TÂN SƠN NHÌ,Transporting,11,91,,2026-07-13,2026-07-13,2026-07-13,,2026-07-13 16:00,2026-07-13 16:00,2026-07-13 18:00,Rớt hôm nay
SG TÂN SƠN NHÌ,Transporting,1,17,,2026-07-13,2026-07-13,2026-07-13,,2026-07-13 16:00,2026-07-13 17:00,2026-07-13 18:00,Rớt hôm nay
SG TÂN SƠN NHÌ,Transporting,1,7,,2026-07-13,2026-07-13,2026-07-13,,2026-07-13 16:00,2026-07-13 18:00,2026-07-13 18:00,Rớt hôm nay
SG PHÚ LÂM,Transporting,2,22,,2026-07-13,2026-07-13,2026-07-13,,2026-07-13 16:00,2026-07-13 16:00,2026-07-13 19:00,Rớt hôm nay
SG PHÚ LÂM,Created,3,30,,2026-07-13,,,,2026-07-13 16:00,,,Rớt hôm nay
SG BÌNH LỢI,Created,49,322,,2026-07-13,,,,2026-07-13 16:00,,,Rớt hôm nay
SG BÌNH LỢI,Pickup Done,1,7,,2026-07-13,2026-07-13,,,2026-07-13 16:00,2026-07-13 18:00,,Rớt hôm nay
SG BÌNH LỢI,Pickup Done,3,32,,2026-07-13,2026-07-13,,,2026-07-13 16:00,2026-07-13 19:00,,Rớt hôm nay
SG BÌNH LỢI,Transporting,5,60,,2026-07-13,2026-07-13,2026-07-13,,2026-07-13 16:00,2026-07-13 19:00,2026-07-13 20:00,Rớt hôm nay
SG CỦ CHI,Pickup Done,2,13,,2026-07-13,2026-07-13,,,2026-07-13 16:00,2026-07-13 16:00,,Rớt hôm nay
SG CỦ CHI,Pickup Done,3,38,,2026-07-13,2026-07-13,,,2026-07-13 16:00,2026-07-13 18:00,,Rớt hôm nay
SG CỦ CHI,Transporting,3,22,,2026-07-13,2026-07-13,2026-07-13,,2026-07-13 16:00,2026-07-13 17:00,2026-07-13 18:00,Rớt hôm nay
SG CỦ CHI,Created,4,33,,2026-07-13,,,,2026-07-13 16:00,,,Rớt hôm nay
SG TÂN TẠO,Created,3,34,,2026-07-13,,,,2026-07-13 16:00,,,Rớt hôm nay
SG TÂN TẠO,Pickup Done,5,32,,2026-07-13,2026-07-13,,,2026-07-13 16:00,2026-07-13 18:00,,Rớt hôm nay
SG TÂN TẠO,Pickup Done,8,49,,2026-07-13,2026-07-13,,,2026-07-13 16:00,2026-07-13 17:00,,Rớt hôm nay
SG HÓC MÔN,Created,2,14,,2026-07-13,,,,2026-07-13 16:00,,,Rớt hôm nay
SG HÓC MÔN,Transporting,1,5,,2026-07-13,2026-07-13,2026-07-13,,2026-07-13 16:00,2026-07-13 18:00,2026-07-13 19:00,Rớt hôm nay
SG THỦ ĐỨC,Transporting,14,191,,2026-07-13,2026-07-13,2026-07-13,,2026-07-13 16:00,2026-07-13 17:00,2026-07-13 17:00,Rớt hôm nay
SG THỦ ĐỨC,Created,10,111,,2026-07-13,,,,2026-07-13 16:00,,,Rớt hôm nay
SG THỦ ĐỨC,Transporting,1,9,,2026-07-13,2026-07-13,2026-07-13,,2026-07-13 16:00,2026-07-13 16:00,2026-07-13 16:00,Rớt hôm nay
SG THỦ ĐỨC,Transporting,4,24,,2026-07-13,2026-07-13,2026-07-13,,2026-07-13 16:00,2026-07-13 18:00,2026-07-13 19:00,Rớt hôm nay
SG VĨNH LỘC,Transporting,2,15,,2026-07-13,2026-07-13,2026-07-13,,2026-07-13 16:00,2026-07-13 18:00,2026-07-13 18:00,Rớt hôm nay
SG VĨNH LỘC,Created,1,8,,2026-07-13,,,,2026-07-13 16:00,,,Rớt hôm nay
SG TÂN HƯNG,Transporting,7,48,,2026-07-13,2026-07-13,2026-07-13,,2026-07-13 16:00,2026-07-13 17:00,2026-07-13 18:00,Rớt hôm nay
SG TÂN HƯNG,Transporting,1,7,,2026-07-13,2026-07-13,2026-07-13,,2026-07-13 16:00,2026-07-13 18:00,2026-07-13 18:00,Rớt hôm nay
SG ĐÔNG HƯNG THUẬN,Created,6,46,,2026-07-13,,,,2026-07-13 16:00,,,Rớt hôm nay
SG ĐÔNG HƯNG THUẬN,Transporting,1,8,,2026-07-13,2026-07-13,2026-07-13,,2026-07-13 16:00,2026-07-13 17:00,2026-07-13 19:00,Rớt hôm nay
SG BÌNH TRỊ ĐÔNG,Pickup Done,1,6,,2026-07-13,2026-07-13,,,2026-07-13 16:00,2026-07-13 19:00,,Rớt hôm nay
SG BÌNH TRỊ ĐÔNG,Created,3,23,,2026-07-13,,,,2026-07-13 16:00,,,Rớt hôm nay
SG BÌNH TRỊ ĐÔNG,Pickup Done,33,346,,2026-07-13,2026-07-13,,,2026-07-13 16:00,2026-07-13 17:00,,Rớt hôm nay
SG NHƠN ĐỨC,Created,31,299,,2026-07-13,,,,2026-07-13 16:00,,,Rớt hôm nay
SG BẢY HIỀN,Created,4,38,,2026-07-13,,,,2026-07-13 16:00,,,Rớt hôm nay
SG PHÚ NHUẬN,Transporting,1,5,,2026-07-13,2026-07-13,2026-07-13,,2026-07-13 16:00,2026-07-13 16:00,2026-07-13 17:00,Rớt hôm nay
SG HIỆP BÌNH,Created,5,48,,2026-07-13,,,,2026-07-13 16:00,,,Rớt hôm nay
SG HIỆP BÌNH,Transporting,1,13,,2026-07-13,2026-07-13,2026-07-13,,2026-07-13 16:00,2026-07-13 17:00,2026-07-13 20:00,Rớt hôm nay
SG BÀ ĐIỂM,Pickup Done,2,10,,2026-07-13,2026-07-13,,,2026-07-13 16:00,2026-07-13 18:00,,Rớt hôm nay
SG BÀ ĐIỂM,Pickup Done,11,72,,2026-07-13,2026-07-13,,,2026-07-13 16:00,2026-07-13 19:00,,Rớt hôm nay
SG BÀ ĐIỂM,Created,1,12,,2026-07-13,,,,2026-07-13 16:00,,,Rớt hôm nay
SG BÀ ĐIỂM,Pickup Done,3,24,,2026-07-13,2026-07-13,,,2026-07-13 16:00,2026-07-13 17:00,,Rớt hôm nay
LA ĐỨC HÒA,Inbound,5,33,2026-07-13,2026-07-13,2026-07-13,2026-07-13,2026-07-13 19:00,2026-07-13 16:00,2026-07-13 17:00,2026-07-13 18:00,Rớt hôm nay
LA ĐỨC HÒA,Created,3,33,,2026-07-13,,,,2026-07-13 16:00,,,Rớt hôm nay
SG HƯNG LONG,Transporting,6,38,,2026-07-13,2026-07-13,2026-07-13,,2026-07-13 16:00,2026-07-13 17:00,2026-07-13 19:00,Rớt hôm nay
SG HƯNG LONG,Transporting,2,13,,2026-07-13,2026-07-13,2026-07-13,,2026-07-13 16:00,2026-07-13 16:00,2026-07-13 19:00,Rớt hôm nay
VL CHỢ LÁCH,Transporting,2,12,,2026-07-13,2026-07-13,2026-07-13,,2026-07-13 16:00,2026-07-13 17:00,2026-07-13 18:00,Rớt hôm nay
,Transporting,18,0,,2026-07-13,2026-07-13,2026-07-13,,2026-07-13 13:00,2026-07-13 14:00,2026-07-13 16:00,Rớt hôm nay
,Transporting,34,0,,2026-07-13,2026-07-13,2026-07-13,,2026-07-13 07:00,2026-07-13 08:00,2026-07-13 16:00,Rớt hôm nay
LA ĐỨC HÒA,Inbound,2,21,2026-07-13,2026-07-13,2026-07-13,2026-07-13,2026-07-13 19:00,2026-07-13 16:00,2026-07-13 16:00,2026-07-13 16:00,Rớt hôm nay
AG TÂN CHÂU,Created,1,8,,2026-07-13,,,,2026-07-13 16:00,,,Rớt hôm nay
CT BÌNH THỦY,Transporting,1,7,,2026-07-13,2026-07-13,2026-07-13,,2026-07-13 16:00,2026-07-13 19:00,2026-07-13 19:00,Rớt hôm nay
CT BÌNH THỦY,Transporting,1,10,,2026-07-13,2026-07-13,2026-07-13,,2026-07-13 16:00,2026-07-13 17:00,2026-07-13 17:00,Rớt hôm nay
CT BÌNH THỦY,Transporting,1,5,,2026-07-13,2026-07-13,2026-07-13,,2026-07-13 16:00,2026-07-13 17:00,2026-07-13 18:00,Rớt hôm nay
SG BÌNH TÂN,Pickup Done,1,6,,2026-07-13,2026-07-13,,,2026-07-13 16:00,2026-07-13 17:00,,Rớt hôm nay
SG AN LẠC,Pickup Done,3,24,,2026-07-13,2026-07-13,,,2026-07-13 16:00,2026-07-13 18:00,,Rớt hôm nay
SG AN LẠC,Created,35,351,,2026-07-13,,,,2026-07-13 16:00,,,Rớt hôm nay
SG BÌNH LỢI,Transporting,2,24,,2026-07-13,2026-07-13,2026-07-13,,2026-07-13 16:00,2026-07-13 20:00,2026-07-13 20:00,Rớt hôm nay
SG GÒ VẤP,Created,1,6,,2026-07-13,,,,2026-07-13 16:00,,,Rớt hôm nay
SG NHƠN ĐỨC,Inbound,2,22,2026-07-13,2026-07-13,2026-07-13,2026-07-13,2026-07-13 19:00,2026-07-13 16:00,2026-07-13 17:00,2026-07-13 18:00,Rớt hôm nay
SG HIỆP BÌNH,Transporting,1,8,,2026-07-13,2026-07-13,2026-07-13,,2026-07-13 16:00,2026-07-13 17:00,2026-07-13 19:00,Rớt hôm nay
LA ĐỨC HÒA,Inbound,1,8,2026-07-13,2026-07-13,2026-07-13,2026-07-13,2026-07-13 19:00,2026-07-13 16:00,2026-07-13 18:00,2026-07-13 18:00,Rớt hôm nay
SG VĨNH LỘC,Transporting,1,10,,2026-07-13,2026-07-13,2026-07-13,,2026-07-13 16:00,2026-07-13 17:00,2026-07-13 18:00,Rớt hôm nay
VL VĨNH LONG,Transporting,1,11,,2026-07-13,2026-07-13,2026-07-13,,2026-07-13 16:00,2026-07-13 17:00,2026-07-13 17:00,Rớt hôm nay
,Transporting,35,0,,2026-07-13,2026-07-13,2026-07-13,,2026-07-12 22:00,2026-07-13 11:00,2026-07-13 16:00,Rớt hôm trước
,Transporting,17,0,,2026-07-13,2026-07-13,2026-07-13,,2026-07-12 21:00,2026-07-13 11:00,2026-07-13 16:00,Rớt hôm trước
,Transporting,3,0,,2026-07-13,2026-07-13,2026-07-13,,2026-07-13 06:00,2026-07-13 11:00,2026-07-13 16:00,Rớt hôm nay
SG VĨNH LỘC,Transporting,4,147,,2026-07-13,2026-07-13,2026-07-13,,2026-07-13 17:00,2026-07-13 17:00,2026-07-13 17:00,Rớt hôm nay
AG THOẠI SƠN,Created,1,5,,2026-07-13,,,,2026-07-13 17:00,,,Rớt hôm nay
DT SA ĐÉC,Created,1,10,,2026-07-13,,,,2026-07-13 17:00,,,Rớt hôm nay
TG TRUNG AN,Created,1,5,,2026-07-13,,,,2026-07-13 17:00,,,Rớt hôm nay
SG BÌNH TÂN,Created,56,543,,2026-07-13,,,,2026-07-13 17:00,,,Rớt hôm nay
SG BÌNH TÂN,Pickup Done,15,145,,2026-07-13,2026-07-13,,,2026-07-13 17:00,2026-07-13 18:00,,Rớt hôm nay
SG BÌNH TÂN,Pickup Done,1,5,,2026-07-13,2026-07-13,,,2026-07-13 17:00,2026-07-13 20:00,,Rớt hôm nay
SG AN LẠC,Created,2,11,,2026-07-13,,,,2026-07-13 17:00,,,Rớt hôm nay
SG TÂN SƠN NHÌ,Transporting,4,39,,2026-07-13,2026-07-13,2026-07-13,,2026-07-13 17:00,2026-07-13 18:00,2026-07-13 19:00,Rớt hôm nay
SG PHÚ LÂM,Created,4,62,,2026-07-13,,,,2026-07-13 17:00,,,Rớt hôm nay
SG BÌNH LỢI,Created,61,559,,2026-07-13,,,,2026-07-13 17:00,,,Rớt hôm nay
SG BÌNH LỢI,Transporting,19,163,,2026-07-13,2026-07-13,2026-07-13,,2026-07-13 17:00,2026-07-13 19:00,2026-07-13 19:00,Rớt hôm nay
SG CỦ CHI,Transporting,74,542,,2026-07-13,2026-07-13,2026-07-13,,2026-07-13 17:00,2026-07-13 18:00,2026-07-13 18:00,Rớt hôm nay
SG CỦ CHI,Created,5,44,,2026-07-13,,,,2026-07-13 17:00,,,Rớt hôm nay
SG CỦ CHI,Pickup Done,4,30,,2026-07-13,2026-07-13,,,2026-07-13 17:00,2026-07-13 17:00,,Rớt hôm nay
SG CỦ CHI,Pickup Done,8,89,,2026-07-13,2026-07-13,,,2026-07-13 17:00,2026-07-13 18:00,,Rớt hôm nay
SG TÂN TẠO,Pickup Done,6,52,,2026-07-13,2026-07-13,,,2026-07-13 17:00,2026-07-13 18:00,,Rớt hôm nay
SG TÂN TẠO,Created,2,26,,2026-07-13,,,,2026-07-13 17:00,,,Rớt hôm nay
SG THỦ ĐỨC,Transporting,5,49,,2026-07-13,2026-07-13,2026-07-13,,2026-07-13 17:00,2026-07-13 18:00,2026-07-13 19:00,Rớt hôm nay
SG THỦ ĐỨC,Created,1,13,,2026-07-13,,,,2026-07-13 17:00,,,Rớt hôm nay
SG TÂN HƯNG,Created,1,7,,2026-07-13,,,,2026-07-13 17:00,,,Rớt hôm nay
SG BÌNH TRỊ ĐÔNG,Created,4,27,,2026-07-13,,,,2026-07-13 17:00,,,Rớt hôm nay
SG NHƠN ĐỨC,Created,17,169,,2026-07-13,,,,2026-07-13 17:00,,,Rớt hôm nay
SG NHƠN ĐỨC,Inbound,2,17,2026-07-13,2026-07-13,2026-07-13,2026-07-13,2026-07-13 19:00,2026-07-13 17:00,2026-07-13 17:00,2026-07-13 18:00,Rớt hôm nay
SG BÀ ĐIỂM,Pickup Done,1,6,,2026-07-13,2026-07-13,,,2026-07-13 17:00,2026-07-13 17:00,,Rớt hôm nay
SG VĨNH LỘC,Transporting,1,6,,2026-07-13,2026-07-13,2026-07-13,,2026-07-13 17:00,2026-07-13 17:00,2026-07-13 18:00,Rớt hôm nay
,Transporting,16,0,,2026-07-13,2026-07-13,2026-07-13,,2026-07-11 18:00,2026-07-13 10:00,2026-07-13 17:00,Rớt hôm trước
,Transporting,38,0,,2026-07-13,2026-07-13,2026-07-13,,2026-07-13 06:00,2026-07-13 11:00,2026-07-13 17:00,Rớt hôm nay
,Transporting,92,0,,2026-07-13,2026-07-13,2026-07-13,,2026-07-13 06:00,2026-07-13 10:00,2026-07-13 17:00,Rớt hôm nay
,Transporting,5,0,,2026-07-13,2026-07-13,2026-07-13,,2026-07-11 17:00,2026-07-13 10:00,2026-07-13 17:00,Rớt hôm trước
,Transporting,2,0,,2026-07-13,2026-07-13,2026-07-13,,2026-07-11 07:00,2026-07-13 10:00,2026-07-13 17:00,Rớt hôm trước
,Transporting,7,0,,2026-07-13,2026-07-13,2026-07-13,,2026-07-12 22:00,2026-07-13 11:00,2026-07-13 17:00,Rớt hôm trước
,Transporting,2,0,,2026-07-13,2026-07-13,2026-07-13,,2026-07-11 13:00,2026-07-13 10:00,2026-07-13 17:00,Rớt hôm trước
CT NINH KIỀU,Created,1,6,,2026-07-13,,,,2026-07-13 17:00,,,Rớt hôm nay
CT BÌNH THỦY,Transporting,1,10,,2026-07-13,2026-07-13,2026-07-13,,2026-07-13 17:00,2026-07-13 17:00,2026-07-13 18:00,Rớt hôm nay
CT BÌNH THỦY,Transporting,2,16,,2026-07-13,2026-07-13,2026-07-13,,2026-07-13 17:00,2026-07-13 18:00,2026-07-13 18:00,Rớt hôm nay
CT BÌNH THỦY,Transporting,1,7,,2026-07-13,2026-07-13,2026-07-13,,2026-07-13 17:00,2026-07-13 19:00,2026-07-13 19:00,Rớt hôm nay
SG AN LẠC,Pickup Done,2,14,,2026-07-13,2026-07-13,,,2026-07-13 17:00,2026-07-13 18:00,,Rớt hôm nay
SG PHÚ LÂM,Transporting,1,5,,2026-07-13,2026-07-13,2026-07-13,,2026-07-13 17:00,2026-07-13 18:00,2026-07-13 19:00,Rớt hôm nay
SG BÌNH LỢI,Transporting,3,25,,2026-07-13,2026-07-13,2026-07-13,,2026-07-13 17:00,2026-07-13 20:00,2026-07-13 20:00,Rớt hôm nay
SG BÌNH LỢI,Transporting,1,7,,2026-07-13,2026-07-13,2026-07-13,,2026-07-13 17:00,2026-07-13 19:00,2026-07-13 20:00,Rớt hôm nay
SG BÌNH LỢI,Pickup Done,3,28,,2026-07-13,2026-07-13,,,2026-07-13 17:00,2026-07-13 19:00,,Rớt hôm nay
SG TÂN NHỰT,Transporting,3,29,,2026-07-13,2026-07-13,2026-07-13,,2026-07-13 17:00,2026-07-13 18:00,2026-07-13 18:00,Rớt hôm nay
SG BÌNH LỢI TRUNG,Transporting,6,40,,2026-07-13,2026-07-13,2026-07-13,,2026-07-13 17:00,2026-07-13 17:00,2026-07-13 17:00,Rớt hôm nay
SG GÒ VẤP,Created,8,74,,2026-07-13,,,,2026-07-13 17:00,,,Rớt hôm nay
SG HIỆP BÌNH,Pickup Done,3,34,,2026-07-13,2026-07-13,,,2026-07-13 17:00,2026-07-13 19:00,,Rớt hôm nay
SG BÀ ĐIỂM,Pickup Done,3,20,,2026-07-13,2026-07-13,,,2026-07-13 17:00,2026-07-13 18:00,,Rớt hôm nay
,Transporting,1,0,,2026-07-13,2026-07-13,2026-07-13,,2026-07-13 08:00,2026-07-13 11:00,2026-07-13 17:00,Rớt hôm nay
,Transporting,1,0,,2026-07-13,2026-07-13,2026-07-13,,2026-07-11 18:00,2026-07-13 11:00,2026-07-13 17:00,Rớt hôm trước
SG HIỆP BÌNH,Transporting,2,16,,2026-07-13,2026-07-13,2026-07-13,,2026-07-13 17:00,2026-07-13 17:00,2026-07-13 19:00,Rớt hôm nay
SG TÂN TẠO,Pickup Done,4,22,,2026-07-13,2026-07-13,,,2026-07-13 17:00,2026-07-13 17:00,,Rớt hôm nay
AG LONG XUYÊN,Created,1,5,,2026-07-13,,,,2026-07-13 17:00,,,Rớt hôm nay
CT BÌNH THỦY,Transporting,4,29,,2026-07-13,2026-07-13,2026-07-13,,2026-07-13 18:00,2026-07-13 18:00,2026-07-13 18:00,Rớt hôm nay
SG BÌNH TÂN,Pickup Done,3,24,,2026-07-13,2026-07-13,,,2026-07-13 18:00,2026-07-13 19:00,,Rớt hôm nay
SG AN PHÚ ĐÔNG,Transporting,23,186,,2026-07-13,2026-07-13,2026-07-13,,2026-07-13 17:00,2026-07-13 19:00,2026-07-13 19:00,Rớt hôm nay
SG TÂN SƠN NHÌ,Transporting,1,10,,2026-07-13,2026-07-13,2026-07-13,,2026-07-13 17:00,2026-07-13 18:00,2026-07-13 18:00,Rớt hôm nay
SG PHÚ LÂM,Transporting,1,10,,2026-07-13,2026-07-13,2026-07-13,,2026-07-13 17:00,2026-07-13 19:00,2026-07-13 19:00,Rớt hôm nay
SG BÌNH LỢI,Transporting,1,9,,2026-07-13,2026-07-13,2026-07-13,,2026-07-13 18:00,2026-07-13 19:00,2026-07-13 19:00,Rớt hôm nay
SG CỦ CHI,Created,2,10,,2026-07-13,,,,2026-07-13 18:00,,,Rớt hôm nay
SG TÂN TẠO,Pickup Done,1,8,,2026-07-13,2026-07-13,,,2026-07-13 18:00,2026-07-13 18:00,,Rớt hôm nay
SG HÓC MÔN,Created,2,20,,2026-07-13,,,,2026-07-13 17:00,,,Rớt hôm nay
SG THỦ ĐỨC,Transporting,1,20,,2026-07-13,2026-07-13,2026-07-13,,2026-07-13 17:00,2026-07-13 19:00,2026-07-13 19:00,Rớt hôm nay
SG ĐÔNG HƯNG THUẬN,Created,1,6,,2026-07-13,,,,2026-07-13 17:00,,,Rớt hôm nay
SG BÌNH TRỊ ĐÔNG,Pickup Done,2,18,,2026-07-13,2026-07-13,,,2026-07-13 17:00,2026-07-13 18:00,,Rớt hôm nay
SG HIỆP BÌNH,Pickup Done,1,6,,2026-07-13,2026-07-13,,,2026-07-13 17:00,2026-07-13 18:00,,Rớt hôm nay
SG HIỆP BÌNH,Created,1,9,,2026-07-13,,,,2026-07-13 17:00,,,Rớt hôm nay
SG BÀ ĐIỂM,Created,1,17,,2026-07-13,,,,2026-07-13 17:00,,,Rớt hôm nay
LA ĐỨC HÒA,Inbound,1,7,2026-07-13,2026-07-13,2026-07-13,2026-07-13,2026-07-13 19:00,2026-07-13 17:00,2026-07-13 18:00,2026-07-13 18:00,Rớt hôm nay
LA ĐỨC HÒA,Created,1,18,,2026-07-13,,,,2026-07-13 17:00,,,Rớt hôm nay
,Transporting,1,0,,2026-07-13,2026-07-13,2026-07-13,,2026-07-10 14:00,2026-07-13 17:00,2026-07-13 17:00,Rớt hôm trước
,Transporting,8,0,,2026-07-13,2026-07-13,2026-07-13,,2026-07-13 13:00,2026-07-13 17:00,2026-07-13 17:00,Rớt hôm nay
,Transporting,3,0,,2026-07-13,2026-07-13,2026-07-13,,2026-07-08 06:00,2026-07-13 17:00,2026-07-13 17:00,Rớt hôm trước
,Transporting,16,0,,2026-07-13,2026-07-13,2026-07-13,,2026-07-13 06:00,2026-07-13 17:00,2026-07-13 17:00,Rớt hôm nay
,Transporting,17,0,,2026-07-13,2026-07-13,2026-07-13,,2026-07-13 08:00,2026-07-13 17:00,2026-07-13 17:00,Rớt hôm nay
,Transporting,1,0,,2026-07-13,2026-07-13,2026-07-13,,2026-07-11 18:00,2026-07-13 17:00,2026-07-13 17:00,Rớt hôm trước
CT NINH KIỀU,Created,1,5,,2026-07-13,,,,2026-07-13 18:00,,,Rớt hôm nay
CT BÌNH THỦY,Transporting,1,7,,2026-07-13,2026-07-13,2026-07-13,,2026-07-13 18:00,2026-07-13 18:00,2026-07-13 19:00,Rớt hôm nay
DT CAO LÃNH,Created,5,31,,2026-07-13,,,,2026-07-13 18:00,,,Rớt hôm nay
SG BÌNH TÂN,Pickup Done,8,61,,2026-07-13,2026-07-13,,,2026-07-13 18:00,2026-07-13 18:00,,Rớt hôm nay
SG BÌNH TÂN,Created,15,200,,2026-07-13,,,,2026-07-13 18:00,,,Rớt hôm nay
SG AN PHÚ ĐÔNG,Transporting,3,25,,2026-07-13,2026-07-13,2026-07-13,,2026-07-13 18:00,2026-07-13 19:00,2026-07-13 19:00,Rớt hôm nay
SG TÂN THỚI HIỆP,Pickup Done,50,261,,2026-07-13,2026-07-13,,,2026-07-13 18:00,2026-07-13 19:00,,Rớt hôm nay
SG BÌNH LỢI,Created,7,53,,2026-07-13,,,,2026-07-13 18:00,,,Rớt hôm nay
SG CỦ CHI,Transporting,1,9,,2026-07-13,2026-07-13,2026-07-13,,2026-07-13 18:00,2026-07-13 18:00,2026-07-13 18:00,Rớt hôm nay
SG TÂN TẠO,Created,9,99,,2026-07-13,,,,2026-07-13 18:00,,,Rớt hôm nay
SG THỦ ĐỨC,Transporting,23,342,,2026-07-13,2026-07-13,2026-07-13,,2026-07-13 18:00,2026-07-13 18:00,2026-07-13 19:00,Rớt hôm nay
SG TÂN HƯNG,Created,3,18,,2026-07-13,,,,2026-07-13 18:00,,,Rớt hôm nay
SG BÌNH TRỊ ĐÔNG,Pickup Done,13,103,,2026-07-13,2026-07-13,,,2026-07-13 18:00,2026-07-13 18:00,,Rớt hôm nay
SG GÒ VẤP,Created,7,52,,2026-07-13,,,,2026-07-13 18:00,,,Rớt hôm nay
SG BẢY HIỀN,Created,5,90,,2026-07-13,,,,2026-07-13 18:00,,,Rớt hôm nay
SG HIỆP BÌNH,Pickup Done,1,15,,2026-07-13,2026-07-13,,,2026-07-13 18:00,2026-07-13 18:00,,Rớt hôm nay
SG HƯNG LONG,Created,2,15,,2026-07-13,,,,2026-07-13 18:00,,,Rớt hôm nay
LA BYD,Inbound,9,8,2026-07-13,2026-07-13,2026-07-13,,2026-07-13 20:00,2026-07-13 18:00,2026-07-13 19:00,,Rớt hôm nay
,Transporting,227,0,,2026-07-13,2026-07-13,2026-07-13,,2026-07-13 08:00,2026-07-13 09:00,2026-07-13 18:00,Rớt hôm nay
,Transporting,8,0,,2026-07-13,2026-07-13,2026-07-13,,2026-07-13 08:00,2026-07-13 11:00,2026-07-13 18:00,Rớt hôm nay
,Transporting,11,0,,2026-07-13,2026-07-13,2026-07-13,,2026-07-13 17:00,2026-07-13 18:00,2026-07-13 18:00,Rớt hôm nay
,Transporting,87,0,,2026-07-13,2026-07-13,2026-07-13,,2026-07-13 09:00,2026-07-13 10:00,2026-07-13 18:00,Rớt hôm nay
,Transporting,24,0,,2026-07-13,2026-07-13,2026-07-13,,2026-07-13 16:00,2026-07-13 16:00,2026-07-13 18:00,Rớt hôm nay
,Transporting,32,0,,2026-07-13,2026-07-13,2026-07-13,,2026-07-13 14:00,2026-07-13 14:00,2026-07-13 18:00,Rớt hôm nay
,Transporting,11,0,,2026-07-13,2026-07-13,2026-07-13,,2026-07-13 11:00,2026-07-13 11:00,2026-07-13 18:00,Rớt hôm nay
SG NHƠN ĐỨC,Created,1,26,,2026-07-13,,,,2026-07-13 18:00,,,Rớt hôm nay
,Transporting,36,0,,2026-07-13,2026-07-13,2026-07-13,,2026-07-13 09:00,2026-07-13 09:00,2026-07-13 18:00,Rớt hôm nay
,Transporting,2,0,,2026-07-13,2026-07-13,2026-07-13,,2026-07-13 08:00,2026-07-13 15:00,2026-07-13 18:00,Rớt hôm nay
,Transporting,11,0,,2026-07-13,2026-07-13,2026-07-13,,2026-07-13 15:00,2026-07-13 17:00,2026-07-13 18:00,Rớt hôm nay
,Transporting,4,0,,2026-07-13,2026-07-13,2026-07-13,,2026-07-13 16:00,2026-07-13 17:00,2026-07-13 18:00,Rớt hôm nay
,Transporting,1,0,,2026-07-13,2026-07-13,2026-07-13,,2026-07-13 17:00,2026-07-13 17:00,2026-07-13 18:00,Rớt hôm nay
,Transporting,1,0,,2026-07-13,2026-07-13,2026-07-13,,2026-07-13 14:00,2026-07-13 18:00,2026-07-13 18:00,Rớt hôm nay
,Transporting,1,0,,2026-07-13,2026-07-13,2026-07-13,,2026-07-13 13:00,2026-07-13 18:00,2026-07-13 18:00,Rớt hôm nay
,Transporting,4,0,,2026-07-13,2026-07-13,2026-07-13,,2026-07-12 20:00,2026-07-13 11:00,2026-07-13 18:00,Rớt hôm trước
,Transporting,4,0,,2026-07-13,2026-07-13,2026-07-13,,2026-07-12 15:00,2026-07-13 11:00,2026-07-13 18:00,Rớt hôm trước
,Transporting,4,0,,2026-07-13,2026-07-13,2026-07-13,,2026-07-12 20:00,2026-07-13 17:00,2026-07-13 18:00,Rớt hôm trước
,Transporting,11,0,,2026-07-13,2026-07-13,2026-07-13,,2026-07-13 11:00,2026-07-13 16:00,2026-07-13 18:00,Rớt hôm nay
SG CỦ CHI,Pickup Done,2,15,,2026-07-13,2026-07-13,,,2026-07-13 18:00,2026-07-13 18:00,,Rớt hôm nay
TG TRUNG AN,Created,1,8,,2026-07-13,,,,2026-07-13 18:00,,,Rớt hôm nay
SG THỦ ĐỨC,Created,1,19,,2026-07-13,,,,2026-07-13 18:00,,,Rớt hôm nay
SG BÌNH LỢI,Created,14,117,,2026-07-13,,,,2026-07-13 19:00,,,Rớt hôm nay
SG TÂN HƯNG,Created,2,12,,2026-07-13,,,,2026-07-13 19:00,,,Rớt hôm nay
TG TRUNG AN,Created,1,13,,2026-07-13,,,,2026-07-13 19:00,,,Rớt hôm nay
,Transporting,1,0,,2026-07-13,2026-07-13,2026-07-13,,2026-07-12 22:00,2026-07-13 17:00,2026-07-13 18:00,Rớt hôm trước
,Transporting,2,0,,2026-07-13,2026-07-13,2026-07-13,,2026-07-11 17:00,2026-07-13 11:00,2026-07-13 18:00,Rớt hôm trước
,Transporting,1,0,,2026-07-13,2026-07-13,2026-07-13,,2026-07-13 08:00,2026-07-13 17:00,2026-07-13 18:00,Rớt hôm nay
,Transporting,2,0,,2026-07-13,2026-07-13,2026-07-13,,2026-07-12 16:00,2026-07-13 11:00,2026-07-13 18:00,Rớt hôm trước
,Transporting,1,0,,2026-07-13,2026-07-13,2026-07-13,,2026-07-12 14:00,2026-07-13 11:00,2026-07-13 18:00,Rớt hôm trước
,Transporting,1,0,,2026-07-13,2026-07-13,2026-07-13,,2026-07-12 10:00,2026-07-13 11:00,2026-07-13 18:00,Rớt hôm trước
,Transporting,1,0,,2026-07-13,2026-07-13,2026-07-13,,2026-07-11 23:00,2026-07-13 11:00,2026-07-13 18:00,Rớt hôm trước
,Transporting,17,0,,2026-07-13,2026-07-13,2026-07-13,,2026-07-13 10:00,2026-07-13 16:00,2026-07-13 18:00,Rớt hôm nay
,Transporting,17,0,,2026-07-13,2026-07-13,2026-07-13,,2026-07-13 09:00,2026-07-13 16:00,2026-07-13 18:00,Rớt hôm nay
,Transporting,1,0,,2026-07-13,2026-07-13,2026-07-13,,2026-07-12 17:00,2026-07-13 11:00,2026-07-13 18:00,Rớt hôm trước
,Transporting,4,0,,2026-07-13,2026-07-13,2026-07-13,,2026-07-11 21:00,2026-07-13 11:00,2026-07-13 18:00,Rớt hôm trước
,Transporting,3,0,,2026-07-13,2026-07-13,2026-07-13,,2026-07-13 13:00,2026-07-13 17:00,2026-07-13 18:00,Rớt hôm nay
,Transporting,2,0,,2026-07-13,2026-07-13,2026-07-13,,2026-07-11 22:00,2026-07-13 11:00,2026-07-13 18:00,Rớt hôm trước
,Transporting,1,0,,2026-07-13,2026-07-13,2026-07-13,,2026-07-12 11:00,2026-07-13 11:00,2026-07-13 18:00,Rớt hôm trước
,Transporting,3,0,,2026-07-13,2026-07-13,2026-07-13,,2026-07-13 12:00,2026-07-13 17:00,2026-07-13 18:00,Rớt hôm nay
,Transporting,3,0,,2026-07-13,2026-07-13,2026-07-13,,2026-07-12 21:00,2026-07-13 11:00,2026-07-13 18:00,Rớt hôm trước
,Transporting,3,0,,2026-07-13,2026-07-13,2026-07-13,,2026-07-13 11:00,2026-07-13 17:00,2026-07-13 18:00,Rớt hôm nay
,Transporting,1,0,,2026-07-13,2026-07-13,2026-07-13,,2026-07-12 13:00,2026-07-13 11:00,2026-07-13 18:00,Rớt hôm trước
,Transporting,1,0,,2026-07-13,2026-07-13,2026-07-13,,2026-07-12 01:00,2026-07-13 11:00,2026-07-13 18:00,Rớt hôm trước
,Transporting,4,0,,2026-07-13,2026-07-13,2026-07-13,,2026-07-12 12:00,2026-07-13 11:00,2026-07-13 18:00,Rớt hôm trước
,Transporting,3,0,,2026-07-13,2026-07-13,2026-07-13,,2026-07-11 20:00,2026-07-13 11:00,2026-07-13 18:00,Rớt hôm trước
,Transporting,1,0,,2026-07-13,2026-07-13,2026-07-13,,2026-07-12 08:00,2026-07-13 11:00,2026-07-13 18:00,Rớt hôm trước
,Transporting,1,0,,2026-07-13,2026-07-13,2026-07-13,,2026-07-12 09:00,2026-07-13 11:00,2026-07-13 18:00,Rớt hôm trước
,Transporting,1,0,,2026-07-13,2026-07-13,2026-07-13,,2026-07-12 07:00,2026-07-13 11:00,2026-07-13 18:00,Rớt hôm trước
,Transporting,2,0,,2026-07-13,2026-07-13,2026-07-13,,2026-07-12 13:00,2026-07-13 15:00,2026-07-13 18:00,Rớt hôm trước
,Transporting,14,0,,2026-07-13,2026-07-13,2026-07-13,,2026-07-13 15:00,2026-07-13 16:00,2026-07-13 18:00,Rớt hôm nay
,Transporting,4,0,,2026-07-13,2026-07-13,2026-07-13,,2026-07-13 07:00,2026-07-13 16:00,2026-07-13 18:00,Rớt hôm nay
,Transporting,17,0,,2026-07-13,2026-07-13,2026-07-13,,2026-07-13 08:00,2026-07-13 16:00,2026-07-13 18:00,Rớt hôm nay
,Transporting,6,0,,2026-07-13,2026-07-13,2026-07-13,,2026-07-13 14:00,2026-07-13 16:00,2026-07-13 18:00,Rớt hôm nay
,Transporting,19,0,,2026-07-13,2026-07-13,2026-07-13,,2026-07-13 13:00,2026-07-13 16:00,2026-07-13 18:00,Rớt hôm nay
,Transporting,2,0,,2026-07-13,2026-07-13,2026-07-13,,2026-07-13 14:00,2026-07-13 17:00,2026-07-13 18:00,Rớt hôm nay
,Transporting,1,0,,2026-07-13,2026-07-13,2026-07-13,,2026-07-12 18:00,2026-07-13 11:00,2026-07-13 19:00,Rớt hôm trước
,Transporting,2,0,,2026-07-13,2026-07-13,2026-07-13,,2026-07-13 13:00,2026-07-13 16:00,2026-07-13 19:00,Rớt hôm nay
,Transporting,10,0,,2026-07-13,2026-07-13,2026-07-13,,2026-07-13 08:00,2026-07-13 11:00,2026-07-13 19:00,Rớt hôm nay
,Transporting,5,0,,2026-07-13,2026-07-13,2026-07-13,,2026-07-13 13:00,2026-07-13 14:00,2026-07-13 19:00,Rớt hôm nay
SG BÌNH LỢI,Transporting,1,7,,2026-07-13,2026-07-13,2026-07-13,,2026-07-10 20:00,2026-07-13 19:00,2026-07-13 19:00,Rớt hôm trước
SG BÌNH TÂN,Created,19,199,,2026-07-13,,,,2026-07-13 19:00,,,Rớt hôm nay
SG AN PHÚ ĐÔNG,Created,1,7,,2026-07-13,,,,2026-07-13 19:00,,,Rớt hôm nay
SG CỦ CHI,Created,2,10,,2026-07-13,,,,2026-07-13 19:00,,,Rớt hôm nay
SG HƯNG LONG,Created,1,9,,2026-07-13,,,,2026-07-13 19:00,,,Rớt hôm nay
LA TÂN AN,Created,1,8,,2026-07-13,,,,2026-07-13 19:00,,,Rớt hôm nay
VL VĨNH LONG,Created,1,5,,2026-07-13,,,,2026-07-13 19:00,,,Rớt hôm nay
SG TÂN TẠO,Created,4,32,,2026-07-13,,,,2026-07-13 19:00,,,Rớt hôm nay
VL CHỢ LÁCH,Created,1,6,,2026-07-13,,,,2026-07-13 19:00,,,Rớt hôm nay
SG PHÚ LÂM,Created,10,130,,2026-07-13,,,,2026-07-13 19:00,,,Rớt hôm nay
SG ĐÔNG HƯNG THUẬN,Created,1,12,,2026-07-13,,,,2026-07-13 19:00,,,Rớt hôm nay
LA BYD,Inbound,3,59,2026-07-13,2026-07-13,2026-07-13,,2026-07-13 20:00,2026-07-13 19:00,2026-07-13 19:00,,Rớt hôm nay
SG PHÚ NHUẬN,Created,1,8,,2026-07-13,,,,2026-07-13 19:00,,,Rớt hôm nay
,Transporting,11,0,,2026-07-13,2026-07-13,2026-07-13,,2026-07-13 09:00,2026-07-13 14:00,2026-07-13 19:00,Rớt hôm nay
LA BẾN LỨC,Created,3,29,,2026-07-13,,,,2026-07-13 19:00,,,Rớt hôm nay
SG HÓC MÔN,Created,1,151,,2026-07-13,,,,2026-07-13 19:00,,,Rớt hôm nay
DT SA ĐÉC,Created,7,70,,2026-07-13,,,,2026-07-13 19:00,,,Rớt hôm nay
SG CHỢ LỚN,Created,2,28,,2026-07-13,,,,2026-07-13 19:00,,,Rớt hôm nay
AG CẦN ĐĂNG,Created,1,6,,2026-07-13,,,,2026-07-13 19:00,,,Rớt hôm nay
SG BÌNH LỢI,Created,4,32,,2026-07-13,,,,2026-07-13 20:00,,,Rớt hôm nay
SG GÒ VẤP,Created,1,6,,2026-07-13,,,,2026-07-13 20:00,,,Rớt hôm nay
SG TÂN HƯNG,Created,1,6,,2026-07-13,,,,2026-07-13 20:00,,,Rớt hôm nay
SG BÌNH TÂN,Created,7,106,,2026-07-13,,,,2026-07-13 20:00,,,Rớt hôm nay
SG PHÚ NHUẬN,Created,1,13,,2026-07-13,,,,2026-07-13 20:00,,,Rớt hôm nay
,Transporting,38,0,,2026-07-13,2026-07-13,2026-07-13,,2026-07-13 17:00,2026-07-13 18:00,2026-07-13 19:00,Rớt hôm nay
,Transporting,7,0,,2026-07-13,2026-07-13,2026-07-13,,2026-07-13 15:00,2026-07-13 18:00,2026-07-13 19:00,Rớt hôm nay
,Transporting,67,0,,2026-07-13,2026-07-13,2026-07-13,,2026-07-13 16:00,2026-07-13 18:00,2026-07-13 19:00,Rớt hôm nay
,Transporting,39,0,,2026-07-13,2026-07-13,2026-07-13,,2026-07-13 14:00,2026-07-13 18:00,2026-07-13 19:00,Rớt hôm nay
,Transporting,1,0,,2026-07-13,2026-07-13,2026-07-13,,2026-07-13 08:00,2026-07-13 09:00,2026-07-13 19:00,Rớt hôm nay
,Transporting,1,0,,2026-07-13,2026-07-13,2026-07-13,,2026-07-12 08:00,2026-07-13 19:00,2026-07-13 19:00,Rớt hôm trước
,Transporting,1,0,,2026-07-13,2026-07-13,2026-07-13,,2026-07-12 13:00,2026-07-13 19:00,2026-07-13 19:00,Rớt hôm trước
,Transporting,1,0,,2026-07-13,2026-07-13,2026-07-13,,2026-07-13 16:00,2026-07-13 19:00,2026-07-13 19:00,Rớt hôm nay
,Transporting,2,0,,2026-07-13,2026-07-13,2026-07-13,,2026-07-13 13:00,2026-07-13 17:00,2026-07-13 19:00,Rớt hôm nay
,Transporting,2,0,,2026-07-13,2026-07-13,2026-07-13,,2026-07-13 15:00,2026-07-13 17:00,2026-07-13 19:00,Rớt hôm nay
,Transporting,13,0,,2026-07-13,2026-07-13,2026-07-13,,2026-07-13 11:00,2026-07-13 14:00,2026-07-13 19:00,Rớt hôm nay
,Transporting,1,0,,2026-07-13,2026-07-13,2026-07-13,,2026-07-13 15:00,2026-07-13 16:00,2026-07-13 19:00,Rớt hôm nay
,Transporting,1,0,,2026-07-13,2026-07-13,2026-07-13,,2026-07-13 00:00,2026-07-13 16:00,2026-07-13 19:00,Rớt hôm trước
,Transporting,3,0,,2026-07-13,2026-07-13,2026-07-13,,2026-07-12 23:00,2026-07-13 16:00,2026-07-13 19:00,Rớt hôm trước
,Transporting,3,0,,2026-07-13,2026-07-13,2026-07-13,,2026-07-13 07:00,2026-07-13 11:00,2026-07-13 19:00,Rớt hôm nay
,Transporting,1,0,,2026-07-13,2026-07-13,2026-07-13,,2026-07-13 12:00,2026-07-13 16:00,2026-07-13 19:00,Rớt hôm nay
,Transporting,2,0,,2026-07-13,2026-07-13,2026-07-13,,2026-07-13 13:00,2026-07-13 13:00,2026-07-13 19:00,Rớt hôm nay
,Transporting,2,0,,2026-07-13,2026-07-13,2026-07-13,,2026-07-13 11:00,2026-07-13 13:00,2026-07-13 19:00,Rớt hôm nay
,Transporting,5,0,,2026-07-13,2026-07-13,2026-07-13,,2026-07-13 14:00,2026-07-13 14:00,2026-07-13 19:00,Rớt hôm nay
,Transporting,7,0,,2026-07-13,2026-07-13,2026-07-13,,2026-07-13 16:00,2026-07-13 17:00,2026-07-13 19:00,Rớt hôm nay
,Transporting,1,0,,2026-07-13,2026-07-13,2026-07-13,,2026-07-13 17:00,2026-07-13 19:00,2026-07-13 19:00,Rớt hôm nay
,Transporting,12,0,,2026-07-13,2026-07-13,2026-07-13,,2026-07-13 09:00,2026-07-13 16:00,2026-07-13 19:00,Rớt hôm nay
,Transporting,6,0,,2026-07-13,2026-07-13,2026-07-13,,2026-07-13 14:00,2026-07-13 16:00,2026-07-13 19:00,Rớt hôm nay
,Inbound,3,0,2026-07-13,,,,2026-07-13 20:00,,,,Rớt hôm nay
