Mã vận đơn,Bưu cục lấy hàng,Điểm đến,Tuyến phân loại,Điểm Inbound,Thời gian Inbound,Thời gian lấy hàng,Thời gian điều phối,Thời gian Outbound,Trạng thái,Khối lượng (kg),Tuyến,Rank,Nguồn
530309610104,SG BÌNH TÂN,SG THỦ ĐỨC,SG THỦ ĐỨC,SG BÌNH TÂN,2026-07-13 20:13:20,2026-07-13 11:00:21,2026-07-13 10:37:08,,Đang trên bãi,5.05,Shuttle,FC,Forecast
530415010104,SG BÌNH TÂN,SG CỦ CHI,SG CỦ CHI,SG BÌNH TÂN,2026-07-13 20:13:19,2026-07-13 11:02:08,2026-07-13 10:37:04,,Đang trên bãi,5.05,Shuttle,FC,Forecast
530653930104,SG BÌNH TÂN,SG CHỢ LỚN,SG CHỢ LỚN,SG BÌNH TÂN,2026-07-13 20:13:18,2026-07-13 11:05:10,2026-07-13 10:45:16,,Đang trên bãi,9.8,Shuttle,FC,Forecast
530332130104,SG BÌNH TÂN,SG TÂN HƯNG,SG TÂN HƯNG,SG BÌNH TÂN,2026-07-13 20:13:14,2026-07-13 11:05:03,2026-07-13 10:45:16,,Đang trên bãi,9.6,Shuttle,FC,Forecast
530268130104,SG BÌNH TÂN,BD BÌNH HÒA,BD BÌNH HÒA,SG BÌNH TÂN,2026-07-13 20:13:14,2026-07-13 11:08:52,2026-07-13 10:52:00,,Đang trên bãi,5.05,Shuttle,FC,Forecast
530723010104,SG BÌNH TÂN,SG KHÁNH HỘI,SG KHÁNH HỘI,SG BÌNH TÂN,2026-07-13 20:13:14,2026-07-13 11:10:29,2026-07-13 10:52:01,,Đang trên bãi,5.05,Shuttle,FC,Forecast
530127610104,SG BÌNH TÂN,BN HUB,HN MỸ ĐỨC,SG BÌNH TÂN,2026-07-13 20:13:11,2026-07-13 11:11:27,2026-07-13 10:54:28,,Đang trên bãi,9.8,Linehaul,BN HUB,Forecast
530135020104,SG BÌNH TÂN,BN HUB,BG BẮC GIANG,SG BÌNH TÂN,2026-07-13 20:13:09,2026-07-13 16:12:11,2026-07-13 16:01:42,,Đang trên bãi,5.05,Linehaul,BN HUB,Forecast
530818130104,SG BÌNH TÂN,LA ĐỨC HÒA,LA ĐỨC HÒA,SG BÌNH TÂN,2026-07-13 20:13:08,2026-07-13 11:05:04,2026-07-13 10:45:15,,Đang trên bãi,9.8,Shuttle,FC,Forecast
530947340104,SG BÌNH TÂN,SG TÂN HƯNG,SG TÂN HƯNG,SG BÌNH TÂN,2026-07-13 20:13:08,2026-07-13 16:11:36,2026-07-13 16:01:42,,Đang trên bãi,5.05,Shuttle,FC,Forecast
530762130104,SG BÌNH TÂN,SG BÌNH LỢI TRUNG,SG BÌNH LỢI TRUNG,SG BÌNH TÂN,2026-07-13 20:13:05,2026-07-13 11:05:06,2026-07-13 10:45:16,,Đang trên bãi,9.8,Shuttle,FC,Forecast
530072340104,SG BÌNH TÂN,BD DĨ AN,BD DĨ AN,SG BÌNH TÂN,2026-07-13 20:13:04,2026-07-13 16:11:47,2026-07-13 16:01:43,,Đang trên bãi,5.05,Shuttle,FC,Forecast
530590940104,SG BÌNH TÂN,BN HUB,HN SÓC SƠN,SG BÌNH TÂN,2026-07-13 20:13:03,2026-07-13 16:11:48,2026-07-13 16:01:42,,Đang trên bãi,5.05,Linehaul,BN HUB,Forecast
530332530104,SG BÌNH TÂN,SG BÀ ĐIỂM,SG BÀ ĐIỂM,SG BÌNH TÂN,2026-07-13 20:13:01,2026-07-13 11:05:05,2026-07-13 10:45:15,,Đang trên bãi,9.8,Shuttle,FC,Forecast
530324530104,SG BÌNH TÂN,TG GÒ CÔNG,TG GÒ CÔNG,SG BÌNH TÂN,2026-07-13 20:12:58,2026-07-13 11:05:02,2026-07-13 10:45:15,,Đang trên bãi,9.8,Shuttle,FC,Forecast
530632730104,SG BÌNH TÂN,VT LONG ĐẤT,VT LONG ĐẤT,SG BÌNH TÂN,2026-07-13 20:12:58,2026-07-13 11:10:57,2026-07-13 10:52:00,,Đang trên bãi,5.05,Shuttle,FC,Forecast
530116930104,SG BÌNH TÂN,SG PHÚ NHUẬN,SG PHÚ NHUẬN,SG BÌNH TÂN,2026-07-13 20:12:57,2026-07-13 11:02:04,2026-07-13 10:37:04,,Đang trên bãi,5.05,Shuttle,FC,Forecast
530332730104,SG BÌNH TÂN,DT CAO LÃNH,DT CAO LÃNH,SG BÌNH TÂN,2026-07-13 20:12:54,2026-07-13 11:05:07,2026-07-13 10:45:15,,Đang trên bãi,9.8,Shuttle,FC,Forecast
530132730104,SG BÌNH TÂN,SG KHÁNH HỘI,SG KHÁNH HỘI,SG BÌNH TÂN,2026-07-13 20:12:53,2026-07-13 11:02:24,2026-07-13 10:37:07,,Đang trên bãi,5.05,Shuttle,FC,Forecast
530526010104,SG BÌNH TÂN,SG GÒ VẤP,SG GÒ VẤP,SG BÌNH TÂN,2026-07-13 20:12:52,2026-07-13 11:02:28,2026-07-13 10:37:05,,Đang trên bãi,5.05,Shuttle,FC,Forecast
530901810104,SG BÌNH TÂN,BN HUB,HN PHÚ XUYÊN,SG BÌNH TÂN,2026-07-13 20:12:50,2026-07-13 12:55:38,2026-07-13 10:54:28,,Đang trên bãi,9.8,Linehaul,BN HUB,Forecast
530929340104,SG BÌNH TÂN,SG PHÚ NHUẬN,SG PHÚ NHUẬN,SG BÌNH TÂN,2026-07-13 20:12:50,2026-07-13 16:14:07,2026-07-13 15:57:00,,Đang trên bãi,5.05,Shuttle,FC,Forecast
530290540104,SG BÌNH TÂN,VL VĨNH LONG,VL VĨNH LONG,SG BÌNH TÂN,2026-07-13 20:12:49,2026-07-13 16:15:39,2026-07-13 15:57:00,,Đang trên bãi,5.05,Shuttle,FC,Forecast
530363730104,SG BÌNH TÂN,SG TÂN SƠN NHÌ,SG TÂN SƠN NHÌ,SG BÌNH TÂN,2026-07-13 20:12:47,2026-07-13 11:11:37,2026-07-13 10:54:29,,Đang trên bãi,9.8,Shuttle,FC,Forecast
530222610104,SG BÌNH TÂN,BN HUB,HN HÀ ĐÔNG,SG BÌNH TÂN,2026-07-13 20:12:43,2026-07-13 10:58:00,2026-07-13 10:02:35,,Đang trên bãi,9.6,Linehaul,BN HUB,Forecast
530829540104,SG BÌNH TÂN,AG TÂN CHÂU,AG TÂN CHÂU,SG BÌNH TÂN,2026-07-13 20:12:43,2026-07-13 16:12:46,2026-07-13 15:56:59,,Đang trên bãi,5.05,Shuttle,FC,Forecast
530709820104,SG BÌNH TÂN,SG BẢY HIỀN,SG BẢY HIỀN,SG BÌNH TÂN,2026-07-13 20:12:42,2026-07-13 16:12:16,2026-07-13 16:01:43,,Đang trên bãi,5.05,Shuttle,FC,Forecast
530717810104,SG BÌNH TÂN,SG CHỢ LỚN,SG CHỢ LỚN,SG BÌNH TÂN,2026-07-13 20:12:38,2026-07-13 11:11:11,2026-07-13 10:54:28,,Đang trên bãi,9.8,Shuttle,FC,Forecast
530993810104,SG BÌNH TÂN,SG THỦ ĐỨC,SG THỦ ĐỨC,SG BÌNH TÂN,2026-07-13 20:12:36,2026-07-13 16:15:33,2026-07-13 15:57:02,,Đang trên bãi,5.05,Shuttle,FC,Forecast
530060340104,SG BÌNH TÂN,TG HÒA KHÁNH,TG HÒA KHÁNH,SG BÌNH TÂN,2026-07-13 20:12:36,2026-07-13 16:12:04,2026-07-13 16:01:42,,Đang trên bãi,5.05,Shuttle,FC,Forecast
530662530104,SG BÌNH TÂN,CT NINH KIỀU,CT NINH KIỀU,SG BÌNH TÂN,2026-07-13 20:12:34,2026-07-13 11:04:49,2026-07-13 10:45:16,,Đang trên bãi,9.8,Shuttle,FC,Forecast
530867330104,SG BÌNH TÂN,SG THỦ ĐỨC,SG THỦ ĐỨC,SG BÌNH TÂN,2026-07-13 20:12:33,2026-07-13 11:04:47,2026-07-13 10:45:15,,Đang trên bãi,9.8,Shuttle,FC,Forecast
530909210104,SG BÌNH TÂN,BN HUB,HN PHÚ DIỄN,SG BÌNH TÂN,2026-07-13 20:12:30,2026-07-13 11:10:55,2026-07-13 10:52:01,,Đang trên bãi,5.05,Linehaul,BN HUB,Forecast
530032730104,SG BÌNH TÂN,DT CAO LÃNH,DT CAO LÃNH,SG BÌNH TÂN,2026-07-13 20:12:29,2026-07-13 11:01:43,2026-07-13 10:37:05,,Đang trên bãi,5.05,Shuttle,FC,Forecast
530018130104,SG BÌNH TÂN,SG TÂN SƠN NHÌ,SG TÂN SƠN NHÌ,SG BÌNH TÂN,2026-07-13 20:12:26,2026-07-13 10:58:04,2026-07-13 10:02:35,,Đang trên bãi,9.6,Shuttle,FC,Forecast
530518130104,SG BÌNH TÂN,BD DĨ AN,BD DĨ AN,SG BÌNH TÂN,2026-07-13 20:12:25,2026-07-13 11:01:24,2026-07-13 10:37:04,,Đang trên bãi,5.05,Shuttle,FC,Forecast
530522330104,SG BÌNH TÂN,BD BÌNH HÒA,BD BÌNH HÒA,SG BÌNH TÂN,2026-07-13 20:12:25,2026-07-13 11:02:21,2026-07-13 10:37:08,,Đang trên bãi,5.05,Shuttle,FC,Forecast
530269050103,,DT CAO LÃNH,DT CAO LÃNH,BN HUB,2026-07-13 20:12:24,2026-07-11 16:50:43,2026-07-10 14:15:37,,Đang trên bãi,0.0,Shuttle,FC,Dispatch
530516930104,SG BÌNH TÂN,BD BÌNH HÒA,BD BÌNH HÒA,SG BÌNH TÂN,2026-07-13 20:12:22,2026-07-13 11:04:45,2026-07-13 10:45:15,,Đang trên bãi,9.8,Shuttle,FC,Forecast
530162330104,SG BÌNH TÂN,SG BÌNH LỢI,SG BÌNH LỢI,SG BÌNH TÂN,2026-07-13 20:12:21,2026-07-13 11:01:30,2026-07-13 10:37:05,,Đang trên bãi,5.05,Shuttle,FC,Forecast
530368730104,SG BÌNH TÂN,SG TÂN SƠN NHÌ,SG TÂN SƠN NHÌ,SG BÌNH TÂN,2026-07-13 20:12:20,2026-07-13 11:10:48,2026-07-13 10:52:02,,Đang trên bãi,5.05,Shuttle,FC,Forecast
530753530104,SG BÌNH TÂN,TG GÒ CÔNG,TG GÒ CÔNG,SG BÌNH TÂN,2026-07-13 20:12:19,2026-07-13 11:04:57,2026-07-13 10:45:15,,Đang trên bãi,9.8,Shuttle,FC,Forecast
530094750103,,DT SA ĐÉC,DT SA ĐÉC,BN HUB,2026-07-13 20:12:19,2026-07-11 16:51:41,2026-07-09 15:08:01,,Đang trên bãi,0.0,Shuttle,FC,Dispatch
530509220104,SG BÌNH TÂN,SG TÂN HƯNG,SG TÂN HƯNG,SG BÌNH TÂN,2026-07-13 20:12:18,2026-07-13 16:12:48,2026-07-13 15:57:00,,Đang trên bãi,5.05,Shuttle,FC,Forecast
530831740104,SG BÌNH TÂN,BD BÌNH HÒA,BD BÌNH HÒA,SG BÌNH TÂN,2026-07-13 20:12:15,2026-07-13 16:16:05,2026-07-13 15:57:00,,Đang trên bãi,5.05,Shuttle,FC,Forecast
530317210104,SG BÌNH TÂN,BD DĨ AN,BD DĨ AN,SG BÌNH TÂN,2026-07-13 20:12:14,2026-07-13 11:04:34,2026-07-13 10:45:16,,Đang trên bãi,9.8,Shuttle,FC,Forecast
530747990103,,LA ĐỨC HÒA,LA ĐỨC HÒA,BN HUB,2026-07-13 20:12:14,2026-07-11 16:55:04,2026-07-11 12:14:38,,Đang trên bãi,0.0,Shuttle,FC,Dispatch
530311020104,SG BÌNH TÂN,SG THỦ ĐỨC,SG THỦ ĐỨC,SG BÌNH TÂN,2026-07-13 20:12:12,2026-07-13 16:13:25,2026-07-13 15:57:00,,Đang trên bãi,5.05,Shuttle,FC,Forecast
530760780103,,VL VĨNH LONG,VL VĨNH LONG,BN HUB,2026-07-13 20:12:10,2026-07-11 15:56:02,2026-07-11 06:16:58,,Đang trên bãi,0.0,Shuttle,FC,Dispatch
530861930104,SG BÌNH TÂN,SG VĨNH LỘC,SG VĨNH LỘC,SG BÌNH TÂN,2026-07-13 20:12:10,2026-07-13 11:11:44,2026-07-13 10:54:28,,Đang trên bãi,9.8,Shuttle,FC,Forecast
530212020104,SG BÌNH TÂN,CT NINH KIỀU,CT NINH KIỀU,SG BÌNH TÂN,2026-07-13 20:12:10,2026-07-13 16:16:06,2026-07-13 15:57:01,,Đang trên bãi,5.05,Shuttle,FC,Forecast
530051390103,,SG TÂN THỚI HIỆP,SG TÂN THỚI HIỆP,BN HUB,2026-07-13 20:12:08,2026-07-11 16:47:51,2026-07-11 12:19:52,,Đang trên bãi,0.0,Shuttle,FC,Dispatch
530064940104,SG BÌNH TÂN,AG LONG XUYÊN,AG LONG XUYÊN,SG BÌNH TÂN,2026-07-13 20:12:07,2026-07-13 16:12:02,2026-07-13 16:01:42,,Đang trên bãi,5.05,Shuttle,FC,Forecast
530438460103,,DT TN,DT TN,BN HUB,2026-07-13 20:12:05,2026-07-11 15:51:25,2026-07-11 06:05:36,,Đang trên bãi,0.0,Shuttle,FC,Dispatch
530705330104,SG BÌNH TÂN,AG TÂN CHÂU,AG TÂN CHÂU,SG BÌNH TÂN,2026-07-13 20:12:04,2026-07-13 10:57:55,2026-07-13 10:02:34,,Đang trên bãi,9.6,Shuttle,FC,Forecast
530549140104,SG BÌNH TÂN,TG GÒ CÔNG,TG GÒ CÔNG,SG BÌNH TÂN,2026-07-13 20:12:04,2026-07-13 16:12:37,2026-07-13 15:57:00,,Đang trên bãi,5.05,Shuttle,FC,Forecast
530853450103,,DT CAO LÃNH,DT CAO LÃNH,BN HUB,2026-07-13 20:12:02,2026-07-11 16:47:46,2026-07-10 14:15:37,,Đang trên bãi,0.0,Shuttle,FC,Dispatch
530726530104,SG BÌNH TÂN,SG PHÚ LÂM,SG PHÚ LÂM,SG BÌNH TÂN,2026-07-13 20:12:00,2026-07-13 11:11:33,2026-07-13 10:54:31,,Đang trên bãi,9.8,Shuttle,FC,Forecast
530560730104,SG BÌNH TÂN,SG BẢY HIỀN,SG BẢY HIỀN,SG BÌNH TÂN,2026-07-13 20:11:59,2026-07-13 11:01:57,2026-07-13 10:37:04,,Đang trên bãi,5.05,Shuttle,FC,Forecast
530907610104,SG BÌNH TÂN,SG THỦ ĐỨC,SG THỦ ĐỨC,SG BÌNH TÂN,2026-07-13 20:11:59,2026-07-13 11:10:42,2026-07-13 10:52:01,,Đang trên bãi,5.05,Shuttle,FC,Forecast
530839980103,,AG TỊNH BIÊN,AG TỊNH BIÊN,BN HUB,2026-07-13 20:11:59,2026-07-11 15:50:41,2026-07-11 06:05:37,,Đang trên bãi,0.0,Shuttle,FC,Dispatch
530413610104,SG BÌNH TÂN,DT CAO LÃNH,DT CAO LÃNH,SG BÌNH TÂN,2026-07-13 20:11:56,2026-07-13 11:11:32,2026-07-13 10:54:28,,Đang trên bãi,9.8,Shuttle,FC,Forecast
530317410104,SG BÌNH TÂN,SG PHÚ LÂM,SG PHÚ LÂM,SG BÌNH TÂN,2026-07-13 20:11:52,2026-07-13 11:04:50,2026-07-13 10:45:16,,Đang trên bãi,9.8,Shuttle,FC,Forecast
530983460103,,LA HẬU NGHĨA,LA HẬU NGHĨA,BN HUB,2026-07-13 20:11:52,2026-07-11 17:26:48,2026-07-11 06:38:05,,Đang trên bãi,0.0,Shuttle,FC,Dispatch
530101250103,,BD DĨ AN,BD DĨ AN,BN HUB,2026-07-13 20:11:51,2026-07-11 11:02:50,2026-07-10 11:12:09,,Đang trên bãi,0.0,Shuttle,FC,Dispatch
530667930104,SG BÌNH TÂN,SG CỦ CHI,SG CỦ CHI,SG BÌNH TÂN,2026-07-13 20:11:50,2026-07-13 11:00:02,2026-07-13 10:37:10,,Đang trên bãi,5.05,Shuttle,FC,Forecast
530901010104,SG BÌNH TÂN,SG VĨNH LỘC,SG VĨNH LỘC,SG BÌNH TÂN,2026-07-13 20:11:50,2026-07-13 11:10:49,2026-07-13 10:52:00,,Đang trên bãi,5.05,Shuttle,FC,Forecast
530652180103,,SG CỦ CHI,SG CỦ CHI,BN HUB,2026-07-13 20:11:49,2026-07-11 15:53:18,2026-07-11 06:05:36,,Đang trên bãi,0.0,Shuttle,FC,Dispatch
530497520104,SG BÌNH TÂN,BN HUB,HN CẦU GIẤY,SG BÌNH TÂN,2026-07-13 20:11:48,2026-07-13 10:58:30,2026-07-13 10:02:35,,Đang trên bãi,9.6,Linehaul,BN HUB,Forecast
530274270103,,LA BẾN LỨC,LA BẾN LỨC,BN HUB,2026-07-13 20:11:47,2026-07-11 17:07:03,2026-07-11 14:08:13,,Đang trên bãi,0.0,Shuttle,FC,Dispatch
530473060103,,LA ĐỨC HÒA,LA ĐỨC HÒA,BN HUB,2026-07-13 20:11:46,2026-07-11 16:11:27,2026-07-11 09:29:19,,Đang trên bãi,0.0,Shuttle,FC,Dispatch
530653540104,SG BÌNH TÂN,DT SA ĐÉC,DT SA ĐÉC,SG BÌNH TÂN,2026-07-13 20:11:45,2026-07-13 16:15:09,2026-07-13 15:57:01,,Đang trên bãi,5.05,Shuttle,FC,Forecast
530426130104,SG BÌNH TÂN,BD BÌNH HÒA,BD BÌNH HÒA,SG BÌNH TÂN,2026-07-13 20:11:43,2026-07-13 11:04:39,2026-07-13 10:45:15,,Đang trên bãi,9.8,Shuttle,FC,Forecast
530455740104,SG BÌNH TÂN,SG TÂN HƯNG,SG TÂN HƯNG,SG BÌNH TÂN,2026-07-13 20:11:42,2026-07-13 16:13:57,2026-07-13 15:57:01,,Đang trên bãi,5.05,Shuttle,FC,Forecast
530708380103,,CT Ô MÔN,CT Ô MÔN,BN HUB,2026-07-13 20:11:41,2026-07-11 16:47:32,2026-07-10 14:15:37,,Đang trên bãi,0.0,Shuttle,FC,Dispatch
530146880103,,TG TRUNG AN,TG TRUNG AN,BN HUB,2026-07-13 20:11:41,2026-07-11 17:35:14,2026-07-11 15:11:16,,Đang trên bãi,0.0,Shuttle,FC,Dispatch
530492890103,SG BÌNH TÂN,LA BẾN LỨC,LA BẾN LỨC,SG BÌNH TÂN,2026-07-13 20:11:38,2026-07-13 11:53:24,2026-07-13 07:06:22,,Đang trên bãi,6.0,Shuttle,FC,Forecast
530034530104,SG BÌNH TÂN,3PL,SETN,SG BÌNH TÂN,2026-07-13 20:11:38,2026-07-13 11:10:34,2026-07-13 10:52:01,,Đang trên bãi,5.05,Shuttle,3PL,Forecast
530618130104,SG BÌNH TÂN,DT SA ĐÉC,DT SA ĐÉC,SG BÌNH TÂN,2026-07-13 20:11:37,2026-07-13 11:00:02,2026-07-13 10:37:09,,Đang trên bãi,5.05,Shuttle,FC,Forecast
530310670103,,SG TÂN HƯNG,SG TÂN HƯNG,BN HUB,2026-07-13 20:11:37,2026-07-11 15:55:02,2026-07-11 06:05:36,,Đang trên bãi,0.0,Shuttle,FC,Dispatch
530027460103,,BD DĨ AN,BD DĨ AN,BN HUB,2026-07-13 20:11:36,2026-07-11 15:50:11,2026-07-11 06:05:36,,Đang trên bãi,0.0,Shuttle,FC,Dispatch
530712610104,SG BÌNH TÂN,SG AN LẠC,SG AN LẠC,SG BÌNH TÂN,2026-07-13 20:11:35,2026-07-13 11:02:25,2026-07-13 10:37:08,,Đang trên bãi,5.05,Shuttle,FC,Forecast
530137210104,SG BÌNH TÂN,VT XUYÊN MỘC,VT XUYÊN MỘC,SG BÌNH TÂN,2026-07-13 20:11:34,2026-07-13 10:58:32,2026-07-13 10:02:35,,Đang trên bãi,5.05,Shuttle,FC,Forecast
530178390103,,DT SA ĐÉC,DT SA ĐÉC,BN HUB,2026-07-13 20:11:32,2026-07-11 15:53:41,2026-07-11 12:43:07,,Đang trên bãi,0.0,Shuttle,FC,Dispatch
530710610104,SG BÌNH TÂN,LA BẾN LỨC,LA BẾN LỨC,SG BÌNH TÂN,2026-07-13 20:11:31,2026-07-13 11:02:17,2026-07-13 10:37:07,,Đang trên bãi,5.05,Shuttle,FC,Forecast
530939780103,,AG AN PHÚ,AG AN PHÚ,BN HUB,2026-07-13 20:11:31,2026-07-11 15:51:46,2026-07-11 06:34:32,,Đang trên bãi,0.0,Shuttle,FC,Dispatch
530153530104,SG BÌNH TÂN,BD BÌNH HÒA,BD BÌNH HÒA,SG BÌNH TÂN,2026-07-13 20:11:30,2026-07-13 11:02:23,2026-07-13 10:37:06,,Đang trên bãi,5.05,Shuttle,FC,Forecast
530711930104,SG BÌNH TÂN,SG TÂN SƠN NHÌ,SG TÂN SƠN NHÌ,SG BÌNH TÂN,2026-07-13 20:11:29,2026-07-13 11:02:00,2026-07-13 10:37:07,,Đang trên bãi,5.05,Shuttle,FC,Forecast
530490390103,,VL VĨNH LONG,VL VĨNH LONG,BN HUB,2026-07-13 20:11:29,2026-07-11 19:14:32,2026-07-11 13:41:17,,Đang trên bãi,0.0,Shuttle,FC,Dispatch
530567730104,SG BÌNH TÂN,CT NINH KIỀU,CT NINH KIỀU,SG BÌNH TÂN,2026-07-13 20:11:28,2026-07-13 11:02:03,2026-07-13 10:37:07,,Đang trên bãi,5.05,Shuttle,FC,Forecast
530472790103,,SG CỦ CHI,SG CỦ CHI,BN HUB,2026-07-13 20:11:27,2026-07-11 15:56:20,2026-07-11 12:30:58,,Đang trên bãi,0.0,Shuttle,FC,Dispatch
530710810104,SG BÌNH TÂN,BD BÌNH HÒA,BD BÌNH HÒA,SG BÌNH TÂN,2026-07-13 20:11:25,2026-07-13 11:02:27,2026-07-13 10:37:06,,Đang trên bãi,5.05,Shuttle,FC,Forecast
530924410104,SG BÌNH TÂN,LA ĐỨC HÒA,LA ĐỨC HÒA,SG BÌNH TÂN,2026-07-13 20:11:25,2026-07-13 11:02:40,2026-07-13 10:37:07,,Đang trên bãi,5.05,Shuttle,FC,Forecast
530818660103,,SG BÌNH TÂN,SG BÌNH TÂN,BN HUB,2026-07-13 20:11:25,2026-07-11 15:56:16,2026-07-11 06:34:32,,Đang trên bãi,0.0,Shuttle,FC,Dispatch
530694980103,,AG LONG XUYÊN,AG LONG XUYÊN,BN HUB,2026-07-13 20:11:25,2026-07-11 15:50:33,2026-07-11 06:05:36,,Đang trên bãi,0.0,Shuttle,FC,Dispatch
530567530104,SG BÌNH TÂN,SG PHÚ NHUẬN,SG PHÚ NHUẬN,SG BÌNH TÂN,2026-07-13 20:11:24,2026-07-13 11:01:53,2026-07-13 10:37:04,,Đang trên bãi,5.05,Shuttle,FC,Forecast
530117610104,SG BÌNH TÂN,SG KHÁNH HỘI,SG KHÁNH HỘI,SG BÌNH TÂN,2026-07-13 20:11:23,2026-07-13 11:02:41,2026-07-13 10:37:06,,Đang trên bãi,5.05,Shuttle,FC,Forecast
530415610104,SG BÌNH TÂN,BD BÌNH HÒA,BD BÌNH HÒA,SG BÌNH TÂN,2026-07-13 20:11:22,2026-07-13 11:02:22,2026-07-13 10:37:08,,Đang trên bãi,5.05,Shuttle,FC,Forecast
530212220104,SG BÌNH TÂN,SG THỦ ĐỨC,SG THỦ ĐỨC,SG BÌNH TÂN,2026-07-13 20:11:22,2026-07-13 16:15:49,2026-07-13 15:57:01,,Đang trên bãi,5.05,Shuttle,FC,Forecast
530774590103,,CT Ô MÔN,CT Ô MÔN,BN HUB,2026-07-13 20:11:21,2026-07-11 15:53:31,2026-07-11 12:43:07,,Đang trên bãi,0.0,Shuttle,FC,Dispatch
530109610104,SG BÌNH TÂN,SG XUÂN HÒA,SG XUÂN HÒA,SG BÌNH TÂN,2026-07-13 20:11:20,2026-07-13 11:00:48,2026-07-13 10:37:04,,Đang trên bãi,5.05,Shuttle,FC,Forecast
530288470103,,SG GÒ VẤP,SG GÒ VẤP,BN HUB,2026-07-13 20:11:20,2026-07-11 17:00:17,2026-07-11 13:32:06,,Đang trên bãi,0.0,Shuttle,FC,Dispatch
530105420104,SG BÌNH TÂN,SG PHÚ LÂM,SG PHÚ LÂM,SG BÌNH TÂN,2026-07-13 20:11:19,2026-07-13 16:12:09,2026-07-13 16:01:42,,Đang trên bãi,5.05,Shuttle,FC,Forecast
530769180103,,SG NHƠN ĐỨC,SG NHƠN ĐỨC,BN HUB,2026-07-13 20:11:18,2026-07-11 11:44:39,2026-07-11 08:09:26,,Đang trên bãi,0.0,Shuttle,FC,Dispatch
530908650103,,BD DĨ AN,BD DĨ AN,BN HUB,2026-07-13 20:11:15,2026-07-11 17:12:39,2026-07-10 11:57:14,,Đang trên bãi,0.0,Shuttle,FC,Dispatch
530747140104,SG BÌNH TÂN,LA ĐỨC HÒA,LA ĐỨC HÒA,SG BÌNH TÂN,2026-07-13 20:11:15,2026-07-13 16:15:48,2026-07-13 15:57:00,,Đang trên bãi,5.05,Shuttle,FC,Forecast
530030530104,SG BÌNH TÂN,SG CHỢ LỚN,SG CHỢ LỚN,SG BÌNH TÂN,2026-07-13 20:11:14,2026-07-13 11:01:43,2026-07-13 10:37:04,,Đang trên bãi,5.05,Shuttle,FC,Forecast
530034130104,SG BÌNH TÂN,BN HUB,HN MÊ LINH,SG BÌNH TÂN,2026-07-13 20:11:14,2026-07-13 11:10:53,2026-07-13 10:52:00,,Đang trên bãi,5.05,Linehaul,BN HUB,Forecast
530532460103,,SG TÂN SƠN NHÌ,SG TÂN SƠN NHÌ,BN HUB,2026-07-13 20:11:14,2026-07-11 15:51:42,2026-07-11 06:34:32,,Đang trên bãi,0.0,Shuttle,FC,Dispatch
530266780103,,SG THỦ ĐỨC,SG THỦ ĐỨC,BN HUB,2026-07-13 20:11:12,2026-07-11 15:54:27,2026-07-11 06:05:36,,Đang trên bãi,0.0,Shuttle,FC,Dispatch
530190540104,SG BÌNH TÂN,DT CAO LÃNH,DT CAO LÃNH,SG BÌNH TÂN,2026-07-13 20:11:12,2026-07-13 16:12:29,2026-07-13 15:57:00,,Đang trên bãi,5.05,Shuttle,FC,Forecast
530315730104,SG BÌNH TÂN,AG LONG XUYÊN,AG LONG XUYÊN,SG BÌNH TÂN,2026-07-13 20:11:10,2026-07-13 11:01:31,2026-07-13 10:37:04,,Đang trên bãi,5.05,Shuttle,FC,Forecast
530422930104,SG BÌNH TÂN,3PL,SETN,SG BÌNH TÂN,2026-07-13 20:11:09,2026-07-13 11:01:51,2026-07-13 10:37:04,,Đang trên bãi,5.05,Shuttle,3PL,Forecast
530867870103,,DT SA ĐÉC,DT SA ĐÉC,BN HUB,2026-07-13 20:11:09,2026-07-11 16:56:42,2026-07-11 11:13:59,,Đang trên bãi,0.0,Shuttle,FC,Dispatch
530151340104,SG BÌNH TÂN,DT TN,DT TN,SG BÌNH TÂN,2026-07-13 20:11:09,2026-07-13 16:16:13,2026-07-13 15:57:01,,Đang trên bãi,5.05,Shuttle,FC,Forecast
530760380103,,ST VĨNH CHÂU,ST VĨNH CHÂU,BN HUB,2026-07-13 20:11:08,2026-07-11 15:55:50,2026-07-11 06:05:36,,Đang trên bãi,0.0,Shuttle,FC,Dispatch
530066340104,SG BÌNH TÂN,SG PHÚ NHUẬN,SG PHÚ NHUẬN,SG BÌNH TÂN,2026-07-13 20:11:07,2026-07-13 16:12:33,2026-07-13 15:56:59,,Đang trên bãi,5.05,Shuttle,FC,Forecast
530899990103,,VT VŨNG TÀU,VT VŨNG TÀU,BN HUB,2026-07-13 20:11:06,2026-07-11 20:13:11,2026-07-11 14:42:16,,Đang trên bãi,0.0,Shuttle,FC,Dispatch
530267370103,,LA BẾN LỨC,LA BẾN LỨC,BN HUB,2026-07-13 20:11:04,2026-07-11 16:55:59,2026-07-10 14:15:37,,Đang trên bãi,0.0,Shuttle,FC,Dispatch
530426010104,SG BÌNH TÂN,BD DĨ AN,BD DĨ AN,SG BÌNH TÂN,2026-07-13 20:11:03,2026-07-13 11:01:18,2026-07-13 10:37:04,,Đang trên bãi,5.05,Shuttle,FC,Forecast
530824010104,SG BÌNH TÂN,SG PHÚ LÂM,SG PHÚ LÂM,SG BÌNH TÂN,2026-07-13 20:11:03,2026-07-13 11:00:57,2026-07-13 10:37:08,,Đang trên bãi,5.05,Shuttle,FC,Forecast
530301010104,SG BÌNH TÂN,SG PHÚ LÂM,SG PHÚ LÂM,SG BÌNH TÂN,2026-07-13 20:11:02,2026-07-13 11:01:19,2026-07-13 10:37:05,,Đang trên bãi,5.05,Shuttle,FC,Forecast
530315930104,SG BÌNH TÂN,SG BÌNH LỢI TRUNG,SG BÌNH LỢI TRUNG,SG BÌNH TÂN,2026-07-13 20:10:58,2026-07-13 12:41:54,2026-07-13 10:37:05,,Đang trên bãi,5.05,Shuttle,FC,Forecast
530375750103,,SG ĐÔNG HƯNG THUẬN,SG ĐÔNG HƯNG THUẬN,BN HUB,2026-07-13 20:10:58,2026-07-11 16:48:58,2026-07-09 15:08:02,,Đang trên bãi,0.0,Shuttle,FC,Dispatch
530116730104,SG BÌNH TÂN,BD BẾN CÁT,BD BẾN CÁT,SG BÌNH TÂN,2026-07-13 20:10:57,2026-07-13 11:01:49,2026-07-13 10:37:08,,Đang trên bãi,5.05,Shuttle,FC,Forecast
530444140103,,SG THỦ ĐỨC,SG THỦ ĐỨC,BN HUB,2026-07-13 20:10:57,2026-07-10 10:06:12,2026-07-08 20:45:08,,Đang trên bãi,0.0,Shuttle,FC,Dispatch
530426410104,SG BÌNH TÂN,DT TN,DT TN,SG BÌNH TÂN,2026-07-13 20:10:56,2026-07-13 11:02:01,2026-07-13 10:37:07,,Đang trên bãi,5.05,Shuttle,FC,Forecast
530818060103,,AG TỊNH BIÊN,AG TỊNH BIÊN,BN HUB,2026-07-13 20:10:54,2026-07-11 15:54:55,2026-07-11 06:05:36,,Đang trên bãi,0.0,Shuttle,FC,Dispatch
530255670103,,BD BÌNH HÒA,BD BÌNH HÒA,BN HUB,2026-07-13 20:10:54,2026-07-11 15:52:51,2026-07-11 12:30:58,,Đang trên bãi,0.0,Shuttle,FC,Dispatch
530017610104,SG BÌNH TÂN,SG HÓC MÔN,SG HÓC MÔN,SG BÌNH TÂN,2026-07-13 20:10:53,2026-07-13 11:00:59,2026-07-13 10:37:06,,Đang trên bãi,5.05,Shuttle,FC,Forecast
530262130104,SG BÌNH TÂN,SG PHÚ NHUẬN,SG PHÚ NHUẬN,SG BÌNH TÂN,2026-07-13 20:10:52,2026-07-13 11:02:15,2026-07-13 10:37:08,,Đang trên bãi,5.05,Shuttle,FC,Forecast
530126530104,SG BÌNH TÂN,SG BÌNH LỢI TRUNG,SG BÌNH LỢI TRUNG,SG BÌNH TÂN,2026-07-13 20:10:51,2026-07-13 11:02:12,2026-07-13 10:37:06,,Đang trên bãi,5.05,Shuttle,FC,Forecast
530438190103,,SG HIỆP BÌNH,SG HIỆP BÌNH,BN HUB,2026-07-13 20:10:51,2026-07-11 15:51:04,2026-07-11 06:05:36,,Đang trên bãi,0.0,Shuttle,FC,Dispatch
530240670103,,LA BẾN LỨC,LA BẾN LỨC,BN HUB,2026-07-13 20:10:48,2026-07-11 15:54:11,2026-07-11 12:50:18,,Đang trên bãi,0.0,Shuttle,FC,Dispatch
530124530104,SG BÌNH TÂN,SG VĨNH LỘC,SG VĨNH LỘC,SG BÌNH TÂN,2026-07-13 20:10:46,2026-07-13 11:02:14,2026-07-13 10:37:06,,Đang trên bãi,5.05,Shuttle,FC,Forecast
530132330104,SG BÌNH TÂN,SG PHÚ LÂM,SG PHÚ LÂM,SG BÌNH TÂN,2026-07-13 20:10:46,2026-07-13 11:02:44,2026-07-13 10:37:06,,Đang trên bãi,5.05,Shuttle,FC,Forecast
530320160103,,VL CHỢ LÁCH,VL CHỢ LÁCH,BN HUB,2026-07-13 20:10:46,2026-07-11 16:45:21,2026-07-09 15:08:02,,Đang trên bãi,0.0,Shuttle,FC,Dispatch
530026930104,SG BÌNH TÂN,VL VĨNH LONG,VL VĨNH LONG,SG BÌNH TÂN,2026-07-13 20:10:41,2026-07-13 11:01:52,2026-07-13 10:37:07,,Đang trên bãi,5.05,Shuttle,FC,Forecast
530130330104,SG BÌNH TÂN,TG TRUNG AN,TG TRUNG AN,SG BÌNH TÂN,2026-07-13 20:10:41,2026-07-13 11:02:20,2026-07-13 10:37:08,,Đang trên bãi,5.05,Shuttle,FC,Forecast
530401870103,,VT VŨNG TÀU,VT VŨNG TÀU,BN HUB,2026-07-13 20:10:41,2026-07-11 11:45:58,2026-07-11 10:49:44,,Đang trên bãi,0.0,Shuttle,FC,Dispatch
530300900104,,VL VĨNH LONG,VL VĨNH LONG,BN HUB,2026-07-13 20:10:38,2026-07-11 15:51:18,2026-07-11 12:30:57,,Đang trên bãi,0.0,Shuttle,FC,Dispatch
530422730104,SG BÌNH TÂN,CT NINH KIỀU,CT NINH KIỀU,SG BÌNH TÂN,2026-07-13 20:10:37,2026-07-13 11:01:22,2026-07-13 10:37:05,,Đang trên bãi,5.05,Shuttle,FC,Forecast
530026220104,SG BÌNH TÂN,VT CHÂU ĐỨC,VT CHÂU ĐỨC,SG BÌNH TÂN,2026-07-13 20:10:37,2026-07-13 16:15:59,2026-07-13 15:57:01,,Đang trên bãi,5.05,Shuttle,FC,Forecast
530049070103,,CT NINH KIỀU,CT NINH KIỀU,BN HUB,2026-07-13 20:10:36,2026-07-11 17:12:28,2026-07-11 11:03:07,,Đang trên bãi,0.0,Shuttle,FC,Dispatch
530831340104,SG BÌNH TÂN,SG TÂN THỚI HIỆP,SG TÂN THỚI HIỆP,SG BÌNH TÂN,2026-07-13 20:10:36,2026-07-13 16:15:15,2026-07-13 15:57:01,,Đang trên bãi,5.05,Shuttle,FC,Forecast
530162930104,SG BÌNH TÂN,VL CHỢ LÁCH,VL CHỢ LÁCH,SG BÌNH TÂN,2026-07-13 20:10:34,2026-07-13 11:02:37,2026-07-13 10:37:06,,Đang trên bãi,5.05,Shuttle,FC,Forecast
530739590103,,SG CỦ CHI,SG CỦ CHI,BN HUB,2026-07-13 20:10:34,2026-07-11 10:45:34,2026-07-11 08:04:24,,Đang trên bãi,0.0,Shuttle,FC,Dispatch
530518530104,SG BÌNH TÂN,CT BÌNH THỦY,CT BÌNH THỦY,SG BÌNH TÂN,2026-07-13 20:10:32,2026-07-13 11:01:49,2026-07-13 10:37:05,,Đang trên bãi,5.05,Shuttle,FC,Forecast
530407730104,SG BÌNH TÂN,SG TÂN THỚI HIỆP,SG TÂN THỚI HIỆP,SG BÌNH TÂN,2026-07-13 20:10:32,2026-07-13 11:02:39,2026-07-13 10:37:06,,Đang trên bãi,5.05,Shuttle,FC,Forecast
530030330104,SG BÌNH TÂN,SG BÌNH LỢI TRUNG,SG BÌNH LỢI TRUNG,SG BÌNH TÂN,2026-07-13 20:10:32,2026-07-13 11:02:01,2026-07-13 10:37:07,,Đang trên bãi,5.05,Shuttle,FC,Forecast
530113880103,,SG BÌNH TÂN,SG BÌNH TÂN,BN HUB,2026-07-13 20:10:32,2026-07-11 14:56:35,2026-07-11 14:32:41,,Đang trên bãi,0.0,Shuttle,FC,Dispatch
530415410104,SG BÌNH TÂN,CT BÌNH THỦY,CT BÌNH THỦY,SG BÌNH TÂN,2026-07-13 20:10:29,2026-07-13 11:02:41,2026-07-13 10:37:05,,Đang trên bãi,5.05,Shuttle,FC,Forecast
530922010104,SG BÌNH TÂN,SG XUÂN HÒA,SG XUÂN HÒA,SG BÌNH TÂN,2026-07-13 20:10:28,2026-07-13 11:00:49,2026-07-13 10:37:05,,Đang trên bãi,5.05,Shuttle,FC,Forecast
530970190103,,VT VŨNG TÀU,VT VŨNG TÀU,BN HUB,2026-07-13 20:10:28,2026-07-11 20:22:46,2026-07-11 13:31:43,,Đang trên bãi,0.0,Shuttle,FC,Dispatch
530528130104,SG BÌNH TÂN,SG ĐÔNG HƯNG THUẬN,SG ĐÔNG HƯNG THUẬN,SG BÌNH TÂN,2026-07-13 20:10:27,2026-07-13 11:02:19,2026-07-13 10:37:08,,Đang trên bãi,5.05,Shuttle,FC,Forecast
530362130104,SG BÌNH TÂN,SG BÌNH TÂN,SG BÌNH TÂN,SG BÌNH TÂN,2026-07-13 20:10:26,2026-07-13 11:03:08,2026-07-13 10:37:06,,Đang trên bãi,5.05,Shuttle,FC,Forecast
530541660103,,LA TÂN AN,LA TÂN AN,BN HUB,2026-07-13 20:10:26,2026-07-11 11:45:05,2026-07-11 08:09:30,,Đang trên bãi,0.0,Shuttle,FC,Dispatch
530491470103,,SG TÂN THỚI HIỆP,SG TÂN THỚI HIỆP,BN HUB,2026-07-13 20:10:23,2026-07-11 16:10:55,2026-07-11 15:10:08,,Đang trên bãi,0.0,Shuttle,FC,Dispatch
530026020104,SG BÌNH TÂN,SG BÌNH TRỊ ĐÔNG,SG BÌNH TRỊ ĐÔNG,SG BÌNH TÂN,2026-07-13 20:10:22,2026-07-13 16:15:46,2026-07-13 15:57:00,,Đang trên bãi,5.05,Shuttle,FC,Forecast
530120020104,SG BÌNH TÂN,SG CỦ CHI,SG CỦ CHI,SG BÌNH TÂN,2026-07-13 20:10:22,2026-07-13 16:16:04,2026-07-13 15:57:01,,Đang trên bãi,5.05,Shuttle,FC,Forecast
530610190102,LA BẾN LỨC,LA BẾN LỨC,LA BẾN LỨC,LA BẾN LỨC,2026-07-13 20:10:21,2026-07-06 17:26:21,2026-07-06 08:11:21,,Đang trên bãi,6.2,Shuttle,FC,Dispatch
530226220104,SG BÌNH TÂN,SG CHỢ LỚN,SG CHỢ LỚN,SG BÌNH TÂN,2026-07-13 20:10:21,2026-07-13 16:12:14,2026-07-13 16:01:42,,Đang trên bãi,5.05,Shuttle,FC,Forecast
530164060103,,SG THỦ ĐỨC,SG THỦ ĐỨC,BN HUB,2026-07-13 20:10:19,2026-07-11 11:43:51,2026-07-11 08:00:08,,Đang trên bãi,0.0,Shuttle,FC,Dispatch
530715810104,SG BÌNH TÂN,SG BÌNH TÂN,SG BÌNH TÂN,SG BÌNH TÂN,2026-07-13 20:10:18,2026-07-13 11:04:48,2026-07-13 10:45:15,,Đang trên bãi,9.8,Shuttle,FC,Forecast
530834020104,SG BÌNH TÂN,SG KHÁNH HỘI,SG KHÁNH HỘI,SG BÌNH TÂN,2026-07-13 20:10:18,2026-07-13 16:16:21,2026-07-13 15:57:01,,Đang trên bãi,5.05,Shuttle,FC,Forecast
530066540104,SG BÌNH TÂN,VL VĨNH LONG,VL VĨNH LONG,SG BÌNH TÂN,2026-07-13 20:10:17,2026-07-13 16:12:35,2026-07-13 15:57:00,,Đang trên bãi,5.05,Shuttle,FC,Forecast
530753330104,SG BÌNH TÂN,LA ĐỨC HÒA,LA ĐỨC HÒA,SG BÌNH TÂN,2026-07-13 20:10:16,2026-07-13 11:05:00,2026-07-13 10:45:15,,Đang trên bãi,9.8,Shuttle,FC,Forecast
530437160103,,SG ĐÔNG HƯNG THUẬN,SG ĐÔNG HƯNG THUẬN,BN HUB,2026-07-13 20:10:15,2026-07-11 14:41:14,2026-07-10 07:18:39,,Đang trên bãi,0.0,Shuttle,FC,Dispatch
530726210104,SG BÌNH TÂN,TG TRUNG AN,TG TRUNG AN,SG BÌNH TÂN,2026-07-13 20:10:14,2026-07-13 11:04:42,2026-07-13 10:45:15,,Đang trên bãi,9.8,Shuttle,FC,Forecast
530509020104,SG BÌNH TÂN,SG CHỢ LỚN,SG CHỢ LỚN,SG BÌNH TÂN,2026-07-13 20:10:14,2026-07-13 16:12:42,2026-07-13 15:57:00,,Đang trên bãi,5.05,Shuttle,FC,Forecast
530747940104,SG BÌNH TÂN,ST VĨNH CHÂU,ST VĨNH CHÂU,SG BÌNH TÂN,2026-07-13 20:10:14,2026-07-13 16:15:44,2026-07-13 15:57:01,,Đang trên bãi,5.05,Shuttle,FC,Forecast
530912410104,SG BÌNH TÂN,LA ĐỨC HÒA,LA ĐỨC HÒA,SG BÌNH TÂN,2026-07-13 20:10:12,2026-07-13 11:04:37,2026-07-13 10:45:15,,Đang trên bãi,9.8,Shuttle,FC,Forecast
530588270103,,SG THỦ ĐỨC,SG THỦ ĐỨC,BN HUB,2026-07-13 20:10:12,2026-07-11 17:16:02,2026-07-11 13:37:02,,Đang trên bãi,0.0,Shuttle,FC,Dispatch
530829980103,,AG TÂN CHÂU,AG TÂN CHÂU,BN HUB,2026-07-13 20:10:12,2026-07-11 15:54:59,2026-07-11 06:05:37,,Đang trên bãi,0.0,Shuttle,FC,Dispatch
530330730104,SG BÌNH TÂN,SG GÒ VẤP,SG GÒ VẤP,SG BÌNH TÂN,2026-07-13 20:10:11,2026-07-13 11:04:41,2026-07-13 10:45:14,,Đang trên bãi,9.8,Shuttle,FC,Forecast
530662130104,SG BÌNH TÂN,SG TÂN THỚI HIỆP,SG TÂN THỚI HIỆP,SG BÌNH TÂN,2026-07-13 20:10:10,2026-07-13 11:04:36,2026-07-13 10:45:14,,Đang trên bãi,9.8,Shuttle,FC,Forecast
530262930104,SG BÌNH TÂN,SG BÌNH TÂN,SG BÌNH TÂN,SG BÌNH TÂN,2026-07-13 20:10:08,2026-07-13 11:03:06,2026-07-13 10:37:08,,Đang trên bãi,5.05,Shuttle,FC,Forecast
530112870103,,SG AN PHÚ ĐÔNG,SG AN PHÚ ĐÔNG,BN HUB,2026-07-13 20:10:07,2026-07-11 07:50:33,2026-07-11 07:46:33,,Đang trên bãi,0.0,Shuttle,FC,Dispatch
530760730104,SG BÌNH TÂN,SG TÂN TẠO,SG TÂN TẠO,SG BÌNH TÂN,2026-07-13 20:10:06,2026-07-13 11:02:35,2026-07-13 10:37:07,,Đang trên bãi,5.05,Shuttle,FC,Forecast
530253130104,SG BÌNH TÂN,LA ĐỨC HÒA,LA ĐỨC HÒA,SG BÌNH TÂN,2026-07-13 20:10:06,2026-07-13 11:02:33,2026-07-13 10:37:08,,Đang trên bãi,5.05,Shuttle,FC,Forecast
530161260103,,VT XUYÊN MỘC,VT XUYÊN MỘC,BN HUB,2026-07-13 20:10:05,2026-07-11 19:49:51,2026-07-11 08:41:09,,Đang trên bãi,0.0,Shuttle,FC,Dispatch
530653340104,SG BÌNH TÂN,SG CỦ CHI,SG CỦ CHI,SG BÌNH TÂN,2026-07-13 20:10:05,2026-07-13 16:16:10,2026-07-13 15:56:59,,Đang trên bãi,5.05,Shuttle,FC,Forecast
530929940104,SG BÌNH TÂN,BD BÌNH HÒA,BD BÌNH HÒA,SG BÌNH TÂN,2026-07-13 20:10:03,2026-07-13 16:16:14,2026-07-13 15:57:01,,Đang trên bãi,5.05,Shuttle,FC,Forecast
530911670103,,SG TÂN SƠN NHÌ,SG TÂN SƠN NHÌ,BN HUB,2026-07-13 20:10:02,2026-07-11 14:42:35,2026-07-11 07:39:11,,Đang trên bãi,0.0,Shuttle,FC,Dispatch
530614300104,,SG BÌNH TRỊ ĐÔNG,SG BÌNH TRỊ ĐÔNG,BN HUB,2026-07-13 20:10:02,2026-07-11 15:58:48,2026-07-11 14:11:27,,Đang trên bãi,0.0,Shuttle,FC,Dispatch
530068340104,SG BÌNH TÂN,SG THỦ ĐỨC,SG THỦ ĐỨC,SG BÌNH TÂN,2026-07-13 20:10:01,2026-07-13 16:16:23,2026-07-13 15:57:01,,Đang trên bãi,5.05,Shuttle,FC,Forecast
530271390103,DT SA ĐÉC,LA TÂN AN,LA TÂN AN,DT SA ĐÉC,2026-07-13 20:09:59,2026-07-11 15:15:38,2026-07-11 13:41:34,,Đang trên bãi,10.0,Shuttle,FC,Forecast
530426810104,SG BÌNH TÂN,SG BÌNH TÂN,SG BÌNH TÂN,SG BÌNH TÂN,2026-07-13 20:09:57,2026-07-13 11:02:38,2026-07-13 10:37:07,,Đang trên bãi,5.05,Shuttle,FC,Forecast
530930670103,,BD DĨ AN,BD DĨ AN,BN HUB,2026-07-13 20:09:57,2026-07-11 15:54:32,2026-07-11 12:30:58,,Đang trên bãi,0.0,Shuttle,FC,Dispatch
530226500104,,SG THỦ ĐỨC,SG THỦ ĐỨC,BN HUB,2026-07-13 20:09:57,2026-07-11 16:55:47,2026-07-11 14:10:37,,Đang trên bãi,0.0,Shuttle,FC,Dispatch
530017810104,SG BÌNH TÂN,SG TÂN SƠN NHÌ,SG TÂN SƠN NHÌ,SG BÌNH TÂN,2026-07-13 20:09:56,2026-07-13 11:00:53,2026-07-13 10:37:04,,Đang trên bãi,5.05,Shuttle,FC,Forecast
530922410104,SG BÌNH TÂN,ST PHÚ LỢI,ST PHÚ LỢI,SG BÌNH TÂN,2026-07-13 20:09:56,2026-07-13 11:02:45,2026-07-13 10:37:09,,Đang trên bãi,5.05,Shuttle,FC,Forecast
530153930104,SG BÌNH TÂN,AG AN PHÚ,AG AN PHÚ,SG BÌNH TÂN,2026-07-13 20:09:55,2026-07-13 11:02:52,2026-07-13 10:37:07,,Đang trên bãi,5.05,Shuttle,FC,Forecast
530033560103,SG CHỢ LỚN,SG CHỢ LỚN,SG CHỢ LỚN,SG CHỢ LỚN,2026-07-13 20:09:54,2026-07-10 18:28:57,2026-07-09 22:24:36,,Đang trên bãi,15.0,Shuttle,FC,Inbound
530653140104,SG BÌNH TÂN,BD BÌNH HÒA,BD BÌNH HÒA,SG BÌNH TÂN,2026-07-13 20:09:51,2026-07-13 16:14:05,2026-07-13 15:57:00,,Đang trên bãi,5.05,Shuttle,FC,Forecast
530253730104,SG BÌNH TÂN,SG TÂN THỚI HIỆP,SG TÂN THỚI HIỆP,SG BÌNH TÂN,2026-07-13 20:09:50,2026-07-13 11:03:33,2026-07-13 10:37:06,,Đang trên bãi,5.05,Shuttle,FC,Forecast
530714900104,,CT NINH KIỀU,CT NINH KIỀU,BN HUB,2026-07-13 20:09:50,2026-07-11 16:12:31,2026-07-11 14:13:37,,Đang trên bãi,0.0,Shuttle,FC,Dispatch
530943940104,SG BÌNH TÂN,SG PHÚ NHUẬN,SG PHÚ NHUẬN,SG BÌNH TÂN,2026-07-13 20:09:50,2026-07-13 16:15:29,2026-07-13 15:57:01,,Đang trên bãi,5.05,Shuttle,FC,Forecast
530117810104,SG BÌNH TÂN,SG GÒ VẤP,SG GÒ VẤP,SG BÌNH TÂN,2026-07-13 20:09:48,2026-07-13 11:03:26,2026-07-13 10:37:07,,Đang trên bãi,5.05,Shuttle,FC,Forecast
530300700104,SG BÌNH TÂN,SG BÌNH TÂN,SG BÌNH TÂN,SG BÌNH TÂN,2026-07-13 20:09:47,2026-07-11 20:50:14,2026-07-11 12:28:32,2026-07-12 03:18:51,Đã rời HUB,10.26,Shuttle,FC,Forecast
530718860103,,BD BÌNH HÒA,BD BÌNH HÒA,BN HUB,2026-07-13 20:09:47,2026-07-11 15:52:46,2026-07-11 06:05:36,,Đang trên bãi,0.0,Shuttle,FC,Dispatch
530647540104,SG BÌNH TÂN,SG BÌNH LỢI TRUNG,SG BÌNH LỢI TRUNG,SG BÌNH TÂN,2026-07-13 20:09:47,2026-07-13 16:13:14,2026-07-13 15:56:59,,Đang trên bãi,5.05,Shuttle,FC,Forecast
530894790103,,SG TÂN HƯNG,SG TÂN HƯNG,BN HUB,2026-07-13 20:09:46,2026-07-11 16:55:23,2026-07-11 14:10:37,,Đang trên bãi,0.0,Shuttle,FC,Dispatch
530422530104,SG BÌNH TÂN,BD BÌNH HÒA,BD BÌNH HÒA,SG BÌNH TÂN,2026-07-13 20:09:45,2026-07-13 11:00:41,2026-07-13 10:37:05,,Đang trên bãi,5.05,Shuttle,FC,Forecast
530051540104,SG BÌNH TÂN,SG TÂN THỚI HIỆP,SG TÂN THỚI HIỆP,SG BÌNH TÂN,2026-07-13 20:09:45,2026-07-13 16:13:26,2026-07-13 15:57:00,,Đang trên bãi,5.05,Shuttle,FC,Forecast
530822410104,SG BÌNH TÂN,SG CHỢ LỚN,SG CHỢ LỚN,SG BÌNH TÂN,2026-07-13 20:09:42,2026-07-13 11:01:00,2026-07-13 10:37:04,,Đang trên bãi,5.05,Shuttle,FC,Forecast
530282270103,,VT VŨNG TÀU,VT VŨNG TÀU,BN HUB,2026-07-13 20:09:42,2026-07-11 16:59:11,2026-07-11 14:14:54,,Đang trên bãi,0.0,Shuttle,FC,Dispatch
530117190103,,LA BẾN LỨC,LA BẾN LỨC,BN HUB,2026-07-13 20:09:42,2026-07-11 14:42:05,2026-07-11 07:39:12,,Đang trên bãi,0.0,Shuttle,FC,Dispatch
530416220104,SG BÌNH TÂN,SG BÌNH LỢI TRUNG,SG BÌNH LỢI TRUNG,SG BÌNH TÂN,2026-07-13 20:09:41,2026-07-13 16:13:04,2026-07-13 15:56:59,,Đang trên bãi,5.05,Shuttle,FC,Forecast
530214240103,AG LONG XUYÊN,AG LONG XUYÊN,AG LONG XUYÊN,AG LONG XUYÊN,2026-07-13 20:09:40,2026-07-10 15:10:07,2026-07-09 19:36:17,,Đang trên bãi,5.4,Shuttle,FC,Dispatch
530044240103,,SG HIỆP BÌNH,SG HIỆP BÌNH,BN HUB,2026-07-13 20:09:39,2026-07-11 14:41:35,2026-07-10 07:18:38,,Đang trên bãi,0.0,Shuttle,FC,Dispatch
530804620104,SG BÌNH TÂN,SG BÀ ĐIỂM,SG BÀ ĐIỂM,SG BÌNH TÂN,2026-07-13 20:09:38,2026-07-13 16:13:38,2026-07-13 15:57:00,,Đang trên bãi,5.05,Shuttle,FC,Forecast
530928860103,,LA HẬU NGHĨA,LA HẬU NGHĨA,BN HUB,2026-07-13 20:09:37,2026-07-11 11:10:23,2026-07-11 06:59:40,,Đang trên bãi,0.0,Shuttle,FC,Dispatch
530815350103,DT SA ĐÉC,DT SA ĐÉC,DT SA ĐÉC,DT SA ĐÉC,2026-07-13 20:09:35,2026-07-10 10:02:32,2026-07-09 11:19:30,,Đang trên bãi,10.0,Shuttle,FC,Inbound
530834070103,,SG TÂN HƯNG,SG TÂN HƯNG,BN HUB,2026-07-13 20:09:35,2026-07-11 17:18:52,2026-07-11 13:11:29,,Đang trên bãi,0.0,Shuttle,FC,Dispatch
530426610104,SG BÌNH TÂN,SG THỦ ĐỨC,SG THỦ ĐỨC,SG BÌNH TÂN,2026-07-13 20:09:34,2026-07-13 11:02:06,2026-07-13 10:37:09,,Đang trên bãi,5.05,Shuttle,FC,Forecast
530658940104,SG BÌNH TÂN,SG BÌNH LỢI TRUNG,SG BÌNH LỢI TRUNG,SG BÌNH TÂN,2026-07-13 20:09:34,2026-07-13 16:14:19,2026-07-13 15:57:00,,Đang trên bãi,5.05,Shuttle,FC,Forecast
530971190103,,SG THỦ ĐỨC,SG THỦ ĐỨC,BN HUB,2026-07-13 20:09:33,2026-07-11 16:55:38,2026-07-11 14:10:52,,Đang trên bãi,0.0,Shuttle,FC,Dispatch
530829940104,SG BÌNH TÂN,BD BÌNH HÒA,BD BÌNH HÒA,SG BÌNH TÂN,2026-07-13 20:09:31,2026-07-13 16:12:44,2026-07-13 15:57:00,,Đang trên bãi,5.05,Shuttle,FC,Forecast
530553940104,SG BÌNH TÂN,BD DĨ AN,BD DĨ AN,SG BÌNH TÂN,2026-07-13 20:09:31,2026-07-13 16:14:21,2026-07-13 15:57:01,,Đang trên bãi,5.05,Shuttle,FC,Forecast
530109300104,BD DĨ AN,BD DĨ AN,BD DĨ AN,BD DĨ AN,2026-07-13 20:09:30,N/A,,2026-07-12 03:06:29,Đã rời HUB,0.0,Shuttle,FC,Inbound
530353270103,,VT XUYÊN MỘC,VT XUYÊN MỘC,BN HUB,2026-07-13 20:09:28,2026-07-11 16:12:49,2026-07-11 14:13:37,,Đang trên bãi,0.0,Shuttle,FC,Dispatch
530947540104,SG BÌNH TÂN,SG THỦ ĐỨC,SG THỦ ĐỨC,SG BÌNH TÂN,2026-07-13 20:09:28,2026-07-13 16:10:17,2026-07-13 16:01:42,,Đang trên bãi,5.05,Shuttle,FC,Forecast
530004500104,,BD BÌNH HÒA,BD BÌNH HÒA,BN HUB,2026-07-13 20:09:27,2026-07-11 16:12:57,2026-07-11 14:13:38,,Đang trên bãi,0.0,Shuttle,FC,Dispatch
530416620104,SG BÌNH TÂN,SG BÌNH TÂN,SG BÌNH TÂN,SG BÌNH TÂN,2026-07-13 20:09:27,2026-07-13 16:14:04,2026-07-13 15:57:00,,Đang trên bãi,5.05,Shuttle,FC,Forecast
530135820104,SG BÌNH TÂN,BN HUB,HN PHÚ DIỄN,SG BÌNH TÂN,2026-07-13 20:09:26,2026-07-13 16:10:25,2026-07-13 16:01:43,,Đang trên bãi,5.05,Linehaul,BN HUB,Forecast
530531360103,SG BÌNH TÂN,SG BÌNH TÂN,SG BÌNH TÂN,SG BÌNH TÂN,2026-07-13 20:09:25,2026-07-10 11:42:05,2026-07-09 22:14:06,,Đang trên bãi,8.0,Shuttle,FC,Dispatch
530567330104,SG BÌNH TÂN,TG TRUNG AN,TG TRUNG AN,SG BÌNH TÂN,2026-07-13 20:09:24,2026-07-13 11:00:51,2026-07-13 10:37:04,,Đang trên bãi,5.05,Shuttle,FC,Forecast
530438590103,,SG TÂN HƯNG,SG TÂN HƯNG,BN HUB,2026-07-13 20:09:24,2026-07-11 17:27:49,2026-07-11 06:38:04,,Đang trên bãi,0.0,Shuttle,FC,Dispatch
530753130104,SG BÌNH TÂN,TG TRUNG AN,TG TRUNG AN,SG BÌNH TÂN,2026-07-13 20:09:23,2026-07-13 11:04:46,2026-07-13 10:45:16,,Đang trên bãi,9.6,Shuttle,FC,Forecast
530522530104,SG BÌNH TÂN,BD BÌNH HÒA,BD BÌNH HÒA,SG BÌNH TÂN,2026-07-13 20:09:20,2026-07-13 11:02:50,2026-07-13 10:37:08,,Đang trên bãi,5.05,Shuttle,FC,Forecast
530282570103,,SG CỦ CHI,SG CỦ CHI,BN HUB,2026-07-13 20:09:20,2026-07-11 14:43:28,2026-07-10 14:12:55,,Đang trên bãi,0.0,Shuttle,FC,Dispatch
530891010103,BN HUB,BN HUB,HN HÀ ĐÔNG,BN HUB,2026-07-13 20:09:19,N/A,,,Đang trên bãi,0.0,Linehaul,BN HUB,Inbound
530315590103,,AG TÂN CHÂU,AG TÂN CHÂU,BN HUB,2026-07-13 20:09:19,2026-07-11 16:00:25,2026-07-11 05:44:45,,Đang trên bãi,0.0,Shuttle,FC,Dispatch
530828930104,SG BÌNH TÂN,DT SA ĐÉC,DT SA ĐÉC,SG BÌNH TÂN,2026-07-13 20:09:18,2026-07-13 11:04:57,2026-07-13 10:45:15,,Đang trên bãi,9.8,Shuttle,FC,Forecast
530124130104,SG BÌNH TÂN,SG CỦ CHI,SG CỦ CHI,SG BÌNH TÂN,2026-07-13 20:09:17,2026-07-13 11:02:47,2026-07-13 10:37:08,,Đang trên bãi,5.05,Shuttle,FC,Forecast
530422380103,,LA ĐỨC HÒA,LA ĐỨC HÒA,BN HUB,2026-07-13 20:09:16,2026-07-11 16:55:59,2026-07-10 13:59:41,,Đang trên bãi,0.0,Shuttle,FC,Dispatch
530647740104,SG BÌNH TÂN,CT NINH KIỀU,CT NINH KIỀU,SG BÌNH TÂN,2026-07-13 20:09:15,2026-07-13 16:12:54,2026-07-13 15:56:59,,Đang trên bãi,5.05,Shuttle,FC,Forecast
530365000104,LA TÂN AN,SG PHÚ LÂM,SG PHÚ LÂM,LA TÂN AN,2026-07-13 20:09:14,2026-07-13 14:10:22,2026-07-13 08:06:22,,Đang trên bãi,8.0,Shuttle,FC,Forecast
530030210104,SG BÌNH TÂN,TG TRUNG AN,TG TRUNG AN,SG BÌNH TÂN,2026-07-13 20:09:14,2026-07-13 11:04:34,2026-07-13 10:45:16,,Đang trên bãi,9.8,Shuttle,FC,Forecast
530844060103,,SG BÀ ĐIỂM,SG BÀ ĐIỂM,BN HUB,2026-07-13 20:09:13,2026-07-11 17:07:11,2026-07-11 07:39:12,,Đang trên bãi,0.0,Shuttle,FC,Dispatch
530635940104,SG BÌNH TÂN,3PL,SETN,SG BÌNH TÂN,2026-07-13 20:09:13,2026-07-13 16:14:26,2026-07-13 15:56:59,,Đang trên bãi,5.05,Shuttle,3PL,Forecast
530788330103,,SG NHƠN ĐỨC,SG NHƠN ĐỨC,BN HUB,2026-07-13 20:09:12,2026-07-11 14:43:04,2026-07-08 14:13:30,,Đang trên bãi,0.0,Shuttle,FC,Dispatch
530501410104,SG BÌNH TÂN,LA HẬU NGHĨA,LA HẬU NGHĨA,SG BÌNH TÂN,2026-07-13 20:09:11,2026-07-13 11:04:45,2026-07-13 10:45:15,,Đang trên bãi,9.8,Shuttle,FC,Forecast
530043320104,LA TÂN AN,BN HUB,HN LONG BIÊN,LA TÂN AN,2026-07-13 20:09:10,2026-07-13 14:10:42,2026-07-13 08:06:22,,Đang trên bãi,8.0,Linehaul,BN HUB,Forecast
530020420104,SG BÌNH TÂN,SG TÂN TẠO,SG TÂN TẠO,SG BÌNH TÂN,2026-07-13 20:09:10,2026-07-13 16:13:18,2026-07-13 15:56:59,,Đang trên bãi,5.05,Shuttle,FC,Forecast
530223210104,SG BÌNH TÂN,SG BÌNH LỢI,SG BÌNH LỢI,SG BÌNH TÂN,2026-07-13 20:09:08,2026-07-13 11:04:59,2026-07-13 10:45:16,,Đang trên bãi,9.8,Shuttle,FC,Forecast
530407010104,SG BÌNH TÂN,3PL,SETN,SG BÌNH TÂN,2026-07-13 20:09:07,2026-07-13 11:00:58,2026-07-13 10:37:05,,Đang trên bãi,5.05,Shuttle,3PL,Forecast
530821870103,,BD BÌNH HÒA,BD BÌNH HÒA,BN HUB,2026-07-13 20:09:07,2026-07-11 15:53:49,2026-07-11 13:25:19,,Đang trên bãi,0.0,Shuttle,FC,Dispatch
530726610104,SG BÌNH TÂN,SG PHÚ LÂM,SG PHÚ LÂM,SG BÌNH TÂN,2026-07-13 20:09:05,2026-07-13 11:04:55,2026-07-13 10:45:15,,Đang trên bãi,9.8,Shuttle,FC,Forecast
530924810104,SG BÌNH TÂN,SG CỦ CHI,SG CỦ CHI,SG BÌNH TÂN,2026-07-13 20:09:04,2026-07-13 11:02:16,2026-07-13 10:37:06,,Đang trên bãi,5.05,Shuttle,FC,Forecast
530977810104,LA TÂN AN,LA TÂN AN,LA TÂN AN,LA TÂN AN,2026-07-13 20:09:04,2026-07-13 16:34:13,2026-07-13 13:17:53,,Đang trên bãi,24.08,Shuttle,FC,Forecast
530928130104,SG BÌNH TÂN,VT LONG ĐẤT,VT LONG ĐẤT,SG BÌNH TÂN,2026-07-13 20:09:02,2026-07-13 11:04:51,2026-07-13 10:45:16,,Đang trên bãi,9.8,Shuttle,FC,Forecast
530758790103,,CT Ô MÔN,CT Ô MÔN,BN HUB,2026-07-13 20:09:02,2026-07-11 16:47:03,2026-07-11 11:13:59,,Đang trên bãi,0.0,Shuttle,FC,Dispatch
530528330104,SG BÌNH TÂN,LA BẾN LỨC,LA BẾN LỨC,SG BÌNH TÂN,2026-07-13 20:09:01,2026-07-13 11:02:13,2026-07-13 10:37:05,,Đang trên bãi,5.05,Shuttle,FC,Forecast
530811530104,SG BÌNH TÂN,SG BÀ ĐIỂM,SG BÀ ĐIỂM,SG BÌNH TÂN,2026-07-13 20:08:59,2026-07-13 11:02:13,2026-07-13 10:37:05,,Đang trên bãi,5.05,Shuttle,FC,Forecast
530818330104,SG BÌNH TÂN,BD BÌNH HÒA,BD BÌNH HÒA,SG BÌNH TÂN,2026-07-13 20:08:59,2026-07-13 11:05:01,2026-07-13 10:45:15,,Đang trên bãi,9.8,Shuttle,FC,Forecast
530417200104,LA TÂN AN,SG THỦ ĐỨC,SG THỦ ĐỨC,LA TÂN AN,2026-07-13 20:08:58,2026-07-13 16:41:31,2026-07-13 08:06:22,,Đang trên bãi,8.0,Shuttle,FC,Forecast
530366180103,,SG TÂN NHỰT,SG TÂN NHỰT,BN HUB,2026-07-13 20:08:58,2026-07-11 15:50:15,2026-07-11 06:05:36,,Đang trên bãi,0.0,Shuttle,FC,Dispatch
530615930104,SG BÌNH TÂN,SG PHÚ LÂM,SG PHÚ LÂM,SG BÌNH TÂN,2026-07-13 20:08:57,2026-07-13 11:04:56,2026-07-13 10:45:15,,Đang trên bãi,9.8,Shuttle,FC,Forecast
530991920104,SG BÌNH TÂN,BN HUB,HN NGỌC HỒI,SG BÌNH TÂN,2026-07-13 20:08:56,2026-07-13 10:58:31,2026-07-13 10:02:34,,Đang trên bãi,5.05,Linehaul,BN HUB,Forecast
530872330104,LA TÂN AN,BN HUB,HN ĐỐNG ĐA,LA TÂN AN,2026-07-13 20:08:55,2026-07-13 14:10:30,2026-07-13 13:13:03,,Đang trên bãi,6.0,Linehaul,BN HUB,Forecast
530507330104,SG BÌNH TÂN,SG BÌNH TÂN,SG BÌNH TÂN,SG BÌNH TÂN,2026-07-13 20:08:54,2026-07-13 10:59:13,2026-07-13 10:37:06,,Đang trên bãi,5.05,Shuttle,FC,Forecast
530718730104,SG BÌNH TÂN,SG BÌNH TÂN,SG BÌNH TÂN,SG BÌNH TÂN,2026-07-13 20:08:54,2026-07-13 11:04:40,2026-07-13 10:45:15,,Đang trên bãi,9.8,Shuttle,FC,Forecast
530758390103,,VL VĨNH LONG,VL VĨNH LONG,BN HUB,2026-07-13 20:08:53,2026-07-11 16:44:29,2026-07-11 11:13:59,,Đang trên bãi,0.0,Shuttle,FC,Dispatch
530857090103,LA TÂN AN,SG PHÚ LÂM,SG PHÚ LÂM,LA TÂN AN,2026-07-13 20:08:51,2026-07-13 14:10:15,2026-07-12 17:22:47,,Đang trên bãi,8.0,Shuttle,FC,Forecast
530315330104,SG BÌNH TÂN,BD DĨ AN,BD DĨ AN,SG BÌNH TÂN,2026-07-13 20:08:51,2026-07-13 11:01:02,2026-07-13 10:37:05,,Đang trên bãi,5.05,Shuttle,FC,Forecast
530562530104,SG BÌNH TÂN,SG CHỢ LỚN,SG CHỢ LỚN,SG BÌNH TÂN,2026-07-13 20:08:51,2026-07-13 11:04:32,2026-07-13 10:45:15,,Đang trên bãi,9.8,Shuttle,FC,Forecast
530653530104,SG BÌNH TÂN,SG PHÚ LÂM,SG PHÚ LÂM,SG BÌNH TÂN,2026-07-13 20:08:49,2026-07-13 11:04:28,2026-07-13 10:45:14,,Đang trên bãi,9.8,Shuttle,FC,Forecast
530509410104,SG BÌNH TÂN,SG BÀ ĐIỂM,SG BÀ ĐIỂM,SG BÌNH TÂN,2026-07-13 20:08:48,2026-07-13 11:04:38,2026-07-13 10:45:16,,Đang trên bãi,9.8,Shuttle,FC,Forecast
530926380103,,SG THỦ ĐỨC,SG THỦ ĐỨC,BN HUB,2026-07-13 20:08:48,2026-07-11 11:39:32,2026-07-10 21:04:34,,Đang trên bãi,0.0,Shuttle,FC,Dispatch
530190940104,SG BÌNH TÂN,SG BÌNH TÂN,SG BÌNH TÂN,SG BÌNH TÂN,2026-07-13 20:08:47,2026-07-13 16:13:05,2026-07-13 15:57:00,,Đang trên bãi,5.05,Shuttle,FC,Forecast
530128560103,,CT LONG MỸ,CT LONG MỸ,BN HUB,2026-07-13 20:08:46,2026-07-11 16:56:34,2026-07-09 15:08:02,,Đang trên bãi,0.0,Shuttle,FC,Dispatch
530433220104,SG BÌNH TÂN,SG TÂN HƯNG,SG TÂN HƯNG,SG BÌNH TÂN,2026-07-13 20:08:45,2026-07-13 16:14:09,2026-07-13 15:57:00,,Đang trên bãi,5.05,Shuttle,FC,Forecast
530867130104,SG BÌNH TÂN,SG HƯNG LONG,SG HƯNG LONG,SG BÌNH TÂN,2026-07-13 20:08:44,2026-07-13 11:04:28,2026-07-13 10:45:15,,Đang trên bãi,9.8,Shuttle,FC,Forecast
530543070103,,SG TÂN THỚI HIỆP,SG TÂN THỚI HIỆP,BN HUB,2026-07-13 20:08:43,2026-07-11 18:17:27,2026-07-11 13:33:14,,Đang trên bãi,0.0,Shuttle,FC,Dispatch
530509990103,LA ĐỨC HÒA,LA ĐỨC HÒA,LA ĐỨC HÒA,LA ĐỨC HÒA,2026-07-13 20:08:42,2026-07-11 16:01:39,2026-07-11 09:57:41,2026-07-11 22:18:05,Đã rời HUB,13.0,Shuttle,FC,Forecast
530062730104,SG BÌNH TÂN,SG CHỢ LỚN,SG CHỢ LỚN,SG BÌNH TÂN,2026-07-13 20:08:42,2026-07-13 11:00:55,2026-07-13 10:37:04,,Đang trên bãi,5.05,Shuttle,FC,Forecast
530030130104,SG BÌNH TÂN,CT NINH KIỀU,CT NINH KIỀU,SG BÌNH TÂN,2026-07-13 20:08:40,2026-07-13 11:02:02,2026-07-13 10:37:06,,Đang trên bãi,5.05,Shuttle,FC,Forecast
530822130104,SG BÌNH TÂN,DT TN,DT TN,SG BÌNH TÂN,2026-07-13 20:08:40,2026-07-13 11:04:40,2026-07-13 10:45:14,,Đang trên bãi,9.8,Shuttle,FC,Forecast
530851790103,,SG PHÚ NHUẬN,SG PHÚ NHUẬN,BN HUB,2026-07-13 20:08:39,2026-07-11 19:38:40,2026-07-11 13:28:59,,Đang trên bãi,0.0,Shuttle,FC,Dispatch
530030930104,SG BÌNH TÂN,SG CỦ CHI,SG CỦ CHI,SG BÌNH TÂN,2026-07-13 20:08:38,2026-07-13 11:02:51,2026-07-13 10:37:06,,Đang trên bãi,5.05,Shuttle,FC,Forecast
530315810104,SG BÌNH TÂN,VT LONG ĐẤT,VT LONG ĐẤT,SG BÌNH TÂN,2026-07-13 20:08:37,2026-07-13 11:01:01,2026-07-13 10:37:07,,Đang trên bãi,5.05,Shuttle,FC,Forecast
530438260103,,BD BẾN CÁT,BD BẾN CÁT,BN HUB,2026-07-13 20:08:36,2026-07-11 15:53:03,2026-07-11 06:05:36,,Đang trên bãi,0.0,Shuttle,FC,Dispatch
530254010103,SG VĨNH LỘC,SG VĨNH LỘC,SG VĨNH LỘC,SG VĨNH LỘC,2026-07-13 20:08:35,2026-07-08 18:15:14,2026-07-08 13:25:45,,Đang trên bãi,6.0,Shuttle,FC,Dispatch
530153730104,SG BÌNH TÂN,ST PHÚ LỢI,ST PHÚ LỢI,SG BÌNH TÂN,2026-07-13 20:08:35,2026-07-13 11:03:00,2026-07-13 10:37:06,,Đang trên bãi,5.05,Shuttle,FC,Forecast
530626590103,,SG TÂN THỚI HIỆP,SG TÂN THỚI HIỆP,BN HUB,2026-07-13 20:08:34,2026-07-11 09:53:36,2026-07-11 07:56:35,,Đang trên bãi,0.0,Shuttle,FC,Dispatch
530538460103,,SG GÒ VẤP,SG GÒ VẤP,BN HUB,2026-07-13 20:08:32,2026-07-11 14:55:30,2026-07-11 06:38:04,,Đang trên bãi,0.0,Shuttle,FC,Dispatch
530628130104,SG BÌNH TÂN,VL VĨNH LONG,VL VĨNH LONG,SG BÌNH TÂN,2026-07-13 20:08:31,2026-07-13 11:00:24,2026-07-13 10:37:09,,Đang trên bãi,5.05,Shuttle,FC,Forecast
530894220103,BN HUB,BN HUB,BN TỪ SƠN,BN HUB,2026-07-13 20:08:30,N/A,,2026-07-11 22:17:20,Đã rời HUB,0.0,Linehaul,BN HUB,Outbound
530924210104,SG BÌNH TÂN,VT CHÂU ĐỨC,VT CHÂU ĐỨC,SG BÌNH TÂN,2026-07-13 20:08:30,2026-07-13 11:03:17,2026-07-13 10:37:07,,Đang trên bãi,5.05,Shuttle,FC,Forecast
530511700104,,VT LONG ĐẤT,VT LONG ĐẤT,BN HUB,2026-07-13 20:08:29,2026-07-11 19:50:53,2026-07-11 16:13:06,,Đang trên bãi,0.0,Shuttle,FC,Dispatch
530911130104,SG BÌNH TÂN,SG BÌNH TÂN,SG BÌNH TÂN,SG BÌNH TÂN,2026-07-13 20:08:27,2026-07-13 11:03:27,2026-07-13 10:37:09,,Đang trên bãi,5.05,Shuttle,FC,Forecast
530712810104,SG BÌNH TÂN,BD BẾN CÁT,BD BẾN CÁT,SG BÌNH TÂN,2026-07-13 20:08:27,2026-07-13 11:02:18,2026-07-13 10:37:09,,Đang trên bãi,5.05,Shuttle,FC,Forecast
530069980103,CT BÌNH THỦY,CT BÌNH THỦY,CT BÌNH THỦY,CT BÌNH THỦY,2026-07-13 20:08:25,2026-07-11 10:57:56,2026-07-11 07:53:09,2026-07-12 03:04:36,Đã rời HUB,11.5,Shuttle,FC,Forecast
530301610104,SG BÌNH TÂN,CT BÌNH THỦY,CT BÌNH THỦY,SG BÌNH TÂN,2026-07-13 20:08:25,2026-07-13 11:02:43,2026-07-13 10:37:10,,Đang trên bãi,5.05,Shuttle,FC,Forecast
530517790103,,DT CAO LÃNH,DT CAO LÃNH,BN HUB,2026-07-13 20:08:24,2026-07-11 09:53:41,2026-07-11 07:56:35,,Đang trên bãi,0.0,Shuttle,FC,Dispatch
530610670103,,LA BẾN LỨC,LA BẾN LỨC,BN HUB,2026-07-13 20:08:24,2026-07-11 11:10:26,2026-07-11 06:59:40,,Đang trên bãi,0.0,Shuttle,FC,Dispatch
530647340104,SG BÌNH TÂN,SG CHỢ LỚN,SG CHỢ LỚN,SG BÌNH TÂN,2026-07-13 20:08:24,2026-07-13 16:13:22,2026-07-13 15:56:59,,Đang trên bãi,5.05,Shuttle,FC,Forecast
530747740104,SG BÌNH TÂN,BD BÌNH HÒA,BD BÌNH HÒA,SG BÌNH TÂN,2026-07-13 20:08:21,2026-07-13 16:15:26,2026-07-13 15:57:01,,Đang trên bãi,5.05,Shuttle,FC,Forecast
530024730104,SG BÌNH TÂN,SG PHÚ LÂM,SG PHÚ LÂM,SG BÌNH TÂN,2026-07-13 20:08:20,2026-07-13 11:00:56,2026-07-13 10:37:04,,Đang trên bãi,5.05,Shuttle,FC,Forecast
530802900104,,SG HIỆP BÌNH,SG HIỆP BÌNH,BN HUB,2026-07-13 20:08:19,2026-07-11 16:53:58,2026-07-11 14:10:37,,Đang trên bãi,0.0,Shuttle,FC,Dispatch
530539860103,CT BÌNH THỦY,CT BÌNH THỦY,CT BÌNH THỦY,CT BÌNH THỦY,2026-07-13 20:08:18,2026-07-11 10:57:40,2026-07-11 07:53:09,2026-07-12 03:04:12,Đã rời HUB,11.5,Shuttle,FC,Forecast
530299270103,,SG GÒ VẤP,SG GÒ VẤP,BN HUB,2026-07-13 20:08:18,2026-07-11 16:55:21,2026-07-11 14:10:36,,Đang trên bãi,0.0,Shuttle,FC,Dispatch
530660730104,SG BÌNH TÂN,CT NINH KIỀU,CT NINH KIỀU,SG BÌNH TÂN,2026-07-13 20:08:17,2026-07-13 11:02:26,2026-07-13 10:37:08,,Đang trên bãi,5.05,Shuttle,FC,Forecast
530546390103,,CT Ô MÔN,CT Ô MÔN,BN HUB,2026-07-13 20:08:16,2026-07-11 18:14:53,2026-07-11 10:25:59,,Đang trên bãi,0.0,Shuttle,FC,Dispatch
530116530104,SG BÌNH TÂN,BD DĨ AN,BD DĨ AN,SG BÌNH TÂN,2026-07-13 20:08:14,2026-07-13 11:00:40,2026-07-13 10:37:06,,Đang trên bãi,5.05,Shuttle,FC,Forecast
530305700104,,SG TÂN SƠN NHÌ,SG TÂN SƠN NHÌ,BN HUB,2026-07-13 20:08:14,2026-07-11 17:27:25,2026-07-11 15:09:34,,Đang trên bãi,0.0,Shuttle,FC,Dispatch
530277060103,SG CỦ CHI,SG CỦ CHI,SG CỦ CHI,SG CỦ CHI,2026-07-13 20:08:13,2026-07-11 11:28:48,2026-07-11 09:01:07,2026-07-11 22:15:40,Đã rời HUB,8.0,Shuttle,FC,Forecast
530428730104,SG BÌNH TÂN,SG CHỢ LỚN,SG CHỢ LỚN,SG BÌNH TÂN,2026-07-13 20:08:13,2026-07-13 11:01:05,2026-07-13 10:37:04,,Đang trên bãi,5.05,Shuttle,FC,Forecast
530032930104,SG BÌNH TÂN,SG NHƠN ĐỨC,SG NHƠN ĐỨC,SG BÌNH TÂN,2026-07-13 20:08:12,2026-07-13 11:03:21,2026-07-13 10:37:05,,Đang trên bãi,5.05,Shuttle,FC,Forecast
530124930104,SG BÌNH TÂN,AG AN PHÚ,AG AN PHÚ,SG BÌNH TÂN,2026-07-13 20:08:10,2026-07-13 11:03:01,2026-07-13 10:37:07,,Đang trên bãi,5.05,Shuttle,FC,Forecast
530415530104,SG BÌNH TÂN,SG TÂN HƯNG,SG TÂN HƯNG,SG BÌNH TÂN,2026-07-13 20:08:09,2026-07-13 11:03:17,2026-07-13 10:37:07,,Đang trên bãi,5.05,Shuttle,FC,Forecast
530415910103,SG CỦ CHI,SG CỦ CHI,SG CỦ CHI,SG CỦ CHI,2026-07-13 20:08:08,2026-07-10 08:20:35,2026-07-07 10:08:32,2026-07-12 03:03:46,Đã rời HUB,8.41,Shuttle,FC,Inbound
530552980103,,BD BÌNH HÒA,BD BÌNH HÒA,BN HUB,2026-07-13 20:08:08,2026-07-11 15:53:15,2026-07-11 06:05:36,,Đang trên bãi,0.0,Shuttle,FC,Dispatch
530109810104,SG BÌNH TÂN,CT BÌNH THỦY,CT BÌNH THỦY,SG BÌNH TÂN,2026-07-13 20:08:07,2026-07-13 11:02:07,2026-07-13 10:37:08,,Đang trên bãi,5.05,Shuttle,FC,Forecast
530615530104,SG BÌNH TÂN,LA BẾN LỨC,LA BẾN LỨC,SG BÌNH TÂN,2026-07-13 20:08:06,2026-07-13 11:04:43,2026-07-13 10:45:15,,Đang trên bãi,9.8,Shuttle,FC,Forecast
530002470103,,CT Ô MÔN,CT Ô MÔN,BN HUB,2026-07-13 20:08:05,2026-07-11 16:08:52,2026-07-11 09:29:20,,Đang trên bãi,0.0,Shuttle,FC,Dispatch
530428930104,SG BÌNH TÂN,CT BÌNH THỦY,CT BÌNH THỦY,SG BÌNH TÂN,2026-07-13 20:08:04,2026-07-13 11:02:32,2026-07-13 10:37:09,,Đang trên bãi,5.05,Shuttle,FC,Forecast
530715610104,SG BÌNH TÂN,DT TN,DT TN,SG BÌNH TÂN,2026-07-13 20:08:02,2026-07-13 11:04:58,2026-07-13 10:45:16,,Đang trên bãi,9.8,Shuttle,FC,Forecast
200010313565004,,BN HUB,VP VĨNH YÊN,LA BYD,2026-07-13 20:08:02,,,,Đang trên bãi,0.0,Linehaul,BN HUB,Inbound
530148100104,,SG BÌNH TÂN,SG BÌNH TÂN,BN HUB,2026-07-13 20:08:01,2026-07-11 14:56:22,2026-07-11 14:32:42,,Đang trên bãi,0.0,Shuttle,FC,Dispatch
200010313565002,,BN HUB,VP VĨNH YÊN,LA BYD,2026-07-13 20:08:01,,,,Đang trên bãi,0.0,Linehaul,BN HUB,Inbound
530724810104,SG BÌNH TÂN,ST VĨNH CHÂU,ST VĨNH CHÂU,SG BÌNH TÂN,2026-07-13 20:08:00,2026-07-13 11:00:53,2026-07-13 10:37:07,,Đang trên bãi,5.05,Shuttle,FC,Forecast
200010313565,LA BYD,BN HUB,VP VĨNH YÊN,LA BYD,2026-07-13 20:07:59,2026-07-13 19:56:52,2026-07-13 19:41:54,,Đang trên bãi,34.76,Linehaul,BN HUB,Dispatch
530026330104,SG BÌNH TÂN,SG TÂN NHỰT,SG TÂN NHỰT,SG BÌNH TÂN,2026-07-13 20:07:58,2026-07-13 11:00:50,2026-07-13 10:37:06,,Đang trên bãi,5.05,Shuttle,FC,Forecast
530562930104,SG BÌNH TÂN,SG PHÚ LÂM,SG PHÚ LÂM,SG BÌNH TÂN,2026-07-13 20:07:58,2026-07-13 11:04:35,2026-07-13 10:45:15,,Đang trên bãi,9.8,Shuttle,FC,Forecast
530519530104,LA TÂN AN,SG BÀ ĐIỂM,SG BÀ ĐIỂM,LA TÂN AN,2026-07-13 20:07:58,2026-07-13 14:10:38,2026-07-13 11:16:44,,Đang trên bãi,10.0,Shuttle,FC,Forecast
530755650103,,BD BÌNH HÒA,BD BÌNH HÒA,BN HUB,2026-07-13 20:07:57,2026-07-10 18:49:44,2026-07-10 14:28:47,,Đang trên bãi,0.0,Shuttle,FC,Dispatch
530033490103,LA TÂN AN,SG PHÚ LÂM,SG PHÚ LÂM,LA TÂN AN,2026-07-13 20:07:56,2026-07-13 14:10:37,2026-07-12 18:19:46,,Đang trên bãi,8.0,Shuttle,FC,Forecast
530710010104,SG BÌNH TÂN,3PL,SETN,SG BÌNH TÂN,2026-07-13 20:07:56,2026-07-13 11:01:25,2026-07-13 10:37:05,,Đang trên bãi,5.05,Shuttle,3PL,Forecast
530123610104,SG BÌNH TÂN,BD BÌNH HÒA,BD BÌNH HÒA,SG BÌNH TÂN,2026-07-13 20:07:56,2026-07-13 11:04:31,2026-07-13 10:45:16,,Đang trên bãi,9.8,Shuttle,FC,Forecast
530184650103,,SG GÒ VẤP,SG GÒ VẤP,BN HUB,2026-07-13 20:07:54,2026-07-11 15:54:32,2026-07-10 15:14:36,,Đang trên bãi,0.0,Shuttle,FC,Dispatch
530127460103,,SG BÌNH LỢI,SG BÌNH LỢI,BN HUB,2026-07-13 20:07:54,2026-07-11 17:27:01,2026-07-11 06:38:05,,Đang trên bãi,0.0,Shuttle,FC,Dispatch
530124730104,SG BÌNH TÂN,SG TÂN THỚI HIỆP,SG TÂN THỚI HIỆP,SG BÌNH TÂN,2026-07-13 20:07:53,2026-07-13 11:02:48,2026-07-13 10:37:06,,Đang trên bãi,5.05,Shuttle,FC,Forecast
530031330104,LA TÂN AN,SG BÌNH TRỊ ĐÔNG,SG BÌNH TRỊ ĐÔNG,LA TÂN AN,2026-07-13 20:07:53,2026-07-13 16:41:20,2026-07-13 11:16:43,,Đang trên bãi,8.0,Shuttle,FC,Forecast
200010313565003,,BN HUB,VP VĨNH YÊN,LA BYD,2026-07-13 20:07:53,,,,Đang trên bãi,0.0,Linehaul,BN HUB,Inbound
530318420104,SG BÌNH TÂN,VT VŨNG TÀU,VT VŨNG TÀU,SG BÌNH TÂN,2026-07-13 20:07:52,2026-07-13 16:13:20,2026-07-13 15:56:59,,Đang trên bãi,5.05,Shuttle,FC,Forecast
530421520104,LA BẾN LỨC,SG PHÚ LÂM,SG PHÚ LÂM,LA BẾN LỨC,2026-07-13 20:07:51,2026-07-13 11:42:54,2026-07-13 07:38:34,,Đang trên bãi,5.47,Shuttle,FC,Forecast
530810410104,SG BÌNH TÂN,SG CHỢ LỚN,SG CHỢ LỚN,SG BÌNH TÂN,2026-07-13 20:07:51,2026-07-13 11:02:49,2026-07-13 10:37:05,,Đang trên bãi,5.05,Shuttle,FC,Forecast
530909870103,,VL CHỢ LÁCH,VL CHỢ LÁCH,BN HUB,2026-07-13 20:07:50,2026-07-11 15:53:27,2026-07-11 12:30:58,,Đang trên bãi,0.0,Shuttle,FC,Dispatch
530709620104,SG BÌNH TÂN,SG GÒ VẤP,SG GÒ VẤP,SG BÌNH TÂN,2026-07-13 20:07:50,2026-07-13 16:10:31,2026-07-13 16:01:42,,Đang trên bãi,5.05,Shuttle,FC,Forecast
530644320104,LA BẾN LỨC,CT NINH KIỀU,CT NINH KIỀU,LA BẾN LỨC,2026-07-13 20:07:48,2026-07-13 16:58:08,2026-07-13 08:02:59,,Đang trên bãi,10.0,Shuttle,FC,Forecast
530904020104,SG BÌNH TÂN,LA ĐỨC HÒA,LA ĐỨC HÒA,SG BÌNH TÂN,2026-07-13 20:07:48,2026-07-13 16:15:47,2026-07-13 15:57:00,,Đang trên bãi,5.05,Shuttle,FC,Forecast
530013000104,LA BẾN LỨC,LA BẾN LỨC,LA BẾN LỨC,LA BẾN LỨC,2026-07-13 20:07:47,2026-07-13 11:42:00,2026-07-13 07:37:30,,Đang trên bãi,13.86,Shuttle,FC,Forecast
200009977024,LA BYD,SG AN LẠC,SG AN LẠC,LA BYD,2026-07-13 20:07:47,2026-07-13 19:57:57,2026-07-13 18:29:18,,Đang trên bãi,2.8,Shuttle,FC,Forecast
530299470103,,SG TÂN THỚI HIỆP,SG TÂN THỚI HIỆP,BN HUB,2026-07-13 20:07:46,2026-07-11 16:54:45,2026-07-11 14:10:37,,Đang trên bãi,0.0,Shuttle,FC,Dispatch
530639850103,,SG BÌNH TRỊ ĐÔNG,SG BÌNH TRỊ ĐÔNG,BN HUB,2026-07-13 20:07:46,2026-07-11 14:41:51,2026-07-10 14:12:56,,Đang trên bãi,0.0,Shuttle,FC,Dispatch
530416020104,SG BÌNH TÂN,SG ĐÔNG HƯNG THUẬN,SG ĐÔNG HƯNG THUẬN,SG BÌNH TÂN,2026-07-13 20:07:46,2026-07-13 16:13:07,2026-07-13 15:56:59,,Đang trên bãi,5.05,Shuttle,FC,Forecast
530412220104,SG BÌNH TÂN,BD BÌNH HÒA,BD BÌNH HÒA,SG BÌNH TÂN,2026-07-13 20:07:46,2026-07-13 16:12:06,2026-07-13 16:01:42,,Đang trên bãi,5.05,Shuttle,FC,Forecast
200009786912,LA BYD,TG TRUNG AN,TG TRUNG AN,LA BYD,2026-07-13 20:07:46,2026-07-13 19:57:54,2026-07-13 18:35:13,,Đang trên bãi,1.33,Shuttle,FC,Forecast
530459270103,,SG TÂN HƯNG,SG TÂN HƯNG,BN HUB,2026-07-13 20:07:44,2026-07-11 16:11:55,2026-07-11 14:13:37,,Đang trên bãi,0.0,Shuttle,FC,Dispatch
200010216591,LA BYD,BN HUB,HN LONG BIÊN,LA BYD,2026-07-13 20:07:44,2026-07-13 19:57:59,2026-07-13 18:26:42,,Đang trên bãi,1.0,Linehaul,BN HUB,Forecast
530315130104,SG BÌNH TÂN,DT CAO LÃNH,DT CAO LÃNH,SG BÌNH TÂN,2026-07-13 20:07:43,2026-07-13 11:00:59,2026-07-13 10:37:04,,Đang trên bãi,5.05,Shuttle,FC,Forecast
200011343026,LA BYD,SG CHỢ LỚN,SG CHỢ LỚN,LA BYD,2026-07-13 20:07:43,2026-07-13 19:57:30,2026-07-13 18:31:45,,Đang trên bãi,0.25,Shuttle,FC,Forecast
530351920104,LA BẾN LỨC,SG BẢY HIỀN,SG BẢY HIỀN,LA BẾN LỨC,2026-07-13 20:07:42,2026-07-13 12:24:44,2026-07-13 07:32:46,,Đang trên bãi,6.0,Shuttle,FC,Forecast
200010653553,LA BYD,SG CHỢ LỚN,SG CHỢ LỚN,LA BYD,2026-07-13 20:07:42,2026-07-13 19:57:33,2026-07-13 18:33:44,,Đang trên bãi,0.1,Shuttle,FC,Forecast
530201200104,LA BẾN LỨC,BN HUB,BG BẮC GIANG,LA BẾN LỨC,2026-07-13 20:07:41,2026-07-13 12:24:33,2026-07-13 07:32:47,,Đang trên bãi,5.5,Linehaul,BN HUB,Forecast
530852580103,,SG THỦ ĐỨC,SG THỦ ĐỨC,BN HUB,2026-07-13 20:07:41,2026-07-11 11:25:40,2026-07-11 06:59:02,,Đang trên bãi,0.0,Shuttle,FC,Dispatch
530929540104,SG BÌNH TÂN,VL VĨNH LONG,VL VĨNH LONG,SG BÌNH TÂN,2026-07-13 20:07:41,2026-07-13 16:14:28,2026-07-13 15:57:00,,Đang trên bãi,5.05,Shuttle,FC,Forecast
530062340104,SG BÌNH TÂN,3PL,SETN,SG BÌNH TÂN,2026-07-13 20:07:41,2026-07-13 16:14:31,2026-07-13 15:57:01,,Đang trên bãi,5.05,Shuttle,3PL,Forecast
200011150905,LA BYD,SG TÂN THỚI HIỆP,SG TÂN THỚI HIỆP,LA BYD,2026-07-13 20:07:40,2026-07-13 19:57:28,2026-07-13 18:30:35,,Đang trên bãi,1.26,Shuttle,FC,Forecast
530051140104,SG BÌNH TÂN,DT CAO LÃNH,DT CAO LÃNH,SG BÌNH TÂN,2026-07-13 20:07:38,2026-07-13 16:13:11,2026-07-13 15:57:00,,Đang trên bãi,5.05,Shuttle,FC,Forecast
200010998849,LA BYD,SG CHỢ LỚN,SG CHỢ LỚN,LA BYD,2026-07-13 20:07:38,2026-07-13 19:57:36,2026-07-13 18:36:25,,Đang trên bãi,1.26,Shuttle,FC,Forecast
530407930104,SG BÌNH TÂN,AG TÂN CHÂU,AG TÂN CHÂU,SG BÌNH TÂN,2026-07-13 20:07:37,2026-07-13 11:03:31,2026-07-13 10:37:08,,Đang trên bãi,5.05,Shuttle,FC,Forecast
530926660103,,SG THỦ ĐỨC,SG THỦ ĐỨC,BN HUB,2026-07-13 20:07:37,2026-07-11 15:57:57,2026-07-11 05:44:45,,Đang trên bãi,0.0,Shuttle,FC,Dispatch
530521400104,LA TÂN AN,BN HUB,HN HÀ ĐÔNG,LA TÂN AN,2026-07-13 20:07:36,2026-07-13 14:10:26,2026-07-13 08:06:22,,Đang trên bãi,8.0,Linehaul,BN HUB,Forecast
530868330104,LA BẾN LỨC,AG AN PHÚ,AG AN PHÚ,LA BẾN LỨC,2026-07-13 20:07:36,2026-07-13 12:19:25,2026-07-13 11:03:51,,Đang trên bãi,11.0,Shuttle,FC,Forecast
200009759065,LA BYD,BN HUB,HN LONG BIÊN,LA BYD,2026-07-13 20:07:36,2026-07-13 19:57:40,2026-07-13 18:38:45,,Đang trên bãi,0.53,Linehaul,BN HUB,Forecast
530023010104,SG BÌNH TÂN,SG TÂN THỚI HIỆP,SG TÂN THỚI HIỆP,SG BÌNH TÂN,2026-07-13 20:07:35,2026-07-13 11:03:32,2026-07-13 10:37:06,,Đang trên bãi,5.05,Shuttle,FC,Forecast
530282770103,,SG HIỆP BÌNH,SG HIỆP BÌNH,BN HUB,2026-07-13 20:07:35,2026-07-11 14:42:58,2026-07-10 14:12:56,,Đang trên bãi,0.0,Shuttle,FC,Dispatch
200010595156,LA BYD,SG TÂN HƯNG,SG TÂN HƯNG,LA BYD,2026-07-13 20:07:35,2026-07-13 19:58:05,2026-07-13 18:40:19,,Đang trên bãi,0.03,Shuttle,FC,Forecast
530030730104,SG BÌNH TÂN,SG XUÂN HÒA,SG XUÂN HÒA,SG BÌNH TÂN,2026-07-13 20:07:33,2026-07-13 11:02:34,2026-07-13 10:37:05,,Đang trên bãi,5.05,Shuttle,FC,Forecast
530660330104,SG BÌNH TÂN,SG GÒ VẤP,SG GÒ VẤP,SG BÌNH TÂN,2026-07-13 20:07:33,2026-07-13 12:43:43,2026-07-13 10:37:07,,Đang trên bãi,5.05,Shuttle,FC,Forecast
530896290103,LA BẾN LỨC,BN HUB,HN THUẬN AN,LA BẾN LỨC,2026-07-13 20:07:31,2026-07-13 12:24:40,2026-07-13 07:32:47,,Đang trên bãi,12.0,Linehaul,BN HUB,Forecast
530237010104,LA TÂN AN,BN HUB,HN HẠ BẰNG,LA TÂN AN,2026-07-13 20:07:31,2026-07-13 14:10:18,2026-07-13 10:04:50,,Đang trên bãi,6.0,Linehaul,BN HUB,Forecast
530601010104,SG BÌNH TÂN,SG TÂN HƯNG,SG TÂN HƯNG,SG BÌNH TÂN,2026-07-13 20:07:30,2026-07-13 11:06:10,2026-07-13 10:47:51,,Đang trên bãi,5.05,Shuttle,FC,Forecast
530779050103,,SG TÂN HƯNG,SG TÂN HƯNG,BN HUB,2026-07-13 20:07:30,2026-07-11 11:50:48,2026-07-10 17:08:57,,Đang trên bãi,0.0,Shuttle,FC,Dispatch
530659520104,LA BẾN LỨC,SG THỦ ĐỨC,SG THỦ ĐỨC,LA BẾN LỨC,2026-07-13 20:07:28,2026-07-13 16:59:39,2026-07-13 08:03:00,,Đang trên bãi,5.5,Shuttle,FC,Forecast
530507210104,SG BÌNH TÂN,SG THỦ ĐỨC,SG THỦ ĐỨC,SG BÌNH TÂN,2026-07-13 20:07:28,2026-07-13 11:03:22,2026-07-13 10:37:07,,Đang trên bãi,5.05,Shuttle,FC,Forecast
530815610104,SG BÌNH TÂN,DT CAO LÃNH,DT CAO LÃNH,SG BÌNH TÂN,2026-07-13 20:07:28,2026-07-13 11:06:27,2026-07-13 10:47:51,,Đang trên bãi,5.05,Shuttle,FC,Forecast
530219600104,LA BẾN LỨC,LA BẾN LỨC,LA BẾN LỨC,LA BẾN LỨC,2026-07-13 20:07:27,2026-07-13 16:59:46,2026-07-13 08:03:00,,Đang trên bãi,5.5,Shuttle,FC,Forecast
530429930104,SG BÌNH TÂN,SG GÒ VẤP,SG GÒ VẤP,SG BÌNH TÂN,2026-07-13 20:07:26,2026-07-13 11:13:58,2026-07-13 10:54:31,,Đang trên bãi,5.05,Shuttle,FC,Forecast
530132130104,SG BÌNH TÂN,SG GÒ VẤP,SG GÒ VẤP,SG BÌNH TÂN,2026-07-13 20:07:25,2026-07-13 11:03:25,2026-07-13 10:37:06,,Đang trên bãi,5.05,Shuttle,FC,Forecast
530615590103,,VL VĨNH LONG,VL VĨNH LONG,BN HUB,2026-07-13 20:07:25,2026-07-11 14:57:55,2026-07-11 06:38:04,,Đang trên bãi,0.0,Shuttle,FC,Dispatch
200009699728,LA BYD,BN HUB,BG BẮC GIANG,LA BYD,2026-07-13 20:07:25,2026-07-13 19:57:24,2026-07-13 19:29:42,,Đang trên bãi,3.6,Linehaul,BN HUB,Dispatch
530240200104,LA BẾN LỨC,BN HUB,VP VĨNH YÊN,LA BẾN LỨC,2026-07-13 20:07:23,2026-07-13 17:02:02,2026-07-13 08:02:59,,Đang trên bãi,5.5,Linehaul,BN HUB,Forecast
530209610104,SG BÌNH TÂN,BD DĨ AN,BD DĨ AN,SG BÌNH TÂN,2026-07-13 20:07:23,2026-07-13 11:02:57,2026-07-13 10:37:05,,Đang trên bãi,5.05,Shuttle,FC,Forecast
530111810104,SG BÌNH TÂN,SG BÌNH LỢI TRUNG,SG BÌNH LỢI TRUNG,SG BÌNH TÂN,2026-07-13 20:07:23,2026-07-13 11:06:29,2026-07-13 10:47:52,,Đang trên bãi,5.05,Shuttle,FC,Forecast
530964000104,LA BẾN LỨC,BN HUB,THN THÁI NGUYÊN,LA BẾN LỨC,2026-07-13 20:07:22,2026-07-13 16:56:44,2026-07-13 08:02:59,,Đang trên bãi,8.0,Linehaul,BN HUB,Forecast
200010451975,LA BYD,BN HUB,BG BẮC GIANG,LA BYD,2026-07-13 20:07:22,2026-07-13 19:57:22,2026-07-13 19:30:59,,Đang trên bãi,21.0,Linehaul,BN HUB,Dispatch
530562730104,SG BÌNH TÂN,VT VŨNG TÀU,VT VŨNG TÀU,SG BÌNH TÂN,2026-07-13 20:07:21,2026-07-13 11:04:27,2026-07-13 10:45:15,,Đang trên bãi,9.8,Shuttle,FC,Forecast
530447670103,,DT SA ĐÉC,DT SA ĐÉC,BN HUB,2026-07-13 20:07:21,2026-07-11 23:30:02,2026-07-11 13:51:56,,Đang trên bãi,0.0,Shuttle,FC,Dispatch
530126730104,SG BÌNH TÂN,SG GÒ VẤP,SG GÒ VẤP,SG BÌNH TÂN,2026-07-13 20:07:20,2026-07-13 11:02:30,2026-07-13 10:37:07,,Đang trên bãi,5.05,Shuttle,FC,Forecast
530011610104,SG BÌNH TÂN,SG BÌNH TÂN,SG BÌNH TÂN,SG BÌNH TÂN,2026-07-13 20:07:19,2026-07-13 11:04:52,2026-07-13 10:45:16,,Đang trên bãi,9.8,Shuttle,FC,Forecast
530940720104,LA BẾN LỨC,VT CHÂU ĐỨC,VT CHÂU ĐỨC,LA BẾN LỨC,2026-07-13 20:07:18,2026-07-13 16:55:06,2026-07-13 08:03:00,,Đang trên bãi,5.5,Shuttle,FC,Forecast
530964400104,LA BẾN LỨC,BN HUB,HN THUẬN AN,LA BẾN LỨC,2026-07-13 20:07:18,2026-07-13 17:02:25,2026-07-13 08:03:00,,Đang trên bãi,5.5,Linehaul,BN HUB,Forecast
530467980103,,SG NHƠN ĐỨC,SG NHƠN ĐỨC,BN HUB,2026-07-13 20:07:18,2026-07-11 09:21:02,2026-07-11 08:04:36,,Đang trên bãi,0.0,Shuttle,FC,Dispatch
530526410104,SG BÌNH TÂN,SG GÒ VẤP,SG GÒ VẤP,SG BÌNH TÂN,2026-07-13 20:07:16,2026-07-13 11:02:36,2026-07-13 10:37:05,,Đang trên bãi,5.05,Shuttle,FC,Forecast
530728930104,SG BÌNH TÂN,DT CAO LÃNH,DT CAO LÃNH,SG BÌNH TÂN,2026-07-13 20:07:16,2026-07-13 11:04:30,2026-07-13 10:45:15,,Đang trên bãi,9.8,Shuttle,FC,Forecast
530136800104,LA BẾN LỨC,LA HẬU NGHĨA,LA HẬU NGHĨA,LA BẾN LỨC,2026-07-13 20:07:14,2026-07-13 16:57:46,2026-07-13 08:03:00,,Đang trên bãi,10.0,Shuttle,FC,Forecast
530644120104,LA BẾN LỨC,BN HUB,HY PHỐ HIẾN,LA BẾN LỨC,2026-07-13 20:07:14,2026-07-13 16:57:58,2026-07-13 08:02:59,,Đang trên bãi,10.0,Linehaul,BN HUB,Forecast
530812210104,SG BÌNH TÂN,SG GÒ VẤP,SG GÒ VẤP,SG BÌNH TÂN,2026-07-13 20:07:13,2026-07-13 11:03:29,2026-07-13 10:37:05,,Đang trên bãi,5.05,Shuttle,FC,Forecast
530426330104,SG BÌNH TÂN,VT CHÂU ĐỨC,VT CHÂU ĐỨC,SG BÌNH TÂN,2026-07-13 20:07:11,2026-07-13 11:04:51,2026-07-13 10:45:16,,Đang trên bãi,9.8,Shuttle,FC,Forecast
530239990103,,SG CHỢ LỚN,SG CHỢ LỚN,BN HUB,2026-07-13 20:07:11,2026-07-11 14:42:00,2026-07-11 07:39:12,,Đang trên bãi,0.0,Shuttle,FC,Dispatch
530924010104,SG BÌNH TÂN,SG CHỢ LỚN,SG CHỢ LỚN,SG BÌNH TÂN,2026-07-13 20:07:10,2026-07-13 11:03:30,2026-07-13 10:37:07,,Đang trên bãi,5.05,Shuttle,FC,Forecast
530434520104,LA BẾN LỨC,BN HUB,HN SƠN TÂY,LA BẾN LỨC,2026-07-13 20:07:09,2026-07-13 12:24:35,2026-07-13 07:32:58,,Đang trên bãi,10.5,Linehaul,BN HUB,Forecast
530911920104,LA BẾN LỨC,VL CHỢ LÁCH,VL CHỢ LÁCH,LA BẾN LỨC,2026-07-13 20:07:09,2026-07-13 12:24:38,2026-07-13 07:32:47,,Đang trên bãi,6.3,Shuttle,FC,Forecast
530828330104,SG BÌNH TÂN,SG NHƠN ĐỨC,SG NHƠN ĐỨC,SG BÌNH TÂN,2026-07-13 20:07:09,2026-07-13 11:04:23,2026-07-13 10:45:15,,Đang trên bãi,9.8,Shuttle,FC,Forecast
530918330104,SG BÌNH TÂN,TG TRUNG AN,TG TRUNG AN,SG BÌNH TÂN,2026-07-13 20:07:07,2026-07-13 11:06:19,2026-07-13 10:47:54,,Đang trên bãi,5.05,Shuttle,FC,Forecast
530079780103,,SG GÒ VẤP,SG GÒ VẤP,BN HUB,2026-07-13 20:07:07,2026-07-11 14:43:08,2026-07-10 16:18:42,,Đang trên bãi,0.0,Shuttle,FC,Dispatch
530157000104,LA BẾN LỨC,BN HUB,HN SÓC SƠN,LA BẾN LỨC,2026-07-13 20:07:06,2026-07-13 16:57:39,2026-07-13 08:02:59,,Đang trên bãi,10.0,Linehaul,BN HUB,Forecast
530767930104,SG BÌNH TÂN,CT NINH KIỀU,CT NINH KIỀU,SG BÌNH TÂN,2026-07-13 20:07:06,2026-07-13 11:04:21,2026-07-13 10:45:15,,Đang trên bãi,9.8,Shuttle,FC,Forecast
530509610104,SG BÌNH TÂN,LA HẬU NGHĨA,LA HẬU NGHĨA,SG BÌNH TÂN,2026-07-13 20:07:04,2026-07-13 11:04:16,2026-07-13 10:45:15,,Đang trên bãi,9.8,Shuttle,FC,Forecast
530967530104,SG BÌNH TÂN,AG LONG XUYÊN,AG LONG XUYÊN,SG BÌNH TÂN,2026-07-13 20:07:04,2026-07-13 11:06:19,2026-07-13 10:47:51,,Đang trên bãi,5.05,Shuttle,FC,Forecast
530066380103,,SG ĐÔNG HƯNG THUẬN,SG ĐÔNG HƯNG THUẬN,BN HUB,2026-07-13 20:07:04,2026-07-11 11:47:03,2026-07-11 01:58:18,,Đang trên bãi,0.0,Shuttle,FC,Dispatch
530202740104,LA BẾN LỨC,BN HUB,HN PHÚ DIỄN,LA BẾN LỨC,2026-07-13 20:07:04,2026-07-13 17:00:21,2026-07-13 14:01:24,,Đang trên bãi,5.5,Linehaul,BN HUB,Forecast
530832400104,LA BẾN LỨC,BD BÌNH HÒA,BD BÌNH HÒA,LA BẾN LỨC,2026-07-13 20:07:02,2026-07-13 16:59:50,2026-07-13 08:02:59,,Đang trên bãi,6.5,Shuttle,FC,Forecast
530828530104,SG BÌNH TÂN,LA TÂN AN,LA TÂN AN,SG BÌNH TÂN,2026-07-13 20:07:01,2026-07-13 11:04:09,2026-07-13 10:45:14,,Đang trên bãi,9.8,Shuttle,FC,Forecast
530926810104,SG BÌNH TÂN,LA BẾN LỨC,LA BẾN LỨC,SG BÌNH TÂN,2026-07-13 20:07:01,2026-07-13 11:07:36,2026-07-13 10:47:52,,Đang trên bãi,5.05,Shuttle,FC,Forecast
530732860103,,LA ĐỨC HÒA,LA ĐỨC HÒA,BN HUB,2026-07-13 20:07:00,2026-07-11 11:11:29,2026-07-11 07:00:18,,Đang trên bãi,0.0,Shuttle,FC,Dispatch
530333740104,LA BẾN LỨC,SG ĐÔNG HƯNG THUẬN,SG ĐÔNG HƯNG THUẬN,LA BẾN LỨC,2026-07-13 20:07:00,2026-07-13 16:59:58,2026-07-13 14:01:24,,Đang trên bãi,8.0,Shuttle,FC,Forecast
530434320104,LA BẾN LỨC,AG LONG XUYÊN,AG LONG XUYÊN,LA BẾN LỨC,2026-07-13 20:06:59,2026-07-13 12:24:46,2026-07-13 07:32:36,,Đang trên bãi,12.0,Shuttle,FC,Forecast
530526730104,SG BÌNH TÂN,SG BÌNH LỢI TRUNG,SG BÌNH LỢI TRUNG,SG BÌNH TÂN,2026-07-13 20:06:58,2026-07-13 11:07:45,2026-07-13 10:47:53,,Đang trên bãi,5.05,Shuttle,FC,Forecast
530619920104,LA BẾN LỨC,BD BẾN CÁT,BD BẾN CÁT,LA BẾN LỨC,2026-07-13 20:06:57,2026-07-13 12:24:43,2026-07-13 07:32:46,,Đang trên bãi,6.7,Shuttle,FC,Forecast
530330530104,SG BÌNH TÂN,SG CHỢ LỚN,SG CHỢ LỚN,SG BÌNH TÂN,2026-07-13 20:06:57,2026-07-13 11:04:25,2026-07-13 10:45:14,,Đang trên bãi,9.8,Shuttle,FC,Forecast
530964200104,LA BẾN LỨC,BN HUB,HN TÂY HỒ,LA BẾN LỨC,2026-07-13 20:06:56,2026-07-13 17:03:08,2026-07-13 08:03:00,,Đang trên bãi,6.5,Linehaul,BN HUB,Forecast
530126130104,SG BÌNH TÂN,SG BẢY HIỀN,SG BẢY HIỀN,SG BÌNH TÂN,2026-07-13 20:06:56,2026-07-13 12:42:33,2026-07-13 10:37:08,,Đang trên bãi,5.05,Shuttle,FC,Forecast
530846670103,,VT LONG ĐẤT,VT LONG ĐẤT,BN HUB,2026-07-13 20:06:56,2026-07-11 18:17:10,2026-07-11 13:33:57,,Đang trên bãi,0.0,Shuttle,FC,Dispatch
530509210104,SG BÌNH TÂN,SG PHÚ NHUẬN,SG PHÚ NHUẬN,SG BÌNH TÂN,2026-07-13 20:06:55,2026-07-13 11:03:50,2026-07-13 10:45:15,,Đang trên bãi,9.8,Shuttle,FC,Forecast
530415130104,SG BÌNH TÂN,SG TÂN SƠN NHÌ,SG TÂN SƠN NHÌ,SG BÌNH TÂN,2026-07-13 20:06:53,2026-07-13 11:03:02,2026-07-13 10:37:05,,Đang trên bãi,5.05,Shuttle,FC,Forecast
530815190103,,VL VĨNH LONG,VL VĨNH LONG,BN HUB,2026-07-13 20:06:53,2026-07-11 11:11:36,2026-07-11 07:00:18,,Đang trên bãi,0.0,Shuttle,FC,Dispatch
530091210104,LA BẾN LỨC,BN HUB,HN MÊ LINH,LA BẾN LỨC,2026-07-13 20:06:53,2026-07-13 17:00:06,2026-07-13 14:01:24,,Đang trên bãi,10.0,Linehaul,BN HUB,Forecast
530201000104,LA BẾN LỨC,SG KHÁNH HỘI,SG KHÁNH HỘI,LA BẾN LỨC,2026-07-13 20:06:52,2026-07-13 12:24:37,2026-07-13 07:32:46,,Đang trên bãi,6.9,Shuttle,FC,Forecast
530426530104,SG BÌNH TÂN,SG TÂN THỚI HIỆP,SG TÂN THỚI HIỆP,SG BÌNH TÂN,2026-07-13 20:06:52,2026-07-13 11:04:44,2026-07-13 10:45:16,,Đang trên bãi,9.8,Shuttle,FC,Forecast
530611730104,SG BÌNH TÂN,BD BẾN CÁT,BD BẾN CÁT,SG BÌNH TÂN,2026-07-13 20:06:50,2026-07-13 11:01:06,2026-07-13 10:37:04,,Đang trên bãi,5.05,Shuttle,FC,Forecast
530640340104,LA BẾN LỨC,SG BÌNH TRỊ ĐÔNG,SG BÌNH TRỊ ĐÔNG,LA BẾN LỨC,2026-07-13 20:06:50,2026-07-13 17:00:13,2026-07-13 14:01:26,,Đang trên bãi,6.0,Shuttle,FC,Forecast
530385930104,LA BẾN LỨC,BN HUB,HN HOÀN KIẾM,LA BẾN LỨC,2026-07-13 20:06:50,2026-07-13 17:00:26,2026-07-13 14:01:26,,Đang trên bãi,5.5,Linehaul,BN HUB,Forecast
530822930104,SG BÌNH TÂN,BD DĨ AN,BD DĨ AN,SG BÌNH TÂN,2026-07-13 20:06:49,2026-07-13 11:04:54,2026-07-13 10:45:16,,Đang trên bãi,9.8,Shuttle,FC,Forecast
530967130104,SG BÌNH TÂN,SG GÒ VẤP,SG GÒ VẤP,SG BÌNH TÂN,2026-07-13 20:06:48,2026-07-13 11:06:14,2026-07-13 10:47:51,,Đang trên bãi,5.05,Shuttle,FC,Forecast
530662330104,SG BÌNH TÂN,SG KHÁNH HỘI,SG KHÁNH HỘI,SG BÌNH TÂN,2026-07-13 20:06:47,2026-07-13 11:04:22,2026-07-13 10:45:15,,Đang trên bãi,9.8,Shuttle,FC,Forecast
530051260103,,AG TÂN CHÂU,AG TÂN CHÂU,BN HUB,2026-07-13 20:06:47,2026-07-11 09:46:18,2026-07-11 07:30:49,,Đang trên bãi,0.0,Shuttle,FC,Dispatch
530034070103,,TG TRUNG AN,TG TRUNG AN,BN HUB,2026-07-13 20:06:45,2026-07-11 16:03:40,2026-07-11 11:26:44,,Đang trên bãi,0.0,Shuttle,FC,Dispatch
530112820104,SG BÌNH TÂN,SG PHÚ LÂM,SG PHÚ LÂM,SG BÌNH TÂN,2026-07-13 20:06:45,2026-07-13 16:12:52,2026-07-13 15:57:00,,Đang trên bãi,5.05,Shuttle,FC,Forecast
530344400104,LA BẾN LỨC,VT LONG ĐẤT,VT LONG ĐẤT,LA BẾN LỨC,2026-07-13 20:06:44,2026-07-13 17:02:09,2026-07-13 08:02:59,,Đang trên bãi,5.5,Shuttle,FC,Forecast
530828580103,SG BÌNH LỢI,SG BÌNH LỢI,SG BÌNH LỢI,SG BÌNH LỢI,2026-07-13 20:06:42,2026-07-11 13:12:03,2026-07-10 21:56:37,2026-07-11 22:21:55,Đã rời HUB,5.3,Shuttle,FC,Forecast
530826610104,SG BÌNH TÂN,SG CỦ CHI,SG CỦ CHI,SG BÌNH TÂN,2026-07-13 20:06:42,2026-07-13 11:06:13,2026-07-13 10:47:51,,Đang trên bãi,5.05,Shuttle,FC,Forecast
530131860103,,AG TỊNH BIÊN,AG TỊNH BIÊN,BN HUB,2026-07-13 20:06:41,2026-07-11 14:42:20,2026-07-11 07:39:12,,Đang trên bãi,0.0,Shuttle,FC,Dispatch
530826270103,,SG TÂN THỚI HIỆP,SG TÂN THỚI HIỆP,BN HUB,2026-07-13 20:06:40,2026-07-11 09:21:19,2026-07-11 08:04:36,,Đang trên bãi,0.0,Shuttle,FC,Dispatch
530546080103,,VT VŨNG TÀU,VT VŨNG TÀU,BN HUB,2026-07-13 20:06:39,2026-07-11 16:05:44,2026-07-11 15:37:00,,Đang trên bãi,0.0,Shuttle,FC,Dispatch
530519480103,DT SA ĐÉC,DT SA ĐÉC,DT SA ĐÉC,DT SA ĐÉC,2026-07-13 20:06:37,2026-07-12 10:56:26,2026-07-12 08:02:26,2026-07-13 00:34:33,Đã rời HUB,10.0,Shuttle,FC,Forecast
530252720104,LA BẾN LỨC,BN HUB,HN SƠN TÂY,LA BẾN LỨC,2026-07-13 20:06:33,2026-07-13 12:24:41,2026-07-13 07:32:59,,Đang trên bãi,5.5,Linehaul,BN HUB,Forecast
530886660103,,SG NHƠN ĐỨC,SG NHƠN ĐỨC,BN HUB,2026-07-13 20:06:32,2026-07-11 16:08:55,2026-07-11 09:29:20,,Đang trên bãi,0.0,Shuttle,FC,Dispatch
530981590103,,TG AN HỮU,TG AN HỮU,BN HUB,2026-07-13 20:06:27,2026-07-11 16:54:26,2026-07-11 14:10:52,,Đang trên bãi,0.0,Shuttle,FC,Dispatch
530719080103,LA BẾN LỨC,BN HUB,HN HẠ BẰNG,LA BẾN LỨC,2026-07-13 20:06:24,2026-07-12 13:56:06,2026-07-12 08:08:37,,Đang trên bãi,12.7,Linehaul,BN HUB,Forecast
530154990103,,CT NINH KIỀU,CT NINH KIỀU,BN HUB,2026-07-13 20:06:22,2026-07-11 09:46:12,2026-07-11 07:30:49,,Đang trên bãi,0.0,Shuttle,FC,Dispatch
530659720104,LA BẾN LỨC,BN HUB,THN THÁI NGUYÊN,LA BẾN LỨC,2026-07-13 20:06:19,2026-07-13 17:03:28,2026-07-13 08:03:00,,Đang trên bãi,6.5,Linehaul,BN HUB,Forecast
530534930104,LA BẾN LỨC,CT BÌNH THỦY,CT BÌNH THỦY,LA BẾN LỨC,2026-07-13 20:06:19,2026-07-13 12:19:40,2026-07-13 11:03:11,,Đang trên bãi,11.0,Shuttle,FC,Forecast
530444200104,LA BẾN LỨC,SG XUÂN HÒA,SG XUÂN HÒA,LA BẾN LỨC,2026-07-13 20:06:16,2026-07-13 17:03:14,2026-07-13 08:02:59,,Đang trên bãi,6.5,Shuttle,FC,Forecast
530110080103,,ST VĨNH CHÂU,ST VĨNH CHÂU,BN HUB,2026-07-13 20:06:15,2026-07-11 16:03:08,2026-07-11 13:02:21,,Đang trên bãi,0.0,Shuttle,FC,Dispatch
530196670103,,SG THỦ ĐỨC,SG THỦ ĐỨC,BN HUB,2026-07-13 20:06:15,2026-07-11 17:27:55,2026-07-11 15:09:34,,Đang trên bãi,0.0,Shuttle,FC,Dispatch
530346120104,LA BẾN LỨC,SG NHƠN ĐỨC,SG NHƠN ĐỨC,LA BẾN LỨC,2026-07-13 20:06:14,2026-07-13 16:57:52,2026-07-13 08:02:59,,Đang trên bãi,10.0,Shuttle,FC,Forecast
530731120104,LA BẾN LỨC,BN HUB,HN ĐỐNG ĐA,LA BẾN LỨC,2026-07-13 20:06:11,2026-07-13 16:56:26,2026-07-13 08:02:59,,Đang trên bãi,8.0,Linehaul,BN HUB,Forecast
530805200104,LA BẾN LỨC,SG CHỢ LỚN,SG CHỢ LỚN,LA BẾN LỨC,2026-07-13 20:06:11,2026-07-13 17:03:21,2026-07-13 08:02:59,,Đang trên bãi,6.5,Shuttle,FC,Forecast
530334260103,,SG CỦ CHI,SG CỦ CHI,BN HUB,2026-07-13 20:06:11,2026-07-11 14:57:11,2026-07-11 06:38:04,,Đang trên bãi,0.0,Shuttle,FC,Dispatch
530832200104,LA BẾN LỨC,BN HUB,HN THUẬN AN,LA BẾN LỨC,2026-07-13 20:06:06,2026-07-13 16:56:34,2026-07-13 08:02:59,,Đang trên bãi,8.0,Linehaul,BN HUB,Forecast
530664570103,,DT TN,DT TN,BN HUB,2026-07-13 20:06:06,2026-07-11 09:24:54,2026-07-10 13:58:07,,Đang trên bãi,0.0,Shuttle,FC,Dispatch
530659120104,LA BẾN LỨC,BD BÌNH HÒA,BD BÌNH HÒA,LA BẾN LỨC,2026-07-13 20:06:05,2026-07-13 17:02:31,2026-07-13 08:02:59,,Đang trên bãi,5.5,Shuttle,FC,Forecast
530379850103,,SG BẢY HIỀN,SG BẢY HIỀN,BN HUB,2026-07-13 20:06:03,2026-07-11 10:43:25,2026-07-10 16:32:47,,Đang trên bãi,0.0,Shuttle,FC,Dispatch
530805000104,LA BẾN LỨC,BN HUB,HN XUÂN ĐỈNH,LA BẾN LỨC,2026-07-13 20:06:01,2026-07-13 17:02:40,2026-07-13 08:02:59,,Đang trên bãi,5.5,Linehaul,BN HUB,Forecast
530788190103,,TG HÒA KHÁNH,TG HÒA KHÁNH,BN HUB,2026-07-13 20:06:00,2026-07-11 16:53:31,2026-07-11 14:10:36,,Đang trên bãi,0.0,Shuttle,FC,Dispatch
530726860103,,BD BÌNH HÒA,BD BÌNH HÒA,BN HUB,2026-07-13 20:05:58,2026-07-11 17:26:01,2026-07-11 03:31:26,,Đang trên bãi,0.0,Shuttle,FC,Dispatch
530904660103,,SG CHỢ LỚN,SG CHỢ LỚN,BN HUB,2026-07-13 20:05:56,2026-07-11 11:50:52,2026-07-10 19:35:56,,Đang trên bãi,0.0,Shuttle,FC,Dispatch
530411670103,,CT NINH KIỀU,CT NINH KIỀU,BN HUB,2026-07-13 20:05:55,2026-07-11 16:03:10,2026-07-11 07:25:05,,Đang trên bãi,0.0,Shuttle,FC,Dispatch
530744810104,LA BẾN LỨC,BN HUB,HN THANH LIỆT,LA BẾN LỨC,2026-07-13 20:05:55,2026-07-13 17:21:34,2026-07-13 12:12:58,,Đang trên bãi,10.1,Linehaul,BN HUB,Forecast
530659320104,LA BẾN LỨC,BN HUB,THN THÁI NGUYÊN,LA BẾN LỨC,2026-07-13 20:05:54,2026-07-13 16:57:33,2026-07-13 08:03:00,,Đang trên bãi,18.0,Linehaul,BN HUB,Forecast
530344800104,LA BẾN LỨC,LA ĐỨC HÒA,LA ĐỨC HÒA,LA BẾN LỨC,2026-07-13 20:05:51,2026-07-13 17:02:57,2026-07-13 08:02:59,,Đang trên bãi,6.5,Shuttle,FC,Forecast
530771470103,,SG BÀ ĐIỂM,SG BÀ ĐIỂM,BN HUB,2026-07-13 20:05:50,2026-07-11 17:27:13,2026-07-11 15:09:34,,Đang trên bãi,0.0,Shuttle,FC,Dispatch
530903900104,,SG VĨNH LỘC,SG VĨNH LỘC,BN HUB,2026-07-13 20:05:50,2026-07-11 17:27:52,2026-07-11 15:09:34,,Đang trên bãi,0.0,Shuttle,FC,Dispatch
530734020104,SG BÌNH TÂN,BD BÌNH HÒA,BD BÌNH HÒA,SG BÌNH TÂN,2026-07-13 20:05:50,2026-07-13 16:12:56,2026-07-13 15:56:59,,Đang trên bãi,5.05,Shuttle,FC,Forecast
530587190103,,BD BÌNH HÒA,BD BÌNH HÒA,BN HUB,2026-07-13 20:05:47,2026-07-11 16:55:12,2026-07-11 14:10:36,,Đang trên bãi,0.0,Shuttle,FC,Dispatch
530898390103,,LA TÂN AN,LA TÂN AN,BN HUB,2026-07-13 20:05:44,2026-07-11 16:54:11,2026-07-11 14:10:36,,Đang trên bãi,0.0,Shuttle,FC,Dispatch
530898590103,,SG THỦ ĐỨC,SG THỦ ĐỨC,BN HUB,2026-07-13 20:05:44,2026-07-11 16:54:58,2026-07-11 14:10:36,,Đang trên bãi,0.0,Shuttle,FC,Dispatch
530622530104,SG BÌNH TÂN,SG NHƠN ĐỨC,SG NHƠN ĐỨC,SG BÌNH TÂN,2026-07-13 20:05:42,2026-07-13 11:03:20,2026-07-13 10:37:08,,Đang trên bãi,5.05,Shuttle,FC,Forecast
530993060103,,AG CẦN ĐĂNG,AG CẦN ĐĂNG,BN HUB,2026-07-13 20:05:37,2026-07-11 11:36:23,2026-07-11 08:54:22,,Đang trên bãi,0.0,Shuttle,FC,Dispatch
530344600104,LA BẾN LỨC,BN HUB,HN HOÀI ĐỨC,LA BẾN LỨC,2026-07-13 20:05:36,2026-07-13 17:03:02,2026-07-13 08:02:59,,Đang trên bãi,6.5,Linehaul,BN HUB,Forecast
530871570103,,SG AN LẠC,SG AN LẠC,BN HUB,2026-07-13 20:05:34,2026-07-11 14:57:19,2026-07-10 14:34:48,,Đang trên bãi,0.0,Shuttle,FC,Dispatch
530775590103,,VT VŨNG TÀU,VT VŨNG TÀU,BN HUB,2026-07-13 20:05:32,2026-07-11 17:30:27,2026-07-11 13:29:02,,Đang trên bãi,0.0,Shuttle,FC,Dispatch
530734620104,SG BÌNH TÂN,SG GÒ VẤP,SG GÒ VẤP,SG BÌNH TÂN,2026-07-13 20:05:31,2026-07-13 16:14:55,2026-07-13 15:57:00,,Đang trên bãi,5.05,Shuttle,FC,Forecast
530342090103,LA BẾN LỨC,AG TÂN CHÂU,AG TÂN CHÂU,LA BẾN LỨC,2026-07-13 20:05:30,2026-07-13 10:10:14,2026-07-12 16:39:03,,Đang trên bãi,11.0,Shuttle,FC,Forecast
530507390103,,VT CHÂU ĐỨC,VT CHÂU ĐỨC,BN HUB,2026-07-13 20:05:30,2026-07-11 10:59:42,2026-07-11 09:19:25,,Đang trên bãi,0.0,Shuttle,FC,Dispatch
530217600104,LA BẾN LỨC,SG CHỢ LỚN,SG CHỢ LỚN,LA BẾN LỨC,2026-07-13 20:05:28,2026-07-13 16:55:16,2026-07-13 08:02:59,,Đang trên bãi,5.5,Shuttle,FC,Forecast
530097130104,LA BẾN LỨC,SG THỦ ĐỨC,SG THỦ ĐỨC,LA BẾN LỨC,2026-07-13 20:05:27,2026-07-13 16:54:23,2026-07-13 14:01:24,,Đang trên bãi,20.0,Shuttle,FC,Forecast
530444000104,LA BẾN LỨC,LA ĐỨC HÒA,LA ĐỨC HÒA,LA BẾN LỨC,2026-07-13 20:05:26,2026-07-13 16:54:57,2026-07-13 08:03:00,,Đang trên bãi,5.5,Shuttle,FC,Forecast
530596990103,,BD DĨ AN,BD DĨ AN,BN HUB,2026-07-13 20:05:25,2026-07-11 16:12:17,2026-07-11 14:13:37,,Đang trên bãi,0.0,Shuttle,FC,Dispatch
530434060103,,AG TÂN CHÂU,AG TÂN CHÂU,BN HUB,2026-07-13 20:05:24,2026-07-11 11:11:08,2026-07-11 07:04:32,,Đang trên bãi,0.0,Shuttle,FC,Dispatch
530378270103,,SG BÌNH TRỊ ĐÔNG,SG BÌNH TRỊ ĐÔNG,BN HUB,2026-07-13 20:05:20,2026-07-11 16:55:33,2026-07-11 14:10:36,,Đang trên bãi,0.0,Shuttle,FC,Dispatch
530141870103,,SG CHỢ LỚN,SG CHỢ LỚN,BN HUB,2026-07-13 20:05:18,2026-07-11 18:19:32,2026-07-11 13:33:57,,Đang trên bãi,0.0,Shuttle,FC,Dispatch
530734220104,SG BÌNH TÂN,AG TÂN CHÂU,AG TÂN CHÂU,SG BÌNH TÂN,2026-07-13 20:05:17,2026-07-13 16:14:52,2026-07-13 15:56:59,,Đang trên bãi,5.05,Shuttle,FC,Forecast
530718930104,SG BÌNH TÂN,SG BÌNH TRỊ ĐÔNG,SG BÌNH TRỊ ĐÔNG,SG BÌNH TÂN,2026-07-13 20:05:16,2026-07-13 11:04:18,2026-07-13 10:45:15,,Đang trên bãi,9.8,Shuttle,FC,Forecast
530650870103,,DT SA ĐÉC,DT SA ĐÉC,BN HUB,2026-07-13 20:05:16,2026-07-11 19:12:46,2026-07-11 13:51:56,,Đang trên bãi,0.0,Shuttle,FC,Dispatch
530960180103,,SG BÌNH LỢI TRUNG,SG BÌNH LỢI TRUNG,BN HUB,2026-07-13 20:05:15,2026-07-11 11:10:34,2026-07-11 06:59:40,,Đang trên bãi,0.0,Shuttle,FC,Dispatch
530161130104,SG BÌNH TÂN,LA ĐỨC HÒA,LA ĐỨC HÒA,SG BÌNH TÂN,2026-07-13 20:05:13,2026-07-13 11:04:19,2026-07-13 10:45:15,,Đang trên bãi,9.8,Shuttle,FC,Forecast
530361380103,,SG TÂN HƯNG,SG TÂN HƯNG,BN HUB,2026-07-13 20:05:08,2026-07-11 15:45:43,2026-07-11 07:25:05,,Đang trên bãi,0.0,Shuttle,FC,Dispatch
530534460103,,AG LONG XUYÊN,AG LONG XUYÊN,BN HUB,2026-07-13 20:05:08,2026-07-11 16:20:48,2026-07-11 07:08:19,,Đang trên bãi,0.0,Shuttle,FC,Dispatch
530101080103,,AG TỊNH BIÊN,AG TỊNH BIÊN,BN HUB,2026-07-13 20:05:04,2026-07-11 18:15:36,2026-07-11 17:15:57,,Đang trên bãi,0.0,Shuttle,FC,Dispatch
530026070103,,SG BÌNH TÂN,SG BÌNH TÂN,BN HUB,2026-07-13 20:05:02,2026-07-11 15:58:31,2026-07-11 07:25:05,,Đang trên bãi,0.0,Shuttle,FC,Dispatch
530295270103,,AG TÂN CHÂU,AG TÂN CHÂU,BN HUB,2026-07-13 20:05:01,2026-07-11 19:12:22,2026-07-11 17:02:31,,Đang trên bãi,0.0,Shuttle,FC,Dispatch
530137900104,,SG PHÚ LÂM,SG PHÚ LÂM,BN HUB,2026-07-13 20:04:58,2026-07-11 16:19:56,2026-07-11 15:00:38,,Đang trên bãi,0.0,Shuttle,FC,Dispatch
530488190103,,SG HƯNG LONG,SG HƯNG LONG,BN HUB,2026-07-13 20:04:54,2026-07-11 19:48:35,2026-07-11 13:47:31,,Đang trên bãi,0.0,Shuttle,FC,Dispatch
530498670103,,SG ĐÔNG HƯNG THUẬN,SG ĐÔNG HƯNG THUẬN,BN HUB,2026-07-13 20:04:53,2026-07-11 15:59:08,2026-07-11 13:57:09,,Đang trên bãi,0.0,Shuttle,FC,Dispatch
530936500104,,SG BÌNH TÂN,SG BÌNH TÂN,BN HUB,2026-07-13 20:04:47,2026-07-11 14:56:51,2026-07-11 14:32:39,,Đang trên bãi,0.0,Shuttle,FC,Dispatch
530260160103,,TG HÒA KHÁNH,TG HÒA KHÁNH,BN HUB,2026-07-13 20:04:45,2026-07-11 14:42:10,2026-07-10 07:18:38,,Đang trên bãi,0.0,Shuttle,FC,Dispatch
530475770103,,SG TÂN SƠN NHÌ,SG TÂN SƠN NHÌ,BN HUB,2026-07-13 20:04:44,2026-07-11 16:42:10,2026-07-10 15:44:04,,Đang trên bãi,0.0,Shuttle,FC,Dispatch
530312820104,SG BÌNH TÂN,SG THỦ ĐỨC,SG THỦ ĐỨC,SG BÌNH TÂN,2026-07-13 20:04:41,2026-07-13 16:12:21,2026-07-13 16:01:42,,Đang trên bãi,5.05,Shuttle,FC,Forecast
530112700104,,BD BÌNH HÒA,BD BÌNH HÒA,BN HUB,2026-07-13 20:04:39,2026-07-11 16:19:36,2026-07-11 15:00:13,,Đang trên bãi,0.0,Shuttle,FC,Dispatch
530068140104,SG BÌNH TÂN,SG BÌNH LỢI TRUNG,SG BÌNH LỢI TRUNG,SG BÌNH TÂN,2026-07-13 20:04:39,2026-07-13 16:16:11,2026-07-13 15:57:01,,Đang trên bãi,5.05,Shuttle,FC,Forecast
530833020104,SG BÌNH TÂN,BN HUB,HN THƯỜNG TÍN,SG BÌNH TÂN,2026-07-13 20:04:38,2026-07-13 16:10:13,2026-07-13 16:01:43,,Đang trên bãi,5.05,Linehaul,BN HUB,Forecast
530169250103,,SG NHƠN ĐỨC,SG NHƠN ĐỨC,BN HUB,2026-07-13 20:04:35,2026-07-11 14:43:26,2026-07-10 14:12:55,,Đang trên bãi,0.0,Shuttle,FC,Dispatch
530884990103,,SG NHƠN ĐỨC,SG NHƠN ĐỨC,BN HUB,2026-07-13 20:04:32,2026-07-11 18:17:39,2026-07-11 13:40:15,,Đang trên bãi,0.0,Shuttle,FC,Dispatch
530696670103,,BD BÌNH HÒA,BD BÌNH HÒA,BN HUB,2026-07-13 20:04:30,2026-07-11 16:05:32,2026-07-11 15:57:25,,Đang trên bãi,0.0,Shuttle,FC,Dispatch
530715210104,SG BÌNH TÂN,SG ĐÔNG HƯNG THUẬN,SG ĐÔNG HƯNG THUẬN,SG BÌNH TÂN,2026-07-13 20:04:29,2026-07-13 11:04:24,2026-07-13 10:45:15,,Đang trên bãi,9.8,Shuttle,FC,Forecast
530841270103,,BD BÌNH HÒA,BD BÌNH HÒA,BN HUB,2026-07-13 20:04:29,2026-07-11 16:32:38,2026-07-11 13:58:14,,Đang trên bãi,0.0,Shuttle,FC,Dispatch
530565470103,,BD DĨ AN,BD DĨ AN,BN HUB,2026-07-13 20:04:28,2026-07-11 17:36:22,2026-07-11 15:11:16,,Đang trên bãi,0.0,Shuttle,FC,Dispatch
530023600104,SG BÌNH TÂN,LA ĐỨC HÒA,LA ĐỨC HÒA,SG BÌNH TÂN,2026-07-13 20:04:27,2026-07-13 11:53:42,2026-07-13 07:06:29,,Đang trên bãi,6.0,Shuttle,FC,Forecast
530018070103,,SG THỦ ĐỨC,SG THỦ ĐỨC,BN HUB,2026-07-13 20:04:23,2026-07-11 15:59:25,2026-07-11 10:00:13,,Đang trên bãi,0.0,Shuttle,FC,Dispatch
530715410104,SG BÌNH TÂN,SG TÂN TẠO,SG TÂN TẠO,SG BÌNH TÂN,2026-07-13 20:04:22,2026-07-13 11:03:59,2026-07-13 10:45:15,,Đang trên bãi,9.8,Shuttle,FC,Forecast
530828060103,,DT SA ĐÉC,DT SA ĐÉC,BN HUB,2026-07-13 20:04:22,2026-07-11 15:58:23,2026-07-11 05:44:45,,Đang trên bãi,0.0,Shuttle,FC,Dispatch
530880260103,,SG BÀ ĐIỂM,SG BÀ ĐIỂM,BN HUB,2026-07-13 20:04:20,2026-07-11 10:59:40,2026-07-11 09:19:27,,Đang trên bãi,0.0,Shuttle,FC,Dispatch
530671460103,,SG BÀ ĐIỂM,SG BÀ ĐIỂM,BN HUB,2026-07-13 20:04:18,2026-07-11 10:59:53,2026-07-11 09:19:25,,Đang trên bãi,0.0,Shuttle,FC,Dispatch
530046280103,,DT TN,DT TN,BN HUB,2026-07-13 20:04:16,2026-07-11 16:19:55,2026-07-11 15:00:38,,Đang trên bãi,0.0,Shuttle,FC,Dispatch
530123810104,SG BÌNH TÂN,BD DĨ AN,BD DĨ AN,SG BÌNH TÂN,2026-07-13 20:04:08,2026-07-13 11:03:57,2026-07-13 10:45:16,,Đang trên bãi,9.8,Shuttle,FC,Forecast
530384060102,SG BÌNH TÂN,BN HUB,VP YÊN LẠC,SG TÂN TẠO,2026-07-13 20:04:07,2026-07-07 02:30:11,2026-07-06 09:17:46,,Đang trên bãi,20.0,Linehaul,BN HUB,Outbound
530001070103,,DT SA ĐÉC,DT SA ĐÉC,BN HUB,2026-07-13 20:04:05,2026-07-11 16:03:25,2026-07-11 10:13:45,,Đang trên bãi,0.0,Shuttle,FC,Dispatch
530064180103,,SG BÌNH LỢI TRUNG,SG BÌNH LỢI TRUNG,BN HUB,2026-07-13 20:04:01,2026-07-11 11:11:20,2026-07-11 07:00:18,,Đang trên bãi,0.0,Shuttle,FC,Dispatch
530407810104,SG BÌNH TÂN,DT TN,DT TN,SG BÌNH TÂN,2026-07-13 20:03:55,2026-07-13 11:02:31,2026-07-13 10:37:09,,Đang trên bãi,5.05,Shuttle,FC,Forecast
530301410104,SG BÌNH TÂN,AG AN PHÚ,AG AN PHÚ,SG BÌNH TÂN,2026-07-13 20:03:54,2026-07-13 11:02:46,2026-07-13 10:37:09,,Đang trên bãi,5.05,Shuttle,FC,Forecast
530802300104,,SG BÌNH TRỊ ĐÔNG,SG BÌNH TRỊ ĐÔNG,BN HUB,2026-07-13 20:03:53,2026-07-11 17:06:19,2026-07-11 14:08:12,,Đang trên bãi,0.0,Shuttle,FC,Dispatch
530735990103,,SG HIỆP BÌNH,SG HIỆP BÌNH,BN HUB,2026-07-13 20:03:47,2026-07-11 17:21:43,2026-07-11 11:28:32,,Đang trên bãi,0.0,Shuttle,FC,Dispatch
530735340104,SG BÌNH TÂN,LA HẬU NGHĨA,LA HẬU NGHĨA,SG BÌNH TÂN,2026-07-13 20:03:41,2026-07-13 16:15:04,2026-07-13 15:57:01,,Đang trên bãi,5.05,Shuttle,FC,Forecast
530758140104,SG BÌNH TÂN,VT XUYÊN MỘC,VT XUYÊN MỘC,SG BÌNH TÂN,2026-07-13 20:03:38,2026-07-13 16:15:13,2026-07-13 15:57:01,,Đang trên bãi,5.05,Shuttle,FC,Forecast
530978790103,,DT CAO LÃNH,DT CAO LÃNH,BN HUB,2026-07-13 20:03:37,2026-07-11 18:15:01,2026-07-11 13:33:14,,Đang trên bãi,0.0,Shuttle,FC,Dispatch
530687870103,,SG PHÚ NHUẬN,SG PHÚ NHUẬN,BN HUB,2026-07-13 20:03:36,2026-07-11 19:13:14,2026-07-11 17:02:31,,Đang trên bãi,0.0,Shuttle,FC,Dispatch
530262730104,SG BÌNH TÂN,SG CỦ CHI,SG CỦ CHI,SG BÌNH TÂN,2026-07-13 20:03:35,2026-07-13 11:02:58,2026-07-13 10:37:08,,Đang trên bãi,5.05,Shuttle,FC,Forecast
530760930104,SG BÌNH TÂN,SG CHỢ LỚN,SG CHỢ LỚN,SG BÌNH TÂN,2026-07-13 20:03:30,2026-07-13 11:02:59,2026-07-13 10:37:08,,Đang trên bãi,5.05,Shuttle,FC,Forecast
530120220104,SG BÌNH TÂN,SG TÂN HƯNG,SG TÂN HƯNG,SG BÌNH TÂN,2026-07-13 20:03:27,2026-07-13 16:14:58,2026-07-13 15:57:00,,Đang trên bãi,5.05,Shuttle,FC,Forecast
530531190103,,BD BÌNH HÒA,BD BÌNH HÒA,BN HUB,2026-07-13 20:03:25,2026-07-11 18:20:17,2026-07-11 10:27:08,,Đang trên bãi,0.0,Shuttle,FC,Dispatch
530658540104,SG BÌNH TÂN,SG PHÚ NHUẬN,SG PHÚ NHUẬN,SG BÌNH TÂN,2026-07-13 20:03:24,2026-07-13 16:13:36,2026-07-13 15:57:00,,Đang trên bãi,5.05,Shuttle,FC,Forecast
530671270103,,AG TÂN CHÂU,AG TÂN CHÂU,BN HUB,2026-07-13 20:03:17,2026-07-11 16:20:31,2026-07-11 15:00:38,,Đang trên bãi,0.0,Shuttle,FC,Dispatch
530573390103,,SG TÂN THỚI HIỆP,SG TÂN THỚI HIỆP,BN HUB,2026-07-13 20:03:15,2026-07-11 17:28:21,2026-07-11 13:29:02,,Đang trên bãi,0.0,Shuttle,FC,Dispatch
530290940104,SG BÌNH TÂN,LA BẾN LỨC,LA BẾN LỨC,SG BÌNH TÂN,2026-07-13 20:03:12,2026-07-13 16:15:21,2026-07-13 15:57:00,,Đang trên bãi,5.05,Shuttle,FC,Forecast
530445740104,SG BÌNH TÂN,SG THỦ ĐỨC,SG THỦ ĐỨC,SG BÌNH TÂN,2026-07-13 20:03:11,2026-07-13 16:14:37,2026-07-13 15:56:59,,Đang trên bãi,5.05,Shuttle,FC,Forecast
530523010104,SG BÌNH TÂN,CT NINH KIỀU,CT NINH KIỀU,SG BÌNH TÂN,2026-07-13 20:03:07,2026-07-13 11:07:48,2026-07-13 10:47:53,,Đang trên bãi,5.05,Shuttle,FC,Forecast
530650470103,,SG GÒ VẤP,SG GÒ VẤP,BN HUB,2026-07-13 20:03:07,2026-07-11 19:13:00,2026-07-11 13:51:56,,Đang trên bãi,0.0,Shuttle,FC,Dispatch
530334130104,SG BÌNH TÂN,BN HUB,HN NAM TỪ LIÊM,SG BÌNH TÂN,2026-07-13 20:03:05,2026-07-13 11:13:31,2026-07-13 10:54:30,,Đang trên bãi,5.05,Linehaul,BN HUB,Forecast
530826070103,,SG PHÚ LÂM,SG PHÚ LÂM,BN HUB,2026-07-13 20:03:01,2026-07-11 09:21:08,2026-07-11 08:04:36,,Đang trên bãi,0.0,Shuttle,FC,Dispatch
530504190103,,SG BÌNH TRỊ ĐÔNG,SG BÌNH TRỊ ĐÔNG,BN HUB,2026-07-13 20:02:58,2026-07-11 10:39:25,2026-07-11 08:42:35,,Đang trên bãi,0.0,Shuttle,FC,Dispatch
530961530104,SG BÌNH TÂN,BN HUB,HN THANH XUÂN,SG BÌNH TÂN,2026-07-13 20:02:57,2026-07-13 11:13:55,2026-07-13 10:54:31,,Đang trên bãi,5.05,Linehaul,BN HUB,Forecast
530216730104,SG BÌNH TÂN,SG CHỢ LỚN,SG CHỢ LỚN,SG BÌNH TÂN,2026-07-13 20:02:52,2026-07-13 11:03:28,2026-07-13 10:37:08,,Đang trên bãi,5.05,Shuttle,FC,Forecast
530572660103,,SG PHÚ LÂM,SG PHÚ LÂM,BN HUB,2026-07-13 20:02:51,2026-07-11 11:36:47,2026-07-11 08:54:22,,Đang trên bãi,0.0,Shuttle,FC,Dispatch
530026470103,,BD BÌNH HÒA,BD BÌNH HÒA,BN HUB,2026-07-13 20:02:50,2026-07-11 16:03:13,2026-07-11 07:25:06,,Đang trên bãi,0.0,Shuttle,FC,Dispatch
530563130104,SG BÌNH TÂN,VL CHỢ LÁCH,VL CHỢ LÁCH,SG BÌNH TÂN,2026-07-13 20:02:50,2026-07-13 11:13:40,2026-07-13 10:54:31,,Đang trên bãi,5.05,Shuttle,FC,Forecast
530522930104,SG BÌNH TÂN,ST VĨNH CHÂU,ST VĨNH CHÂU,SG BÌNH TÂN,2026-07-13 20:02:39,2026-07-13 11:03:03,2026-07-13 10:37:07,,Đang trên bãi,5.05,Shuttle,FC,Forecast
530598070103,,DT TN,DT TN,BN HUB,2026-07-13 20:02:36,2026-07-11 16:32:11,2026-07-11 13:58:14,,Đang trên bãi,0.0,Shuttle,FC,Dispatch
530839870103,,VL VĨNH LONG,VL VĨNH LONG,BN HUB,2026-07-13 20:02:31,2026-07-11 17:46:08,2026-07-11 10:59:35,,Đang trên bãi,0.0,Shuttle,FC,Dispatch
530216530104,SG BÌNH TÂN,SG PHÚ LÂM,SG PHÚ LÂM,SG BÌNH TÂN,2026-07-13 20:02:30,2026-07-13 11:02:55,2026-07-13 10:37:06,,Đang trên bãi,5.05,Shuttle,FC,Forecast
530066940104,SG BÌNH TÂN,SG THỦ ĐỨC,SG THỦ ĐỨC,SG BÌNH TÂN,2026-07-13 20:02:28,2026-07-13 16:14:17,2026-07-13 15:57:01,,Đang trên bãi,5.05,Shuttle,FC,Forecast
530244260103,,SG HƯNG LONG,SG HƯNG LONG,BN HUB,2026-07-13 20:02:26,2026-07-11 11:10:36,2026-07-11 06:59:40,,Đang trên bãi,0.0,Shuttle,FC,Dispatch
530062140104,SG BÌNH TÂN,SG AN LẠC,SG AN LẠC,SG BÌNH TÂN,2026-07-13 20:02:25,2026-07-13 16:12:39,2026-07-13 15:56:59,,Đang trên bãi,5.05,Shuttle,FC,Forecast
530932660103,,SG BÀ ĐIỂM,SG BÀ ĐIỂM,BN HUB,2026-07-13 20:02:24,2026-07-11 16:20:56,2026-07-11 07:08:19,,Đang trên bãi,0.0,Shuttle,FC,Dispatch
530226330104,SG BÌNH TÂN,SG NHƠN ĐỨC,SG NHƠN ĐỨC,SG BÌNH TÂN,2026-07-13 20:02:20,2026-07-13 11:03:24,2026-07-13 10:37:08,,Đang trên bãi,5.05,Shuttle,FC,Forecast
530144590103,,BD DĨ AN,BD DĨ AN,BN HUB,2026-07-13 20:02:17,2026-07-11 18:18:10,2026-07-11 10:25:59,,Đang trên bãi,0.0,Shuttle,FC,Dispatch
530735740104,SG BÌNH TÂN,SG AN LẠC,SG AN LẠC,SG BÌNH TÂN,2026-07-13 20:02:15,2026-07-13 16:09:58,2026-07-13 15:58:49,,Đang trên bãi,5.05,Shuttle,FC,Forecast
530549340104,SG BÌNH TÂN,VT VŨNG TÀU,VT VŨNG TÀU,SG BÌNH TÂN,2026-07-13 20:02:14,2026-07-13 16:14:11,2026-07-13 15:57:01,,Đang trên bãi,5.05,Shuttle,FC,Forecast
530707730104,SG BÌNH TÂN,SG PHÚ NHUẬN,SG PHÚ NHUẬN,SG BÌNH TÂN,2026-07-13 20:02:07,2026-07-13 11:05:51,2026-07-13 10:47:51,,Đang trên bãi,5.05,Shuttle,FC,Forecast
530853730104,SG BÌNH TÂN,AG THOẠI SƠN,AG THOẠI SƠN,SG BÌNH TÂN,2026-07-13 20:02:06,2026-07-13 11:05:55,2026-07-13 10:47:51,,Đang trên bãi,5.05,Shuttle,FC,Forecast
530610870103,,SG CỦ CHI,SG CỦ CHI,BN HUB,2026-07-13 20:02:06,2026-07-11 11:10:29,2026-07-11 06:59:40,,Đang trên bãi,0.0,Shuttle,FC,Dispatch
530060580103,,BD BẾN CÁT,BD BẾN CÁT,BN HUB,2026-07-13 20:02:02,2026-07-11 18:07:54,2026-07-10 23:33:22,,Đang trên bãi,0.0,Shuttle,FC,Dispatch
530655140104,SG BÌNH TÂN,SG PHÚ NHUẬN,SG PHÚ NHUẬN,SG BÌNH TÂN,2026-07-13 20:02:01,2026-07-13 16:11:45,2026-07-13 16:01:42,,Đang trên bãi,5.05,Shuttle,FC,Forecast
530616930104,SG BÌNH TÂN,SG XUÂN HÒA,SG XUÂN HÒA,SG BÌNH TÂN,2026-07-13 20:01:58,2026-07-13 11:06:37,2026-07-13 10:47:51,,Đang trên bãi,5.05,Shuttle,FC,Forecast
530334530104,SG BÌNH TÂN,SG KHÁNH HỘI,SG KHÁNH HỘI,SG BÌNH TÂN,2026-07-13 20:01:57,2026-07-13 11:13:28,2026-07-13 10:54:30,,Đang trên bãi,5.05,Shuttle,FC,Forecast
530943540104,SG BÌNH TÂN,SG BẢY HIỀN,SG BẢY HIỀN,SG BÌNH TÂN,2026-07-13 20:01:54,2026-07-13 16:14:50,2026-07-13 15:57:01,,Đang trên bãi,5.05,Shuttle,FC,Forecast
530042900104,,SG CHỢ LỚN,SG CHỢ LỚN,BN HUB,2026-07-13 20:01:53,2026-07-11 18:15:07,2026-07-11 17:15:57,,Đang trên bãi,0.0,Shuttle,FC,Dispatch
530068540104,SG BÌNH TÂN,SG GÒ VẤP,SG GÒ VẤP,SG BÌNH TÂN,2026-07-13 20:01:53,2026-07-13 16:09:53,2026-07-13 15:58:49,,Đang trên bãi,5.05,Shuttle,FC,Forecast
530828130104,SG BÌNH TÂN,VT LONG ĐẤT,VT LONG ĐẤT,SG BÌNH TÂN,2026-07-13 20:01:48,2026-07-13 11:04:29,2026-07-13 10:45:15,,Đang trên bãi,9.8,Shuttle,FC,Forecast
530323210104,SG BÌNH TÂN,LA ĐỨC HÒA,LA ĐỨC HÒA,SG BÌNH TÂN,2026-07-13 20:01:48,2026-07-13 11:06:23,2026-07-13 10:47:51,,Đang trên bãi,5.05,Shuttle,FC,Forecast
530918730104,SG BÌNH TÂN,SG BÌNH LỢI TRUNG,SG BÌNH LỢI TRUNG,SG BÌNH TÂN,2026-07-13 20:01:47,2026-07-13 11:06:36,2026-07-13 10:47:51,,Đang trên bãi,5.05,Shuttle,FC,Forecast
530256410104,SG BÌNH TÂN,BN HUB,PT PHÚ THỌ,SG BÌNH TÂN,2026-07-13 20:01:45,2026-07-13 11:13:50,2026-07-13 10:54:28,,Đang trên bãi,5.05,Linehaul,BN HUB,Forecast
530941780103,,BD BẾN CÁT,BD BẾN CÁT,BN HUB,2026-07-13 20:01:44,2026-07-11 16:16:29,2026-07-10 22:39:10,,Đang trên bãi,0.0,Shuttle,FC,Dispatch
530416930104,SG BÌNH TÂN,SG AN PHÚ ĐÔNG,SG AN PHÚ ĐÔNG,SG BÌNH TÂN,2026-07-13 20:01:42,2026-07-13 11:04:20,2026-07-13 10:45:14,,Đang trên bãi,9.8,Shuttle,FC,Forecast
530362530104,SG BÌNH TÂN,SG BÌNH LỢI TRUNG,SG BÌNH LỢI TRUNG,SG BÌNH TÂN,2026-07-13 20:01:41,2026-07-13 11:03:30,2026-07-13 10:37:08,,Đang trên bãi,5.05,Shuttle,FC,Forecast
530117210104,SG BÌNH TÂN,SG THỦ ĐỨC,SG THỦ ĐỨC,SG BÌNH TÂN,2026-07-13 20:01:40,2026-07-13 10:59:36,2026-07-13 10:37:05,,Đang trên bãi,5.05,Shuttle,FC,Forecast
530061930104,SG BÌNH TÂN,SG CHỢ LỚN,SG CHỢ LỚN,SG BÌNH TÂN,2026-07-13 20:01:36,2026-07-13 11:04:15,2026-07-13 10:45:15,,Đang trên bãi,9.8,Shuttle,FC,Forecast
530516330104,SG BÌNH TÂN,SG TÂN HƯNG,SG TÂN HƯNG,SG BÌNH TÂN,2026-07-13 20:01:34,2026-07-13 11:03:53,2026-07-13 10:45:15,,Đang trên bãi,9.8,Shuttle,FC,Forecast
530068530104,SG BÌNH TÂN,BD BÌNH HÒA,BD BÌNH HÒA,SG BÌNH TÂN,2026-07-13 20:01:34,2026-07-13 11:08:05,2026-07-13 10:47:53,,Đang trên bãi,5.05,Shuttle,FC,Forecast
530653730104,SG BÌNH TÂN,AG TÂN CHÂU,AG TÂN CHÂU,SG BÌNH TÂN,2026-07-13 20:01:29,2026-07-13 11:03:54,2026-07-13 10:45:16,,Đang trên bãi,9.8,Shuttle,FC,Forecast
530685270103,,LA HẬU NGHĨA,LA HẬU NGHĨA,BN HUB,2026-07-13 20:01:28,2026-07-11 15:58:58,2026-07-11 13:37:49,,Đang trên bãi,0.0,Shuttle,FC,Dispatch
530962130104,SG BÌNH TÂN,SG HÓC MÔN,SG HÓC MÔN,SG BÌNH TÂN,2026-07-13 20:01:27,2026-07-13 11:08:06,2026-07-13 10:47:54,,Đang trên bãi,5.05,Shuttle,FC,Forecast
530611410104,SG BÌNH TÂN,SG TÂN THỚI HIỆP,SG TÂN THỚI HIỆP,SG BÌNH TÂN,2026-07-13 20:01:26,2026-07-13 11:14:02,2026-07-13 10:54:29,,Đang trên bãi,5.05,Shuttle,FC,Forecast
530586590103,,SG BÌNH TRỊ ĐÔNG,SG BÌNH TRỊ ĐÔNG,BN HUB,2026-07-13 20:01:22,2026-07-11 15:58:51,2026-07-11 13:33:48,,Đang trên bãi,0.0,Shuttle,FC,Dispatch
530430610104,SG BÌNH TÂN,BD BẾN CÁT,BD BẾN CÁT,SG BÌNH TÂN,2026-07-13 20:01:13,2026-07-13 11:14:01,2026-07-13 10:54:29,,Đang trên bãi,5.05,Shuttle,FC,Forecast
530523210104,SG BÌNH TÂN,SG KHÁNH HỘI,SG KHÁNH HỘI,SG BÌNH TÂN,2026-07-13 20:01:12,2026-07-13 11:08:00,2026-07-13 10:47:53,,Đang trên bãi,5.05,Shuttle,FC,Forecast
530222300104,,SG BÌNH LỢI TRUNG,SG BÌNH LỢI TRUNG,BN HUB,2026-07-13 20:01:04,2026-07-11 18:09:02,2026-07-11 15:37:33,,Đang trên bãi,0.0,Shuttle,FC,Dispatch
530020820104,SG BÌNH TÂN,SG ĐÔNG HƯNG THUẬN,SG ĐÔNG HƯNG THUẬN,SG BÌNH TÂN,2026-07-13 20:01:04,2026-07-13 16:13:44,2026-07-13 15:57:00,,Đang trên bãi,5.05,Shuttle,FC,Forecast
530943140104,SG BÌNH TÂN,SG BÌNH LỢI,SG BÌNH LỢI,SG BÌNH TÂN,2026-07-13 20:01:03,2026-07-13 16:14:13,2026-07-13 15:57:00,,Đang trên bãi,5.05,Shuttle,FC,Forecast
530013810104,SG BÌNH TÂN,SG PHÚ LÂM,SG PHÚ LÂM,SG BÌNH TÂN,2026-07-13 20:00:59,2026-07-13 11:06:15,2026-07-13 10:47:51,,Đang trên bãi,5.05,Shuttle,FC,Forecast
530068330104,SG BÌNH TÂN,SG BÌNH TRỊ ĐÔNG,SG BÌNH TRỊ ĐÔNG,SG BÌNH TÂN,2026-07-13 20:00:58,2026-07-13 11:07:52,2026-07-13 10:47:53,,Đang trên bãi,5.05,Shuttle,FC,Forecast
530831540104,SG BÌNH TÂN,VT LONG ĐẤT,VT LONG ĐẤT,SG BÌNH TÂN,2026-07-13 20:00:57,2026-07-13 16:15:11,2026-07-13 15:57:00,,Đang trên bãi,5.05,Shuttle,FC,Forecast
530747540104,SG BÌNH TÂN,SG THỦ ĐỨC,SG THỦ ĐỨC,SG BÌNH TÂN,2026-07-13 20:00:56,2026-07-13 16:15:22,2026-07-13 15:57:02,,Đang trên bãi,5.05,Shuttle,FC,Forecast
530769390103,,3PL,SETN,BN HUB,2026-07-13 20:00:55,2026-07-11 15:59:39,2026-07-11 13:37:50,,Đang trên bãi,0.0,Shuttle,3PL,Dispatch
530616820104,SG BÌNH TÂN,LA ĐỨC HÒA,LA ĐỨC HÒA,SG BÌNH TÂN,2026-07-13 20:00:46,2026-07-13 16:11:54,2026-07-13 16:01:42,,Đang trên bãi,5.05,Shuttle,FC,Forecast
530734820104,SG BÌNH TÂN,BD BẾN CÁT,BD BẾN CÁT,SG BÌNH TÂN,2026-07-13 20:00:43,2026-07-13 16:15:08,2026-07-13 15:57:01,,Đang trên bãi,5.05,Shuttle,FC,Forecast
530071990103,,VL CHỢ LÁCH,VL CHỢ LÁCH,BN HUB,2026-07-13 20:00:42,2026-07-11 15:59:59,2026-07-11 13:36:50,,Đang trên bãi,0.0,Shuttle,FC,Dispatch
530190740104,SG BÌNH TÂN,TG AN HỮU,TG AN HỮU,SG BÌNH TÂN,2026-07-13 20:00:42,2026-07-13 16:12:50,2026-07-13 15:56:59,,Đang trên bãi,5.05,Shuttle,FC,Forecast
530947740104,SG BÌNH TÂN,SG PHÚ LÂM,SG PHÚ LÂM,SG BÌNH TÂN,2026-07-13 20:00:42,2026-07-13 16:11:58,2026-07-13 16:01:42,,Đang trên bãi,5.05,Shuttle,FC,Forecast
530709210104,SG BÌNH TÂN,SG TÂN HƯNG,SG TÂN HƯNG,SG BÌNH TÂN,2026-07-13 20:00:41,2026-07-13 11:06:16,2026-07-13 10:47:53,,Đang trên bãi,5.05,Shuttle,FC,Forecast
530922130104,SG BÌNH TÂN,LA ĐỨC HÒA,LA ĐỨC HÒA,SG BÌNH TÂN,2026-07-13 20:00:37,2026-07-13 11:06:21,2026-07-13 10:47:51,,Đang trên bãi,5.05,Shuttle,FC,Forecast
530117130104,SG BÌNH TÂN,BN HUB,HN CẦU GIẤY,SG BÌNH TÂN,2026-07-13 20:00:33,2026-07-13 11:13:42,2026-07-13 10:54:31,,Đang trên bãi,5.05,Linehaul,BN HUB,Forecast
530111410104,SG BÌNH TÂN,SG VĨNH LỘC,SG VĨNH LỘC,SG BÌNH TÂN,2026-07-13 20:00:32,2026-07-13 11:05:46,2026-07-13 10:47:51,,Đang trên bãi,5.05,Shuttle,FC,Forecast
530211410104,SG BÌNH TÂN,LA HẬU NGHĨA,LA HẬU NGHĨA,SG BÌNH TÂN,2026-07-13 20:00:25,2026-07-13 11:07:35,2026-07-13 10:47:52,,Đang trên bãi,5.05,Shuttle,FC,Forecast
530625010104,SG BÌNH TÂN,SG XUÂN HÒA,SG XUÂN HÒA,SG BÌNH TÂN,2026-07-13 20:00:24,2026-07-13 11:13:02,2026-07-13 10:54:30,,Đang trên bãi,5.05,Shuttle,FC,Forecast
530953130104,SG BÌNH TÂN,SG TÂN NHỰT,SG TÂN NHỰT,SG BÌNH TÂN,2026-07-13 20:00:12,2026-07-13 11:05:57,2026-07-13 10:47:52,,Đang trên bãi,5.05,Shuttle,FC,Forecast
530815530104,SG BÌNH TÂN,SG THỦ ĐỨC,SG THỦ ĐỨC,SG BÌNH TÂN,2026-07-13 20:00:11,2026-07-13 11:06:25,2026-07-13 10:47:51,,Đang trên bãi,5.05,Shuttle,FC,Forecast
530120420104,SG BÌNH TÂN,BN HUB,THN THÁI NGUYÊN,SG BÌNH TÂN,2026-07-13 20:00:08,2026-07-13 16:10:01,2026-07-13 15:58:49,,Đang trên bãi,5.05,Linehaul,BN HUB,Forecast
530168540104,SG BÌNH TÂN,BD BÌNH HÒA,BD BÌNH HÒA,SG BÌNH TÂN,2026-07-13 20:00:03,2026-07-13 16:12:18,2026-07-13 16:01:42,,Đang trên bãi,5.05,Shuttle,FC,Forecast
530739940104,SG BÌNH TÂN,SG BÀ ĐIỂM,SG BÀ ĐIỂM,SG BÌNH TÂN,2026-07-13 19:59:59,2026-07-13 16:13:29,2026-07-13 15:57:01,,Đang trên bãi,5.05,Shuttle,FC,Forecast
530517610104,SG BÌNH TÂN,SG THỦ ĐỨC,SG THỦ ĐỨC,SG BÌNH TÂN,2026-07-13 19:59:53,2026-07-13 11:07:30,2026-07-13 10:47:54,,Đang trên bãi,5.05,Shuttle,FC,Forecast
530926610104,SG BÌNH TÂN,SG PHÚ NHUẬN,SG PHÚ NHUẬN,SG BÌNH TÂN,2026-07-13 19:59:48,2026-07-13 11:07:33,2026-07-13 10:47:53,,Đang trên bãi,5.05,Shuttle,FC,Forecast
530853930104,SG BÌNH TÂN,VL CHỢ LÁCH,VL CHỢ LÁCH,SG BÌNH TÂN,2026-07-13 19:59:39,2026-07-13 11:06:04,2026-07-13 10:47:51,,Đang trên bãi,5.05,Shuttle,FC,Forecast
530707410104,SG BÌNH TÂN,CT NINH KIỀU,CT NINH KIỀU,SG BÌNH TÂN,2026-07-13 19:59:37,2026-07-13 11:06:17,2026-07-13 10:47:51,,Đang trên bãi,5.05,Shuttle,FC,Forecast
530967930104,SG BÌNH TÂN,CT BÌNH THỦY,CT BÌNH THỦY,SG BÌNH TÂN,2026-07-13 19:59:36,2026-07-13 11:06:02,2026-07-13 10:47:53,,Đang trên bãi,5.05,Shuttle,FC,Forecast
530190340104,SG BÌNH TÂN,VT XUYÊN MỘC,VT XUYÊN MỘC,SG BÌNH TÂN,2026-07-13 19:59:28,2026-07-13 16:13:02,2026-07-13 15:56:59,,Đang trên bãi,5.05,Shuttle,FC,Forecast
530433620104,SG BÌNH TÂN,SG PHÚ LÂM,SG PHÚ LÂM,SG BÌNH TÂN,2026-07-13 19:59:27,2026-07-13 16:14:46,2026-07-13 15:57:00,,Đang trên bãi,5.05,Shuttle,FC,Forecast
530161530104,SG BÌNH TÂN,SG BÌNH TÂN,SG BÌNH TÂN,SG BÌNH TÂN,2026-07-13 19:59:24,2026-07-13 11:04:53,2026-07-13 10:45:16,,Đang trên bãi,9.8,Shuttle,FC,Forecast
530416420104,SG BÌNH TÂN,TG TRUNG AN,TG TRUNG AN,SG BÌNH TÂN,2026-07-13 19:59:21,2026-07-13 16:14:40,2026-07-13 15:56:59,,Đang trên bãi,5.05,Shuttle,FC,Forecast
530311420104,SG BÌNH TÂN,SG THỦ ĐỨC,SG THỦ ĐỨC,SG BÌNH TÂN,2026-07-13 19:59:20,2026-07-13 16:15:41,2026-07-13 15:57:01,,Đang trên bãi,5.05,Shuttle,FC,Forecast
530912210104,SG BÌNH TÂN,LA BẾN LỨC,LA BẾN LỨC,SG BÌNH TÂN,2026-07-13 19:59:15,2026-07-13 11:04:26,2026-07-13 10:45:15,,Đang trên bãi,9.8,Shuttle,FC,Forecast
530311220104,SG BÌNH TÂN,SG THỦ ĐỨC,SG THỦ ĐỨC,SG BÌNH TÂN,2026-07-13 19:59:13,2026-07-13 16:15:20,2026-07-13 15:57:01,,Đang trên bãi,5.05,Shuttle,FC,Forecast
530311620104,SG BÌNH TÂN,SG BÀ ĐIỂM,SG BÀ ĐIỂM,SG BÌNH TÂN,2026-07-13 19:59:13,2026-07-13 16:15:36,2026-07-13 15:57:01,,Đang trên bãi,5.05,Shuttle,FC,Forecast
530822330104,SG BÌNH TÂN,SG XUÂN HÒA,SG XUÂN HÒA,SG BÌNH TÂN,2026-07-13 19:59:11,2026-07-13 11:04:07,2026-07-13 10:45:14,,Đang trên bãi,9.8,Shuttle,FC,Forecast
530426930104,SG BÌNH TÂN,SG AN PHÚ ĐÔNG,SG AN PHÚ ĐÔNG,SG BÌNH TÂN,2026-07-13 19:59:08,2026-07-13 11:06:24,2026-07-13 10:47:52,,Đang trên bãi,5.05,Shuttle,FC,Forecast
530915130104,SG BÌNH TÂN,CT NINH KIỀU,CT NINH KIỀU,SG BÌNH TÂN,2026-07-13 19:59:07,2026-07-13 12:50:07,2026-07-13 10:47:53,,Đang trên bãi,5.05,Shuttle,FC,Forecast
530151140104,SG BÌNH TÂN,SG HIỆP BÌNH,SG HIỆP BÌNH,SG BÌNH TÂN,2026-07-13 19:59:07,2026-07-13 16:15:54,2026-07-13 15:57:01,,Đang trên bãi,5.05,Shuttle,FC,Forecast
530324330104,SG BÌNH TÂN,AG TÂN CHÂU,AG TÂN CHÂU,SG BÌNH TÂN,2026-07-13 19:59:01,2026-07-13 11:04:22,2026-07-13 10:45:14,,Đang trên bãi,9.8,Shuttle,FC,Forecast
530922930104,SG BÌNH TÂN,VL VĨNH LONG,VL VĨNH LONG,SG BÌNH TÂN,2026-07-13 19:59:01,2026-07-13 11:07:28,2026-07-13 10:47:53,,Đang trên bãi,5.05,Shuttle,FC,Forecast
530523410104,SG BÌNH TÂN,SG BÌNH TÂN,SG BÌNH TÂN,SG BÌNH TÂN,2026-07-13 19:59:00,2026-07-13 11:07:27,2026-07-13 10:47:53,,Đang trên bãi,5.05,Shuttle,FC,Forecast
530123410104,SG BÌNH TÂN,VT LONG ĐẤT,VT LONG ĐẤT,SG BÌNH TÂN,2026-07-13 19:58:56,2026-07-13 11:04:02,2026-07-13 10:45:15,,Đang trên bãi,9.8,Shuttle,FC,Forecast
530953730104,SG BÌNH TÂN,SG CỦ CHI,SG CỦ CHI,SG BÌNH TÂN,2026-07-13 19:58:54,2026-07-13 11:07:14,2026-07-13 10:47:52,,Đang trên bãi,5.05,Shuttle,FC,Forecast
530915330104,SG BÌNH TÂN,SG PHÚ NHUẬN,SG PHÚ NHUẬN,SG BÌNH TÂN,2026-07-13 19:58:53,2026-07-13 11:07:11,2026-07-13 10:47:53,,Đang trên bãi,5.05,Shuttle,FC,Forecast
530928930104,SG BÌNH TÂN,SG CHỢ LỚN,SG CHỢ LỚN,SG BÌNH TÂN,2026-07-13 19:58:47,2026-07-13 11:06:32,2026-07-13 10:47:53,,Đang trên bãi,5.05,Shuttle,FC,Forecast
530553130104,SG NHƠN ĐỨC,DT SA ĐÉC,DT SA ĐÉC,SG NHƠN ĐỨC,2026-07-13 19:58:47,2026-07-13 17:35:38,2026-07-13 10:42:18,,Đang trên bãi,8.8,Shuttle,FC,Forecast
530424730104,SG BÌNH TÂN,TG GÒ CÔNG,TG GÒ CÔNG,SG BÌNH TÂN,2026-07-13 19:58:46,2026-07-13 11:07:21,2026-07-13 10:47:53,,Đang trên bãi,5.05,Shuttle,FC,Forecast
530501210104,SG BÌNH TÂN,AG TÂN CHÂU,AG TÂN CHÂU,SG BÌNH TÂN,2026-07-13 19:58:41,2026-07-13 11:04:33,2026-07-13 10:45:15,,Đang trên bãi,9.6,Shuttle,FC,Forecast
530623130104,SG NHƠN ĐỨC,SG PHÚ LÂM,SG PHÚ LÂM,SG NHƠN ĐỨC,2026-07-13 19:58:39,2026-07-13 17:35:53,2026-07-13 11:22:52,,Đang trên bãi,9.3,Shuttle,FC,Forecast
530915930104,SG BÌNH TÂN,BD DĨ AN,BD DĨ AN,SG BÌNH TÂN,2026-07-13 19:58:38,2026-07-13 11:08:01,2026-07-13 10:47:54,,Đang trên bãi,5.05,Shuttle,FC,Forecast
530807530104,SG BÌNH TÂN,SG PHÚ LÂM,SG PHÚ LÂM,SG BÌNH TÂN,2026-07-13 19:58:37,2026-07-13 11:07:41,2026-07-13 10:47:52,,Đang trên bãi,5.05,Shuttle,FC,Forecast
530409410104,SG NHƠN ĐỨC,LA ĐỨC HÒA,LA ĐỨC HÒA,SG NHƠN ĐỨC,2026-07-13 19:58:31,2026-07-13 17:35:37,2026-07-13 10:42:18,,Đang trên bãi,8.8,Shuttle,FC,Forecast
530432330104,SG BÌNH TÂN,LA HẬU NGHĨA,LA HẬU NGHĨA,SG BÌNH TÂN,2026-07-13 19:58:26,2026-07-13 11:06:01,2026-07-13 10:47:51,,Đang trên bãi,5.05,Shuttle,FC,Forecast
530023130104,SG BÌNH TÂN,SG THỦ ĐỨC,SG THỦ ĐỨC,SG BÌNH TÂN,2026-07-13 19:58:26,2026-07-13 11:07:37,2026-07-13 10:47:52,,Đang trên bãi,5.05,Shuttle,FC,Forecast
530627810104,SG NHƠN ĐỨC,LA BẾN LỨC,LA BẾN LỨC,SG NHƠN ĐỨC,2026-07-13 19:58:25,2026-07-13 17:35:47,2026-07-13 11:22:52,,Đang trên bãi,9.3,Shuttle,FC,Forecast
530910610104,SG NHƠN ĐỨC,SG XUÂN HÒA,SG XUÂN HÒA,SG NHƠN ĐỨC,2026-07-13 19:58:18,2026-07-13 17:35:40,2026-07-13 10:42:18,,Đang trên bãi,8.8,Shuttle,FC,Forecast
530051940104,SG BÌNH TÂN,SG THỦ ĐỨC,SG THỦ ĐỨC,SG BÌNH TÂN,2026-07-13 19:58:14,2026-07-13 16:15:34,2026-07-13 15:57:00,,Đang trên bãi,9.8,Shuttle,FC,Forecast
530416130104,SG NHƠN ĐỨC,SG CỦ CHI,SG CỦ CHI,SG NHƠN ĐỨC,2026-07-13 19:58:12,2026-07-13 17:35:53,2026-07-13 10:42:18,,Đang trên bãi,8.8,Shuttle,FC,Forecast
530227530104,SG NHƠN ĐỨC,BD BẾN CÁT,BD BẾN CÁT,SG NHƠN ĐỨC,2026-07-13 19:58:08,2026-07-13 17:35:50,2026-07-13 11:22:53,,Đang trên bãi,18.6,Shuttle,FC,Forecast
530440730104,SG NHƠN ĐỨC,SG HIỆP BÌNH,SG HIỆP BÌNH,SG NHƠN ĐỨC,2026-07-13 19:58:05,2026-07-13 17:35:51,2026-07-13 11:22:52,,Đang trên bãi,9.3,Shuttle,FC,Forecast
530615810104,SG NHƠN ĐỨC,SG GÒ VẤP,SG GÒ VẤP,SG NHƠN ĐỨC,2026-07-13 19:58:01,2026-07-13 17:35:48,2026-07-13 10:42:18,,Đang trên bãi,8.8,Shuttle,FC,Forecast
530709810104,SG BÌNH TÂN,VT VŨNG TÀU,VT VŨNG TÀU,SG BÌNH TÂN,2026-07-13 19:57:50,2026-07-13 11:07:20,2026-07-13 10:47:52,,Đang trên bãi,5.05,Shuttle,FC,Forecast
530156810104,SG BÌNH TÂN,SG TÂN HƯNG,SG TÂN HƯNG,SG BÌNH TÂN,2026-07-13 19:57:49,2026-07-13 11:12:50,2026-07-13 10:54:31,,Đang trên bãi,5.05,Shuttle,FC,Forecast
530532130104,SG BÌNH TÂN,VT LONG ĐẤT,VT LONG ĐẤT,SG BÌNH TÂN,2026-07-13 19:57:43,2026-07-13 11:07:44,2026-07-13 10:47:53,,Đang trên bãi,5.05,Shuttle,FC,Forecast
530922330104,SG BÌNH TÂN,SG PHÚ NHUẬN,SG PHÚ NHUẬN,SG BÌNH TÂN,2026-07-13 19:57:42,2026-07-13 11:06:35,2026-07-13 10:47:51,,Đang trên bãi,5.05,Shuttle,FC,Forecast
530568530104,SG BÌNH TÂN,BN HUB,VP VĨNH YÊN,SG BÌNH TÂN,2026-07-13 19:57:42,2026-07-13 11:13:10,2026-07-13 10:54:29,,Đang trên bãi,5.05,Linehaul,BN HUB,Forecast
530625410104,SG BÌNH TÂN,VT XUYÊN MỘC,VT XUYÊN MỘC,SG BÌNH TÂN,2026-07-13 19:57:42,2026-07-13 11:12:26,2026-07-13 10:54:30,,Đang trên bãi,5.05,Shuttle,FC,Forecast
530601410104,SG BÌNH TÂN,SG HIỆP BÌNH,SG HIỆP BÌNH,SG BÌNH TÂN,2026-07-13 19:57:37,2026-07-13 11:07:07,2026-07-13 10:47:52,,Đang trên bãi,5.05,Shuttle,FC,Forecast
530938930104,SG BÌNH TÂN,BD BẾN CÁT,BD BẾN CÁT,SG BÌNH TÂN,2026-07-13 19:57:36,2026-07-13 10:58:16,2026-07-13 10:02:34,,Đang trên bãi,5.05,Shuttle,FC,Forecast
530532010104,SG NHƠN ĐỨC,DT SA ĐÉC,DT SA ĐÉC,SG NHƠN ĐỨC,2026-07-13 19:57:34,2026-07-13 17:35:33,2026-07-13 11:22:52,,Đang trên bãi,9.3,Shuttle,FC,Forecast
530912010104,SG NHƠN ĐỨC,VT LONG ĐẤT,VT LONG ĐẤT,SG NHƠN ĐỨC,2026-07-13 19:57:28,2026-07-13 17:35:52,2026-07-13 10:42:18,,Đang trên bãi,8.8,Shuttle,FC,Forecast
530025410104,SG NHƠN ĐỨC,CT LONG MỸ,CT LONG MỸ,SG NHƠN ĐỨC,2026-07-13 19:57:27,2026-07-13 17:35:39,2026-07-13 10:42:18,,Đang trên bãi,8.8,Shuttle,FC,Forecast
530568130104,SG BÌNH TÂN,SG AN PHÚ ĐÔNG,SG AN PHÚ ĐÔNG,SG BÌNH TÂN,2026-07-13 19:57:27,2026-07-13 11:13:16,2026-07-13 10:54:28,,Đang trên bãi,5.05,Shuttle,FC,Forecast
530227410104,SG BÌNH TÂN,SG THỦ ĐỨC,SG THỦ ĐỨC,SG BÌNH TÂN,2026-07-13 19:57:27,2026-07-13 11:13:18,2026-07-13 10:54:28,,Đang trên bãi,5.05,Shuttle,FC,Forecast
530409610104,SG NHƠN ĐỨC,SG NHƠN ĐỨC,SG NHƠN ĐỨC,SG NHƠN ĐỨC,2026-07-13 19:57:25,2026-07-13 17:35:49,2026-07-13 10:42:18,,Đang trên bãi,8.8,Shuttle,FC,Forecast
530730530104,SG BÌNH TÂN,BN HUB,HN HÀ ĐÔNG,SG BÌNH TÂN,2026-07-13 19:57:23,2026-07-13 11:12:33,2026-07-13 10:54:28,,Đang trên bãi,5.05,Linehaul,BN HUB,Forecast
530232730104,SG NHƠN ĐỨC,SG BÌNH TÂN,SG BÌNH TÂN,SG NHƠN ĐỨC,2026-07-13 19:57:22,2026-07-13 17:35:35,2026-07-13 10:42:18,,Đang trên bãi,8.8,Shuttle,FC,Forecast
530250740104,SG NHƠN ĐỨC,VT LONG ĐẤT,VT LONG ĐẤT,SG NHƠN ĐỨC,2026-07-13 19:57:20,2026-07-13 17:35:13,2026-07-13 15:10:42,,Đang trên bãi,8.8,Shuttle,FC,Forecast
530316930104,SG NHƠN ĐỨC,BD BÌNH HÒA,BD BÌNH HÒA,SG NHƠN ĐỨC,2026-07-13 19:57:19,2026-07-13 17:35:42,2026-07-13 10:42:18,,Đang trên bãi,8.8,Shuttle,FC,Forecast
530250940104,SG NHƠN ĐỨC,VT LONG ĐẤT,VT LONG ĐẤT,SG NHƠN ĐỨC,2026-07-13 19:57:18,2026-07-13 17:35:16,2026-07-13 15:10:42,,Đang trên bãi,8.8,Shuttle,FC,Forecast
530463130104,SG BÌNH TÂN,SG CHỢ LỚN,SG CHỢ LỚN,SG BÌNH TÂN,2026-07-13 19:57:17,2026-07-13 11:12:38,2026-07-13 10:54:31,,Đang trên bãi,5.05,Shuttle,FC,Forecast
530017730104,SG BÌNH TÂN,SG THỦ ĐỨC,SG THỦ ĐỨC,SG BÌNH TÂN,2026-07-13 19:57:16,2026-07-13 11:13:53,2026-07-13 10:54:29,,Đang trên bãi,5.05,Shuttle,FC,Forecast
530392810104,SG TÂN THỚI HIỆP,SG HƯNG LONG,SG HƯNG LONG,SG TÂN THỚI HIỆP,2026-07-13 19:57:15,2026-07-13 15:14:03,2026-07-13 14:35:25,,Đang trên bãi,6.6,Shuttle,FC,Forecast
530276930104,SG NHƠN ĐỨC,VT VŨNG TÀU,VT VŨNG TÀU,SG NHƠN ĐỨC,2026-07-13 19:57:14,2026-07-13 17:35:41,2026-07-13 11:22:53,,Đang trên bãi,9.3,Shuttle,FC,Forecast
530692730103,SG NHƠN ĐỨC,SG NHƠN ĐỨC,SG NHƠN ĐỨC,SG NHƠN ĐỨC,2026-07-13 19:57:12,2026-07-08 18:28:03,2026-07-08 15:42:51,,Đang trên bãi,5.14,Shuttle,FC,Dispatch
530529010104,SG TÂN THỚI HIỆP,SG THỦ ĐỨC,SG THỦ ĐỨC,SG TÂN THỚI HIỆP,2026-07-13 19:57:11,2026-07-13 11:39:51,2026-07-13 09:30:11,,Đang trên bãi,6.6,Shuttle,FC,Forecast
530621930104,SG TÂN THỚI HIỆP,VL VĨNH LONG,VL VĨNH LONG,SG TÂN THỚI HIỆP,2026-07-13 19:57:10,2026-07-13 11:39:06,2026-07-13 09:30:47,,Đang trên bãi,6.6,Shuttle,FC,Forecast
530515730104,SG NHƠN ĐỨC,AG TÂN CHÂU,AG TÂN CHÂU,SG NHƠN ĐỨC,2026-07-13 19:57:10,2026-07-13 17:35:42,2026-07-13 10:42:18,,Đang trên bãi,8.8,Shuttle,FC,Forecast
530416330104,SG NHƠN ĐỨC,VT LONG ĐẤT,VT LONG ĐẤT,SG NHƠN ĐỨC,2026-07-13 19:57:07,2026-07-13 17:35:36,2026-07-13 10:42:18,,Đang trên bãi,8.8,Shuttle,FC,Forecast
530687400104,SG TÂN THỚI HIỆP,SG NHƠN ĐỨC,SG NHƠN ĐỨC,SG TÂN THỚI HIỆP,2026-07-13 19:57:05,2026-07-13 11:39:05,2026-07-13 09:30:47,,Đang trên bãi,6.6,Shuttle,FC,Forecast
530217810104,SG NHƠN ĐỨC,CT Ô MÔN,CT Ô MÔN,SG NHƠN ĐỨC,2026-07-13 19:57:04,2026-07-13 17:35:43,2026-07-13 10:42:18,,Đang trên bãi,8.8,Shuttle,FC,Forecast
530019740104,SG TÂN THỚI HIỆP,SG AN LẠC,SG AN LẠC,SG TÂN THỚI HIỆP,2026-07-13 19:57:02,2026-07-13 15:13:55,2026-07-13 14:35:25,,Đang trên bãi,6.6,Shuttle,FC,Forecast
530088540104,SG NHƠN ĐỨC,SG TÂN HƯNG,SG TÂN HƯNG,SG NHƠN ĐỨC,2026-07-13 19:56:59,2026-07-13 17:35:46,2026-07-13 17:15:54,,Đang trên bãi,8.8,Shuttle,FC,Forecast
530942940104,SG NHƠN ĐỨC,BD DĨ AN,BD DĨ AN,SG NHƠN ĐỨC,2026-07-13 19:56:57,2026-07-13 17:35:45,2026-07-13 15:10:42,,Đang trên bãi,8.8,Shuttle,FC,Forecast
530321220104,SG NHƠN ĐỨC,SG VĨNH LỘC,SG VĨNH LỘC,SG NHƠN ĐỨC,2026-07-13 19:56:57,2026-07-13 17:35:44,2026-07-13 17:15:54,,Đang trên bãi,8.8,Shuttle,FC,Forecast
530792400104,SG TÂN THỚI HIỆP,AG AN PHÚ,AG AN PHÚ,SG TÂN THỚI HIỆP,2026-07-13 19:56:56,2026-07-13 11:39:08,2026-07-13 09:30:46,,Đang trên bãi,6.6,Shuttle,FC,Forecast
530981320104,SG TÂN THỚI HIỆP,SG GÒ VẤP,SG GÒ VẤP,SG TÂN THỚI HIỆP,2026-07-13 19:56:55,2026-07-13 11:39:07,2026-07-13 09:30:46,,Đang trên bãi,6.6,Shuttle,FC,Forecast
530281330104,SG NHƠN ĐỨC,BD DĨ AN,BD DĨ AN,SG NHƠN ĐỨC,2026-07-13 19:56:53,2026-07-13 17:37:50,2026-07-13 13:57:59,,Đang trên bãi,32.04,Shuttle,FC,Forecast
530885330104,SG NHƠN ĐỨC,SG CỦ CHI,SG CỦ CHI,SG NHƠN ĐỨC,2026-07-13 19:56:49,2026-07-13 17:38:11,2026-07-13 14:13:06,,Đang trên bãi,16.68,Shuttle,FC,Forecast
530834340104,SG NHƠN ĐỨC,SG THỦ ĐỨC,SG THỦ ĐỨC,SG NHƠN ĐỨC,2026-07-13 19:56:49,2026-07-13 17:35:32,2026-07-13 15:10:43,,Đang trên bãi,8.8,Shuttle,FC,Forecast
530044610104,SG NHƠN ĐỨC,SG VĨNH LỘC,SG VĨNH LỘC,SG NHƠN ĐỨC,2026-07-13 19:56:47,2026-07-13 17:35:36,2026-07-13 11:22:52,,Đang trên bãi,9.3,Shuttle,FC,Forecast
530614620104,SG TÂN THỚI HIỆP,ST VĨNH CHÂU,ST VĨNH CHÂU,SG TÂN THỚI HIỆP,2026-07-13 19:56:47,2026-07-13 15:13:57,2026-07-13 14:35:25,,Đang trên bãi,6.6,Shuttle,FC,Forecast
530804330104,SG TÂN THỚI HIỆP,SG TÂN HƯNG,SG TÂN HƯNG,SG TÂN THỚI HIỆP,2026-07-13 19:56:44,2026-07-13 11:39:09,2026-07-13 09:30:47,,Đang trên bãi,6.6,Shuttle,FC,Forecast
530834130104,SG NHƠN ĐỨC,SG ĐÔNG HƯNG THUẬN,SG ĐÔNG HƯNG THUẬN,SG NHƠN ĐỨC,2026-07-13 19:56:43,2026-07-13 17:35:29,2026-07-13 11:22:52,,Đang trên bãi,9.3,Shuttle,FC,Forecast
530594810104,SG TÂN THỚI HIỆP,SG HÓC MÔN,SG HÓC MÔN,SG TÂN THỚI HIỆP,2026-07-13 19:56:43,2026-07-13 15:14:14,2026-07-13 14:34:25,,Đang trên bãi,6.6,Shuttle,FC,Forecast
530893530104,SG TÂN THỚI HIỆP,BD BÌNH HÒA,BD BÌNH HÒA,SG TÂN THỚI HIỆP,2026-07-13 19:56:43,2026-07-13 15:14:16,2026-07-13 14:34:25,,Đang trên bãi,6.6,Shuttle,FC,Forecast
530536530104,SG NHƠN ĐỨC,BD BÌNH HÒA,BD BÌNH HÒA,SG NHƠN ĐỨC,2026-07-13 19:56:42,2026-07-13 17:35:33,2026-07-13 11:22:53,,Đang trên bãi,9.3,Shuttle,FC,Forecast
530500020104,SG NHƠN ĐỨC,CT NINH KIỀU,CT NINH KIỀU,SG NHƠN ĐỨC,2026-07-13 19:56:35,2026-07-13 17:37:04,2026-07-13 13:33:09,,Đang trên bãi,5.6,Shuttle,FC,Forecast
530685520104,SG TÂN THỚI HIỆP,LA HẬU NGHĨA,LA HẬU NGHĨA,SG TÂN THỚI HIỆP,2026-07-13 19:56:33,2026-07-13 11:39:47,2026-07-13 09:30:11,,Đang trên bãi,6.6,Shuttle,FC,Forecast
530299410104,SG NHƠN ĐỨC,CT Ô MÔN,CT Ô MÔN,SG NHƠN ĐỨC,2026-07-13 19:56:31,2026-07-13 17:37:47,2026-07-13 14:07:57,,Đang trên bãi,7.84,Shuttle,FC,Forecast
530722940104,SG TÂN THỚI HIỆP,VT VŨNG TÀU,VT VŨNG TÀU,SG TÂN THỚI HIỆP,2026-07-13 19:56:31,2026-07-13 15:14:02,2026-07-13 14:35:25,,Đang trên bãi,6.6,Shuttle,FC,Forecast
530220340104,SG NHƠN ĐỨC,SG HIỆP BÌNH,SG HIỆP BÌNH,SG NHƠN ĐỨC,2026-07-13 19:56:30,2026-07-13 17:37:44,2026-07-13 14:13:10,,Đang trên bãi,13.9,Shuttle,FC,Forecast
530694320104,SG TÂN THỚI HIỆP,TG GÒ CÔNG,TG GÒ CÔNG,SG TÂN THỚI HIỆP,2026-07-13 19:56:29,2026-07-13 11:39:41,2026-07-13 09:30:11,,Đang trên bãi,6.6,Shuttle,FC,Forecast
530703140104,SG TÂN THỚI HIỆP,ST VĨNH CHÂU,ST VĨNH CHÂU,SG TÂN THỚI HIỆP,2026-07-13 19:56:28,2026-07-13 15:13:59,2026-07-13 14:35:26,,Đang trên bãi,6.6,Shuttle,FC,Forecast
530485930104,SG NHƠN ĐỨC,TG HÒA KHÁNH,TG HÒA KHÁNH,SG NHƠN ĐỨC,2026-07-13 19:56:27,2026-07-13 17:37:59,2026-07-13 14:02:59,,Đang trên bãi,8.37,Shuttle,FC,Forecast
530608340104,SG NHƠN ĐỨC,SG HIỆP BÌNH,SG HIỆP BÌNH,SG NHƠN ĐỨC,2026-07-13 19:56:27,2026-07-13 17:38:05,2026-07-13 14:07:57,,Đang trên bãi,13.9,Shuttle,FC,Forecast
530982610104,SG NHƠN ĐỨC,SG CỦ CHI,SG CỦ CHI,SG NHƠN ĐỨC,2026-07-13 19:56:23,2026-07-13 17:38:20,2026-07-13 14:13:08,,Đang trên bãi,16.68,Shuttle,FC,Forecast
530685930104,SG NHƠN ĐỨC,SG HIỆP BÌNH,SG HIỆP BÌNH,SG NHƠN ĐỨC,2026-07-13 19:56:22,2026-07-13 17:38:09,2026-07-13 14:07:57,,Đang trên bãi,13.9,Shuttle,FC,Forecast
530883810104,SG TÂN THỚI HIỆP,BD BÌNH HÒA,BD BÌNH HÒA,SG TÂN THỚI HIỆP,2026-07-13 19:56:21,2026-07-13 15:14:45,2026-07-13 14:34:25,,Đang trên bãi,6.6,Shuttle,FC,Forecast
530459530104,SG NHƠN ĐỨC,SG CHỢ LỚN,SG CHỢ LỚN,SG NHƠN ĐỨC,2026-07-13 19:56:20,2026-07-13 17:37:41,2026-07-13 13:17:54,,Đang trên bãi,8.37,Shuttle,FC,Forecast
530392010104,SG TÂN THỚI HIỆP,BD BẾN CÁT,BD BẾN CÁT,SG TÂN THỚI HIỆP,2026-07-13 19:56:18,2026-07-13 15:14:47,2026-07-13 14:34:25,,Đang trên bãi,6.6,Shuttle,FC,Forecast
530587330104,SG NHƠN ĐỨC,SG CỦ CHI,SG CỦ CHI,SG NHƠN ĐỨC,2026-07-13 19:56:15,2026-07-13 17:38:33,2026-07-13 14:07:59,,Đang trên bãi,16.68,Shuttle,FC,Forecast
530612130104,SG TÂN THỚI HIỆP,SG BÀ ĐIỂM,SG BÀ ĐIỂM,SG TÂN THỚI HIỆP,2026-07-13 19:56:14,2026-07-13 11:39:10,2026-07-13 09:30:47,,Đang trên bãi,6.6,Shuttle,FC,Forecast
530693800104,SG NHƠN ĐỨC,BD BÌNH HÒA,BD BÌNH HÒA,SG NHƠN ĐỨC,2026-07-13 19:56:14,2026-07-13 17:38:52,2026-07-13 10:18:45,,Đang trên bãi,16.44,Shuttle,FC,Forecast
530429610104,SG TÂN THỚI HIỆP,ST PHÚ LỢI,ST PHÚ LỢI,SG TÂN THỚI HIỆP,2026-07-13 19:56:11,2026-07-13 11:40:05,2026-07-13 09:30:12,,Đang trên bãi,6.6,Shuttle,FC,Forecast
530786810104,SG TÂN THỚI HIỆP,VT VŨNG TÀU,VT VŨNG TÀU,SG TÂN THỚI HIỆP,2026-07-13 19:56:10,2026-07-13 15:14:44,2026-07-13 14:34:25,,Đang trên bãi,6.6,Shuttle,FC,Forecast
530452330104,SG NHƠN ĐỨC,BD BÌNH HÒA,BD BÌNH HÒA,SG NHƠN ĐỨC,2026-07-13 19:56:09,2026-07-13 17:39:14,2026-07-13 10:18:52,,Đang trên bãi,16.44,Shuttle,FC,Forecast
530997120104,SG NHƠN ĐỨC,SG THỦ ĐỨC,SG THỦ ĐỨC,SG NHƠN ĐỨC,2026-07-13 19:56:08,2026-07-13 17:39:18,2026-07-13 10:28:09,,Đang trên bãi,7.83,Shuttle,FC,Forecast
530785120104,SG TÂN THỚI HIỆP,AG AN PHÚ,AG AN PHÚ,SG TÂN THỚI HIỆP,2026-07-13 19:56:04,2026-07-13 11:39:40,2026-07-13 09:30:11,,Đang trên bãi,6.6,Shuttle,FC,Forecast
530493130104,SG NHƠN ĐỨC,SG HIỆP BÌNH,SG HIỆP BÌNH,SG NHƠN ĐỨC,2026-07-13 19:56:03,2026-07-13 17:37:27,2026-07-13 14:18:09,,Đang trên bãi,13.9,Shuttle,FC,Forecast
530126010104,SG NHƠN ĐỨC,BD BÌNH HÒA,BD BÌNH HÒA,SG NHƠN ĐỨC,2026-07-13 19:56:01,2026-07-13 17:37:57,2026-07-13 10:18:54,,Đang trên bãi,16.44,Shuttle,FC,Forecast
530586330104,SG NHƠN ĐỨC,SG TÂN HƯNG,SG TÂN HƯNG,SG NHƠN ĐỨC,2026-07-13 19:55:59,2026-07-13 17:37:52,2026-07-13 13:37:57,,Đang trên bãi,7.99,Shuttle,FC,Forecast
530429810104,SG TÂN THỚI HIỆP,SG THỦ ĐỨC,SG THỦ ĐỨC,SG TÂN THỚI HIỆP,2026-07-13 19:55:58,2026-07-13 11:39:52,2026-07-13 09:30:12,,Đang trên bãi,6.6,Shuttle,FC,Forecast
530691930104,SG NHƠN ĐỨC,SG GÒ VẤP,SG GÒ VẤP,SG NHƠN ĐỨC,2026-07-13 19:55:57,2026-07-13 17:38:15,2026-07-13 14:07:56,,Đang trên bãi,5.52,Shuttle,FC,Forecast
530399320104,SG TÂN THỚI HIỆP,VL CHỢ LÁCH,VL CHỢ LÁCH,SG TÂN THỚI HIỆP,2026-07-13 19:55:54,2026-07-13 11:39:11,2026-07-13 09:30:47,,Đang trên bãi,6.6,Shuttle,FC,Forecast
530833930104,SG NHƠN ĐỨC,LA ĐỨC HÒA,LA ĐỨC HÒA,SG NHƠN ĐỨC,2026-07-13 19:55:54,2026-07-13 17:38:02,2026-07-13 12:27:49,,Đang trên bãi,16.1,Shuttle,FC,Forecast
530721130104,SG TÂN THỚI HIỆP,SG BÌNH LỢI TRUNG,SG BÌNH LỢI TRUNG,SG TÂN THỚI HIỆP,2026-07-13 19:55:53,2026-07-13 11:39:12,2026-07-13 09:30:47,,Đang trên bãi,6.6,Shuttle,FC,Forecast
530518140104,SG NHƠN ĐỨC,VT VŨNG TÀU,VT VŨNG TÀU,SG NHƠN ĐỨC,2026-07-13 19:55:52,2026-07-13 17:38:24,2026-07-13 14:18:02,,Đang trên bãi,7.99,Shuttle,FC,Forecast
530883720104,SG TÂN THỚI HIỆP,AG CẦN ĐĂNG,AG CẦN ĐĂNG,SG TÂN THỚI HIỆP,2026-07-13 19:55:51,2026-07-13 11:39:48,2026-07-13 09:30:11,,Đang trên bãi,6.6,Shuttle,FC,Forecast
530980010104,SG NHƠN ĐỨC,SG AN LẠC,SG AN LẠC,SG NHƠN ĐỨC,2026-07-13 19:55:48,2026-07-13 17:38:28,2026-07-13 13:18:40,,Đang trên bãi,7.0,Shuttle,FC,Forecast
530970610104,SG NHƠN ĐỨC,SG CỦ CHI,SG CỦ CHI,SG NHƠN ĐỨC,2026-07-13 19:55:46,2026-07-13 17:38:36,2026-07-13 13:38:00,,Đang trên bãi,8.37,Shuttle,FC,Forecast
530921010104,SG TÂN THỚI HIỆP,SG BÌNH LỢI TRUNG,SG BÌNH LỢI TRUNG,SG TÂN THỚI HIỆP,2026-07-13 19:55:43,2026-07-13 11:39:38,2026-07-13 09:30:11,,Đang trên bãi,6.6,Shuttle,FC,Forecast
530887120104,SG TÂN THỚI HIỆP,VT CHÂU ĐỨC,VT CHÂU ĐỨC,SG TÂN THỚI HIỆP,2026-07-13 19:55:41,2026-07-13 11:39:55,2026-07-13 09:30:12,,Đang trên bãi,6.6,Shuttle,FC,Forecast
530891330104,SG NHƠN ĐỨC,SG GÒ VẤP,SG GÒ VẤP,SG NHƠN ĐỨC,2026-07-13 19:55:41,2026-07-13 17:38:22,2026-07-13 14:13:01,,Đang trên bãi,5.5,Shuttle,FC,Forecast
530149090102,SG TÂN HƯNG,SG TÂN HƯNG,SG TÂN HƯNG,SG TÂN HƯNG,2026-07-13 19:55:40,2026-07-07 10:37:39,2026-07-07 07:55:01,,Đang trên bãi,6.0,Shuttle,FC,Dispatch
530921210104,SG TÂN THỚI HIỆP,SG BÌNH LỢI,SG BÌNH LỢI,SG TÂN THỚI HIỆP,2026-07-13 19:55:40,2026-07-13 11:40:04,2026-07-13 09:30:12,,Đang trên bãi,6.6,Shuttle,FC,Forecast
530003130104,SG TÂN THỚI HIỆP,VT XUYÊN MỘC,VT XUYÊN MỘC,SG TÂN THỚI HIỆP,2026-07-13 19:55:39,2026-07-13 11:39:42,2026-07-13 09:30:11,,Đang trên bãi,6.6,Shuttle,FC,Forecast
530418940104,SG NHƠN ĐỨC,SG HIỆP BÌNH,SG HIỆP BÌNH,SG NHƠN ĐỨC,2026-07-13 19:55:37,2026-07-13 17:38:31,2026-07-13 14:18:02,,Đang trên bãi,13.9,Shuttle,FC,Forecast
530383330104,SG NHƠN ĐỨC,LA BẾN LỨC,LA BẾN LỨC,SG NHƠN ĐỨC,2026-07-13 19:55:33,2026-07-13 17:37:48,2026-07-13 13:37:51,,Đang trên bãi,8.37,Shuttle,FC,Forecast
530516130104,SG BÌNH TÂN,SG GÒ VẤP,SG GÒ VẤP,SG BÌNH TÂN,2026-07-13 19:55:29,2026-07-13 12:46:48,2026-07-13 10:45:15,,Đang trên bãi,9.8,Shuttle,FC,Forecast
530169210104,SG NHƠN ĐỨC,SG THỦ ĐỨC,SG THỦ ĐỨC,SG NHƠN ĐỨC,2026-07-13 19:55:28,2026-07-13 17:38:42,2026-07-13 11:42:57,,Đang trên bãi,13.37,Shuttle,FC,Forecast
530258900103,BN HUB,BN HUB,HN HOÀNG MAI,BN HUB,2026-07-13 19:55:27,2026-07-06 16:48:34,2026-07-06 14:47:39,,Đang trên bãi,13.0,Linehaul,BN HUB,Inbound
530006210104,SG TÂN THỚI HIỆP,BD BÌNH HÒA,BD BÌNH HÒA,SG TÂN THỚI HIỆP,2026-07-13 19:55:24,2026-07-13 11:36:52,2026-07-13 09:31:45,,Đang trên bãi,5.6,Shuttle,FC,Forecast
530048130104,SG NHƠN ĐỨC,VT VŨNG TÀU,VT VŨNG TÀU,SG NHƠN ĐỨC,2026-07-13 19:55:24,2026-07-13 17:38:49,2026-07-13 11:42:59,,Đang trên bãi,14.13,Shuttle,FC,Forecast
530721730104,SG TÂN THỚI HIỆP,3PL,SETN,SG TÂN THỚI HIỆP,2026-07-13 19:55:21,2026-07-13 11:36:59,2026-07-13 09:31:46,,Đang trên bãi,5.6,Shuttle,3PL,Forecast
530820140104,SG TÂN THỚI HIỆP,SG TÂN HƯNG,SG TÂN HƯNG,SG TÂN THỚI HIỆP,2026-07-13 19:55:21,2026-07-13 15:14:09,2026-07-13 14:35:25,,Đang trên bãi,6.6,Shuttle,FC,Forecast
530811140104,SG TÂN THỚI HIỆP,LA ĐỨC HÒA,LA ĐỨC HÒA,SG TÂN THỚI HIỆP,2026-07-13 19:55:19,2026-07-13 15:14:05,2026-07-13 14:35:25,,Đang trên bãi,6.6,Shuttle,FC,Forecast
530087530104,SG NHƠN ĐỨC,LA ĐỨC HÒA,LA ĐỨC HÒA,SG NHƠN ĐỨC,2026-07-13 19:55:15,2026-07-13 17:37:55,2026-07-13 13:57:59,,Đang trên bãi,8.67,Shuttle,FC,Forecast
530883920104,SG TÂN THỚI HIỆP,SG THỦ ĐỨC,SG THỦ ĐỨC,SG TÂN THỚI HIỆP,2026-07-13 19:55:14,2026-07-13 11:40:06,2026-07-13 09:30:12,,Đang trên bãi,6.6,Shuttle,FC,Forecast
530710340104,SG NHƠN ĐỨC,AG LONG XUYÊN,AG LONG XUYÊN,SG NHƠN ĐỨC,2026-07-13 19:55:14,2026-07-13 17:37:31,2026-07-13 14:03:03,,Đang trên bãi,36.04,Shuttle,FC,Forecast
530166530104,SG TÂN THỚI HIỆP,LA ĐỨC HÒA,LA ĐỨC HÒA,SG TÂN THỚI HIỆP,2026-07-13 19:55:11,2026-07-13 11:40:04,2026-07-13 09:30:11,,Đang trên bãi,6.6,Shuttle,FC,Forecast
530289130104,SG NHƠN ĐỨC,BD BÌNH HÒA,BD BÌNH HÒA,SG NHƠN ĐỨC,2026-07-13 19:55:09,2026-07-13 17:37:54,2026-07-13 14:03:05,,Đang trên bãi,8.37,Shuttle,FC,Forecast
530796330104,SG NHƠN ĐỨC,ST VĨNH CHÂU,ST VĨNH CHÂU,SG NHƠN ĐỨC,2026-07-13 19:55:08,2026-07-13 17:37:39,2026-07-13 13:53:38,,Đang trên bãi,16.92,Shuttle,FC,Forecast
530342610104,SG BÌNH TÂN,BN HUB,HN AN KHÁNH,SG BÌNH TÂN,2026-07-13 19:55:05,2026-07-13 11:12:11,2026-07-13 10:54:28,,Đang trên bãi,5.05,Linehaul,BN HUB,Forecast
530045010104,SG NHƠN ĐỨC,AG TÂN CHÂU,AG TÂN CHÂU,SG NHƠN ĐỨC,2026-07-13 19:55:04,2026-07-13 17:38:39,2026-07-13 12:32:59,,Đang trên bãi,8.37,Shuttle,FC,Forecast
530234140104,SG TÂN THỚI HIỆP,VT VŨNG TÀU,VT VŨNG TÀU,SG TÂN THỚI HIỆP,2026-07-13 19:55:04,2026-07-13 15:14:08,2026-07-13 14:35:25,,Đang trên bãi,6.6,Shuttle,FC,Forecast
530017930104,SG BÌNH TÂN,SG THỦ ĐỨC,SG THỦ ĐỨC,SG BÌNH TÂN,2026-07-13 19:55:03,2026-07-13 11:13:45,2026-07-13 10:54:29,,Đang trên bãi,5.05,Shuttle,FC,Forecast
530650330104,SG NHƠN ĐỨC,VL VĨNH LONG,VL VĨNH LONG,SG NHƠN ĐỨC,2026-07-13 19:55:03,2026-07-13 17:38:43,2026-07-13 12:03:18,,Đang trên bãi,8.87,Shuttle,FC,Forecast
530891600104,SG TÂN THỚI HIỆP,TG TRUNG AN,TG TRUNG AN,SG TÂN THỚI HIỆP,2026-07-13 19:55:02,2026-07-13 11:39:45,2026-07-13 09:30:12,,Đang trên bãi,6.6,Shuttle,FC,Forecast
530069210104,SG NHƠN ĐỨC,SG BÀ ĐIỂM,SG BÀ ĐIỂM,SG NHƠN ĐỨC,2026-07-13 19:55:00,2026-07-13 17:39:52,2026-07-13 11:37:48,,Đang trên bãi,5.21,Shuttle,FC,Forecast
530166330104,SG TÂN THỚI HIỆP,TG TRUNG AN,TG TRUNG AN,SG TÂN THỚI HIỆP,2026-07-13 19:54:58,2026-07-13 11:39:53,2026-07-13 09:30:11,,Đang trên bãi,6.6,Shuttle,FC,Forecast
530944610104,SG NHƠN ĐỨC,BD DĨ AN,BD DĨ AN,SG NHƠN ĐỨC,2026-07-13 19:54:58,2026-07-13 17:38:55,2026-07-13 12:23:02,,Đang trên bãi,8.37,Shuttle,FC,Forecast
530795320104,SG NHƠN ĐỨC,AG TÂN CHÂU,AG TÂN CHÂU,SG NHƠN ĐỨC,2026-07-13 19:54:57,2026-07-13 17:39:23,2026-07-13 10:18:49,,Đang trên bãi,10.96,Shuttle,FC,Forecast
530616620104,SG BÌNH TÂN,SG THỦ ĐỨC,SG THỦ ĐỨC,SG BÌNH TÂN,2026-07-13 19:54:57,2026-07-13 16:10:36,2026-07-13 16:01:43,,Đang trên bãi,5.05,Shuttle,FC,Forecast
530709410104,SG BÌNH TÂN,ST VĨNH CHÂU,ST VĨNH CHÂU,SG BÌNH TÂN,2026-07-13 19:54:56,2026-07-13 12:50:28,2026-07-13 10:47:54,,Đang trên bãi,5.05,Shuttle,FC,Forecast
530726730104,SG BÌNH TÂN,SG NHƠN ĐỨC,SG NHƠN ĐỨC,SG BÌNH TÂN,2026-07-13 19:54:55,2026-07-13 11:12:44,2026-07-13 10:54:29,,Đang trên bãi,5.05,Shuttle,FC,Forecast
530234730104,SG BÌNH TÂN,SG HIỆP BÌNH,SG HIỆP BÌNH,SG BÌNH TÂN,2026-07-13 19:54:54,2026-07-13 11:12:13,2026-07-13 10:54:30,,Đang trên bãi,5.05,Shuttle,FC,Forecast
530804130104,SG TÂN THỚI HIỆP,SG GÒ VẤP,SG GÒ VẤP,SG TÂN THỚI HIỆP,2026-07-13 19:54:53,2026-07-13 11:39:12,2026-07-13 09:30:47,,Đang trên bãi,6.6,Shuttle,FC,Forecast
530808410104,SG NHƠN ĐỨC,BD BÌNH HÒA,BD BÌNH HÒA,SG NHƠN ĐỨC,2026-07-13 19:54:53,2026-07-13 17:39:35,2026-07-13 10:18:44,,Đang trên bãi,16.44,Shuttle,FC,Forecast
530614420104,SG TÂN THỚI HIỆP,DT SA ĐÉC,DT SA ĐÉC,SG TÂN THỚI HIỆP,2026-07-13 19:54:53,2026-07-13 15:14:06,2026-07-13 14:35:25,,Đang trên bãi,6.6,Shuttle,FC,Forecast
530891130104,SG NHƠN ĐỨC,SG HIỆP BÌNH,SG HIỆP BÌNH,SG NHƠN ĐỨC,2026-07-13 19:54:51,2026-07-13 17:38:07,2026-07-13 14:13:00,,Đang trên bãi,13.9,Shuttle,FC,Forecast
530040930104,SG BÌNH TÂN,TG TRUNG AN,TG TRUNG AN,SG BÌNH TÂN,2026-07-13 19:54:50,2026-07-13 11:13:53,2026-07-13 10:54:29,,Đang trên bãi,5.05,Shuttle,FC,Forecast
530430410104,SG BÌNH TÂN,SG TÂN THỚI HIỆP,SG TÂN THỚI HIỆP,SG BÌNH TÂN,2026-07-13 19:54:50,2026-07-13 11:13:42,2026-07-13 10:54:31,,Đang trên bãi,5.05,Shuttle,FC,Forecast
530134010104,SG TÂN THỚI HIỆP,VT LONG ĐẤT,VT LONG ĐẤT,SG TÂN THỚI HIỆP,2026-07-13 19:54:49,2026-07-13 11:37:04,2026-07-13 09:31:45,,Đang trên bãi,5.6,Shuttle,FC,Forecast
530425810104,SG BÌNH TÂN,SG GÒ VẤP,SG GÒ VẤP,SG BÌNH TÂN,2026-07-13 19:54:49,2026-07-13 11:12:08,2026-07-13 10:54:30,,Đang trên bãi,5.05,Shuttle,FC,Forecast
530712940104,SG NHƠN ĐỨC,SG HIỆP BÌNH,SG HIỆP BÌNH,SG NHƠN ĐỨC,2026-07-13 19:54:47,2026-07-13 17:38:26,2026-07-13 14:18:15,,Đang trên bãi,13.9,Shuttle,FC,Forecast
530817210104,SG BÌNH TÂN,SG TÂN THỚI HIỆP,SG TÂN THỚI HIỆP,SG BÌNH TÂN,2026-07-13 19:54:46,2026-07-13 11:12:52,2026-07-13 10:54:30,,Đang trên bãi,5.05,Shuttle,FC,Forecast
530227730104,SG NHƠN ĐỨC,BD DĨ AN,BD DĨ AN,SG NHƠN ĐỨC,2026-07-13 19:54:46,2026-07-13 17:39:27,2026-07-13 11:22:54,,Đang trên bãi,8.37,Shuttle,FC,Forecast
530821130104,SG TÂN THỚI HIỆP,SG BÌNH TRỊ ĐÔNG,SG BÌNH TRỊ ĐÔNG,SG TÂN THỚI HIỆP,2026-07-13 19:54:45,2026-07-13 11:36:43,2026-07-13 09:31:45,,Đang trên bãi,5.6,Shuttle,FC,Forecast
530150130104,SG NHƠN ĐỨC,SG PHÚ LÂM,SG PHÚ LÂM,SG NHƠN ĐỨC,2026-07-13 19:54:44,2026-07-13 17:40:01,2026-07-13 11:27:54,,Đang trên bãi,8.37,Shuttle,FC,Forecast
530621530104,SG TÂN THỚI HIỆP,SG THỦ ĐỨC,SG THỦ ĐỨC,SG TÂN THỚI HIỆP,2026-07-13 19:54:43,2026-07-13 11:39:50,2026-07-13 09:30:12,,Đang trên bãi,6.6,Shuttle,FC,Forecast
530905940104,SG TÂN THỚI HIỆP,SG BÌNH TÂN,SG BÌNH TÂN,SG TÂN THỚI HIỆP,2026-07-13 19:54:43,2026-07-13 15:14:19,2026-07-13 14:34:25,,Đang trên bãi,6.6,Shuttle,FC,Forecast
530607730104,SG BÌNH TÂN,SG TÂN HƯNG,SG TÂN HƯNG,SG BÌNH TÂN,2026-07-13 19:54:42,2026-07-13 11:03:48,2026-07-13 10:45:14,,Đang trên bãi,9.8,Shuttle,FC,Forecast
530595130104,SG NHƠN ĐỨC,SG HIỆP BÌNH,SG HIỆP BÌNH,SG NHƠN ĐỨC,2026-07-13 19:54:42,2026-07-13 17:38:45,2026-07-13 14:03:05,,Đang trên bãi,13.9,Shuttle,FC,Forecast
530052530104,SG NHƠN ĐỨC,SG CỦ CHI,SG CỦ CHI,SG NHƠN ĐỨC,2026-07-13 19:54:39,2026-07-13 17:39:41,2026-07-13 10:13:02,,Đang trên bãi,5.6,Shuttle,FC,Forecast
530256610104,SG BÌNH TÂN,BN HUB,HN XUÂN ĐỈNH,SG BÌNH TÂN,2026-07-13 19:54:38,2026-07-13 11:12:48,2026-07-13 10:54:30,,Đang trên bãi,5.05,Linehaul,BN HUB,Forecast
530497720104,SG BÌNH TÂN,BN HUB,HN NAM TỪ LIÊM,SG BÌNH TÂN,2026-07-13 19:54:36,2026-07-13 10:58:04,2026-07-13 10:02:34,,Đang trên bãi,5.05,Linehaul,BN HUB,Forecast
530250130104,SG NHƠN ĐỨC,TG TRUNG AN,TG TRUNG AN,SG NHƠN ĐỨC,2026-07-13 19:54:35,2026-07-13 17:39:33,2026-07-13 11:37:43,,Đang trên bãi,8.87,Shuttle,FC,Forecast
530119140104,SG TÂN THỚI HIỆP,SG PHÚ NHUẬN,SG PHÚ NHUẬN,SG TÂN THỚI HIỆP,2026-07-13 19:54:35,2026-07-13 15:15:22,2026-07-13 14:36:07,,Đang trên bãi,5.6,Shuttle,FC,Forecast
530728730104,SG BÌNH TÂN,AG TÂN CHÂU,AG TÂN CHÂU,SG BÌNH TÂN,2026-07-13 19:54:34,2026-07-13 11:04:10,2026-07-13 10:45:14,,Đang trên bãi,9.8,Shuttle,FC,Forecast
530127930104,SG NHƠN ĐỨC,SG TÂN HƯNG,SG TÂN HƯNG,SG NHƠN ĐỨC,2026-07-13 19:54:34,2026-07-13 17:40:17,2026-07-13 11:17:51,,Đang trên bãi,7.09,Shuttle,FC,Forecast
530714220104,SG TÂN THỚI HIỆP,CT LONG MỸ,CT LONG MỸ,SG TÂN THỚI HIỆP,2026-07-13 19:54:32,2026-07-13 15:15:23,2026-07-13 14:36:07,,Đang trên bãi,5.6,Shuttle,FC,Forecast
530015010104,SG NHƠN ĐỨC,BD BÌNH HÒA,BD BÌNH HÒA,SG NHƠN ĐỨC,2026-07-13 19:54:31,2026-07-13 17:39:56,2026-07-13 10:18:10,,Đang trên bãi,16.44,Shuttle,FC,Forecast
530107530104,SG NHƠN ĐỨC,BD BÌNH HÒA,BD BÌNH HÒA,SG NHƠN ĐỨC,2026-07-13 19:54:30,2026-07-13 17:39:58,2026-07-13 10:18:49,,Đang trên bãi,16.44,Shuttle,FC,Forecast
530423010104,SG BÌNH TÂN,LA BẾN LỨC,LA BẾN LỨC,SG BÌNH TÂN,2026-07-13 19:54:29,2026-07-13 11:07:06,2026-07-13 10:47:52,,Đang trên bãi,5.05,Shuttle,FC,Forecast
530726010104,SG BÌNH TÂN,BD DĨ AN,BD DĨ AN,SG BÌNH TÂN,2026-07-13 19:54:28,2026-07-13 11:04:14,2026-07-13 10:45:14,,Đang trên bãi,9.8,Shuttle,FC,Forecast
530815810104,SG BÌNH TÂN,SG BÌNH TRỊ ĐÔNG,SG BÌNH TRỊ ĐÔNG,SG BÌNH TÂN,2026-07-13 19:54:28,2026-07-13 12:51:15,2026-07-13 10:47:52,,Đang trên bãi,5.05,Shuttle,FC,Forecast
530000010104,SG TÂN THỚI HIỆP,SG GÒ VẤP,SG GÒ VẤP,SG TÂN THỚI HIỆP,2026-07-13 19:54:27,2026-07-13 11:39:54,2026-07-13 09:30:11,,Đang trên bãi,6.6,Shuttle,FC,Forecast
530693600104,SG NHƠN ĐỨC,BD BÌNH HÒA,BD BÌNH HÒA,SG NHƠN ĐỨC,2026-07-13 19:54:27,2026-07-13 17:40:19,2026-07-13 10:18:35,,Đang trên bãi,16.44,Shuttle,FC,Forecast
530711940104,SG TÂN THỚI HIỆP,TG GÒ CÔNG,TG GÒ CÔNG,SG TÂN THỚI HIỆP,2026-07-13 19:54:25,2026-07-13 15:14:41,2026-07-13 14:34:25,,Đang trên bãi,6.6,Shuttle,FC,Forecast
530424810104,SG NHƠN ĐỨC,BD BÌNH HÒA,BD BÌNH HÒA,SG NHƠN ĐỨC,2026-07-13 19:54:24,2026-07-13 17:40:10,2026-07-13 10:18:51,,Đang trên bãi,16.44,Shuttle,FC,Forecast
530512530104,SG TÂN THỚI HIỆP,SG XUÂN HÒA,SG XUÂN HÒA,SG TÂN THỚI HIỆP,2026-07-13 19:54:23,2026-07-13 11:39:48,2026-07-13 09:30:12,,Đang trên bãi,6.6,Shuttle,FC,Forecast
530614530104,SG BÌNH TÂN,SG THỦ ĐỨC,SG THỦ ĐỨC,SG BÌNH TÂN,2026-07-13 19:54:23,2026-07-13 10:58:07,2026-07-13 10:02:34,,Đang trên bãi,5.05,Shuttle,FC,Forecast
530611210104,SG BÌNH TÂN,CT Ô MÔN,CT Ô MÔN,SG BÌNH TÂN,2026-07-13 19:54:22,2026-07-13 11:14:03,2026-07-13 10:54:30,,Đang trên bãi,5.05,Shuttle,FC,Forecast
530645340104,SG BÌNH TÂN,SG TÂN HƯNG,SG TÂN HƯNG,SG BÌNH TÂN,2026-07-13 19:54:21,2026-07-13 16:12:19,2026-07-13 16:01:42,,Đang trên bãi,9.8,Shuttle,FC,Forecast
530008620104,SG NHƠN ĐỨC,SG HIỆP BÌNH,SG HIỆP BÌNH,SG NHƠN ĐỨC,2026-07-13 19:54:20,2026-07-13 17:41:31,2026-07-13 14:38:06,,Đang trên bãi,13.9,Shuttle,FC,Forecast
530904420104,SG BÌNH TÂN,SG TÂN NHỰT,SG TÂN NHỰT,SG BÌNH TÂN,2026-07-13 19:54:18,2026-07-13 16:16:00,2026-07-13 15:57:01,,Đang trên bãi,9.8,Shuttle,FC,Forecast
530131540104,SG NHƠN ĐỨC,SG HIỆP BÌNH,SG HIỆP BÌNH,SG NHƠN ĐỨC,2026-07-13 19:54:17,2026-07-13 17:41:04,2026-07-13 15:23:28,,Đang trên bãi,13.9,Shuttle,FC,Forecast
530630140104,SG NHƠN ĐỨC,SG HIỆP BÌNH,SG HIỆP BÌNH,SG NHƠN ĐỨC,2026-07-13 19:54:16,2026-07-13 17:41:52,2026-07-13 14:48:03,,Đang trên bãi,13.9,Shuttle,FC,Forecast
530929740104,SG BÌNH TÂN,SG TÂN HƯNG,SG TÂN HƯNG,SG BÌNH TÂN,2026-07-13 19:54:14,2026-07-13 16:15:24,2026-07-13 15:57:00,,Đang trên bãi,10.1,Shuttle,FC,Forecast
530177720104,SG TÂN THỚI HIỆP,CT NINH KIỀU,CT NINH KIỀU,SG TÂN THỚI HIỆP,2026-07-13 19:54:13,2026-07-13 11:39:43,2026-07-13 09:30:11,,Đang trên bãi,6.6,Shuttle,FC,Forecast
530429410104,SG TÂN THỚI HIỆP,SG BÌNH TÂN,SG BÌNH TÂN,SG TÂN THỚI HIỆP,2026-07-13 19:54:13,2026-07-13 11:39:46,2026-07-13 09:30:11,,Đang trên bãi,6.6,Shuttle,FC,Forecast
530319740104,SG NHƠN ĐỨC,SG HIỆP BÌNH,SG HIỆP BÌNH,SG NHƠN ĐỨC,2026-07-13 19:54:13,2026-07-13 17:40:49,2026-07-13 14:48:03,,Đang trên bãi,13.9,Shuttle,FC,Forecast
530594610104,SG TÂN THỚI HIỆP,VT CHÂU ĐỨC,VT CHÂU ĐỨC,SG TÂN THỚI HIỆP,2026-07-13 19:54:12,2026-07-13 15:14:43,2026-07-13 14:34:25,,Đang trên bãi,6.6,Shuttle,FC,Forecast
530153540104,SG NHƠN ĐỨC,SG HIỆP BÌNH,SG HIỆP BÌNH,SG NHƠN ĐỨC,2026-07-13 19:54:11,2026-07-13 17:41:12,2026-07-13 15:33:13,,Đang trên bãi,13.9,Shuttle,FC,Forecast
530726330104,SG BÌNH TÂN,BD BÌNH HÒA,BD BÌNH HÒA,SG BÌNH TÂN,2026-07-13 19:54:10,2026-07-13 11:12:02,2026-07-13 10:54:28,,Đang trên bãi,5.05,Shuttle,FC,Forecast
530921410104,SG TÂN THỚI HIỆP,AG TÂN CHÂU,AG TÂN CHÂU,SG TÂN THỚI HIỆP,2026-07-13 19:54:09,2026-07-13 11:39:36,2026-07-13 09:30:12,,Đang trên bãi,6.6,Shuttle,FC,Forecast
530432730104,SG BÌNH TÂN,SG CHỢ LỚN,SG CHỢ LỚN,SG BÌNH TÂN,2026-07-13 19:54:09,2026-07-13 11:06:41,2026-07-13 10:47:51,,Đang trên bãi,5.05,Shuttle,FC,Forecast
530317010104,SG BÌNH TÂN,SG XUÂN HÒA,SG XUÂN HÒA,SG BÌNH TÂN,2026-07-13 19:54:08,2026-07-13 11:03:51,2026-07-13 10:45:14,,Đang trên bãi,9.8,Shuttle,FC,Forecast
530711340104,SG NHƠN ĐỨC,SG HIỆP BÌNH,SG HIỆP BÌNH,SG NHƠN ĐỨC,2026-07-13 19:54:08,2026-07-13 17:41:23,2026-07-13 14:33:10,,Đang trên bãi,13.9,Shuttle,FC,Forecast
530986410104,SG NHƠN ĐỨC,BN HUB,HN PHÚC THỌ,SG NHƠN ĐỨC,2026-07-13 19:54:05,2026-07-13 17:41:46,2026-07-13 14:38:40,,Đang trên bãi,5.75,Linehaul,BN HUB,Forecast
530338210104,SG NHƠN ĐỨC,SG BÌNH TRỊ ĐÔNG,SG BÌNH TRỊ ĐÔNG,SG NHƠN ĐỨC,2026-07-13 19:54:04,2026-07-13 17:39:21,2026-07-13 11:22:54,,Đang trên bãi,8.87,Shuttle,FC,Forecast
530525810104,SG BÌNH TÂN,LA BẾN LỨC,LA BẾN LỨC,SG BÌNH TÂN,2026-07-13 19:54:03,2026-07-13 11:12:21,2026-07-13 10:54:28,,Đang trên bãi,5.05,Shuttle,FC,Forecast
530440330104,SG NHƠN ĐỨC,SG BẢY HIỀN,SG BẢY HIỀN,SG NHƠN ĐỨC,2026-07-13 19:54:03,2026-07-13 17:39:30,2026-07-13 11:17:54,,Đang trên bãi,6.97,Shuttle,FC,Forecast
530062740104,SG BÌNH TÂN,SG PHÚ NHUẬN,SG PHÚ NHUẬN,SG BÌNH TÂN,2026-07-13 19:54:03,2026-07-13 16:15:37,2026-07-13 15:57:01,,Đang trên bãi,9.8,Shuttle,FC,Forecast
530432930104,SG BÌNH TÂN,SG PHÚ LÂM,SG PHÚ LÂM,SG BÌNH TÂN,2026-07-13 19:54:02,2026-07-13 11:06:45,2026-07-13 10:47:52,,Đang trên bãi,5.05,Shuttle,FC,Forecast
530685720104,SG TÂN THỚI HIỆP,ST PHÚ LỢI,ST PHÚ LỢI,SG TÂN THỚI HIỆP,2026-07-13 19:54:01,2026-07-13 11:39:49,2026-07-13 09:30:11,,Đang trên bãi,6.6,Shuttle,FC,Forecast
530908130104,SG NHƠN ĐỨC,SG CỦ CHI,SG CỦ CHI,SG NHƠN ĐỨC,2026-07-13 19:54:00,2026-07-13 17:39:08,2026-07-13 08:53:06,,Đang trên bãi,18.06,Shuttle,FC,Forecast
530601530104,SG TÂN THỚI HIỆP,AG AN PHÚ,AG AN PHÚ,SG TÂN THỚI HIỆP,2026-07-13 19:53:58,2026-07-13 11:39:39,2026-07-13 09:30:11,,Đang trên bãi,6.6,Shuttle,FC,Forecast
530509810104,SG BÌNH TÂN,BD DĨ AN,BD DĨ AN,SG BÌNH TÂN,2026-07-13 19:53:57,2026-07-13 11:04:00,2026-07-13 10:45:15,,Đang trên bãi,9.8,Shuttle,FC,Forecast
530802420104,SG TÂN THỚI HIỆP,BD DĨ AN,BD DĨ AN,SG TÂN THỚI HIỆP,2026-07-13 19:53:57,2026-07-13 15:16:33,2026-07-13 14:33:32,,Đang trên bãi,5.6,Shuttle,FC,Forecast
530399120104,SG TÂN THỚI HIỆP,SG CỦ CHI,SG CỦ CHI,SG TÂN THỚI HIỆP,2026-07-13 19:53:55,2026-07-13 11:39:39,2026-07-13 09:30:12,,Đang trên bãi,6.6,Shuttle,FC,Forecast
530893720104,SG NHƠN ĐỨC,BD BÌNH HÒA,BD BÌNH HÒA,SG NHƠN ĐỨC,2026-07-13 19:53:54,2026-07-13 17:39:25,2026-07-13 10:18:40,,Đang trên bãi,16.44,Shuttle,FC,Forecast
530924130104,SG BÌNH TÂN,SG CHỢ LỚN,SG CHỢ LỚN,SG BÌNH TÂN,2026-07-13 19:53:54,2026-07-13 11:11:30,2026-07-13 10:54:29,,Đang trên bãi,5.05,Shuttle,FC,Forecast
530824930104,SG BÌNH TÂN,BD DĨ AN,BD DĨ AN,SG BÌNH TÂN,2026-07-13 19:53:53,2026-07-13 11:11:31,2026-07-13 10:54:30,,Đang trên bãi,5.05,Shuttle,FC,Forecast
530048530104,SG NHƠN ĐỨC,SG BÀ ĐIỂM,SG BÀ ĐIỂM,SG NHƠN ĐỨC,2026-07-13 19:53:53,2026-07-13 17:38:51,2026-07-13 11:47:52,,Đang trên bãi,7.84,Shuttle,FC,Forecast
530267330104,SG NHƠN ĐỨC,BD BÌNH HÒA,BD BÌNH HÒA,SG NHƠN ĐỨC,2026-07-13 19:53:50,2026-07-13 17:40:05,2026-07-13 10:18:51,,Đang trên bãi,16.44,Shuttle,FC,Forecast
530692800104,SG TÂN THỚI HIỆP,LA HẬU NGHĨA,LA HẬU NGHĨA,SG TÂN THỚI HIỆP,2026-07-13 19:53:49,2026-07-13 11:37:54,2026-07-13 09:29:20,,Đang trên bãi,5.6,Shuttle,FC,Forecast
530352130104,SG NHƠN ĐỨC,BD BÌNH HÒA,BD BÌNH HÒA,SG NHƠN ĐỨC,2026-07-13 19:53:47,2026-07-13 17:40:25,2026-07-13 10:18:16,,Đang trên bãi,16.44,Shuttle,FC,Forecast
530861130104,SG BÌNH TÂN,SG THỦ ĐỨC,SG THỦ ĐỨC,SG BÌNH TÂN,2026-07-13 19:53:47,2026-07-13 11:11:25,2026-07-13 10:54:27,,Đang trên bãi,5.05,Shuttle,FC,Forecast
530463530104,SG BÌNH TÂN,BN HUB,BG BẮC GIANG,SG BÌNH TÂN,2026-07-13 19:53:47,2026-07-13 12:57:14,2026-07-13 10:54:30,,Đang trên bãi,5.05,Linehaul,BN HUB,Forecast
530446130104,SG NHƠN ĐỨC,SG THỦ ĐỨC,SG THỦ ĐỨC,SG NHƠN ĐỨC,2026-07-13 19:53:47,2026-07-13 17:39:50,2026-07-13 11:42:59,,Đang trên bãi,10.14,Shuttle,FC,Forecast
530901610104,SG BÌNH TÂN,BN HUB,HN NAM TỪ LIÊM,SG BÌNH TÂN,2026-07-13 19:53:46,2026-07-13 11:11:24,2026-07-13 10:54:28,,Đang trên bãi,5.05,Linehaul,BN HUB,Forecast
530930010104,SG NHƠN ĐỨC,SG TÂN HƯNG,SG TÂN HƯNG,SG NHƠN ĐỨC,2026-07-13 19:53:44,2026-07-13 17:39:44,2026-07-13 11:27:47,,Đang trên bãi,5.2,Shuttle,FC,Forecast
530242340104,SG TÂN THỚI HIỆP,LA HẬU NGHĨA,LA HẬU NGHĨA,SG TÂN THỚI HIỆP,2026-07-13 19:53:42,2026-07-13 15:16:31,2026-07-13 14:33:31,,Đang trên bãi,5.6,Shuttle,FC,Forecast
530222130104,SG NHƠN ĐỨC,BD BÌNH HÒA,BD BÌNH HÒA,SG NHƠN ĐỨC,2026-07-13 19:53:40,2026-07-13 17:40:28,2026-07-13 10:18:20,,Đang trên bãi,16.44,Shuttle,FC,Forecast
530256210104,SG BÌNH TÂN,SG XUÂN HÒA,SG XUÂN HÒA,SG BÌNH TÂN,2026-07-13 19:53:40,2026-07-13 11:12:40,2026-07-13 10:54:29,,Đang trên bãi,5.05,Shuttle,FC,Forecast
530017330104,SG BÌNH TÂN,CT BÌNH THỦY,CT BÌNH THỦY,SG BÌNH TÂN,2026-07-13 19:53:40,2026-07-13 11:11:29,2026-07-13 10:54:29,,Đang trên bãi,5.05,Shuttle,FC,Forecast
530611010104,SG BÌNH TÂN,BD BÌNH HÒA,BD BÌNH HÒA,SG BÌNH TÂN,2026-07-13 19:53:39,2026-07-13 11:11:39,2026-07-13 10:54:28,,Đang trên bãi,5.05,Shuttle,FC,Forecast
530003330104,SG TÂN THỚI HIỆP,SG BÌNH TÂN,SG BÌNH TÂN,SG TÂN THỚI HIỆP,2026-07-13 19:53:38,2026-07-13 11:39:34,2026-07-13 09:30:12,,Đang trên bãi,6.6,Shuttle,FC,Forecast
530893730104,SG TÂN THỚI HIỆP,SG BÀ ĐIỂM,SG BÀ ĐIỂM,SG TÂN THỚI HIỆP,2026-07-13 19:53:38,2026-07-13 15:14:53,2026-07-13 14:34:25,,Đang trên bãi,6.6,Shuttle,FC,Forecast
530252530104,SG NHƠN ĐỨC,BD BÌNH HÒA,BD BÌNH HÒA,SG NHƠN ĐỨC,2026-07-13 19:53:37,2026-07-13 17:40:21,2026-07-13 10:18:11,,Đang trên bãi,16.44,Shuttle,FC,Forecast
530238140104,SG TÂN THỚI HIỆP,LA ĐỨC HÒA,LA ĐỨC HÒA,SG TÂN THỚI HIỆP,2026-07-13 19:53:37,2026-07-13 15:16:29,2026-07-13 14:33:31,,Đang trên bãi,5.6,Shuttle,FC,Forecast
530463930104,SG BÌNH TÂN,BD DĨ AN,BD DĨ AN,SG BÌNH TÂN,2026-07-13 19:53:36,2026-07-13 11:12:17,2026-07-13 10:54:29,,Đang trên bãi,5.05,Shuttle,FC,Forecast
530914930104,SG NHƠN ĐỨC,BD BÌNH HÒA,BD BÌNH HÒA,SG NHƠN ĐỨC,2026-07-13 19:53:33,2026-07-13 17:39:54,2026-07-13 10:18:56,,Đang trên bãi,16.44,Shuttle,FC,Forecast
530434930104,SG NHƠN ĐỨC,TG GÒ CÔNG,TG GÒ CÔNG,SG NHƠN ĐỨC,2026-07-13 19:53:33,2026-07-13 17:39:40,2026-07-13 11:03:03,,Đang trên bãi,8.0,Shuttle,FC,Forecast
530029530104,SG BÌNH TÂN,SG ĐÔNG HƯNG THUẬN,SG ĐÔNG HƯNG THUẬN,SG BÌNH TÂN,2026-07-13 19:53:31,2026-07-13 11:07:53,2026-07-13 10:47:54,,Đang trên bãi,5.05,Shuttle,FC,Forecast
530313940104,SG TÂN THỚI HIỆP,SG CHỢ LỚN,SG CHỢ LỚN,SG TÂN THỚI HIỆP,2026-07-13 19:53:29,2026-07-13 15:16:18,2026-07-13 14:33:31,,Đang trên bãi,5.6,Shuttle,FC,Forecast
530827410104,SG NHƠN ĐỨC,VT VŨNG TÀU,VT VŨNG TÀU,SG NHƠN ĐỨC,2026-07-13 19:53:27,2026-07-13 17:40:13,2026-07-13 11:27:47,,Đang trên bãi,9.02,Shuttle,FC,Forecast
530208820104,SG NHƠN ĐỨC,SG HIỆP BÌNH,SG HIỆP BÌNH,SG NHƠN ĐỨC,2026-07-13 19:53:27,2026-07-13 17:40:57,2026-07-13 14:48:04,,Đang trên bãi,13.9,Shuttle,FC,Forecast
530209540104,SG TÂN THỚI HIỆP,SG HIỆP BÌNH,SG HIỆP BÌNH,SG TÂN THỚI HIỆP,2026-07-13 19:53:26,2026-07-13 15:16:25,2026-07-13 14:33:31,,Đang trên bãi,5.6,Shuttle,FC,Forecast
530983120104,SG TÂN THỚI HIỆP,BD BÌNH HÒA,BD BÌNH HÒA,SG TÂN THỚI HIỆP,2026-07-13 19:53:24,2026-07-13 11:39:35,2026-07-13 09:30:11,,Đang trên bãi,6.6,Shuttle,FC,Forecast
530915530104,SG BÌNH TÂN,BD DĨ AN,BD DĨ AN,SG BÌNH TÂN,2026-07-13 19:53:24,2026-07-13 11:07:42,2026-07-13 10:47:52,,Đang trên bãi,5.05,Shuttle,FC,Forecast
530722620104,SG NHƠN ĐỨC,SG HIỆP BÌNH,SG HIỆP BÌNH,SG NHƠN ĐỨC,2026-07-13 19:53:24,2026-07-13 17:41:08,2026-07-13 14:48:04,,Đang trên bãi,13.9,Shuttle,FC,Forecast
530685920104,SG TÂN THỚI HIỆP,SG BÌNH LỢI,SG BÌNH LỢI,SG TÂN THỚI HIỆP,2026-07-13 19:53:23,2026-07-13 11:39:34,2026-07-13 09:30:11,,Đang trên bãi,6.6,Shuttle,FC,Forecast
530532730104,SG BÌNH TÂN,BD BẾN CÁT,BD BẾN CÁT,SG BÌNH TÂN,2026-07-13 19:53:23,2026-07-13 11:07:57,2026-07-13 10:47:53,,Đang trên bãi,5.05,Shuttle,FC,Forecast
530504420104,SG NHƠN ĐỨC,SG HIỆP BÌNH,SG HIỆP BÌNH,SG NHƠN ĐỨC,2026-07-13 19:53:22,2026-07-13 17:41:14,2026-07-13 15:43:06,,Đang trên bãi,13.9,Shuttle,FC,Forecast
530011820104,SG NHƠN ĐỨC,SG HIỆP BÌNH,SG HIỆP BÌNH,SG NHƠN ĐỨC,2026-07-13 19:53:17,2026-07-13 17:41:19,2026-07-13 15:43:13,,Đang trên bãi,13.9,Shuttle,FC,Forecast
530310610104,SG NHƠN ĐỨC,BD BÌNH HÒA,BD BÌNH HÒA,SG NHƠN ĐỨC,2026-07-13 19:53:15,2026-07-13 17:40:15,2026-07-13 10:18:51,,Đang trên bãi,16.44,Shuttle,FC,Forecast
530392210104,SG TÂN THỚI HIỆP,SG CHỢ LỚN,SG CHỢ LỚN,SG TÂN THỚI HIỆP,2026-07-13 19:53:13,2026-07-13 15:14:56,2026-07-13 14:34:25,,Đang trên bãi,6.6,Shuttle,FC,Forecast
530701130104,SG TÂN THỚI HIỆP,BD DĨ AN,BD DĨ AN,SG TÂN THỚI HIỆP,2026-07-13 19:53:12,2026-07-13 11:36:51,2026-07-13 09:31:44,,Đang trên bãi,5.6,Shuttle,FC,Forecast
530795120104,SG NHƠN ĐỨC,BD BÌNH HÒA,BD BÌNH HÒA,SG NHƠN ĐỨC,2026-07-13 19:53:12,2026-07-13 17:40:07,2026-07-13 10:18:36,,Đang trên bãi,16.44,Shuttle,FC,Forecast
530557540104,SG TÂN THỚI HIỆP,SG THỦ ĐỨC,SG THỦ ĐỨC,SG TÂN THỚI HIỆP,2026-07-13 19:53:11,2026-07-13 15:15:38,2026-07-13 14:36:07,,Đang trên bãi,5.6,Shuttle,FC,Forecast
530715010104,SG BÌNH TÂN,ST VĨNH CHÂU,ST VĨNH CHÂU,SG BÌNH TÂN,2026-07-13 19:53:09,2026-07-13 11:04:17,2026-07-13 10:45:14,,Đang trên bãi,9.8,Shuttle,FC,Forecast
530825940104,SG NHƠN ĐỨC,SG CỦ CHI,SG CỦ CHI,SG NHƠN ĐỨC,2026-07-13 19:53:09,2026-07-13 17:41:25,2026-07-13 14:53:05,,Đang trên bãi,16.68,Shuttle,FC,Forecast
530103740104,SG NHƠN ĐỨC,SG HIỆP BÌNH,SG HIỆP BÌNH,SG NHƠN ĐỨC,2026-07-13 19:53:08,2026-07-13 17:41:01,2026-07-13 14:18:08,,Đang trên bãi,13.9,Shuttle,FC,Forecast
530061730104,SG BÌNH TÂN,VT VŨNG TÀU,VT VŨNG TÀU,SG BÌNH TÂN,2026-07-13 19:53:04,2026-07-13 11:04:11,2026-07-13 10:45:15,,Đang trên bãi,9.8,Shuttle,FC,Forecast
530457140104,SG TÂN THỚI HIỆP,SG BÌNH LỢI,SG BÌNH LỢI,SG TÂN THỚI HIỆP,2026-07-13 19:53:04,2026-07-13 15:16:08,2026-07-13 14:33:32,,Đang trên bãi,5.6,Shuttle,FC,Forecast
530723740104,SG NHƠN ĐỨC,SG HIỆP BÌNH,SG HIỆP BÌNH,SG NHƠN ĐỨC,2026-07-13 19:53:04,2026-07-13 17:41:37,2026-07-13 15:33:07,,Đang trên bãi,13.9,Shuttle,FC,Forecast
530353140104,SG NHƠN ĐỨC,SG HIỆP BÌNH,SG HIỆP BÌNH,SG NHƠN ĐỨC,2026-07-13 19:53:03,2026-07-13 17:41:59,2026-07-13 15:43:12,,Đang trên bãi,13.9,Shuttle,FC,Forecast
530626340104,SG TÂN THỚI HIỆP,SG PHÚ LÂM,SG PHÚ LÂM,SG TÂN THỚI HIỆP,2026-07-13 19:53:02,2026-07-13 15:14:51,2026-07-13 14:34:25,,Đang trên bãi,6.6,Shuttle,FC,Forecast
530694010104,SG TÂN THỚI HIỆP,SG TÂN THỚI HIỆP,SG TÂN THỚI HIỆP,SG TÂN THỚI HIỆP,2026-07-13 19:53:01,2026-07-13 15:14:57,2026-07-13 14:34:25,,Đang trên bãi,6.6,Shuttle,FC,Forecast
530907420104,SG TÂN THỚI HIỆP,SG TÂN THỚI HIỆP,SG TÂN THỚI HIỆP,SG TÂN THỚI HIỆP,2026-07-13 19:53:00,2026-07-13 15:16:23,2026-07-13 14:33:31,,Đang trên bãi,5.6,Shuttle,FC,Forecast
530503820104,SG NHƠN ĐỨC,DT CAO LÃNH,DT CAO LÃNH,SG NHƠN ĐỨC,2026-07-13 19:52:59,2026-07-13 17:41:41,2026-07-13 15:13:16,,Đang trên bãi,8.37,Shuttle,FC,Forecast
530556140104,SG NHƠN ĐỨC,SG HIỆP BÌNH,SG HIỆP BÌNH,SG NHƠN ĐỨC,2026-07-13 19:52:58,2026-07-13 17:41:49,2026-07-13 14:18:08,,Đang trên bãi,13.9,Shuttle,FC,Forecast
530211820104,SG BÌNH TÂN,BD DĨ AN,BD DĨ AN,SG BÌNH TÂN,2026-07-13 19:52:58,2026-07-13 16:15:55,2026-07-13 15:57:01,,Đang trên bãi,9.8,Shuttle,FC,Forecast
530539740104,SG NHƠN ĐỨC,SG HIỆP BÌNH,SG HIỆP BÌNH,SG NHƠN ĐỨC,2026-07-13 19:52:56,2026-07-13 17:41:28,2026-07-13 15:38:13,,Đang trên bãi,13.9,Shuttle,FC,Forecast
530553540104,SG BÌNH TÂN,SG PHÚ NHUẬN,SG PHÚ NHUẬN,SG BÌNH TÂN,2026-07-13 19:52:54,2026-07-13 16:12:59,2026-07-13 15:56:59,,Đang trên bãi,9.8,Shuttle,FC,Forecast
530721530104,SG TÂN THỚI HIỆP,LA ĐỨC HÒA,LA ĐỨC HÒA,SG TÂN THỚI HIỆP,2026-07-13 19:52:52,2026-07-13 11:36:40,2026-07-13 09:31:45,,Đang trên bãi,5.6,Shuttle,FC,Forecast
530512730104,SG TÂN THỚI HIỆP,SG BÌNH TÂN,SG BÌNH TÂN,SG TÂN THỚI HIỆP,2026-07-13 19:52:49,2026-07-13 11:39:33,2026-07-13 09:30:11,,Đang trên bãi,6.6,Shuttle,FC,Forecast
530525140104,SG TÂN THỚI HIỆP,SG TÂN HƯNG,SG TÂN HƯNG,SG TÂN THỚI HIỆP,2026-07-13 19:52:49,2026-07-13 15:15:32,2026-07-13 14:36:07,,Đang trên bãi,5.6,Shuttle,FC,Forecast
530694120104,SG TÂN THỚI HIỆP,CT Ô MÔN,CT Ô MÔN,SG TÂN THỚI HIỆP,2026-07-13 19:52:48,2026-07-13 11:39:32,2026-07-13 09:30:11,,Đang trên bãi,6.6,Shuttle,FC,Forecast
530020620104,SG BÌNH TÂN,SG KHÁNH HỘI,SG KHÁNH HỘI,SG BÌNH TÂN,2026-07-13 19:52:47,2026-07-13 16:14:25,2026-07-13 15:57:00,,Đang trên bãi,9.8,Shuttle,FC,Forecast
530656540104,SG NHƠN ĐỨC,SG HIỆP BÌNH,SG HIỆP BÌNH,SG NHƠN ĐỨC,2026-07-13 19:52:46,2026-07-13 17:41:56,2026-07-13 14:23:04,,Đang trên bãi,13.9,Shuttle,FC,Forecast
530792210104,SG NHƠN ĐỨC,SG HIỆP BÌNH,SG HIỆP BÌNH,SG NHƠN ĐỨC,2026-07-13 19:52:44,2026-07-13 17:43:11,2026-07-13 14:43:08,,Đang trên bãi,13.9,Shuttle,FC,Forecast
530501930104,SG TÂN THỚI HIỆP,BD BẾN CÁT,BD BẾN CÁT,SG TÂN THỚI HIỆP,2026-07-13 19:52:42,2026-07-13 11:37:52,2026-07-13 09:29:20,,Đang trên bãi,5.6,Shuttle,FC,Forecast
530202020104,SG NHƠN ĐỨC,SG CỦ CHI,SG CỦ CHI,SG NHƠN ĐỨC,2026-07-13 19:52:41,2026-07-13 17:42:06,2026-07-13 14:17:56,,Đang trên bãi,16.68,Shuttle,FC,Forecast
530635540104,SG BÌNH TÂN,VT LONG ĐẤT,VT LONG ĐẤT,SG BÌNH TÂN,2026-07-13 19:52:41,2026-07-13 16:13:09,2026-07-13 15:56:59,,Đang trên bãi,10.1,Shuttle,FC,Forecast
530463330104,SG BÌNH TÂN,BN HUB,HN PHÚ DIỄN,SG BÌNH TÂN,2026-07-13 19:52:40,2026-07-13 11:12:27,2026-07-13 10:54:30,,Đang trên bãi,5.05,Linehaul,BN HUB,Forecast
530329940104,SG NHƠN ĐỨC,SG HIỆP BÌNH,SG HIỆP BÌNH,SG NHƠN ĐỨC,2026-07-13 19:52:39,2026-07-13 17:42:04,2026-07-13 15:33:14,,Đang trên bãi,13.9,Shuttle,FC,Forecast
530513010104,SG BÌNH TÂN,SG XUÂN HÒA,SG XUÂN HÒA,SG BÌNH TÂN,2026-07-13 19:52:38,2026-07-13 11:12:41,2026-07-13 10:54:30,,Đang trên bãi,5.05,Shuttle,FC,Forecast
530823410104,SG BÌNH TÂN,SG GÒ VẤP,SG GÒ VẤP,SG BÌNH TÂN,2026-07-13 19:52:37,2026-07-13 11:11:57,2026-07-13 10:54:30,,Đang trên bãi,5.05,Shuttle,FC,Forecast
530152340104,SG NHƠN ĐỨC,SG HIỆP BÌNH,SG HIỆP BÌNH,SG NHƠN ĐỨC,2026-07-13 19:52:37,2026-07-13 17:43:02,2026-07-13 14:38:03,,Đang trên bãi,13.9,Shuttle,FC,Forecast
530319130104,SG BÌNH TÂN,BN HUB,BN BẮC NINH,SG BÌNH TÂN,2026-07-13 19:52:36,2026-07-13 11:12:31,2026-07-13 10:54:31,,Đang trên bãi,5.05,Linehaul,BN HUB,Forecast
530392410104,SG TÂN THỚI HIỆP,3PL,SETN,SG TÂN THỚI HIỆP,2026-07-13 19:52:34,2026-07-13 15:14:54,2026-07-13 14:34:25,,Đang trên bãi,6.6,Shuttle,3PL,Forecast
530838540104,SG NHƠN ĐỨC,SG HIỆP BÌNH,SG HIỆP BÌNH,SG NHƠN ĐỨC,2026-07-13 19:52:34,2026-07-13 17:42:19,2026-07-13 14:57:59,,Đang trên bãi,13.9,Shuttle,FC,Forecast
530886010104,SG TÂN THỚI HIỆP,VT LONG ĐẤT,VT LONG ĐẤT,SG TÂN THỚI HIỆP,2026-07-13 19:52:33,2026-07-13 15:14:49,2026-07-13 14:34:25,,Đang trên bãi,6.6,Shuttle,FC,Forecast
530807820104,SG NHƠN ĐỨC,SG HIỆP BÌNH,SG HIỆP BÌNH,SG NHƠN ĐỨC,2026-07-13 19:52:33,2026-07-13 17:43:08,2026-07-13 14:33:12,,Đang trên bãi,13.9,Shuttle,FC,Forecast
530881320104,SG TÂN THỚI HIỆP,VT VŨNG TÀU,VT VŨNG TÀU,SG TÂN THỚI HIỆP,2026-07-13 19:52:31,2026-07-13 11:37:58,2026-07-13 09:29:20,,Đang trên bãi,5.6,Shuttle,FC,Forecast
530428420104,SG NHƠN ĐỨC,SG HIỆP BÌNH,SG HIỆP BÌNH,SG NHƠN ĐỨC,2026-07-13 19:52:28,2026-07-13 17:43:20,2026-07-13 14:57:59,,Đang trên bãi,13.9,Shuttle,FC,Forecast
530012620104,SG NHƠN ĐỨC,SG HIỆP BÌNH,SG HIỆP BÌNH,SG NHƠN ĐỨC,2026-07-13 19:52:27,2026-07-13 17:42:02,2026-07-13 15:47:52,,Đang trên bãi,13.9,Shuttle,FC,Forecast
530849140104,SG BÌNH TÂN,BN HUB,HN CẦU GIẤY,SG BÌNH TÂN,2026-07-13 19:52:24,2026-07-13 16:11:51,2026-07-13 16:01:42,,Đang trên bãi,9.8,Linehaul,BN HUB,Forecast
530603540104,SG TÂN THỚI HIỆP,SG THỦ ĐỨC,SG THỦ ĐỨC,SG TÂN THỚI HIỆP,2026-07-13 19:52:22,2026-07-13 15:16:28,2026-07-13 14:33:31,,Đang trên bãi,5.6,Shuttle,FC,Forecast
530907220104,SG TÂN THỚI HIỆP,SG CHỢ LỚN,SG CHỢ LỚN,SG TÂN THỚI HIỆP,2026-07-13 19:52:20,2026-07-13 15:16:43,2026-07-13 14:33:32,,Đang trên bãi,5.6,Shuttle,FC,Forecast
530017130104,SG BÌNH TÂN,BN HUB,HN MÊ LINH,SG BÌNH TÂN,2026-07-13 19:52:19,2026-07-13 11:12:09,2026-07-13 10:54:28,,Đang trên bãi,5.05,Linehaul,BN HUB,Forecast
530313740104,SG TÂN THỚI HIỆP,SG THỦ ĐỨC,SG THỦ ĐỨC,SG TÂN THỚI HIỆP,2026-07-13 19:52:19,2026-07-13 15:16:37,2026-07-13 14:33:31,,Đang trên bãi,5.6,Shuttle,FC,Forecast
530720540104,SG TÂN THỚI HIỆP,CT BÌNH THỦY,CT BÌNH THỦY,SG TÂN THỚI HIỆP,2026-07-13 19:52:18,2026-07-13 15:16:20,2026-07-13 14:33:32,,Đang trên bãi,5.6,Shuttle,FC,Forecast
530732330104,SG BÌNH TÂN,VT VŨNG TÀU,VT VŨNG TÀU,SG BÌNH TÂN,2026-07-13 19:52:17,2026-07-13 11:11:28,2026-07-13 10:54:30,,Đang trên bãi,5.05,Shuttle,FC,Forecast
530126940104,SG NHƠN ĐỨC,SG HIỆP BÌNH,SG HIỆP BÌNH,SG NHƠN ĐỨC,2026-07-13 19:52:17,2026-07-13 17:40:54,2026-07-13 14:23:12,,Đang trên bãi,13.9,Shuttle,FC,Forecast
530791800104,SG TÂN THỚI HIỆP,SG HIỆP BÌNH,SG HIỆP BÌNH,SG TÂN THỚI HIỆP,2026-07-13 19:52:13,2026-07-13 11:37:55,2026-07-13 09:29:20,,Đang trên bãi,5.6,Shuttle,FC,Forecast
530607210104,SG BÌNH TÂN,LA ĐỨC HÒA,LA ĐỨC HÒA,SG BÌNH TÂN,2026-07-13 19:52:12,2026-07-13 11:04:16,2026-07-13 10:45:15,,Đang trên bãi,9.8,Shuttle,FC,Forecast
530232820104,SG NHƠN ĐỨC,SG HIỆP BÌNH,SG HIỆP BÌNH,SG NHƠN ĐỨC,2026-07-13 19:52:11,2026-07-13 17:42:13,2026-07-13 15:18:08,,Đang trên bãi,13.9,Shuttle,FC,Forecast
530512130104,SG TÂN THỚI HIỆP,SG PHÚ NHUẬN,SG PHÚ NHUẬN,SG TÂN THỚI HIỆP,2026-07-13 19:52:10,2026-07-13 11:37:53,2026-07-13 09:29:21,,Đang trên bãi,5.6,Shuttle,FC,Forecast
530603740104,SG TÂN THỚI HIỆP,LA BẾN LỨC,LA BẾN LỨC,SG TÂN THỚI HIỆP,2026-07-13 19:52:10,2026-07-13 15:16:34,2026-07-13 14:33:31,,Đang trên bãi,5.6,Shuttle,FC,Forecast
530330810104,SG BÌNH TÂN,BN HUB,HN HOÀN KIẾM,SG BÌNH TÂN,2026-07-13 19:52:08,2026-07-13 11:11:53,2026-07-13 10:54:29,,Đang trên bãi,5.05,Linehaul,BN HUB,Forecast
530903220104,SG NHƠN ĐỨC,SG HIỆP BÌNH,SG HIỆP BÌNH,SG NHƠN ĐỨC,2026-07-13 19:52:08,2026-07-13 17:42:10,2026-07-13 15:33:02,,Đang trên bãi,13.9,Shuttle,FC,Forecast
530468530104,SG BÌNH TÂN,SG PHÚ LÂM,SG PHÚ LÂM,SG BÌNH TÂN,2026-07-13 19:52:07,2026-07-13 11:11:56,2026-07-13 10:54:30,,Đang trên bãi,5.05,Shuttle,FC,Forecast
530152140104,SG NHƠN ĐỨC,SG HIỆP BÌNH,SG HIỆP BÌNH,SG NHƠN ĐỨC,2026-07-13 19:52:06,2026-07-13 17:43:26,2026-07-13 14:38:01,,Đang trên bãi,13.9,Shuttle,FC,Forecast
530334330104,SG BÌNH TÂN,BN HUB,VP VĨNH YÊN,SG BÌNH TÂN,2026-07-13 19:52:05,2026-07-13 11:12:55,2026-07-13 10:54:28,,Đang trên bãi,5.05,Linehaul,BN HUB,Forecast
530342810104,SG BÌNH TÂN,ST PHÚ LỢI,ST PHÚ LỢI,SG BÌNH TÂN,2026-07-13 19:52:02,2026-07-13 11:11:54,2026-07-13 10:54:28,,Đang trên bãi,5.05,Shuttle,FC,Forecast
530895410104,SG NHƠN ĐỨC,SG HIỆP BÌNH,SG HIỆP BÌNH,SG NHƠN ĐỨC,2026-07-13 19:52:02,2026-07-13 17:42:24,2026-07-13 15:47:52,,Đang trên bãi,13.9,Shuttle,FC,Forecast
530342410104,SG BÌNH TÂN,VT CHÂU ĐỨC,VT CHÂU ĐỨC,SG BÌNH TÂN,2026-07-13 19:52:01,2026-07-13 11:11:58,2026-07-13 10:54:29,,Đang trên bãi,5.05,Shuttle,FC,Forecast
530238340104,SG TÂN THỚI HIỆP,SG PHÚ LÂM,SG PHÚ LÂM,SG TÂN THỚI HIỆP,2026-07-13 19:52:00,2026-07-13 15:15:53,2026-07-13 14:33:32,,Đang trên bãi,5.6,Shuttle,FC,Forecast
530629810104,SG TÂN THỚI HIỆP,SG KHÁNH HỘI,SG KHÁNH HỘI,SG TÂN THỚI HIỆP,2026-07-13 19:51:59,2026-07-13 11:36:42,2026-07-13 09:31:44,,Đang trên bãi,5.6,Shuttle,FC,Forecast
530892920104,SG TÂN THỚI HIỆP,SG CỦ CHI,SG CỦ CHI,SG TÂN THỚI HIỆP,2026-07-13 19:51:57,2026-07-13 11:36:48,2026-07-13 09:31:45,,Đang trên bãi,5.6,Shuttle,FC,Forecast
530150740104,SG NHƠN ĐỨC,SG HIỆP BÌNH,SG HIỆP BÌNH,SG NHƠN ĐỨC,2026-07-13 19:51:57,2026-07-13 17:42:26,2026-07-13 15:03:06,,Đang trên bãi,13.9,Shuttle,FC,Forecast
530425740104,SG TÂN THỚI HIỆP,SG NHƠN ĐỨC,SG NHƠN ĐỨC,SG TÂN THỚI HIỆP,2026-07-13 19:51:56,2026-07-13 15:16:11,2026-07-13 14:33:31,,Đang trên bãi,5.6,Shuttle,FC,Forecast
530639140104,SG NHƠN ĐỨC,SG HIỆP BÌNH,SG HIỆP BÌNH,SG NHƠN ĐỨC,2026-07-13 19:51:56,2026-07-13 17:42:33,2026-07-13 15:43:13,,Đang trên bãi,13.9,Shuttle,FC,Forecast
530943740104,SG BÌNH TÂN,CT BÌNH THỦY,CT BÌNH THỦY,SG BÌNH TÂN,2026-07-13 19:51:54,2026-07-13 16:15:58,2026-07-13 15:57:01,,Đang trên bãi,9.8,Shuttle,FC,Forecast
530783810104,SG NHƠN ĐỨC,AG THOẠI SƠN,AG THOẠI SƠN,SG NHƠN ĐỨC,2026-07-13 19:51:52,2026-07-13 17:43:23,2026-07-13 14:33:00,,Đang trên bãi,8.37,Shuttle,FC,Forecast
530522220104,SG NHƠN ĐỨC,SG HIỆP BÌNH,SG HIỆP BÌNH,SG NHƠN ĐỨC,2026-07-13 19:51:52,2026-07-13 17:42:35,2026-07-13 14:43:14,,Đang trên bãi,13.9,Shuttle,FC,Forecast
530892320104,SG TÂN THỚI HIỆP,ST VĨNH CHÂU,ST VĨNH CHÂU,SG TÂN THỚI HIỆP,2026-07-13 19:51:50,2026-07-13 11:37:58,2026-07-13 09:29:20,,Đang trên bãi,5.6,Shuttle,FC,Forecast
530390140104,SG BÌNH TÂN,3PL,SETN,SG BÌNH TÂN,2026-07-13 19:51:49,2026-07-13 16:15:18,2026-07-13 15:57:01,,Đang trên bãi,9.8,Shuttle,3PL,Forecast
530234330104,SG BÌNH TÂN,BN HUB,HN NAM TỪ LIÊM,SG BÌNH TÂN,2026-07-13 19:51:48,2026-07-13 11:13:03,2026-07-13 10:54:28,,Đang trên bãi,5.05,Linehaul,BN HUB,Forecast
530914220104,SG NHƠN ĐỨC,SG HIỆP BÌNH,SG HIỆP BÌNH,SG NHƠN ĐỨC,2026-07-13 19:51:48,2026-07-13 17:42:44,2026-07-13 14:38:03,,Đang trên bãi,13.9,Shuttle,FC,Forecast
530732930104,SG BÌNH TÂN,BD BÌNH HÒA,BD BÌNH HÒA,SG BÌNH TÂN,2026-07-13 19:51:47,2026-07-13 11:12:24,2026-07-13 10:54:30,,Đang trên bãi,5.05,Shuttle,FC,Forecast
530330140104,SG TÂN THỚI HIỆP,SG VĨNH LỘC,SG VĨNH LỘC,SG TÂN THỚI HIỆP,2026-07-13 19:51:47,2026-07-13 15:15:18,2026-07-13 14:36:07,,Đang trên bãi,5.6,Shuttle,FC,Forecast
530210420104,SG NHƠN ĐỨC,LA BẾN LỨC,LA BẾN LỨC,SG NHƠN ĐỨC,2026-07-13 19:51:47,2026-07-13 17:43:24,2026-07-13 15:08:02,,Đang trên bãi,8.37,Shuttle,FC,Forecast
530786610104,SG TÂN THỚI HIỆP,DT TN,DT TN,SG TÂN THỚI HIỆP,2026-07-13 19:51:46,2026-07-13 15:16:06,2026-07-13 14:33:32,,Đang trên bãi,5.6,Shuttle,FC,Forecast
530019940104,SG TÂN THỚI HIỆP,CT BÌNH THỦY,CT BÌNH THỦY,SG TÂN THỚI HIỆP,2026-07-13 19:51:46,2026-07-13 15:15:34,2026-07-13 14:36:07,,Đang trên bãi,5.6,Shuttle,FC,Forecast
530051740104,SG BÌNH TÂN,CT Ô MÔN,CT Ô MÔN,SG BÌNH TÂN,2026-07-13 19:51:44,2026-07-13 16:13:48,2026-07-13 15:57:01,,Đang trên bãi,9.8,Shuttle,FC,Forecast
530823010104,SG BÌNH TÂN,SG CỦ CHI,SG CỦ CHI,SG BÌNH TÂN,2026-07-13 19:51:43,2026-07-13 11:11:47,2026-07-13 10:54:28,,Đang trên bãi,5.05,Shuttle,FC,Forecast
530215620104,SG NHƠN ĐỨC,SG HIỆP BÌNH,SG HIỆP BÌNH,SG NHƠN ĐỨC,2026-07-13 19:51:43,2026-07-13 17:42:47,2026-07-13 14:43:09,,Đang trên bãi,13.9,Shuttle,FC,Forecast
530056010104,SG BÌNH TÂN,SG PHÚ LÂM,SG PHÚ LÂM,SG BÌNH TÂN,2026-07-13 19:51:42,2026-07-13 11:07:20,2026-07-13 10:47:51,,Đang trên bãi,5.05,Shuttle,FC,Forecast
530656330104,SG NHƠN ĐỨC,BD DĨ AN,BD DĨ AN,SG NHƠN ĐỨC,2026-07-13 19:51:41,2026-07-13 17:46:54,2026-07-13 12:07:48,,Đang trên bãi,7.83,Shuttle,FC,Forecast
530529420104,SG NHƠN ĐỨC,SG HIỆP BÌNH,SG HIỆP BÌNH,SG NHƠN ĐỨC,2026-07-13 19:51:41,2026-07-13 17:42:42,2026-07-13 15:38:05,,Đang trên bãi,13.9,Shuttle,FC,Forecast
530391720104,SG TÂN THỚI HIỆP,SG PHÚ LÂM,SG PHÚ LÂM,SG TÂN THỚI HIỆP,2026-07-13 19:51:38,2026-07-13 11:38:19,2026-07-13 09:29:20,,Đang trên bãi,5.6,Shuttle,FC,Forecast
530077920104,SG TÂN THỚI HIỆP,TG TRUNG AN,TG TRUNG AN,SG TÂN THỚI HIỆP,2026-07-13 19:51:37,2026-07-13 11:38:21,2026-07-13 09:29:20,,Đang trên bãi,5.6,Shuttle,FC,Forecast
530521530104,SG TÂN THỚI HIỆP,SG CỦ CHI,SG CỦ CHI,SG TÂN THỚI HIỆP,2026-07-13 19:51:36,2026-07-13 11:37:54,2026-07-13 09:29:21,,Đang trên bãi,5.6,Shuttle,FC,Forecast
530609340104,SG NHƠN ĐỨC,SG HIỆP BÌNH,SG HIỆP BÌNH,SG NHƠN ĐỨC,2026-07-13 19:51:36,2026-07-13 17:43:32,2026-07-13 14:58:06,,Đang trên bãi,13.9,Shuttle,FC,Forecast
530594920104,SG TÂN THỚI HIỆP,ST PHÚ LỢI,ST PHÚ LỢI,SG TÂN THỚI HIỆP,2026-07-13 19:51:35,2026-07-13 11:37:48,2026-07-13 09:29:20,,Đang trên bãi,5.6,Shuttle,FC,Forecast
530349740104,SG NHƠN ĐỨC,SG HIỆP BÌNH,SG HIỆP BÌNH,SG NHƠN ĐỨC,2026-07-13 19:51:35,2026-07-13 17:42:56,2026-07-13 15:48:00,,Đang trên bãi,13.9,Shuttle,FC,Forecast
530008020104,SG NHƠN ĐỨC,SG TÂN NHỰT,SG TÂN NHỰT,SG NHƠN ĐỨC,2026-07-13 19:51:32,2026-07-13 17:42:30,2026-07-13 14:37:53,,Đang trên bãi,8.37,Shuttle,FC,Forecast
530387410104,SG NHƠN ĐỨC,SG CỦ CHI,SG CỦ CHI,SG NHƠN ĐỨC,2026-07-13 19:51:31,2026-07-13 17:42:28,2026-07-13 14:53:11,,Đang trên bãi,16.68,Shuttle,FC,Forecast
530329010104,SG TÂN THỚI HIỆP,SG BÌNH LỢI,SG BÌNH LỢI,SG TÂN THỚI HIỆP,2026-07-13 19:51:30,2026-07-13 11:38:18,2026-07-13 09:29:20,,Đang trên bãi,5.6,Shuttle,FC,Forecast
530138940104,SG TÂN THỚI HIỆP,BD DĨ AN,BD DĨ AN,SG TÂN THỚI HIỆP,2026-07-13 19:51:30,2026-07-13 15:16:15,2026-07-13 14:33:32,,Đang trên bãi,5.6,Shuttle,FC,Forecast
530099600104,SG TÂN THỚI HIỆP,VT VŨNG TÀU,VT VŨNG TÀU,SG TÂN THỚI HIỆP,2026-07-13 19:51:29,2026-07-13 11:38:22,2026-07-13 09:29:20,,Đang trên bãi,5.6,Shuttle,FC,Forecast
530463730104,SG BÌNH TÂN,BN HUB,HN THUẬN AN,SG BÌNH TÂN,2026-07-13 19:51:28,2026-07-13 11:13:05,2026-07-13 10:54:28,,Đang trên bãi,5.05,Linehaul,BN HUB,Forecast
530802620104,SG TÂN THỚI HIỆP,SG ĐÔNG HƯNG THUẬN,SG ĐÔNG HƯNG THUẬN,SG TÂN THỚI HIỆP,2026-07-13 19:51:27,2026-07-13 15:16:09,2026-07-13 14:33:32,,Đang trên bãi,5.6,Shuttle,FC,Forecast
530016020104,SG NHƠN ĐỨC,SG HIỆP BÌNH,SG HIỆP BÌNH,SG NHƠN ĐỨC,2026-07-13 19:51:27,2026-07-13 17:44:29,2026-07-13 15:28:03,,Đang trên bãi,13.9,Shuttle,FC,Forecast
530726930104,SG BÌNH TÂN,BN HUB,HN MÊ LINH,SG BÌNH TÂN,2026-07-13 19:51:26,2026-07-13 11:13:52,2026-07-13 10:54:31,,Đang trên bãi,5.05,Linehaul,BN HUB,Forecast
530309620104,SG NHƠN ĐỨC,SG HIỆP BÌNH,SG HIỆP BÌNH,SG NHƠN ĐỨC,2026-07-13 19:51:26,2026-07-13 17:41:17,2026-07-13 15:47:52,,Đang trên bãi,13.9,Shuttle,FC,Forecast
530823810104,SG BÌNH TÂN,SG PHÚ NHUẬN,SG PHÚ NHUẬN,SG BÌNH TÂN,2026-07-13 19:51:23,2026-07-13 11:11:45,2026-07-13 10:54:29,,Đang trên bãi,5.05,Shuttle,FC,Forecast
530203340104,SG NHƠN ĐỨC,SG HIỆP BÌNH,SG HIỆP BÌNH,SG NHƠN ĐỨC,2026-07-13 19:51:23,2026-07-13 17:42:51,2026-07-13 14:18:20,,Đang trên bãi,13.9,Shuttle,FC,Forecast
530732620104,SG NHƠN ĐỨC,SG HIỆP BÌNH,SG HIỆP BÌNH,SG NHƠN ĐỨC,2026-07-13 19:51:23,2026-07-13 17:41:33,2026-07-13 15:38:05,,Đang trên bãi,13.9,Shuttle,FC,Forecast
530622940104,SG TÂN THỚI HIỆP,AG THOẠI SƠN,AG THOẠI SƠN,SG TÂN THỚI HIỆP,2026-07-13 19:51:22,2026-07-13 15:16:00,2026-07-13 14:33:32,,Đang trên bãi,5.6,Shuttle,FC,Forecast
530883610104,SG TÂN THỚI HIỆP,AG CẦN ĐĂNG,AG CẦN ĐĂNG,SG TÂN THỚI HIỆP,2026-07-13 19:51:19,2026-07-13 15:15:55,2026-07-13 14:33:31,,Đang trên bãi,5.6,Shuttle,FC,Forecast
530908820104,SG NHƠN ĐỨC,SG HIỆP BÌNH,SG HIỆP BÌNH,SG NHƠN ĐỨC,2026-07-13 19:51:19,2026-07-13 17:44:32,2026-07-13 15:23:33,,Đang trên bãi,13.9,Shuttle,FC,Forecast
530242940104,SG NHƠN ĐỨC,SG HIỆP BÌNH,SG HIỆP BÌNH,SG NHƠN ĐỨC,2026-07-13 19:51:17,2026-07-13 17:43:15,2026-07-13 14:38:10,,Đang trên bãi,13.9,Shuttle,FC,Forecast
530136330104,SG BÌNH TÂN,SG HƯNG LONG,SG HƯNG LONG,SG BÌNH TÂN,2026-07-13 19:51:15,2026-07-13 11:12:32,2026-07-13 10:54:28,,Đang trên bãi,5.05,Shuttle,FC,Forecast
530901740104,SG TÂN THỚI HIỆP,SG BÀ ĐIỂM,SG BÀ ĐIỂM,SG TÂN THỚI HIỆP,2026-07-13 19:51:15,2026-07-13 15:15:25,2026-07-13 14:36:07,,Đang trên bãi,5.6,Shuttle,FC,Forecast
530009820104,SG NHƠN ĐỨC,SG HIỆP BÌNH,SG HIỆP BÌNH,SG NHƠN ĐỨC,2026-07-13 19:51:15,2026-07-13 17:44:20,2026-07-13 15:28:00,,Đang trên bãi,13.9,Shuttle,FC,Forecast
530140130104,SG BÌNH TÂN,SG TÂN SƠN NHÌ,SG TÂN SƠN NHÌ,SG BÌNH TÂN,2026-07-13 19:51:14,2026-07-13 11:14:00,2026-07-13 10:54:29,,Đang trên bãi,5.05,Shuttle,FC,Forecast
530034810104,SG TÂN THỚI HIỆP,AG TÂN CHÂU,AG TÂN CHÂU,SG TÂN THỚI HIỆP,2026-07-13 19:51:13,2026-07-13 11:36:50,2026-07-13 09:31:44,,Đang trên bãi,5.6,Shuttle,FC,Forecast
530134540104,SG TÂN THỚI HIỆP,AG TÂN CHÂU,AG TÂN CHÂU,SG TÂN THỚI HIỆP,2026-07-13 19:51:13,2026-07-13 15:16:22,2026-07-13 14:33:31,,Đang trên bãi,5.6,Shuttle,FC,Forecast
530495810104,SG NHƠN ĐỨC,SG CỦ CHI,SG CỦ CHI,SG NHƠN ĐỨC,2026-07-13 19:51:13,2026-07-13 17:44:07,2026-07-13 15:28:01,,Đang trên bãi,13.9,Shuttle,FC,Forecast
530357940104,SG TÂN THỚI HIỆP,TG TRUNG AN,TG TRUNG AN,SG TÂN THỚI HIỆP,2026-07-13 19:51:09,2026-07-13 15:16:01,2026-07-13 14:33:31,,Đang trên bãi,5.6,Shuttle,FC,Forecast
530344140104,SG NHƠN ĐỨC,SG HIỆP BÌNH,SG HIỆP BÌNH,SG NHƠN ĐỨC,2026-07-13 19:51:08,2026-07-13 17:44:44,2026-07-13 14:43:08,,Đang trên bãi,13.9,Shuttle,FC,Forecast
530308420104,SG NHƠN ĐỨC,SG CỦ CHI,SG CỦ CHI,SG NHƠN ĐỨC,2026-07-13 19:51:05,2026-07-13 17:42:39,2026-07-13 14:53:04,,Đang trên bãi,16.68,Shuttle,FC,Forecast
530029130104,SG BÌNH TÂN,SG KHÁNH HỘI,SG KHÁNH HỘI,SG BÌNH TÂN,2026-07-13 19:51:04,2026-07-13 11:07:02,2026-07-13 10:47:53,,Đang trên bãi,5.05,Shuttle,FC,Forecast
530792000104,SG TÂN THỚI HIỆP,SG GÒ VẤP,SG GÒ VẤP,SG TÂN THỚI HIỆP,2026-07-13 19:51:03,2026-07-13 11:38:16,2026-07-13 09:29:20,,Đang trên bãi,5.6,Shuttle,FC,Forecast
530526530104,SG BÌNH TÂN,BD DĨ AN,BD DĨ AN,SG BÌNH TÂN,2026-07-13 19:51:03,2026-07-13 11:07:00,2026-07-13 10:47:54,,Đang trên bãi,5.05,Shuttle,FC,Forecast
530329410104,SG TÂN THỚI HIỆP,SG PHÚ LÂM,SG PHÚ LÂM,SG TÂN THỚI HIỆP,2026-07-13 19:51:02,2026-07-13 11:38:17,2026-07-13 09:29:20,,Đang trên bãi,5.6,Shuttle,FC,Forecast
530615330104,SG BÌNH TÂN,SG TÂN HƯNG,SG TÂN HƯNG,SG BÌNH TÂN,2026-07-13 19:50:59,2026-07-13 11:04:12,2026-07-13 10:45:15,,Đang trên bãi,9.8,Shuttle,FC,Forecast
530128540104,SG NHƠN ĐỨC,SG HIỆP BÌNH,SG HIỆP BÌNH,SG NHƠN ĐỨC,2026-07-13 19:50:59,2026-07-13 17:42:54,2026-07-13 14:33:10,,Đang trên bãi,13.9,Shuttle,FC,Forecast
530430530104,SG BÌNH TÂN,BD BÌNH HÒA,BD BÌNH HÒA,SG BÌNH TÂN,2026-07-13 19:50:57,2026-07-13 11:06:50,2026-07-13 10:47:52,,Đang trên bãi,5.05,Shuttle,FC,Forecast
530524130104,SG BÌNH TÂN,SG PHÚ LÂM,SG PHÚ LÂM,SG BÌNH TÂN,2026-07-13 19:50:56,2026-07-13 11:06:55,2026-07-13 10:47:53,,Đang trên bãi,5.05,Shuttle,FC,Forecast
530055340104,SG NHƠN ĐỨC,SG HIỆP BÌNH,SG HIỆP BÌNH,SG NHƠN ĐỨC,2026-07-13 19:50:56,2026-07-13 17:44:58,2026-07-13 15:28:00,,Đang trên bãi,13.9,Shuttle,FC,Forecast
530695410104,SG NHƠN ĐỨC,SG HIỆP BÌNH,SG HIỆP BÌNH,SG NHƠN ĐỨC,2026-07-13 19:50:55,2026-07-13 17:43:40,2026-07-13 15:38:14,,Đang trên bãi,13.9,Shuttle,FC,Forecast
530726410104,SG BÌNH TÂN,SG CHỢ LỚN,SG CHỢ LỚN,SG BÌNH TÂN,2026-07-13 19:50:52,2026-07-13 11:04:13,2026-07-13 10:45:15,,Đang trên bãi,9.8,Shuttle,FC,Forecast
530702420104,SG NHƠN ĐỨC,CT LONG MỸ,CT LONG MỸ,SG NHƠN ĐỨC,2026-07-13 19:50:51,2026-07-13 17:44:27,2026-07-13 14:33:05,,Đang trên bãi,8.37,Shuttle,FC,Forecast
530595610104,SG NHƠN ĐỨC,SG HIỆP BÌNH,SG HIỆP BÌNH,SG NHƠN ĐỨC,2026-07-13 19:50:51,2026-07-13 17:43:30,2026-07-13 15:33:14,,Đang trên bãi,13.9,Shuttle,FC,Forecast
530981720104,SG TÂN THỚI HIỆP,BD BÌNH HÒA,BD BÌNH HÒA,SG TÂN THỚI HIỆP,2026-07-13 19:50:50,2026-07-13 11:36:44,2026-07-13 09:31:45,,Đang trên bãi,5.6,Shuttle,FC,Forecast
530714020104,SG TÂN THỚI HIỆP,TG TRUNG AN,TG TRUNG AN,SG TÂN THỚI HIỆP,2026-07-13 19:50:50,2026-07-13 15:15:40,2026-07-13 14:36:07,,Đang trên bãi,5.6,Shuttle,FC,Forecast
530611610104,SG BÌNH TÂN,CT NINH KIỀU,CT NINH KIỀU,SG BÌNH TÂN,2026-07-13 19:50:48,2026-07-13 11:13:12,2026-07-13 10:54:28,,Đang trên bãi,5.05,Shuttle,FC,Forecast
530209220104,SG NHƠN ĐỨC,SG HIỆP BÌNH,SG HIỆP BÌNH,SG NHƠN ĐỨC,2026-07-13 19:50:48,2026-07-13 17:43:38,2026-07-13 15:33:13,,Đang trên bãi,13.9,Shuttle,FC,Forecast
530011010104,SG BÌNH TÂN,SG CỦ CHI,SG CỦ CHI,SG BÌNH TÂN,2026-07-13 19:50:47,2026-07-13 11:04:04,2026-07-13 10:45:15,,Đang trên bãi,9.8,Shuttle,FC,Forecast
530361130104,SG BÌNH TÂN,SG BÌNH LỢI TRUNG,SG BÌNH LỢI TRUNG,SG BÌNH TÂN,2026-07-13 19:50:47,2026-07-13 11:06:46,2026-07-13 10:47:52,,Đang trên bãi,5.05,Shuttle,FC,Forecast
530702620104,SG NHƠN ĐỨC,SG HIỆP BÌNH,SG HIỆP BÌNH,SG NHƠN ĐỨC,2026-07-13 19:50:45,2026-07-13 17:45:12,2026-07-13 14:33:12,,Đang trên bãi,13.9,Shuttle,FC,Forecast
530423220104,SG NHƠN ĐỨC,SG HIỆP BÌNH,SG HIỆP BÌNH,SG NHƠN ĐỨC,2026-07-13 19:50:42,2026-07-13 17:45:47,2026-07-13 15:13:09,,Đang trên bãi,13.9,Shuttle,FC,Forecast
530253740104,SG NHƠN ĐỨC,SG HIỆP BÌNH,SG HIỆP BÌNH,SG NHƠN ĐỨC,2026-07-13 19:50:42,2026-07-13 17:43:05,2026-07-13 15:43:06,,Đang trên bãi,13.9,Shuttle,FC,Forecast
530310330104,SG TÂN THỚI HIỆP,AG CẦN ĐĂNG,AG CẦN ĐĂNG,SG TÂN THỚI HIỆP,2026-07-13 19:50:41,2026-07-13 11:36:54,2026-07-13 09:31:44,,Đang trên bãi,5.6,Shuttle,FC,Forecast
530363930104,SG BÌNH TÂN,SG TÂN HƯNG,SG TÂN HƯNG,SG BÌNH TÂN,2026-07-13 19:50:40,2026-07-13 11:11:51,2026-07-13 10:54:28,,Đang trên bãi,5.05,Shuttle,FC,Forecast
530099800104,SG TÂN THỚI HIỆP,SG PHÚ LÂM,SG PHÚ LÂM,SG TÂN THỚI HIỆP,2026-07-13 19:50:39,2026-07-13 11:38:23,2026-07-13 09:29:20,,Đang trên bãi,5.6,Shuttle,FC,Forecast
530821410104,SG TÂN THỚI HIỆP,SG BÌNH TÂN,SG BÌNH TÂN,SG TÂN THỚI HIỆP,2026-07-13 19:50:39,2026-07-13 11:38:14,2026-07-13 09:29:20,,Đang trên bãi,5.6,Shuttle,FC,Forecast
530413410104,SG BÌNH TÂN,SG AN PHÚ ĐÔNG,SG AN PHÚ ĐÔNG,SG BÌNH TÂN,2026-07-13 19:50:39,2026-07-13 11:12:04,2026-07-13 10:54:28,,Đang trên bãi,5.05,Shuttle,FC,Forecast
530992320104,SG TÂN THỚI HIỆP,SG BẢY HIỀN,SG BẢY HIỀN,SG TÂN THỚI HIỆP,2026-07-13 19:50:37,2026-07-13 11:36:58,2026-07-13 09:31:44,,Đang trên bãi,5.6,Shuttle,FC,Forecast
530513540104,SG NHƠN ĐỨC,SG HIỆP BÌNH,SG HIỆP BÌNH,SG NHƠN ĐỨC,2026-07-13 19:50:37,2026-07-13 17:44:12,2026-07-13 14:38:06,,Đang trên bãi,13.9,Shuttle,FC,Forecast
530215820104,SG NHƠN ĐỨC,SG HIỆP BÌNH,SG HIỆP BÌNH,SG NHƠN ĐỨC,2026-07-13 19:50:36,2026-07-13 17:44:23,2026-07-13 14:43:14,,Đang trên bãi,13.9,Shuttle,FC,Forecast
530328020104,SG NHƠN ĐỨC,SG HIỆP BÌNH,SG HIỆP BÌNH,SG NHƠN ĐỨC,2026-07-13 19:50:36,2026-07-13 17:45:56,2026-07-13 14:53:05,,Đang trên bãi,13.9,Shuttle,FC,Forecast
530924930104,SG BÌNH TÂN,BN HUB,HN VĨNH TUY,SG BÌNH TÂN,2026-07-13 19:50:33,2026-07-13 11:13:13,2026-07-13 10:54:31,,Đang trên bãi,5.05,Linehaul,BN HUB,Forecast
530308620104,SG NHƠN ĐỨC,SG HIỆP BÌNH,SG HIỆP BÌNH,SG NHƠN ĐỨC,2026-07-13 19:50:33,2026-07-13 17:45:16,2026-07-13 14:53:13,,Đang trên bãi,13.9,Shuttle,FC,Forecast
530290740104,SG BÌNH TÂN,SG THỦ ĐỨC,SG THỦ ĐỨC,SG BÌNH TÂN,2026-07-13 19:50:31,2026-07-13 16:16:08,2026-07-13 15:57:01,,Đang trên bãi,9.8,Shuttle,FC,Forecast
530595410104,SG NHƠN ĐỨC,SG HIỆP BÌNH,SG HIỆP BÌNH,SG NHƠN ĐỨC,2026-07-13 19:50:31,2026-07-13 17:44:40,2026-07-13 15:33:14,,Đang trên bãi,13.9,Shuttle,FC,Forecast
530538940104,SG NHƠN ĐỨC,SG HIỆP BÌNH,SG HIỆP BÌNH,SG NHƠN ĐỨC,2026-07-13 19:50:29,2026-07-13 17:45:23,2026-07-13 14:43:08,,Đang trên bãi,13.9,Shuttle,FC,Forecast
530363530104,SG BÌNH TÂN,BN HUB,BN BẮC NINH,SG BÌNH TÂN,2026-07-13 19:50:28,2026-07-13 11:12:04,2026-07-13 10:54:30,,Đang trên bãi,5.05,Linehaul,BN HUB,Forecast
530732730104,SG BÌNH TÂN,BN HUB,HN THANH LIỆT,SG BÌNH TÂN,2026-07-13 19:50:27,2026-07-13 11:12:15,2026-07-13 10:54:29,,Đang trên bãi,5.05,Linehaul,BN HUB,Forecast
530533020104,SG BÌNH TÂN,SG TÂN SƠN NHÌ,SG TÂN SƠN NHÌ,SG BÌNH TÂN,2026-07-13 19:50:27,2026-07-13 16:14:15,2026-07-13 15:57:01,,Đang trên bãi,9.8,Shuttle,FC,Forecast
530329740104,SG NHƠN ĐỨC,SG HIỆP BÌNH,SG HIỆP BÌNH,SG NHƠN ĐỨC,2026-07-13 19:50:27,2026-07-13 17:44:47,2026-07-13 15:33:07,,Đang trên bãi,13.9,Shuttle,FC,Forecast
530019340104,SG TÂN THỚI HIỆP,BD BÌNH HÒA,BD BÌNH HÒA,SG TÂN THỚI HIỆP,2026-07-13 19:50:26,2026-07-13 15:16:04,2026-07-13 14:33:32,,Đang trên bãi,5.6,Shuttle,FC,Forecast
530622020104,SG NHƠN ĐỨC,SG HIỆP BÌNH,SG HIỆP BÌNH,SG NHƠN ĐỨC,2026-07-13 19:50:26,2026-07-13 17:45:00,2026-07-13 14:44:23,,Đang trên bãi,13.9,Shuttle,FC,Forecast
530128340104,SG NHƠN ĐỨC,SG HIỆP BÌNH,SG HIỆP BÌNH,SG NHƠN ĐỨC,2026-07-13 19:50:23,2026-07-13 17:45:04,2026-07-13 14:33:06,,Đang trên bãi,13.9,Shuttle,FC,Forecast
530658740104,SG BÌNH TÂN,AG TÂN CHÂU,AG TÂN CHÂU,SG BÌNH TÂN,2026-07-13 19:50:23,2026-07-13 16:13:39,2026-07-13 15:57:01,,Đang trên bãi,9.8,Shuttle,FC,Forecast
530242140104,SG TÂN THỚI HIỆP,SG TÂN HƯNG,SG TÂN HƯNG,SG TÂN THỚI HIỆP,2026-07-13 19:50:22,2026-07-13 15:16:12,2026-07-13 14:33:31,,Đang trên bãi,5.6,Shuttle,FC,Forecast
530154340104,SG NHƠN ĐỨC,SG HIỆP BÌNH,SG HIỆP BÌNH,SG NHƠN ĐỨC,2026-07-13 19:50:22,2026-07-13 17:45:58,2026-07-13 14:48:05,,Đang trên bãi,13.9,Shuttle,FC,Forecast
530891000104,SG TÂN THỚI HIỆP,VT VŨNG TÀU,VT VŨNG TÀU,SG TÂN THỚI HIỆP,2026-07-13 19:50:19,2026-07-13 11:38:24,2026-07-13 09:29:20,,Đang trên bãi,5.6,Shuttle,FC,Forecast
530243940104,SG NHƠN ĐỨC,SG HIỆP BÌNH,SG HIỆP BÌNH,SG NHƠN ĐỨC,2026-07-13 19:50:19,2026-07-13 17:43:44,2026-07-13 15:23:30,,Đang trên bãi,13.9,Shuttle,FC,Forecast
530954140104,SG NHƠN ĐỨC,SG HIỆP BÌNH,SG HIỆP BÌNH,SG NHƠN ĐỨC,2026-07-13 19:50:18,2026-07-13 17:45:31,2026-07-13 15:23:28,,Đang trên bãi,13.9,Shuttle,FC,Forecast
530787720104,SG TÂN THỚI HIỆP,SG KHÁNH HỘI,SG KHÁNH HỘI,SG TÂN THỚI HIỆP,2026-07-13 19:50:17,2026-07-13 11:38:13,2026-07-13 09:29:21,,Đang trên bãi,5.6,Shuttle,FC,Forecast
530829740104,SG BÌNH TÂN,SG CHỢ LỚN,SG CHỢ LỚN,SG BÌNH TÂN,2026-07-13 19:50:17,2026-07-13 16:12:30,2026-07-13 15:56:59,,Đang trên bãi,9.8,Shuttle,FC,Forecast
530638940104,SG NHƠN ĐỨC,SG HIỆP BÌNH,SG HIỆP BÌNH,SG NHƠN ĐỨC,2026-07-13 19:50:16,2026-07-13 17:46:09,2026-07-13 14:48:02,,Đang trên bãi,13.9,Shuttle,FC,Forecast
530429020104,SG NHƠN ĐỨC,SG HIỆP BÌNH,SG HIỆP BÌNH,SG NHƠN ĐỨC,2026-07-13 19:50:14,2026-07-13 17:44:38,2026-07-13 15:28:48,,Đang trên bãi,13.9,Shuttle,FC,Forecast
530833220104,SG BÌNH TÂN,SG HÓC MÔN,SG HÓC MÔN,SG BÌNH TÂN,2026-07-13 19:50:14,2026-07-13 16:10:14,2026-07-13 16:01:43,,Đang trên bãi,9.8,Shuttle,FC,Forecast
530861330104,SG BÌNH TÂN,VL VĨNH LONG,VL VĨNH LONG,SG BÌNH TÂN,2026-07-13 19:50:13,2026-07-13 11:11:16,2026-07-13 10:54:29,,Đang trên bãi,5.05,Shuttle,FC,Forecast
530155140104,SG NHƠN ĐỨC,SG HIỆP BÌNH,SG HIỆP BÌNH,SG NHƠN ĐỨC,2026-07-13 19:50:13,2026-07-13 17:46:01,2026-07-13 15:33:14,,Đang trên bãi,13.9,Shuttle,FC,Forecast
530621130104,SG TÂN THỚI HIỆP,SG TÂN NHỰT,SG TÂN NHỰT,SG TÂN THỚI HIỆP,2026-07-13 19:50:10,2026-07-13 11:37:43,2026-07-13 09:29:20,,Đang trên bãi,5.6,Shuttle,FC,Forecast
530031140104,SG NHƠN ĐỨC,SG HIỆP BÌNH,SG HIỆP BÌNH,SG NHƠN ĐỨC,2026-07-13 19:50:10,2026-07-13 17:45:49,2026-07-13 15:13:15,,Đang trên bãi,13.9,Shuttle,FC,Forecast
530902530104,SG TÂN THỚI HIỆP,SG GÒ VẤP,SG GÒ VẤP,SG TÂN THỚI HIỆP,2026-07-13 19:50:08,2026-07-13 11:37:30,2026-07-13 09:29:20,,Đang trên bãi,5.6,Shuttle,FC,Forecast
530529020104,SG NHƠN ĐỨC,SG HIỆP BÌNH,SG HIỆP BÌNH,SG NHƠN ĐỨC,2026-07-13 19:50:08,2026-07-13 17:45:01,2026-07-13 15:33:12,,Đang trên bãi,13.9,Shuttle,FC,Forecast
530423420104,SG NHƠN ĐỨC,SG HIỆP BÌNH,SG HIỆP BÌNH,SG NHƠN ĐỨC,2026-07-13 19:50:07,2026-07-13 17:45:08,2026-07-13 15:13:15,,Đang trên bãi,13.9,Shuttle,FC,Forecast
530513410104,SG BÌNH TÂN,BN HUB,HN SÓC SƠN,SG BÌNH TÂN,2026-07-13 19:50:06,2026-07-13 11:12:23,2026-07-13 10:54:28,,Đang trên bãi,5.05,Linehaul,BN HUB,Forecast
530804730104,SG TÂN THỚI HIỆP,BD BÌNH HÒA,BD BÌNH HÒA,SG TÂN THỚI HIỆP,2026-07-13 19:50:04,2026-07-13 11:36:35,2026-07-13 09:31:46,,Đang trên bãi,5.6,Shuttle,FC,Forecast
530350610104,SG NHƠN ĐỨC,LA ĐỨC HÒA,LA ĐỨC HÒA,SG NHƠN ĐỨC,2026-07-13 19:50:04,2026-07-13 17:46:43,2026-07-13 12:47:59,,Đang trên bãi,8.93,Shuttle,FC,Forecast
530803020104,SG NHƠN ĐỨC,SG HIỆP BÌNH,SG HIỆP BÌNH,SG NHƠN ĐỨC,2026-07-13 19:50:04,2026-07-13 17:45:28,2026-07-13 15:23:25,,Đang trên bãi,13.9,Shuttle,FC,Forecast
530915730104,SG BÌNH TÂN,BD DĨ AN,BD DĨ AN,SG BÌNH TÂN,2026-07-13 19:50:03,2026-07-13 11:07:46,2026-07-13 10:47:53,,Đang trên bãi,5.05,Shuttle,FC,Forecast
530902020104,SG TÂN THỚI HIỆP,LA TÂN AN,LA TÂN AN,SG TÂN THỚI HIỆP,2026-07-13 19:50:02,2026-07-13 15:15:17,2026-07-13 14:36:07,,Đang trên bãi,5.6,Shuttle,FC,Forecast
530988210104,SG NHƠN ĐỨC,BD DĨ AN,BD DĨ AN,SG NHƠN ĐỨC,2026-07-13 19:50:01,2026-07-13 17:46:46,2026-07-13 12:58:36,,Đang trên bãi,8.0,Shuttle,FC,Forecast
530147940104,SG NHƠN ĐỨC,SG HIỆP BÌNH,SG HIỆP BÌNH,SG NHƠN ĐỨC,2026-07-13 19:50:01,2026-07-13 17:43:35,2026-07-13 15:33:02,,Đang trên bãi,13.9,Shuttle,FC,Forecast
530723810104,SG BÌNH TÂN,SG THỦ ĐỨC,SG THỦ ĐỨC,SG BÌNH TÂN,2026-07-13 19:50:00,2026-07-13 11:11:25,2026-07-13 10:54:27,,Đang trên bãi,5.05,Shuttle,FC,Forecast
530862930104,SG BÌNH TÂN,SG BÌNH TRỊ ĐÔNG,SG BÌNH TRỊ ĐÔNG,SG BÌNH TÂN,2026-07-13 19:49:59,2026-07-13 11:06:38,2026-07-13 10:47:54,,Đang trên bãi,5.05,Shuttle,FC,Forecast
530351330104,SG NHƠN ĐỨC,SG ĐÔNG HƯNG THUẬN,SG ĐÔNG HƯNG THUẬN,SG NHƠN ĐỨC,2026-07-13 19:49:58,2026-07-13 17:46:49,2026-07-13 12:37:51,,Đang trên bãi,8.52,Shuttle,FC,Forecast
530235740104,SG NHƠN ĐỨC,SG HIỆP BÌNH,SG HIỆP BÌNH,SG NHƠN ĐỨC,2026-07-13 19:49:58,2026-07-13 17:44:14,2026-07-13 15:33:12,,Đang trên bãi,13.9,Shuttle,FC,Forecast
530066930104,SG TÂN THỚI HIỆP,AG THOẠI SƠN,AG THOẠI SƠN,SG TÂN THỚI HIỆP,2026-07-13 19:49:56,2026-07-13 11:38:12,2026-07-13 09:29:20,,Đang trên bãi,5.6,Shuttle,FC,Forecast
530468330104,SG BÌNH TÂN,SG THỦ ĐỨC,SG THỦ ĐỨC,SG BÌNH TÂN,2026-07-13 19:49:55,2026-07-13 11:11:42,2026-07-13 10:54:28,,Đang trên bãi,5.05,Shuttle,FC,Forecast
530861730104,SG BÌNH TÂN,BN HUB,BN TỪ SƠN,SG BÌNH TÂN,2026-07-13 19:49:55,2026-07-13 11:11:36,2026-07-13 10:54:30,,Đang trên bãi,5.05,Linehaul,BN HUB,Forecast
530822620104,SG NHƠN ĐỨC,SG HIỆP BÌNH,SG HIỆP BÌNH,SG NHƠN ĐỨC,2026-07-13 19:49:55,2026-07-13 17:45:51,2026-07-13 14:53:07,,Đang trên bãi,13.9,Shuttle,FC,Forecast
530732130104,SG BÌNH TÂN,LA TÂN AN,LA TÂN AN,SG BÌNH TÂN,2026-07-13 19:49:54,2026-07-13 11:11:35,2026-07-13 10:54:28,,Đang trên bãi,5.05,Shuttle,FC,Forecast
530338810104,SG NHƠN ĐỨC,SG HÓC MÔN,SG HÓC MÔN,SG NHƠN ĐỨC,2026-07-13 19:49:54,2026-07-13 17:48:00,2026-07-13 11:27:47,,Đang trên bãi,36.04,Shuttle,FC,Forecast
530003930104,SG TÂN THỚI HIỆP,SG PHÚ NHUẬN,SG PHÚ NHUẬN,SG TÂN THỚI HIỆP,2026-07-13 19:49:53,2026-07-13 11:39:21,2026-07-13 09:30:47,,Đang trên bãi,6.6,Shuttle,FC,Forecast
530166130104,SG TÂN THỚI HIỆP,SG BÀ ĐIỂM,SG BÀ ĐIỂM,SG TÂN THỚI HIỆP,2026-07-13 19:49:52,2026-07-13 11:38:10,2026-07-13 09:29:20,,Đang trên bãi,5.6,Shuttle,FC,Forecast
530612330104,SG TÂN THỚI HIỆP,TG TRUNG AN,TG TRUNG AN,SG TÂN THỚI HIỆP,2026-07-13 19:49:52,2026-07-13 11:39:14,2026-07-13 09:30:47,,Đang trên bãi,6.6,Shuttle,FC,Forecast
530228820104,SG NHƠN ĐỨC,SG HIỆP BÌNH,SG HIỆP BÌNH,SG NHƠN ĐỨC,2026-07-13 19:49:52,2026-07-13 17:45:14,2026-07-13 14:53:05,,Đang trên bãi,13.9,Shuttle,FC,Forecast
530513210104,SG BÌNH TÂN,SG CHỢ LỚN,SG CHỢ LỚN,SG BÌNH TÂN,2026-07-13 19:49:51,2026-07-13 11:13:37,2026-07-13 10:54:30,,Đang trên bãi,5.05,Shuttle,FC,Forecast
530493210104,SG NHƠN ĐỨC,SG HIỆP BÌNH,SG HIỆP BÌNH,SG NHƠN ĐỨC,2026-07-13 19:49:51,2026-07-13 17:45:36,2026-07-13 15:23:27,,Đang trên bãi,13.9,Shuttle,FC,Forecast
530883010104,SG NHƠN ĐỨC,SG HIỆP BÌNH,SG HIỆP BÌNH,SG NHƠN ĐỨC,2026-07-13 19:49:48,2026-07-13 17:45:38,2026-07-13 14:33:05,,Đang trên bãi,13.9,Shuttle,FC,Forecast
530329820104,SG NHƠN ĐỨC,SG HIỆP BÌNH,SG HIỆP BÌNH,SG NHƠN ĐỨC,2026-07-13 19:49:47,2026-07-13 17:46:17,2026-07-13 15:28:02,,Đang trên bãi,13.9,Shuttle,FC,Forecast
530219730104,SG BÌNH TÂN,CT Ô MÔN,CT Ô MÔN,SG BÌNH TÂN,2026-07-13 19:49:45,2026-07-13 11:13:15,2026-07-13 10:54:29,,Đang trên bãi,5.05,Shuttle,FC,Forecast
530881120104,SG TÂN THỚI HIỆP,BD BÌNH HÒA,BD BÌNH HÒA,SG TÂN THỚI HIỆP,2026-07-13 19:49:43,2026-07-13 11:38:14,2026-07-13 09:29:21,,Đang trên bãi,5.6,Shuttle,FC,Forecast
530310420104,SG NHƠN ĐỨC,SG HIỆP BÌNH,SG HIỆP BÌNH,SG NHƠN ĐỨC,2026-07-13 19:49:43,2026-07-13 17:46:21,2026-07-13 15:13:10,,Đang trên bãi,13.9,Shuttle,FC,Forecast
530685120104,SG TÂN THỚI HIỆP,SG XUÂN HÒA,SG XUÂN HÒA,SG TÂN THỚI HIỆP,2026-07-13 19:49:42,2026-07-13 11:38:10,2026-07-13 09:29:20,,Đang trên bãi,5.6,Shuttle,FC,Forecast
530199000104,SG TÂN THỚI HIỆP,SG TÂN HƯNG,SG TÂN HƯNG,SG TÂN THỚI HIỆP,2026-07-13 19:49:41,2026-07-13 11:38:23,2026-07-13 09:29:20,,Đang trên bãi,5.6,Shuttle,FC,Forecast
530127810104,SG BÌNH TÂN,SG CHỢ LỚN,SG CHỢ LỚN,SG BÌNH TÂN,2026-07-13 19:49:40,2026-07-13 11:11:31,2026-07-13 10:54:29,,Đang trên bãi,5.05,Shuttle,FC,Forecast
530583010104,SG NHƠN ĐỨC,AG LONG XUYÊN,AG LONG XUYÊN,SG NHƠN ĐỨC,2026-07-13 19:49:40,2026-07-13 17:48:31,2026-07-13 14:27:58,,Đang trên bãi,16.56,Shuttle,FC,Forecast
530468130104,SG BÌNH TÂN,SG PHÚ NHUẬN,SG PHÚ NHUẬN,SG BÌNH TÂN,2026-07-13 19:49:39,2026-07-13 11:11:26,2026-07-13 10:54:28,,Đang trên bãi,5.05,Shuttle,FC,Forecast
530902730104,SG TÂN THỚI HIỆP,SG KHÁNH HỘI,SG KHÁNH HỘI,SG TÂN THỚI HIỆP,2026-07-13 19:49:38,2026-07-13 11:38:07,2026-07-13 09:29:21,,Đang trên bãi,5.6,Shuttle,FC,Forecast
530732530104,SG BÌNH TÂN,BD BẾN CÁT,BD BẾN CÁT,SG BÌNH TÂN,2026-07-13 19:49:38,2026-07-13 11:11:38,2026-07-13 10:54:29,,Đang trên bãi,5.05,Shuttle,FC,Forecast
530433820104,SG BÌNH TÂN,VT CHÂU ĐỨC,VT CHÂU ĐỨC,SG BÌNH TÂN,2026-07-13 19:49:38,2026-07-13 16:14:54,2026-07-13 15:57:00,,Đang trên bãi,9.8,Shuttle,FC,Forecast
530331940104,SG NHƠN ĐỨC,SG HIỆP BÌNH,SG HIỆP BÌNH,SG NHƠN ĐỨC,2026-07-13 19:49:37,2026-07-13 17:46:06,2026-07-13 15:33:07,,Đang trên bãi,13.9,Shuttle,FC,Forecast
530837810104,SG NHƠN ĐỨC,BD BÌNH HÒA,BD BÌNH HÒA,SG NHƠN ĐỨC,2026-07-13 19:49:35,2026-07-13 17:47:03,2026-07-13 10:18:59,,Đang trên bãi,16.44,Shuttle,FC,Forecast
530730330104,SG BÌNH TÂN,SG HIỆP BÌNH,SG HIỆP BÌNH,SG BÌNH TÂN,2026-07-13 19:49:35,2026-07-13 11:11:50,2026-07-13 10:54:28,,Đang trên bãi,5.05,Shuttle,FC,Forecast
530309810104,SG NHƠN ĐỨC,BD BÌNH HÒA,BD BÌNH HÒA,SG NHƠN ĐỨC,2026-07-13 19:49:34,2026-07-13 17:47:54,2026-07-13 10:38:10,,Đang trên bãi,16.1,Shuttle,FC,Forecast
530137410104,SG BÌNH TÂN,BN HUB,THN THÁI NGUYÊN,SG BÌNH TÂN,2026-07-13 19:49:33,2026-07-13 10:57:57,2026-07-13 10:02:34,,Đang trên bãi,5.05,Linehaul,BN HUB,Forecast
530113410104,SG BÌNH TÂN,SG THỦ ĐỨC,SG THỦ ĐỨC,SG BÌNH TÂN,2026-07-13 19:49:33,2026-07-13 11:07:24,2026-07-13 10:47:53,,Đang trên bãi,5.05,Shuttle,FC,Forecast
530468730104,SG BÌNH TÂN,BN HUB,HN PHÚ DIỄN,SG BÌNH TÂN,2026-07-13 19:49:32,2026-07-13 11:11:48,2026-07-13 10:54:28,,Đang trên bãi,5.05,Linehaul,BN HUB,Forecast
530527530104,SG NHƠN ĐỨC,CT Ô MÔN,CT Ô MÔN,SG NHƠN ĐỨC,2026-07-13 19:49:32,2026-07-13 17:47:45,2026-07-13 11:42:57,,Đang trên bãi,8.34,Shuttle,FC,Forecast
530125130104,SG NHƠN ĐỨC,CT Ô MÔN,CT Ô MÔN,SG NHƠN ĐỨC,2026-07-13 19:49:31,2026-07-13 17:47:18,2026-07-13 11:03:03,,Đang trên bãi,14.13,Shuttle,FC,Forecast
530356410104,SG BÌNH TÂN,DT SA ĐÉC,DT SA ĐÉC,SG BÌNH TÂN,2026-07-13 19:49:30,2026-07-13 11:13:07,2026-07-13 10:54:29,,Đang trên bãi,5.05,Shuttle,FC,Forecast
530244930104,SG NHƠN ĐỨC,BD DĨ AN,BD DĨ AN,SG NHƠN ĐỨC,2026-07-13 19:49:30,2026-07-13 17:47:39,2026-07-13 11:22:54,,Đang trên bãi,8.67,Shuttle,FC,Forecast
530330340104,SG TÂN THỚI HIỆP,CT LONG MỸ,CT LONG MỸ,SG TÂN THỚI HIỆP,2026-07-13 19:49:29,2026-07-13 15:15:20,2026-07-13 14:36:07,,Đang trên bãi,5.6,Shuttle,FC,Forecast
530862330104,SG BÌNH TÂN,DT SA ĐÉC,DT SA ĐÉC,SG BÌNH TÂN,2026-07-13 19:49:28,2026-07-13 11:06:00,2026-07-13 10:47:53,,Đang trên bãi,5.05,Shuttle,FC,Forecast
530731930104,SG NHƠN ĐỨC,AG CẦN ĐĂNG,AG CẦN ĐĂNG,SG NHƠN ĐỨC,2026-07-13 19:49:28,2026-07-13 17:47:43,2026-07-13 12:23:02,,Đang trên bãi,5.28,Shuttle,FC,Forecast
530901540104,SG TÂN THỚI HIỆP,SG XUÂN HÒA,SG XUÂN HÒA,SG TÂN THỚI HIỆP,2026-07-13 19:49:28,2026-07-13 15:15:29,2026-07-13 14:36:07,,Đang trên bãi,5.6,Shuttle,FC,Forecast
530329610104,SG TÂN THỚI HIỆP,DT TN,DT TN,SG TÂN THỚI HIỆP,2026-07-13 19:49:27,2026-07-13 11:38:08,2026-07-13 09:29:21,,Đang trên bãi,5.6,Shuttle,FC,Forecast
530209020104,SG NHƠN ĐỨC,SG HIỆP BÌNH,SG HIỆP BÌNH,SG NHƠN ĐỨC,2026-07-13 19:49:27,2026-07-13 17:45:19,2026-07-13 15:33:12,,Đang trên bãi,13.9,Shuttle,FC,Forecast
530568330104,SG BÌNH TÂN,BD DĨ AN,BD DĨ AN,SG BÌNH TÂN,2026-07-13 19:49:26,2026-07-13 11:13:51,2026-07-13 10:54:30,,Đang trên bãi,5.05,Shuttle,FC,Forecast
530468930104,SG BÌNH TÂN,BD BẾN CÁT,BD BẾN CÁT,SG BÌNH TÂN,2026-07-13 19:49:25,2026-07-13 11:12:37,2026-07-13 10:54:30,,Đang trên bãi,5.05,Shuttle,FC,Forecast
530299720104,SG TÂN THỚI HIỆP,SG BÌNH TRỊ ĐÔNG,SG BÌNH TRỊ ĐÔNG,SG TÂN THỚI HIỆP,2026-07-13 19:49:24,2026-07-13 11:38:05,2026-07-13 09:29:20,,Đang trên bãi,5.6,Shuttle,FC,Forecast
530674610104,SG NHƠN ĐỨC,SG NHƠN ĐỨC,SG NHƠN ĐỨC,SG NHƠN ĐỨC,2026-07-13 19:49:22,2026-07-13 17:47:42,2026-07-13 12:48:01,,Đang trên bãi,5.5,Shuttle,FC,Forecast
530943340104,SG BÌNH TÂN,SG TÂN NHỰT,SG TÂN NHỰT,SG BÌNH TÂN,2026-07-13 19:49:22,2026-07-13 16:14:47,2026-07-13 15:57:00,,Đang trên bãi,9.6,Shuttle,FC,Forecast
530821810104,SG TÂN THỚI HIỆP,SG BÌNH TÂN,SG BÌNH TÂN,SG TÂN THỚI HIỆP,2026-07-13 19:49:19,2026-07-13 11:38:06,2026-07-13 09:29:20,,Đang trên bãi,5.6,Shuttle,FC,Forecast
530274210104,SG NHƠN ĐỨC,SG ĐÔNG HƯNG THUẬN,SG ĐÔNG HƯNG THUẬN,SG NHƠN ĐỨC,2026-07-13 19:49:19,2026-07-13 17:47:21,2026-07-13 12:33:00,,Đang trên bãi,10.94,Shuttle,FC,Forecast
530821610104,SG TÂN THỚI HIỆP,BD BÌNH HÒA,BD BÌNH HÒA,SG TÂN THỚI HIỆP,2026-07-13 19:49:18,2026-07-13 11:38:08,2026-07-13 09:29:20,,Đang trên bãi,5.6,Shuttle,FC,Forecast
530805420104,SG NHƠN ĐỨC,SG BÌNH TRỊ ĐÔNG,SG BÌNH TRỊ ĐÔNG,SG NHƠN ĐỨC,2026-07-13 19:49:18,2026-07-13 17:48:14,2026-07-13 16:48:00,,Đang trên bãi,16.42,Shuttle,FC,Forecast
530112620104,SG BÌNH TÂN,BD DĨ AN,BD DĨ AN,SG BÌNH TÂN,2026-07-13 19:49:16,2026-07-13 16:13:17,2026-07-13 15:56:59,,Đang trên bãi,9.6,Shuttle,FC,Forecast
530553740104,SG BÌNH TÂN,AG TỊNH BIÊN,AG TỊNH BIÊN,SG BÌNH TÂN,2026-07-13 19:49:16,2026-07-13 16:14:35,2026-07-13 15:57:00,,Đang trên bãi,9.8,Shuttle,FC,Forecast
530758340104,SG NHƠN ĐỨC,SG THỦ ĐỨC,SG THỦ ĐỨC,SG NHƠN ĐỨC,2026-07-13 19:49:16,2026-07-13 17:48:35,2026-07-13 15:57:54,,Đang trên bãi,5.18,Shuttle,FC,Forecast
530501730104,SG TÂN THỚI HIỆP,SG THỦ ĐỨC,SG THỦ ĐỨC,SG TÂN THỚI HIỆP,2026-07-13 19:49:14,2026-07-13 11:38:04,2026-07-13 09:29:20,,Đang trên bãi,5.6,Shuttle,FC,Forecast
530335730104,SG NHƠN ĐỨC,ST PHÚ LỢI,ST PHÚ LỢI,SG NHƠN ĐỨC,2026-07-13 19:49:13,2026-07-13 17:47:15,2026-07-13 11:53:00,,Đang trên bãi,9.2,Shuttle,FC,Forecast
530211620104,SG BÌNH TÂN,CT Ô MÔN,CT Ô MÔN,SG BÌNH TÂN,2026-07-13 19:49:11,2026-07-13 16:15:00,2026-07-13 15:57:01,,Đang trên bãi,9.8,Shuttle,FC,Forecast
530781920104,SG TÂN THỚI HIỆP,VT VŨNG TÀU,VT VŨNG TÀU,SG TÂN THỚI HIỆP,2026-07-13 19:49:10,2026-07-13 11:37:59,2026-07-13 09:29:20,,Đang trên bãi,5.6,Shuttle,FC,Forecast
530740930104,SG NHƠN ĐỨC,LA TÂN AN,LA TÂN AN,SG NHƠN ĐỨC,2026-07-13 19:49:10,2026-07-13 17:47:50,2026-07-13 11:42:57,,Đang trên bãi,5.5,Shuttle,FC,Forecast
530993610104,SG BÌNH TÂN,SG CHỢ LỚN,SG CHỢ LỚN,SG BÌNH TÂN,2026-07-13 19:49:10,2026-07-13 16:15:43,2026-07-13 15:57:01,,Đang trên bãi,9.8,Shuttle,FC,Forecast
530119340104,SG TÂN THỚI HIỆP,BD BÌNH HÒA,BD BÌNH HÒA,SG TÂN THỚI HIỆP,2026-07-13 19:49:06,2026-07-13 15:15:36,2026-07-13 14:36:07,,Đang trên bãi,5.6,Shuttle,FC,Forecast
530950940104,SG BÌNH TÂN,BD DĨ AN,BD DĨ AN,SG BÌNH TÂN,2026-07-13 19:49:06,2026-07-13 16:12:32,2026-07-13 15:56:59,,Đang trên bãi,9.8,Shuttle,FC,Forecast
530199600104,SG TÂN THỚI HIỆP,SG HƯNG LONG,SG HƯNG LONG,SG TÂN THỚI HIỆP,2026-07-13 19:49:05,2026-07-13 11:36:57,2026-07-13 09:31:46,,Đang trên bãi,5.6,Shuttle,FC,Forecast
530992610104,SG NHƠN ĐỨC,SG CỦ CHI,SG CỦ CHI,SG NHƠN ĐỨC,2026-07-13 19:49:05,2026-07-13 17:48:59,2026-07-13 14:53:03,,Đang trên bãi,16.68,Shuttle,FC,Forecast
530166140104,SG BÌNH TÂN,BD BÌNH HÒA,BD BÌNH HÒA,SG BÌNH TÂN,2026-07-13 19:49:02,2026-07-13 16:16:02,2026-07-13 15:57:01,,Đang trên bãi,9.8,Shuttle,FC,Forecast
530807330104,SG BÌNH TÂN,LA BẾN LỨC,LA BẾN LỨC,SG BÌNH TÂN,2026-07-13 19:48:59,2026-07-13 11:07:03,2026-07-13 10:47:52,,Đang trên bãi,5.05,Shuttle,FC,Forecast
530252330104,SG NHƠN ĐỨC,BD BÌNH HÒA,BD BÌNH HÒA,SG NHƠN ĐỨC,2026-07-13 19:48:59,2026-07-13 17:47:07,2026-07-13 10:18:09,,Đang trên bãi,16.44,Shuttle,FC,Forecast
530822140104,SG TÂN THỚI HIỆP,AG CẦN ĐĂNG,AG CẦN ĐĂNG,SG TÂN THỚI HIỆP,2026-07-13 19:48:58,2026-07-13 15:15:15,2026-07-13 14:36:07,,Đang trên bãi,5.6,Shuttle,FC,Forecast
530318220104,SG BÌNH TÂN,DT SA ĐÉC,DT SA ĐÉC,SG BÌNH TÂN,2026-07-13 19:48:58,2026-07-13 16:12:49,2026-07-13 15:56:59,,Đang trên bãi,9.8,Shuttle,FC,Forecast
530919340104,SG NHƠN ĐỨC,SG HIỆP BÌNH,SG HIỆP BÌNH,SG NHƠN ĐỨC,2026-07-13 19:48:57,2026-07-13 17:46:24,2026-07-13 15:13:16,,Đang trên bãi,13.9,Shuttle,FC,Forecast
530429530104,SG BÌNH TÂN,BN HUB,HN VĨNH TUY,SG BÌNH TÂN,2026-07-13 19:48:56,2026-07-13 11:12:42,2026-07-13 10:54:28,,Đang trên bãi,5.05,Linehaul,BN HUB,Forecast
530211210104,SG BÌNH TÂN,TG TRUNG AN,TG TRUNG AN,SG BÌNH TÂN,2026-07-13 19:48:55,2026-07-13 11:06:59,2026-07-13 10:47:51,,Đang trên bãi,5.05,Shuttle,FC,Forecast
530886810104,SG TÂN THỚI HIỆP,BD BẾN CÁT,BD BẾN CÁT,SG TÂN THỚI HIỆP,2026-07-13 19:48:55,2026-07-13 15:15:27,2026-07-13 14:36:07,,Đang trên bãi,5.6,Shuttle,FC,Forecast
530992120104,SG TÂN THỚI HIỆP,ST VĨNH CHÂU,ST VĨNH CHÂU,SG TÂN THỚI HIỆP,2026-07-13 19:48:54,2026-07-13 11:37:02,2026-07-13 09:31:45,,Đang trên bãi,5.6,Shuttle,FC,Forecast
530811540104,SG TÂN THỚI HIỆP,ST PHÚ LỢI,ST PHÚ LỢI,SG TÂN THỚI HIỆP,2026-07-13 19:48:54,2026-07-13 15:15:45,2026-07-13 14:36:07,,Đang trên bãi,5.6,Shuttle,FC,Forecast
530646540104,SG NHƠN ĐỨC,SG BÀ ĐIỂM,SG BÀ ĐIỂM,SG NHƠN ĐỨC,2026-07-13 19:48:54,2026-07-13 17:46:32,2026-07-13 15:07:57,,Đang trên bãi,13.9,Shuttle,FC,Forecast
530111610104,SG BÌNH TÂN,TG HÒA KHÁNH,TG HÒA KHÁNH,SG BÌNH TÂN,2026-07-13 19:48:53,2026-07-13 11:05:55,2026-07-13 10:47:51,,Đang trên bãi,5.05,Shuttle,FC,Forecast
530723730104,SG NHƠN ĐỨC,SG BẢY HIỀN,SG BẢY HIỀN,SG NHƠN ĐỨC,2026-07-13 19:48:52,2026-07-13 17:47:48,2026-07-13 11:33:01,,Đang trên bãi,8.67,Shuttle,FC,Forecast
530369730104,SG NHƠN ĐỨC,DT TN,DT TN,SG NHƠN ĐỨC,2026-07-13 19:48:49,2026-07-13 17:46:58,2026-07-13 11:22:58,,Đang trên bãi,16.1,Shuttle,FC,Forecast
530549540104,SG BÌNH TÂN,SG BÌNH TÂN,SG BÌNH TÂN,SG BÌNH TÂN,2026-07-13 19:48:49,2026-07-13 16:16:17,2026-07-13 15:57:01,,Đang trên bãi,9.8,Shuttle,FC,Forecast
530716130104,SG BÌNH TÂN,SG CỦ CHI,SG CỦ CHI,SG BÌNH TÂN,2026-07-13 19:48:48,2026-07-13 11:06:47,2026-07-13 10:47:51,,Đang trên bãi,5.05,Shuttle,FC,Forecast
530807130104,SG BÌNH TÂN,BD BẾN CÁT,BD BẾN CÁT,SG BÌNH TÂN,2026-07-13 19:48:47,2026-07-13 11:06:48,2026-07-13 10:47:51,,Đang trên bãi,5.05,Shuttle,FC,Forecast
530796520104,SG TÂN THỚI HIỆP,SG CHỢ LỚN,SG CHỢ LỚN,SG TÂN THỚI HIỆP,2026-07-13 19:48:45,2026-07-13 11:38:00,2026-07-13 09:29:20,,Đang trên bãi,5.6,Shuttle,FC,Forecast
530238940104,SG TÂN THỚI HIỆP,AG TỊNH BIÊN,AG TỊNH BIÊN,SG TÂN THỚI HIỆP,2026-07-13 19:48:45,2026-07-13 15:15:43,2026-07-13 14:36:07,,Đang trên bãi,5.6,Shuttle,FC,Forecast
530804930104,SG TÂN THỚI HIỆP,AG TÂN CHÂU,AG TÂN CHÂU,SG TÂN THỚI HIỆP,2026-07-13 19:48:44,2026-07-13 11:36:50,2026-07-13 09:31:45,,Đang trên bãi,5.6,Shuttle,FC,Forecast
530509820104,SG BÌNH TÂN,TG AN HỮU,TG AN HỮU,SG BÌNH TÂN,2026-07-13 19:48:42,2026-07-13 16:15:06,2026-07-13 15:57:02,,Đang trên bãi,9.8,Shuttle,FC,Forecast
530177120104,SG TÂN THỚI HIỆP,DT CAO LÃNH,DT CAO LÃNH,SG TÂN THỚI HIỆP,2026-07-13 19:48:41,2026-07-13 11:38:01,2026-07-13 09:29:20,,Đang trên bãi,5.6,Shuttle,FC,Forecast
530716330104,SG BÌNH TÂN,BD DĨ AN,BD DĨ AN,SG BÌNH TÂN,2026-07-13 19:48:39,2026-07-13 11:06:58,2026-07-13 10:47:52,,Đang trên bãi,5.05,Shuttle,FC,Forecast
530922530104,SG BÌNH TÂN,CT NINH KIỀU,CT NINH KIỀU,SG BÌNH TÂN,2026-07-13 19:48:38,2026-07-13 11:06:51,2026-07-13 10:47:51,,Đang trên bãi,5.05,Shuttle,FC,Forecast
530290140104,SG BÌNH TÂN,BD BÌNH HÒA,BD BÌNH HÒA,SG BÌNH TÂN,2026-07-13 19:48:36,2026-07-13 16:15:01,2026-07-13 15:57:00,,Đang trên bãi,9.8,Shuttle,FC,Forecast
530787520104,SG TÂN THỚI HIỆP,SG BÌNH LỢI,SG BÌNH LỢI,SG TÂN THỚI HIỆP,2026-07-13 19:48:34,2026-07-13 11:37:25,2026-07-13 09:29:20,,Đang trên bãi,5.6,Shuttle,FC,Forecast
530787920104,SG TÂN THỚI HIỆP,SG GÒ VẤP,SG GÒ VẤP,SG TÂN THỚI HIỆP,2026-07-13 19:48:34,2026-07-13 11:37:26,2026-07-13 09:29:20,,Đang trên bãi,5.6,Shuttle,FC,Forecast
530647940104,SG BÌNH TÂN,SG AN PHÚ ĐÔNG,SG AN PHÚ ĐÔNG,SG BÌNH TÂN,2026-07-13 19:48:33,2026-07-13 16:13:32,2026-07-13 15:57:00,,Đang trên bãi,9.8,Shuttle,FC,Forecast
530993210104,SG BÌNH TÂN,SG BÌNH TRỊ ĐÔNG,SG BÌNH TRỊ ĐÔNG,SG BÌNH TÂN,2026-07-13 19:48:32,2026-07-13 16:12:58,2026-07-13 15:57:00,,Đang trên bãi,9.8,Shuttle,FC,Forecast
530103330104,SG TÂN THỚI HIỆP,VT CHÂU ĐỨC,VT CHÂU ĐỨC,SG TÂN THỚI HIỆP,2026-07-13 19:48:30,2026-07-13 11:36:35,2026-07-13 09:31:46,,Đang trên bãi,5.6,Shuttle,FC,Forecast
530904130104,SG TÂN THỚI HIỆP,TG GÒ CÔNG,TG GÒ CÔNG,SG TÂN THỚI HIỆP,2026-07-13 19:48:29,2026-07-13 11:36:38,2026-07-13 09:31:44,,Đang trên bãi,5.6,Shuttle,FC,Forecast
530747340104,SG BÌNH TÂN,CT NINH KIỀU,CT NINH KIỀU,SG BÌNH TÂN,2026-07-13 19:48:28,2026-07-13 16:16:24,2026-07-13 15:57:00,,Đang trên bãi,9.8,Shuttle,FC,Forecast
530704930104,SG TÂN THỚI HIỆP,SG HÓC MÔN,SG HÓC MÔN,SG TÂN THỚI HIỆP,2026-07-13 19:48:23,2026-07-13 11:39:20,2026-07-13 09:30:47,,Đang trên bãi,6.6,Shuttle,FC,Forecast
530413010104,SG BÌNH TÂN,AG TÂN CHÂU,AG TÂN CHÂU,SG BÌNH TÂN,2026-07-13 19:48:23,2026-07-13 11:12:03,2026-07-13 10:54:28,,Đang trên bãi,5.05,Shuttle,FC,Forecast
530000410104,SG TÂN THỚI HIỆP,SG BÌNH TÂN,SG BÌNH TÂN,SG TÂN THỚI HIỆP,2026-07-13 19:48:22,2026-07-13 11:39:18,2026-07-13 09:30:47,,Đang trên bãi,6.6,Shuttle,FC,Forecast
530904220104,SG BÌNH TÂN,SG BẢY HIỀN,SG BẢY HIỀN,SG BÌNH TÂN,2026-07-13 19:48:21,2026-07-13 16:16:16,2026-07-13 15:57:01,,Đang trên bãi,9.8,Shuttle,FC,Forecast
530887520104,SG TÂN THỚI HIỆP,SG THỦ ĐỨC,SG THỦ ĐỨC,SG TÂN THỚI HIỆP,2026-07-13 19:48:20,2026-07-13 11:36:41,2026-07-13 09:31:45,,Đang trên bãi,5.6,Shuttle,FC,Forecast
530721330104,SG TÂN THỚI HIỆP,SG ĐÔNG HƯNG THUẬN,SG ĐÔNG HƯNG THUẬN,SG TÂN THỚI HIỆP,2026-07-13 19:48:18,2026-07-13 11:36:53,2026-07-13 09:31:45,,Đang trên bãi,5.6,Shuttle,FC,Forecast
530264330104,SG NHƠN ĐỨC,BD BÌNH HÒA,BD BÌNH HÒA,SG NHƠN ĐỨC,2026-07-13 19:48:18,2026-07-13 17:47:09,2026-07-13 12:43:01,,Đang trên bãi,10.14,Shuttle,FC,Forecast
530614610104,SG BÌNH TÂN,BN HUB,HN TÂY HỒ,SG BÌNH TÂN,2026-07-13 19:48:16,2026-07-13 10:58:29,2026-07-13 10:02:34,,Đang trên bãi,5.05,Linehaul,BN HUB,Forecast
530961930104,SG BÌNH TÂN,SG TÂN HƯNG,SG TÂN HƯNG,SG BÌNH TÂN,2026-07-13 19:48:13,2026-07-13 11:13:48,2026-07-13 10:54:29,,Đang trên bãi,5.05,Shuttle,FC,Forecast
530269530104,SG NHƠN ĐỨC,AG TÂN CHÂU,AG TÂN CHÂU,SG NHƠN ĐỨC,2026-07-13 19:48:13,2026-07-13 17:47:37,2026-07-13 11:17:54,,Đang trên bãi,8.0,Shuttle,FC,Forecast
530525410104,SG BÌNH TÂN,BN HUB,HN ĐỐNG ĐA,SG BÌNH TÂN,2026-07-13 19:48:12,2026-07-13 12:56:10,2026-07-13 10:54:31,,Đang trên bãi,5.05,Linehaul,BN HUB,Forecast
530804530104,SG TÂN THỚI HIỆP,SG ĐÔNG HƯNG THUẬN,SG ĐÔNG HƯNG THUẬN,SG TÂN THỚI HIỆP,2026-07-13 19:48:11,2026-07-13 11:39:17,2026-07-13 09:30:47,,Đang trên bãi,6.6,Shuttle,FC,Forecast
530883120104,SG TÂN THỚI HIỆP,SG BÌNH LỢI,SG BÌNH LỢI,SG TÂN THỚI HIỆP,2026-07-13 19:48:11,2026-07-13 11:37:37,2026-07-13 09:29:20,,Đang trên bãi,5.6,Shuttle,FC,Forecast
530532330104,SG BÌNH TÂN,AG TÂN CHÂU,AG TÂN CHÂU,SG BÌNH TÂN,2026-07-13 19:48:09,2026-07-13 11:08:09,2026-07-13 10:47:53,,Đang trên bãi,5.05,Shuttle,FC,Forecast
530792200104,SG TÂN THỚI HIỆP,SG KHÁNH HỘI,SG KHÁNH HỘI,SG TÂN THỚI HIỆP,2026-07-13 19:48:08,2026-07-13 11:37:51,2026-07-13 09:29:20,,Đang trên bãi,5.6,Shuttle,FC,Forecast
530363330104,SG BÌNH TÂN,CT NINH KIỀU,CT NINH KIỀU,SG BÌNH TÂN,2026-07-13 19:48:08,2026-07-13 11:11:23,2026-07-13 10:54:28,,Đang trên bãi,5.05,Shuttle,FC,Forecast
530210220104,SG NHƠN ĐỨC,CT NINH KIỀU,CT NINH KIỀU,SG NHƠN ĐỨC,2026-07-13 19:48:08,2026-07-13 17:48:41,2026-07-13 15:07:56,,Đang trên bãi,8.19,Shuttle,FC,Forecast
530122730104,SG NHƠN ĐỨC,SG AN PHÚ ĐÔNG,SG AN PHÚ ĐÔNG,SG NHƠN ĐỨC,2026-07-13 19:48:04,2026-07-13 11:51:07,2026-07-13 10:17:56,,Đang trên bãi,5.2,Shuttle,FC,Forecast
530413210104,SG BÌNH TÂN,SG AN PHÚ ĐÔNG,SG AN PHÚ ĐÔNG,SG BÌNH TÂN,2026-07-13 19:48:04,2026-07-13 11:12:43,2026-07-13 10:54:28,,Đang trên bãi,5.05,Shuttle,FC,Forecast
530511810104,SG BÌNH TÂN,BN HUB,HN THUẬN AN,SG BÌNH TÂN,2026-07-13 19:48:04,2026-07-13 11:11:43,2026-07-13 10:54:29,,Đang trên bãi,5.05,Linehaul,BN HUB,Forecast
530077720104,SG TÂN THỚI HIỆP,SG TÂN TẠO,SG TÂN TẠO,SG TÂN THỚI HIỆP,2026-07-13 19:48:03,2026-07-13 11:37:49,2026-07-13 09:29:21,,Đang trên bãi,5.6,Shuttle,FC,Forecast
530219930104,SG BÌNH TÂN,SG THỦ ĐỨC,SG THỦ ĐỨC,SG BÌNH TÂN,2026-07-13 19:48:01,2026-07-13 11:12:12,2026-07-13 10:54:28,,Đang trên bãi,5.05,Shuttle,FC,Forecast
530277330104,SG NHƠN ĐỨC,SG BÀ ĐIỂM,SG BÀ ĐIỂM,SG NHƠN ĐỨC,2026-07-13 19:48:01,2026-07-13 17:47:56,2026-07-13 12:07:49,,Đang trên bãi,16.1,Shuttle,FC,Forecast
530034010104,SG TÂN THỚI HIỆP,AG TÂN CHÂU,AG TÂN CHÂU,SG TÂN THỚI HIỆP,2026-07-13 19:48:00,2026-07-13 11:39:16,2026-07-13 09:30:46,,Đang trên bãi,6.6,Shuttle,FC,Forecast
530794120104,SG TÂN THỚI HIỆP,SG THỦ ĐỨC,SG THỦ ĐỨC,SG TÂN THỚI HIỆP,2026-07-13 19:48:00,2026-07-13 11:39:13,2026-07-13 09:30:47,,Đang trên bãi,6.6,Shuttle,FC,Forecast
530862530104,SG BÌNH TÂN,SG BÌNH TÂN,SG BÌNH TÂN,SG BÌNH TÂN,2026-07-13 19:48:00,2026-07-13 11:07:08,2026-07-13 10:47:53,,Đang trên bãi,5.05,Shuttle,FC,Forecast
530261930104,SG BÌNH TÂN,SG PHÚ NHUẬN,SG PHÚ NHUẬN,SG BÌNH TÂN,2026-07-13 19:47:59,2026-07-13 11:06:03,2026-07-13 10:47:53,,Đang trên bãi,5.05,Shuttle,FC,Forecast
530534420104,SG NHƠN ĐỨC,SG THỦ ĐỨC,SG THỦ ĐỨC,SG NHƠN ĐỨC,2026-07-13 19:47:59,2026-07-13 17:48:44,2026-07-13 15:47:52,,Đang trên bãi,9.16,Shuttle,FC,Forecast
530329810104,SG TÂN THỚI HIỆP,SG BÌNH TRỊ ĐÔNG,SG BÌNH TRỊ ĐÔNG,SG TÂN THỚI HIỆP,2026-07-13 19:47:56,2026-07-13 11:37:30,2026-07-13 09:29:21,,Đang trên bãi,5.6,Shuttle,FC,Forecast
530926210104,SG BÌNH TÂN,SG BÌNH LỢI TRUNG,SG BÌNH LỢI TRUNG,SG BÌNH TÂN,2026-07-13 19:47:56,2026-07-13 11:07:29,2026-07-13 10:47:52,,Đang trên bãi,5.05,Shuttle,FC,Forecast
530040330104,SG BÌNH TÂN,BN HUB,HP HẢI AN,SG BÌNH TÂN,2026-07-13 19:47:52,2026-07-13 11:11:49,2026-07-13 10:54:29,,Đang trên bãi,5.05,Linehaul,BN HUB,Forecast
530290340104,SG BÌNH TÂN,BD BÌNH HÒA,BD BÌNH HÒA,SG BÌNH TÂN,2026-07-13 19:47:52,2026-07-13 16:14:49,2026-07-13 15:57:01,,Đang trên bãi,9.8,Shuttle,FC,Forecast
530077520104,SG TÂN THỚI HIỆP,SG AN PHÚ ĐÔNG,SG AN PHÚ ĐÔNG,SG TÂN THỚI HIỆP,2026-07-13 19:47:51,2026-07-13 11:37:24,2026-07-13 09:29:20,,Đang trên bãi,5.6,Shuttle,FC,Forecast
530529410104,SG TÂN THỚI HIỆP,SG VĨNH LỘC,SG VĨNH LỘC,SG TÂN THỚI HIỆP,2026-07-13 19:47:51,2026-07-13 11:38:33,2026-07-13 09:30:47,,Đang trên bãi,6.6,Shuttle,FC,Forecast
530983720104,SG TÂN THỚI HIỆP,SG BÌNH LỢI TRUNG,SG BÌNH LỢI TRUNG,SG TÂN THỚI HIỆP,2026-07-13 19:47:50,2026-07-13 11:39:19,2026-07-13 09:30:47,,Đang trên bãi,6.6,Shuttle,FC,Forecast
530513610104,SG BÌNH TÂN,BD BÌNH HÒA,BD BÌNH HÒA,SG BÌNH TÂN,2026-07-13 19:47:48,2026-07-13 11:13:24,2026-07-13 10:54:30,,Đang trên bãi,5.05,Shuttle,FC,Forecast
530523540104,SG NHƠN ĐỨC,SG HIỆP BÌNH,SG HIỆP BÌNH,SG NHƠN ĐỨC,2026-07-13 19:47:46,2026-07-13 17:46:28,2026-07-13 15:13:15,,Đang trên bãi,13.9,Shuttle,FC,Forecast
530703130104,SG NHƠN ĐỨC,BN HUB,HN PHÚ XUYÊN,SG NHƠN ĐỨC,2026-07-13 19:47:45,2026-07-13 17:47:24,2026-07-13 09:53:50,,Đang trên bãi,5.5,Linehaul,BN HUB,Forecast
530110930104,SG TÂN THỚI HIỆP,SG TÂN THỚI HIỆP,SG TÂN THỚI HIỆP,SG TÂN THỚI HIỆP,2026-07-13 19:47:44,2026-07-13 11:37:46,2026-07-13 09:29:21,,Đang trên bãi,5.6,Shuttle,FC,Forecast
530432530104,SG BÌNH TÂN,TG GÒ CÔNG,TG GÒ CÔNG,SG BÌNH TÂN,2026-07-13 19:47:41,2026-07-13 11:06:05,2026-07-13 10:47:51,,Đang trên bãi,5.05,Shuttle,FC,Forecast
530003530104,SG TÂN THỚI HIỆP,BD BÌNH HÒA,BD BÌNH HÒA,SG TÂN THỚI HIỆP,2026-07-13 19:47:40,2026-07-13 11:38:34,2026-07-13 09:30:46,,Đang trên bãi,6.6,Shuttle,FC,Forecast
530981120104,SG TÂN THỚI HIỆP,VL CHỢ LÁCH,VL CHỢ LÁCH,SG TÂN THỚI HIỆP,2026-07-13 19:47:40,2026-07-13 11:38:35,2026-07-13 09:30:47,,Đang trên bãi,6.6,Shuttle,FC,Forecast
530826130104,SG BÌNH TÂN,SG CỦ CHI,SG CỦ CHI,SG BÌNH TÂN,2026-07-13 19:47:40,2026-07-13 11:13:34,2026-07-13 10:54:31,,Đang trên bãi,5.05,Shuttle,FC,Forecast
530439540104,SG NHƠN ĐỨC,SG HIỆP BÌNH,SG HIỆP BÌNH,SG NHƠN ĐỨC,2026-07-13 19:47:40,2026-07-13 17:45:44,2026-07-13 15:29:48,,Đang trên bãi,13.9,Shuttle,FC,Forecast
530123930104,SG BÌNH TÂN,SG CHỢ LỚN,SG CHỢ LỚN,SG BÌNH TÂN,2026-07-13 19:47:39,2026-07-13 11:13:32,2026-07-13 10:54:31,,Đang trên bãi,5.05,Shuttle,FC,Forecast
530521930104,SG TÂN THỚI HIỆP,AG THOẠI SƠN,AG THOẠI SƠN,SG TÂN THỚI HIỆP,2026-07-13 19:47:38,2026-07-13 11:37:27,2026-07-13 09:29:21,,Đang trên bãi,5.6,Shuttle,FC,Forecast
530445940104,SG BÌNH TÂN,LA ĐỨC HÒA,LA ĐỨC HÒA,SG BÌNH TÂN,2026-07-13 19:47:36,2026-07-13 16:13:46,2026-07-13 15:56:59,,Đang trên bãi,9.8,Shuttle,FC,Forecast
530521730104,SG TÂN THỚI HIỆP,VL CHỢ LÁCH,VL CHỢ LÁCH,SG TÂN THỚI HIỆP,2026-07-13 19:47:32,2026-07-13 11:38:15,2026-07-13 09:29:21,,Đang trên bãi,5.6,Shuttle,FC,Forecast
530762930104,SG BÌNH TÂN,DT SA ĐÉC,DT SA ĐÉC,SG BÌNH TÂN,2026-07-13 19:47:32,2026-07-13 11:05:49,2026-07-13 10:47:51,,Đang trên bãi,5.05,Shuttle,FC,Forecast
530730130104,SG BÌNH TÂN,BN HUB,HN VĨNH TUY,SG BÌNH TÂN,2026-07-13 19:47:32,2026-07-13 11:11:52,2026-07-13 10:54:29,,Đang trên bãi,5.05,Linehaul,BN HUB,Forecast
530228220104,SG NHƠN ĐỨC,SG PHÚ NHUẬN,SG PHÚ NHUẬN,SG NHƠN ĐỨC,2026-07-13 19:47:32,2026-07-13 17:48:11,2026-07-13 14:48:05,,Đang trên bãi,8.87,Shuttle,FC,Forecast
530766730104,SG BÌNH TÂN,BN HUB,HY VĂN GIANG,SG BÌNH TÂN,2026-07-13 19:47:29,2026-07-13 10:58:13,2026-07-13 10:02:34,,Đang trên bãi,5.05,Linehaul,BN HUB,Forecast
530796920104,SG TÂN THỚI HIỆP,CT Ô MÔN,CT Ô MÔN,SG TÂN THỚI HIỆP,2026-07-13 19:47:29,2026-07-13 11:36:45,2026-07-13 09:31:44,,Đang trên bãi,5.6,Shuttle,FC,Forecast
530785720104,SG TÂN THỚI HIỆP,AG AN PHÚ,AG AN PHÚ,SG TÂN THỚI HIỆP,2026-07-13 19:47:27,2026-07-13 11:36:37,2026-07-13 09:31:44,,Đang trên bãi,5.6,Shuttle,FC,Forecast
530821210104,SG TÂN THỚI HIỆP,ST PHÚ LỢI,ST PHÚ LỢI,SG TÂN THỚI HIỆP,2026-07-13 19:47:25,2026-07-13 11:37:50,2026-07-13 09:29:20,,Đang trên bãi,5.6,Shuttle,FC,Forecast
530430730104,SG BÌNH TÂN,SG PHÚ NHUẬN,SG PHÚ NHUẬN,SG BÌNH TÂN,2026-07-13 19:47:25,2026-07-13 11:06:43,2026-07-13 10:47:53,,Đang trên bãi,5.4,Shuttle,FC,Forecast
530051340104,SG BÌNH TÂN,SG NHƠN ĐỨC,SG NHƠN ĐỨC,SG BÌNH TÂN,2026-07-13 19:47:25,2026-07-13 16:13:13,2026-07-13 15:57:00,,Đang trên bãi,9.8,Shuttle,FC,Forecast
530660340104,SG NHƠN ĐỨC,BN HUB,HN THANH TRÌ,SG NHƠN ĐỨC,2026-07-13 19:47:25,2026-07-13 17:59:34,2026-07-13 16:31:50,,Đang trên bãi,6.0,Linehaul,BN HUB,Forecast
530734420104,SG BÌNH TÂN,SG CỦ CHI,SG CỦ CHI,SG BÌNH TÂN,2026-07-13 19:47:21,2026-07-13 16:14:42,2026-07-13 15:57:01,,Đang trên bãi,9.8,Shuttle,FC,Forecast
530854940104,SG NHƠN ĐỨC,SG TÂN THỚI HIỆP,SG TÂN THỚI HIỆP,SG NHƠN ĐỨC,2026-07-13 19:47:20,2026-07-13 17:48:17,2026-07-13 15:23:28,,Đang trên bãi,8.87,Shuttle,FC,Forecast
530875720104,SG TÂN THỚI HIỆP,ST VĨNH CHÂU,ST VĨNH CHÂU,SG TÂN THỚI HIỆP,2026-07-13 19:47:19,2026-07-13 11:38:35,2026-07-13 09:30:47,,Đang trên bãi,6.6,Shuttle,FC,Forecast
530875920104,SG TÂN THỚI HIỆP,SG CỦ CHI,SG CỦ CHI,SG TÂN THỚI HIỆP,2026-07-13 19:47:19,2026-07-13 11:38:37,2026-07-13 09:30:46,,Đang trên bãi,6.6,Shuttle,FC,Forecast
530883320104,SG TÂN THỚI HIỆP,SG HIỆP BÌNH,SG HIỆP BÌNH,SG TÂN THỚI HIỆP,2026-07-13 19:47:19,2026-07-13 11:37:47,2026-07-13 09:29:21,,Đang trên bãi,5.6,Shuttle,FC,Forecast
530318620104,SG BÌNH TÂN,BD BẾN CÁT,BD BẾN CÁT,SG BÌNH TÂN,2026-07-13 19:47:18,2026-07-13 16:13:41,2026-07-13 15:57:01,,Đang trên bãi,9.8,Shuttle,FC,Forecast
530262080103,SG NHƠN ĐỨC,BN HUB,HN VĨNH TUY,SG NHƠN ĐỨC,2026-07-13 19:47:16,2026-07-13 18:00:04,2026-07-11 23:41:32,,Đang trên bãi,7.6,Linehaul,BN HUB,Forecast
530587800104,SG TÂN THỚI HIỆP,TG TRUNG AN,TG TRUNG AN,SG TÂN THỚI HIỆP,2026-07-13 19:47:13,2026-07-13 11:37:45,2026-07-13 09:29:20,,Đang trên bãi,5.6,Shuttle,FC,Forecast
530946140104,SG NHƠN ĐỨC,SG BÌNH TRỊ ĐÔNG,SG BÌNH TRỊ ĐÔNG,SG NHƠN ĐỨC,2026-07-13 19:47:12,2026-07-13 17:48:20,2026-07-13 15:18:06,,Đang trên bãi,7.3,Shuttle,FC,Forecast
530629210104,SG TÂN THỚI HIỆP,SG TÂN HƯNG,SG TÂN HƯNG,SG TÂN THỚI HIỆP,2026-07-13 19:47:11,2026-07-13 11:38:39,2026-07-13 09:30:47,,Đang trên bãi,6.6,Shuttle,FC,Forecast
530525210104,SG BÌNH TÂN,SG GÒ VẤP,SG GÒ VẤP,SG BÌNH TÂN,2026-07-13 19:47:11,2026-07-13 11:12:01,2026-07-13 10:54:30,,Đang trên bãi,5.05,Shuttle,FC,Forecast
530557210104,SG NHƠN ĐỨC,AG TỊNH BIÊN,AG TỊNH BIÊN,SG NHƠN ĐỨC,2026-07-13 19:47:11,2026-07-13 17:46:56,2026-07-13 12:23:01,,Đang trên bãi,11.27,Shuttle,FC,Forecast
530796720104,SG TÂN THỚI HIỆP,SG THỦ ĐỨC,SG THỦ ĐỨC,SG TÂN THỚI HIỆP,2026-07-13 19:47:10,2026-07-13 11:38:40,2026-07-13 09:30:47,,Đang trên bãi,6.6,Shuttle,FC,Forecast
530356010104,SG BÌNH TÂN,VT XUYÊN MỘC,VT XUYÊN MỘC,SG BÌNH TÂN,2026-07-13 19:47:10,2026-07-13 11:12:57,2026-07-13 10:54:30,,Đang trên bãi,5.05,Shuttle,FC,Forecast
530099400104,SG TÂN THỚI HIỆP,SG BÌNH TÂN,SG BÌNH TÂN,SG TÂN THỚI HIỆP,2026-07-13 19:47:09,2026-07-13 11:37:40,2026-07-13 09:29:20,,Đang trên bãi,5.6,Shuttle,FC,Forecast
530134740104,SG NHƠN ĐỨC,SG BÌNH LỢI TRUNG,SG BÌNH LỢI TRUNG,SG NHƠN ĐỨC,2026-07-13 19:47:08,2026-07-13 17:48:33,2026-07-13 14:33:45,,Đang trên bãi,8.0,Shuttle,FC,Forecast
530248540104,SG NHƠN ĐỨC,SG HIỆP BÌNH,SG HIỆP BÌNH,SG NHƠN ĐỨC,2026-07-13 19:47:07,2026-07-13 17:45:54,2026-07-13 14:48:04,,Đang trên bãi,13.9,Shuttle,FC,Forecast
530034300104,SG NHƠN ĐỨC,SG ĐÔNG HƯNG THUẬN,SG ĐÔNG HƯNG THUẬN,SG NHƠN ĐỨC,2026-07-13 19:47:03,2026-07-13 17:59:48,2026-07-11 17:54:57,,Đang trên bãi,6.0,Shuttle,FC,Forecast
530983520104,SG TÂN THỚI HIỆP,SG ĐÔNG HƯNG THUẬN,SG ĐÔNG HƯNG THUẬN,SG TÂN THỚI HIỆP,2026-07-13 19:47:03,2026-07-13 11:39:02,2026-07-13 09:30:46,,Đang trên bãi,6.6,Shuttle,FC,Forecast
530601930104,SG TÂN THỚI HIỆP,SG TÂN THỚI HIỆP,SG TÂN THỚI HIỆP,SG TÂN THỚI HIỆP,2026-07-13 19:47:02,2026-07-13 11:37:05,2026-07-13 09:31:46,,Đang trên bãi,5.6,Shuttle,FC,Forecast
530652890103,SG NHƠN ĐỨC,LA ĐỨC HÒA,LA ĐỨC HÒA,SG NHƠN ĐỨC,2026-07-13 19:47:01,2026-07-13 17:59:40,2026-07-12 20:44:05,,Đang trên bãi,6.0,Shuttle,FC,Forecast
530601810104,SG BÌNH TÂN,SG GÒ VẤP,SG GÒ VẤP,SG BÌNH TÂN,2026-07-13 19:47:01,2026-07-13 11:07:47,2026-07-13 10:47:52,,Đang trên bãi,5.05,Shuttle,FC,Forecast
530491120104,SG TÂN THỚI HIỆP,BD BÌNH HÒA,BD BÌNH HÒA,SG TÂN THỚI HIỆP,2026-07-13 19:46:59,2026-07-13 11:38:40,2026-07-13 09:30:47,,Đang trên bãi,6.6,Shuttle,FC,Forecast
530953530104,SG BÌNH TÂN,SG PHÚ NHUẬN,SG PHÚ NHUẬN,SG BÌNH TÂN,2026-07-13 19:46:58,2026-07-13 11:06:52,2026-07-13 10:47:52,,Đang trên bãi,5.05,Shuttle,FC,Forecast
530000210104,SG TÂN THỚI HIỆP,SG TÂN HƯNG,SG TÂN HƯNG,SG TÂN THỚI HIỆP,2026-07-13 19:46:57,2026-07-13 11:38:37,2026-07-13 09:30:47,,Đang trên bãi,6.6,Shuttle,FC,Forecast
530829420104,SG NHƠN ĐỨC,SG CỦ CHI,SG CỦ CHI,SG NHƠN ĐỨC,2026-07-13 19:46:54,2026-07-13 17:48:57,2026-07-13 15:44:25,,Đang trên bãi,16.68,Shuttle,FC,Forecast
530704730104,SG TÂN THỚI HIỆP,SG HƯNG LONG,SG HƯNG LONG,SG TÂN THỚI HIỆP,2026-07-13 19:46:50,2026-07-13 11:38:59,2026-07-13 09:30:47,,Đang trên bãi,6.6,Shuttle,FC,Forecast
530622540104,SG NHƠN ĐỨC,SG HIỆP BÌNH,SG HIỆP BÌNH,SG NHƠN ĐỨC,2026-07-13 19:46:50,2026-07-13 17:46:15,2026-07-13 14:33:07,,Đang trên bãi,13.9,Shuttle,FC,Forecast
530922730104,SG BÌNH TÂN,SG BÌNH TÂN,SG BÌNH TÂN,SG BÌNH TÂN,2026-07-13 19:46:49,2026-07-13 11:07:51,2026-07-13 10:47:53,,Đang trên bãi,5.05,Shuttle,FC,Forecast
530983920104,SG TÂN THỚI HIỆP,SG CỦ CHI,SG CỦ CHI,SG TÂN THỚI HIỆP,2026-07-13 19:46:48,2026-07-13 11:38:42,2026-07-13 09:30:47,,Đang trên bãi,6.6,Shuttle,FC,Forecast
530177920104,SG TÂN THỚI HIỆP,BD BÌNH HÒA,BD BÌNH HÒA,SG TÂN THỚI HIỆP,2026-07-13 19:46:47,2026-07-13 11:38:41,2026-07-13 09:30:46,,Đang trên bãi,6.6,Shuttle,FC,Forecast
530630930104,SG BÌNH TÂN,BN HUB,HN ĐỐNG ĐA,SG BÌNH TÂN,2026-07-13 19:46:47,2026-07-13 11:11:12,2026-07-13 10:54:28,,Đang trên bãi,5.05,Linehaul,BN HUB,Forecast
530824530104,SG BÌNH TÂN,BN HUB,HP HẢI AN,SG BÌNH TÂN,2026-07-13 19:46:47,2026-07-13 12:55:14,2026-07-13 10:54:29,,Đang trên bãi,5.05,Linehaul,BN HUB,Forecast
530244940104,SG NHƠN ĐỨC,SG HIỆP BÌNH,SG HIỆP BÌNH,SG NHƠN ĐỨC,2026-07-13 19:46:46,2026-07-13 17:49:18,2026-07-13 14:43:08,,Đang trên bãi,13.9,Shuttle,FC,Forecast
530891800104,SG TÂN THỚI HIỆP,TG TRUNG AN,TG TRUNG AN,SG TÂN THỚI HIỆP,2026-07-13 19:46:45,2026-07-13 11:38:54,2026-07-13 09:30:47,,Đang trên bãi,6.6,Shuttle,FC,Forecast
530809010104,SG BÌNH TÂN,VT XUYÊN MỘC,VT XUYÊN MỘC,SG BÌNH TÂN,2026-07-13 19:46:44,2026-07-13 11:08:07,2026-07-13 10:47:54,,Đang trên bãi,5.05,Shuttle,FC,Forecast
530313810104,SG BÌNH TÂN,BN HUB,HN CHƯƠNG MỸ,SG BÌNH TÂN,2026-07-13 19:46:44,2026-07-13 11:11:17,2026-07-13 10:54:28,,Đang trên bãi,5.05,Linehaul,BN HUB,Forecast
530210730104,SG TÂN THỚI HIỆP,AG AN PHÚ,AG AN PHÚ,SG TÂN THỚI HIỆP,2026-07-13 19:46:41,2026-07-13 11:38:47,2026-07-13 09:30:47,,Đang trên bãi,6.6,Shuttle,FC,Forecast
530492810104,SG NHƠN ĐỨC,SG HIỆP BÌNH,SG HIỆP BÌNH,SG NHƠN ĐỨC,2026-07-13 19:46:39,2026-07-13 17:49:11,2026-07-13 14:38:15,,Đang trên bãi,13.9,Shuttle,FC,Forecast
530003730104,SG TÂN THỚI HIỆP,BD BẾN CÁT,BD BẾN CÁT,SG TÂN THỚI HIỆP,2026-07-13 19:46:38,2026-07-13 11:38:43,2026-07-13 09:30:47,,Đang trên bãi,6.6,Shuttle,FC,Forecast
530975120104,SG TÂN THỚI HIỆP,AG LONG XUYÊN,AG LONG XUYÊN,SG TÂN THỚI HIỆP,2026-07-13 19:46:37,2026-07-13 11:39:03,2026-07-13 09:30:47,,Đang trên bãi,6.6,Shuttle,FC,Forecast
530399520104,SG TÂN THỚI HIỆP,SG TÂN SƠN NHÌ,SG TÂN SƠN NHÌ,SG TÂN THỚI HIỆP,2026-07-13 19:46:34,2026-07-13 11:39:03,2026-07-13 09:30:47,,Đang trên bãi,6.6,Shuttle,FC,Forecast
530128130104,SG NHƠN ĐỨC,BD BÌNH HÒA,BD BÌNH HÒA,SG NHƠN ĐỨC,2026-07-13 19:46:34,2026-07-13 11:51:04,2026-07-13 10:18:54,,Đang trên bãi,16.44,Shuttle,FC,Forecast
530068130104,SG BÌNH TÂN,TG AN HỮU,TG AN HỮU,SG BÌNH TÂN,2026-07-13 19:46:32,2026-07-13 11:07:47,2026-07-13 10:47:53,,Đang trên bãi,5.05,Shuttle,FC,Forecast
530713340104,SG NHƠN ĐỨC,SG HIỆP BÌNH,SG HIỆP BÌNH,SG NHƠN ĐỨC,2026-07-13 19:46:31,2026-07-13 17:49:08,2026-07-13 14:43:08,,Đang trên bãi,13.9,Shuttle,FC,Forecast
530034210104,SG TÂN THỚI HIỆP,SG CỦ CHI,SG CỦ CHI,SG TÂN THỚI HIỆP,2026-07-13 19:46:30,2026-07-13 11:38:45,2026-07-13 09:30:47,,Đang trên bãi,6.6,Shuttle,FC,Forecast
530921810104,SG TÂN THỚI HIỆP,VT VŨNG TÀU,VT VŨNG TÀU,SG TÂN THỚI HIỆP,2026-07-13 19:46:29,2026-07-13 11:38:44,2026-07-13 09:30:47,,Đang trên bãi,6.6,Shuttle,FC,Forecast
530918930104,SG BÌNH TÂN,SG TÂN NHỰT,SG TÂN NHỰT,SG BÌNH TÂN,2026-07-13 19:46:28,2026-07-13 11:07:22,2026-07-13 10:47:52,,Đang trên bãi,14.85,Shuttle,FC,Forecast
530999720104,SG BÌNH TÂN,SG CỦ CHI,SG CỦ CHI,SG BÌNH TÂN,2026-07-13 19:46:26,2026-07-13 10:58:11,2026-07-13 10:02:35,,Đang trên bãi,5.05,Shuttle,FC,Forecast
530240530104,SG NHƠN ĐỨC,SG THỦ ĐỨC,SG THỦ ĐỨC,SG NHƠN ĐỨC,2026-07-13 19:46:26,2026-07-13 11:50:52,2026-07-13 11:07:55,,Đang trên bãi,8.5,Shuttle,FC,Forecast
530329210104,SG TÂN THỚI HIỆP,CT Ô MÔN,CT Ô MÔN,SG TÂN THỚI HIỆP,2026-07-13 19:46:25,2026-07-13 11:37:42,2026-07-13 09:29:20,,Đang trên bãi,5.6,Shuttle,FC,Forecast
530521330104,SG TÂN THỚI HIỆP,TG TRUNG AN,TG TRUNG AN,SG TÂN THỚI HIỆP,2026-07-13 19:46:24,2026-07-13 11:37:29,2026-07-13 09:29:20,,Đang trên bãi,5.6,Shuttle,FC,Forecast
530529610104,SG TÂN THỚI HIỆP,VT CHÂU ĐỨC,VT CHÂU ĐỨC,SG TÂN THỚI HIỆP,2026-07-13 19:46:22,2026-07-13 11:38:46,2026-07-13 09:30:47,,Đang trên bãi,6.6,Shuttle,FC,Forecast
530658140104,SG NHƠN ĐỨC,SG HIỆP BÌNH,SG HIỆP BÌNH,SG NHƠN ĐỨC,2026-07-13 19:46:22,2026-07-13 17:49:02,2026-07-13 15:53:12,,Đang trên bãi,13.9,Shuttle,FC,Forecast
530716810104,SG NHƠN ĐỨC,AG TÂN CHÂU,AG TÂN CHÂU,SG NHƠN ĐỨC,2026-07-13 19:46:18,2026-07-13 17:47:52,2026-07-13 10:18:57,,Đang trên bãi,5.48,Shuttle,FC,Forecast
530430010104,SG BÌNH TÂN,SG PHÚ NHUẬN,SG PHÚ NHUẬN,SG BÌNH TÂN,2026-07-13 19:46:18,2026-07-13 11:12:36,2026-07-13 10:54:28,,Đang trên bãi,5.05,Shuttle,FC,Forecast
530032210104,SG BÌNH TÂN,BD DĨ AN,BD DĨ AN,SG BÌNH TÂN,2026-07-13 19:46:17,2026-07-13 11:12:47,2026-07-13 10:54:31,,Đang trên bãi,5.05,Shuttle,FC,Forecast
530099200104,SG TÂN THỚI HIỆP,SG PHÚ LÂM,SG PHÚ LÂM,SG TÂN THỚI HIỆP,2026-07-13 19:46:15,2026-07-13 11:37:41,2026-07-13 09:29:21,,Đang trên bãi,5.6,Shuttle,FC,Forecast
530058130104,SG NHƠN ĐỨC,SG THỦ ĐỨC,SG THỦ ĐỨC,SG NHƠN ĐỨC,2026-07-13 19:46:15,2026-07-13 17:46:51,2026-07-13 12:37:57,,Đang trên bãi,11.3,Shuttle,FC,Forecast
530438810104,SG NHƠN ĐỨC,DT TN,DT TN,SG NHƠN ĐỨC,2026-07-13 19:46:12,2026-07-13 17:59:27,2026-07-13 11:35:29,,Đang trên bãi,6.0,Shuttle,FC,Forecast
530616530104,SG BÌNH TÂN,SG THỦ ĐỨC,SG THỦ ĐỨC,SG BÌNH TÂN,2026-07-13 19:46:11,2026-07-13 11:05:52,2026-07-13 10:47:51,,Đang trên bãi,5.05,Shuttle,FC,Forecast
530423610104,SG BÌNH TÂN,AG CẦN ĐĂNG,AG CẦN ĐĂNG,SG BÌNH TÂN,2026-07-13 19:46:10,2026-07-13 11:08:02,2026-07-13 10:47:52,,Đang trên bãi,5.05,Shuttle,FC,Forecast
530823210104,SG BÌNH TÂN,SG KHÁNH HỘI,SG KHÁNH HỘI,SG BÌNH TÂN,2026-07-13 19:46:08,2026-07-13 11:12:14,2026-07-13 10:54:30,,Đang trên bãi,5.05,Shuttle,FC,Forecast
530334820104,SG NHƠN ĐỨC,TG GÒ CÔNG,TG GÒ CÔNG,SG NHƠN ĐỨC,2026-07-13 19:46:08,2026-07-13 17:48:29,2026-07-13 15:43:06,,Đang trên bãi,8.5,Shuttle,FC,Forecast
530883520104,SG TÂN THỚI HIỆP,BD BẾN CÁT,BD BẾN CÁT,SG TÂN THỚI HIỆP,2026-07-13 19:46:07,2026-07-13 11:37:44,2026-07-13 09:29:20,,Đang trên bãi,5.6,Shuttle,FC,Forecast
530563530104,SG BÌNH TÂN,BN HUB,VP VĨNH TƯỜNG,SG BÌNH TÂN,2026-07-13 19:46:06,2026-07-13 11:13:27,2026-07-13 10:54:29,,Đang trên bãi,5.05,Linehaul,BN HUB,Forecast
530305520104,SG NHƠN ĐỨC,TG AN HỮU,TG AN HỮU,SG NHƠN ĐỨC,2026-07-13 19:46:05,2026-07-13 17:59:14,2026-07-12 18:28:08,,Đang trên bãi,5.5,Shuttle,FC,Forecast
530036930104,SG BÌNH TÂN,VT XUYÊN MỘC,VT XUYÊN MỘC,SG BÌNH TÂN,2026-07-13 19:46:05,2026-07-13 11:12:52,2026-07-13 10:54:28,,Đang trên bãi,5.05,Shuttle,FC,Forecast
530984320104,SG NHƠN ĐỨC,TG GÒ CÔNG,TG GÒ CÔNG,SG NHƠN ĐỨC,2026-07-13 19:46:02,2026-07-13 11:51:09,2026-07-13 09:18:05,,Đang trên bãi,14.13,Shuttle,FC,Forecast
530881920104,SG TÂN THỚI HIỆP,AG TÂN CHÂU,AG TÂN CHÂU,SG TÂN THỚI HIỆP,2026-07-13 19:46:01,2026-07-13 11:38:48,2026-07-13 09:30:46,,Đang trên bãi,6.6,Shuttle,FC,Forecast
530690140104,SG BÌNH TÂN,LA ĐỨC HÒA,LA ĐỨC HÒA,SG BÌNH TÂN,2026-07-13 19:45:59,2026-07-13 16:10:19,2026-07-13 16:01:43,,Đang trên bãi,9.8,Shuttle,FC,Forecast
530210530104,SG TÂN THỚI HIỆP,AG TÂN CHÂU,AG TÂN CHÂU,SG TÂN THỚI HIỆP,2026-07-13 19:45:58,2026-07-13 11:39:04,2026-07-13 09:30:47,,Đang trên bãi,6.6,Shuttle,FC,Forecast
530993530104,SG TÂN THỚI HIỆP,SG BẢY HIỀN,SG BẢY HIỀN,SG TÂN THỚI HIỆP,2026-07-13 19:45:58,2026-07-13 15:15:31,2026-07-13 14:36:07,,Đang trên bãi,5.6,Shuttle,FC,Forecast
530066740104,SG BÌNH TÂN,SG THỦ ĐỨC,SG THỦ ĐỨC,SG BÌNH TÂN,2026-07-13 19:45:58,2026-07-13 16:14:23,2026-07-13 15:56:59,,Đang trên bãi,9.8,Shuttle,FC,Forecast
530524710104,SG NHƠN ĐỨC,BN HUB,HN PHÚ DIỄN,SG NHƠN ĐỨC,2026-07-13 19:45:56,2026-07-13 18:00:52,2026-07-11 22:55:34,,Đang trên bãi,10.6,Linehaul,BN HUB,Forecast
530509420104,SG BÌNH TÂN,SG CHỢ LỚN,SG CHỢ LỚN,SG BÌNH TÂN,2026-07-13 19:45:55,2026-07-13 16:13:34,2026-07-13 15:57:00,,Đang trên bãi,9.8,Shuttle,FC,Forecast
530529130104,SG BÌNH TÂN,BD DĨ AN,BD DĨ AN,SG BÌNH TÂN,2026-07-13 19:45:54,2026-07-13 11:11:41,2026-07-13 10:54:30,,Đang trên bãi,5.05,Shuttle,FC,Forecast
530444690103,SG NHƠN ĐỨC,DT TN,DT TN,SG NHƠN ĐỨC,2026-07-13 19:45:52,2026-07-13 17:59:16,2026-07-12 21:09:15,,Đang trên bãi,11.0,Shuttle,FC,Forecast
530034410104,SG TÂN THỚI HIỆP,CT NINH KIỀU,CT NINH KIỀU,SG TÂN THỚI HIỆP,2026-07-13 19:45:51,2026-07-13 11:38:55,2026-07-13 09:30:47,,Đang trên bãi,6.6,Shuttle,FC,Forecast
530361330104,SG BÌNH TÂN,SG BÌNH TÂN,SG BÌNH TÂN,SG BÌNH TÂN,2026-07-13 19:45:51,2026-07-13 11:06:57,2026-07-13 10:47:52,,Đang trên bãi,5.05,Shuttle,FC,Forecast
530310130104,SG TÂN THỚI HIỆP,SG CỦ CHI,SG CỦ CHI,SG TÂN THỚI HIỆP,2026-07-13 19:45:50,2026-07-13 11:36:46,2026-07-13 09:31:46,,Đang trên bãi,5.6,Shuttle,FC,Forecast
530234610104,SG TÂN THỚI HIỆP,BD BÌNH HÒA,BD BÌNH HÒA,SG TÂN THỚI HIỆP,2026-07-13 19:45:50,2026-07-13 11:35:56,2026-07-13 09:33:04,,Đang trên bãi,7.55,Shuttle,FC,Forecast
530404680103,SG NHƠN ĐỨC,SG CHỢ LỚN,SG CHỢ LỚN,SG NHƠN ĐỨC,2026-07-13 19:45:49,2026-07-13 18:00:38,2026-07-11 17:34:33,,Đang trên bãi,6.0,Shuttle,FC,Forecast
530416820104,SG BÌNH TÂN,DT SA ĐÉC,DT SA ĐÉC,SG BÌNH TÂN,2026-07-13 19:45:48,2026-07-13 16:16:27,2026-07-13 15:57:01,,Đang trên bãi,9.8,Shuttle,FC,Forecast
530133690103,SG NHƠN ĐỨC,LA BẾN LỨC,LA BẾN LỨC,SG NHƠN ĐỨC,2026-07-13 19:45:46,2026-07-13 17:59:09,2026-07-12 19:08:24,,Đang trên bãi,11.0,Shuttle,FC,Forecast
530234530104,SG BÌNH TÂN,BN HUB,HN MÊ LINH,SG BÌNH TÂN,2026-07-13 19:45:46,2026-07-13 11:11:34,2026-07-13 10:54:29,,Đang trên bãi,19.6,Linehaul,BN HUB,Forecast
530211010104,SG BÌNH TÂN,SG GÒ VẤP,SG GÒ VẤP,SG BÌNH TÂN,2026-07-13 19:45:44,2026-07-13 11:06:53,2026-07-13 10:47:53,,Đang trên bãi,5.05,Shuttle,FC,Forecast
530018090103,SG NHƠN ĐỨC,BN HUB,HN THANH XUÂN,SG NHƠN ĐỨC,2026-07-13 19:45:43,2026-07-13 18:00:37,2026-07-12 08:49:54,,Đang trên bãi,7.0,Linehaul,BN HUB,Forecast
530203330104,SG TÂN THỚI HIỆP,SG BÌNH TRỊ ĐÔNG,SG BÌNH TRỊ ĐÔNG,SG TÂN THỚI HIỆP,2026-07-13 19:45:43,2026-07-13 11:36:10,2026-07-13 09:33:05,,Đang trên bãi,10.2,Shuttle,FC,Forecast
530785520104,SG TÂN THỚI HIỆP,VT CHÂU ĐỨC,VT CHÂU ĐỨC,SG TÂN THỚI HIỆP,2026-07-13 19:45:42,2026-07-13 11:38:46,2026-07-13 09:30:47,,Đang trên bãi,6.6,Shuttle,FC,Forecast
530915610104,SG BÌNH TÂN,SG CỦ CHI,SG CỦ CHI,SG BÌNH TÂN,2026-07-13 19:45:41,2026-07-13 11:07:50,2026-07-13 10:47:53,,Đang trên bãi,5.05,Shuttle,FC,Forecast
530351540104,SG BÌNH TÂN,BD BẾN CÁT,BD BẾN CÁT,SG BÌNH TÂN,2026-07-13 19:45:41,2026-07-13 16:10:34,2026-07-13 16:01:43,,Đang trên bãi,9.8,Shuttle,FC,Forecast
530000610104,SG TÂN THỚI HIỆP,SG BÌNH TRỊ ĐÔNG,SG BÌNH TRỊ ĐÔNG,SG TÂN THỚI HIỆP,2026-07-13 19:45:40,2026-07-13 11:36:36,2026-07-13 09:31:44,,Đang trên bãi,5.6,Shuttle,FC,Forecast
530923210104,SG BÌNH TÂN,SG PHÚ NHUẬN,SG PHÚ NHUẬN,SG BÌNH TÂN,2026-07-13 19:45:38,2026-07-13 11:13:54,2026-07-13 10:54:30,,Đang trên bãi,5.05,Shuttle,FC,Forecast
530561400104,SG NHƠN ĐỨC,SG PHÚ LÂM,SG PHÚ LÂM,SG NHƠN ĐỨC,2026-07-13 19:45:37,2026-07-13 18:00:16,2026-07-13 08:39:17,,Đang trên bãi,6.0,Shuttle,FC,Forecast
530694920104,SG TÂN THỚI HIỆP,BD DĨ AN,BD DĨ AN,SG TÂN THỚI HIỆP,2026-07-13 19:45:36,2026-07-13 11:39:00,2026-07-13 09:30:47,,Đang trên bãi,6.6,Shuttle,FC,Forecast
530136130104,SG BÌNH TÂN,VT VŨNG TÀU,VT VŨNG TÀU,SG BÌNH TÂN,2026-07-13 19:45:34,2026-07-13 11:12:51,2026-07-13 10:54:30,,Đang trên bãi,5.05,Shuttle,FC,Forecast
530535300104,SG NHƠN ĐỨC,SG BẢY HIỀN,SG BẢY HIỀN,SG NHƠN ĐỨC,2026-07-13 19:45:33,2026-07-13 18:00:27,2026-07-12 00:46:03,,Đang trên bãi,8.5,Shuttle,FC,Forecast
530166930104,SG TÂN THỚI HIỆP,SG CỦ CHI,SG CỦ CHI,SG TÂN THỚI HIỆP,2026-07-13 19:45:33,2026-07-13 11:38:49,2026-07-13 09:30:47,,Đang trên bãi,6.6,Shuttle,FC,Forecast
530991200104,SG TÂN THỚI HIỆP,SG PHÚ LÂM,SG PHÚ LÂM,SG TÂN THỚI HIỆP,2026-07-13 19:45:31,2026-07-13 11:37:01,2026-07-13 09:31:45,,Đang trên bãi,5.6,Shuttle,FC,Forecast
530527010104,SG NHƠN ĐỨC,DT TN,DT TN,SG NHƠN ĐỨC,2026-07-13 19:45:29,2026-07-13 11:51:05,2026-07-13 11:13:06,,Đang trên bãi,5.3,Shuttle,FC,Forecast
530807730104,SG BÌNH TÂN,SG KHÁNH HỘI,SG KHÁNH HỘI,SG BÌNH TÂN,2026-07-13 19:45:28,2026-07-13 11:08:07,2026-07-13 10:47:51,,Đang trên bãi,19.6,Shuttle,FC,Forecast
530410130104,SG TÂN THỚI HIỆP,SG TÂN THỚI HIỆP,SG TÂN THỚI HIỆP,SG TÂN THỚI HIỆP,2026-07-13 19:45:28,2026-07-13 11:35:54,2026-07-13 09:33:04,,Đang trên bãi,8.2,Shuttle,FC,Forecast
530978730104,SG NHƠN ĐỨC,SG TÂN THỚI HIỆP,SG TÂN THỚI HIỆP,SG NHƠN ĐỨC,2026-07-13 19:45:26,2026-07-13 17:59:19,2026-07-13 13:41:09,,Đang trên bãi,10.6,Shuttle,FC,Forecast
530729010104,SG TÂN THỚI HIỆP,SG HÓC MÔN,SG HÓC MÔN,SG TÂN THỚI HIỆP,2026-07-13 19:45:25,2026-07-13 11:36:58,2026-07-13 09:31:44,,Đang trên bãi,5.6,Shuttle,FC,Forecast
530529810104,SG TÂN THỚI HIỆP,AG TÂN CHÂU,AG TÂN CHÂU,SG TÂN THỚI HIỆP,2026-07-13 19:45:24,2026-07-13 11:38:50,2026-07-13 09:30:47,,Đang trên bãi,6.6,Shuttle,FC,Forecast
530681080103,SG NHƠN ĐỨC,SG CHỢ LỚN,SG CHỢ LỚN,SG NHƠN ĐỨC,2026-07-13 19:45:23,2026-07-13 18:00:33,2026-07-12 13:14:00,,Đang trên bãi,6.0,Shuttle,FC,Forecast
530160300104,SG NHƠN ĐỨC,BN HUB,HN ĐỐNG ĐA,SG NHƠN ĐỨC,2026-07-13 19:45:21,2026-07-13 18:00:28,2026-07-11 22:45:14,,Đang trên bãi,8.0,Linehaul,BN HUB,Forecast
530166730104,SG TÂN THỚI HIỆP,SG AN PHÚ ĐÔNG,SG AN PHÚ ĐÔNG,SG TÂN THỚI HIỆP,2026-07-13 19:45:20,2026-07-13 11:38:51,2026-07-13 09:30:47,,Đang trên bãi,6.6,Shuttle,FC,Forecast
530975720104,SG TÂN THỚI HIỆP,VT XUYÊN MỘC,VT XUYÊN MỘC,SG TÂN THỚI HIỆP,2026-07-13 19:45:18,2026-07-13 11:35:41,2026-07-13 09:33:04,,Đang trên bãi,5.2,Shuttle,FC,Forecast
530735140104,SG BÌNH TÂN,BD BÌNH HÒA,BD BÌNH HÒA,SG BÌNH TÂN,2026-07-13 19:45:18,2026-07-13 16:14:29,2026-07-13 15:57:00,,Đang trên bãi,9.8,Shuttle,FC,Forecast
530032220104,SG NHƠN ĐỨC,SG HIỆP BÌNH,SG HIỆP BÌNH,SG NHƠN ĐỨC,2026-07-13 19:45:17,2026-07-13 17:48:39,2026-07-13 15:13:10,,Đang trên bãi,6.85,Shuttle,FC,Forecast
530371510104,SG NHƠN ĐỨC,SG THỦ ĐỨC,SG THỦ ĐỨC,SG NHƠN ĐỨC,2026-07-13 19:45:16,2026-07-13 18:01:21,2026-07-12 18:53:16,,Đang trên bãi,6.0,Shuttle,FC,Forecast
530606410104,SG BÌNH TÂN,BN HUB,TB THÁI BÌNH,SG BÌNH TÂN,2026-07-13 19:45:15,2026-07-13 10:58:06,2026-07-13 10:02:35,,Đang trên bãi,5.05,Linehaul,BN HUB,Forecast
530804320104,SG NHƠN ĐỨC,BN HUB,HN LONG BIÊN,SG NHƠN ĐỨC,2026-07-13 19:45:13,2026-07-13 18:01:01,2026-07-12 17:20:23,,Đang trên bãi,12.0,Linehaul,BN HUB,Forecast
530410330104,SG TÂN THỚI HIỆP,SG PHÚ LÂM,SG PHÚ LÂM,SG TÂN THỚI HIỆP,2026-07-13 19:45:13,2026-07-13 11:35:43,2026-07-13 09:33:04,,Đang trên bãi,7.6,Shuttle,FC,Forecast
530601210104,SG BÌNH TÂN,SG CỦ CHI,SG CỦ CHI,SG BÌNH TÂN,2026-07-13 19:45:12,2026-07-13 11:07:09,2026-07-13 10:47:54,,Đang trên bãi,5.05,Shuttle,FC,Forecast
530034610104,SG TÂN THỚI HIỆP,CT BÌNH THỦY,CT BÌNH THỦY,SG TÂN THỚI HIỆP,2026-07-13 19:45:11,2026-07-13 11:38:56,2026-07-13 09:30:47,,Đang trên bãi,6.6,Shuttle,FC,Forecast
530612730104,SG TÂN THỚI HIỆP,AG AN PHÚ,AG AN PHÚ,SG TÂN THỚI HIỆP,2026-07-13 19:45:10,2026-07-13 11:36:55,2026-07-13 09:31:45,,Đang trên bãi,5.6,Shuttle,FC,Forecast
530310410104,SG NHƠN ĐỨC,BD BÌNH HÒA,BD BÌNH HÒA,SG NHƠN ĐỨC,2026-07-13 19:45:09,2026-07-13 11:51:24,2026-07-13 10:18:29,,Đang trên bãi,16.44,Shuttle,FC,Forecast
530886900104,SG NHƠN ĐỨC,BN HUB,HN BA ĐÌNH,SG NHƠN ĐỨC,2026-07-13 19:45:07,2026-07-13 18:00:32,2026-07-11 18:35:33,,Đang trên bãi,6.0,Linehaul,BN HUB,Forecast
530892520104,SG TÂN THỚI HIỆP,VL VĨNH LONG,VL VĨNH LONG,SG TÂN THỚI HIỆP,2026-07-13 19:45:05,2026-07-13 11:38:52,2026-07-13 09:30:47,,Đang trên bãi,6.6,Shuttle,FC,Forecast
530251900104,SG NHƠN ĐỨC,SG TÂN SƠN NHÌ,SG TÂN SƠN NHÌ,SG NHƠN ĐỨC,2026-07-13 19:45:03,2026-07-13 18:00:06,2026-07-12 05:21:09,,Đang trên bãi,6.0,Shuttle,FC,Forecast
530904530104,SG TÂN THỚI HIỆP,SG BÌNH TÂN,SG BÌNH TÂN,SG TÂN THỚI HIỆP,2026-07-13 19:45:03,2026-07-13 11:35:59,2026-07-13 09:33:04,,Đang trên bãi,7.5,Shuttle,FC,Forecast
530220710104,SG NHƠN ĐỨC,BN HUB,HN THANH XUÂN,SG NHƠN ĐỨC,2026-07-13 19:45:00,2026-07-13 18:01:27,2026-07-12 10:16:18,,Đang trên bãi,6.0,Linehaul,BN HUB,Forecast
530199400104,SG TÂN THỚI HIỆP,SG HIỆP BÌNH,SG HIỆP BÌNH,SG TÂN THỚI HIỆP,2026-07-13 19:44:59,2026-07-13 11:38:53,2026-07-13 09:30:47,,Đang trên bãi,6.6,Shuttle,FC,Forecast
530305320104,SG NHƠN ĐỨC,SG CHỢ LỚN,SG CHỢ LỚN,SG NHƠN ĐỨC,2026-07-13 19:44:58,2026-07-13 18:00:01,2026-07-12 18:18:04,,Đang trên bãi,7.1,Shuttle,FC,Forecast
530821730104,SG TÂN THỚI HIỆP,SG HIỆP BÌNH,SG HIỆP BÌNH,SG TÂN THỚI HIỆP,2026-07-13 19:44:56,2026-07-13 11:35:44,2026-07-13 09:33:04,,Đang trên bãi,5.2,Shuttle,FC,Forecast
530751330104,SG NHƠN ĐỨC,SG AN LẠC,SG AN LẠC,SG NHƠN ĐỨC,2026-07-13 19:44:55,2026-07-13 17:59:53,2026-07-13 13:00:56,,Đang trên bãi,6.0,Shuttle,FC,Forecast
530629010104,SG TÂN THỚI HIỆP,DT SA ĐÉC,DT SA ĐÉC,SG TÂN THỚI HIỆP,2026-07-13 19:44:53,2026-07-13 11:38:54,2026-07-13 09:30:47,,Đang trên bãi,6.6,Shuttle,FC,Forecast
530099480103,SG NHƠN ĐỨC,BN HUB,HN LONG BIÊN,SG NHƠN ĐỨC,2026-07-13 19:44:52,2026-07-13 18:00:09,2026-07-12 12:53:39,,Đang trên bãi,10.0,Linehaul,BN HUB,Forecast
530399720104,SG TÂN THỚI HIỆP,BD BẾN CÁT,BD BẾN CÁT,SG TÂN THỚI HIỆP,2026-07-13 19:44:50,2026-07-13 11:39:01,2026-07-13 09:30:47,,Đang trên bãi,6.6,Shuttle,FC,Forecast
530391920104,SG TÂN THỚI HIỆP,ST PHÚ LỢI,ST PHÚ LỢI,SG TÂN THỚI HIỆP,2026-07-13 19:44:45,2026-07-13 11:38:57,2026-07-13 09:30:47,,Đang trên bãi,6.6,Shuttle,FC,Forecast
530206930104,SG NHƠN ĐỨC,DT SA ĐÉC,DT SA ĐÉC,SG NHƠN ĐỨC,2026-07-13 19:44:45,2026-07-13 11:51:00,2026-07-13 09:39:35,,Đang trên bãi,18.02,Shuttle,FC,Forecast
530266130104,SG TÂN THỚI HIỆP,SG TÂN HƯNG,SG TÂN HƯNG,SG TÂN THỚI HIỆP,2026-07-13 19:44:44,2026-07-13 11:36:42,2026-07-13 09:31:45,,Đang trên bãi,5.6,Shuttle,FC,Forecast
530153810104,SG TÂN THỚI HIỆP,SG TÂN HƯNG,SG TÂN HƯNG,SG TÂN THỚI HIỆP,2026-07-13 19:44:42,2026-07-13 16:04:38,2026-07-13 13:06:07,,Đang trên bãi,5.8,Shuttle,FC,Forecast
530399920104,SG TÂN THỚI HIỆP,SG TÂN HƯNG,SG TÂN HƯNG,SG TÂN THỚI HIỆP,2026-07-13 19:44:41,2026-07-13 11:36:47,2026-07-13 09:31:45,,Đang trên bãi,5.6,Shuttle,FC,Forecast
530221340104,SG NHƠN ĐỨC,SG ĐÔNG HƯNG THUẬN,SG ĐÔNG HƯNG THUẬN,SG NHƠN ĐỨC,2026-07-13 19:44:36,2026-07-13 17:48:55,2026-07-13 14:53:04,,Đang trên bãi,8.67,Shuttle,FC,Forecast
530712130104,SG TÂN THỚI HIỆP,SG TÂN NHỰT,SG TÂN NHỰT,SG TÂN THỚI HIỆP,2026-07-13 19:44:35,2026-07-13 11:35:54,2026-07-13 09:33:04,,Đang trên bãi,5.2,Shuttle,FC,Forecast
530100210104,SG TÂN THỚI HIỆP,BD DĨ AN,BD DĨ AN,SG TÂN THỚI HIỆP,2026-07-13 19:44:33,2026-07-13 11:36:04,2026-07-13 09:33:03,,Đang trên bãi,11.2,Shuttle,FC,Forecast
530533820104,SG NHƠN ĐỨC,SG HIỆP BÌNH,SG HIỆP BÌNH,SG NHƠN ĐỨC,2026-07-13 19:44:32,2026-07-13 17:49:04,2026-07-13 15:57:54,,Đang trên bãi,13.9,Shuttle,FC,Forecast
530896120104,SG TÂN THỚI HIỆP,SG VĨNH LỘC,SG VĨNH LỘC,SG TÂN THỚI HIỆP,2026-07-13 19:44:31,2026-07-13 11:37:07,2026-07-13 09:31:45,,Đang trên bãi,5.6,Shuttle,FC,Forecast
530022220104,SG TÂN THỚI HIỆP,SG CỦ CHI,SG CỦ CHI,SG TÂN THỚI HIỆP,2026-07-13 19:44:31,2026-07-13 15:15:41,2026-07-13 14:36:07,,Đang trên bãi,5.6,Shuttle,FC,Forecast
530058540104,SG NHƠN ĐỨC,SG TÂN THỚI HIỆP,SG TÂN THỚI HIỆP,SG NHƠN ĐỨC,2026-07-13 19:44:30,2026-07-13 17:48:37,2026-07-13 15:18:03,,Đang trên bãi,5.04,Shuttle,FC,Forecast
530721930104,SG TÂN THỚI HIỆP,TG GÒ CÔNG,TG GÒ CÔNG,SG TÂN THỚI HIỆP,2026-07-13 19:44:28,2026-07-13 11:36:39,2026-07-13 09:31:46,,Đang trên bãi,5.6,Shuttle,FC,Forecast
530526940104,SG NHƠN ĐỨC,SG HIỆP BÌNH,SG HIỆP BÌNH,SG NHƠN ĐỨC,2026-07-13 19:44:27,2026-07-13 17:49:14,2026-07-13 14:33:11,,Đang trên bãi,13.9,Shuttle,FC,Forecast
530377120104,SG TÂN THỚI HIỆP,SG XUÂN HÒA,SG XUÂN HÒA,SG TÂN THỚI HIỆP,2026-07-13 19:44:24,2026-07-13 11:35:53,2026-07-13 09:33:04,,Đang trên bãi,5.2,Shuttle,FC,Forecast
530787000104,SG TÂN THỚI HIỆP,SG PHÚ NHUẬN,SG PHÚ NHUẬN,SG TÂN THỚI HIỆP,2026-07-13 19:44:22,2026-07-13 11:36:07,2026-07-13 09:33:04,,Đang trên bãi,11.8,Shuttle,FC,Forecast
530126610104,SG NHƠN ĐỨC,SG HÓC MÔN,SG HÓC MÔN,SG NHƠN ĐỨC,2026-07-13 19:44:22,2026-07-13 11:51:01,2026-07-13 10:23:01,,Đang trên bãi,8.87,Shuttle,FC,Forecast
530787400104,SG TÂN THỚI HIỆP,SG CỦ CHI,SG CỦ CHI,SG TÂN THỚI HIỆP,2026-07-13 19:44:19,2026-07-13 11:36:00,2026-07-13 09:33:04,,Đang trên bãi,7.35,Shuttle,FC,Forecast
530787200104,SG TÂN THỚI HIỆP,SG GÒ VẤP,SG GÒ VẤP,SG TÂN THỚI HIỆP,2026-07-13 19:44:18,2026-07-13 11:35:57,2026-07-13 09:33:04,,Đang trên bãi,7.1,Shuttle,FC,Forecast
530039340104,SG NHƠN ĐỨC,SG TÂN HƯNG,SG TÂN HƯNG,SG NHƠN ĐỨC,2026-07-13 19:44:13,2026-07-13 17:48:46,2026-07-13 15:07:54,,Đang trên bãi,8.3,Shuttle,FC,Forecast
530981520104,SG TÂN THỚI HIỆP,SG BÌNH TRỊ ĐÔNG,SG BÌNH TRỊ ĐÔNG,SG TÂN THỚI HIỆP,2026-07-13 19:44:12,2026-07-13 11:36:56,2026-07-13 09:31:46,,Đang trên bãi,5.6,Shuttle,FC,Forecast
530921330104,SG TÂN THỚI HIỆP,SG BÀ ĐIỂM,SG BÀ ĐIỂM,SG TÂN THỚI HIỆP,2026-07-13 19:44:12,2026-07-13 11:36:16,2026-07-13 09:33:04,,Đang trên bãi,10.0,Shuttle,FC,Forecast
530203130104,SG TÂN THỚI HIỆP,CT BÌNH THỦY,CT BÌNH THỦY,SG TÂN THỚI HIỆP,2026-07-13 19:44:09,2026-07-13 11:36:15,2026-07-13 09:33:04,,Đang trên bãi,12.2,Shuttle,FC,Forecast
530742540104,SG NHƠN ĐỨC,SG BÌNH TRỊ ĐÔNG,SG BÌNH TRỊ ĐÔNG,SG NHƠN ĐỨC,2026-07-13 19:44:09,2026-07-13 17:48:48,2026-07-13 14:53:07,,Đang trên bãi,8.5,Shuttle,FC,Forecast
530203530104,SG TÂN THỚI HIỆP,TG AN HỮU,TG AN HỮU,SG TÂN THỚI HIỆP,2026-07-13 19:44:06,2026-07-13 11:36:01,2026-07-13 09:33:04,,Đang trên bãi,8.2,Shuttle,FC,Forecast
530910620104,SG NHƠN ĐỨC,SG PHÚ NHUẬN,SG PHÚ NHUẬN,SG NHƠN ĐỨC,2026-07-13 19:44:04,2026-07-13 17:48:27,2026-07-13 15:33:02,,Đang trên bãi,19.55,Shuttle,FC,Forecast
530792800104,SG TÂN THỚI HIỆP,SG GÒ VẤP,SG GÒ VẤP,SG TÂN THỚI HIỆP,2026-07-13 19:44:03,2026-07-13 11:37:00,2026-07-13 09:31:45,,Đang trên bãi,5.6,Shuttle,FC,Forecast
530778500104,SG NHƠN ĐỨC,BN HUB,HN HOÀN KIẾM,SG NHƠN ĐỨC,2026-07-13 19:44:00,2026-07-13 17:59:44,2026-07-11 20:48:18,,Đang trên bãi,12.6,Linehaul,BN HUB,Forecast
530234410104,SG TÂN THỚI HIỆP,SG CHỢ LỚN,SG CHỢ LỚN,SG TÂN THỚI HIỆP,2026-07-13 19:44:00,2026-07-13 11:36:18,2026-07-13 09:33:04,,Đang trên bãi,15.6,Shuttle,FC,Forecast
530686690103,SG NHƠN ĐỨC,DT TN,DT TN,SG NHƠN ĐỨC,2026-07-13 19:43:59,2026-07-13 17:58:55,2026-07-12 21:49:33,,Đang trên bãi,11.0,Shuttle,FC,Forecast
530932530104,SG NHƠN ĐỨC,SG BÌNH TÂN,SG BÌNH TÂN,SG NHƠN ĐỨC,2026-07-13 19:43:57,2026-07-13 17:47:12,2026-07-13 11:13:06,,Đang trên bãi,7.83,Shuttle,FC,Forecast
530821930104,SG TÂN THỚI HIỆP,CT NINH KIỀU,CT NINH KIỀU,SG TÂN THỚI HIỆP,2026-07-13 19:43:56,2026-07-13 11:36:14,2026-07-13 09:33:04,,Đang trên bãi,13.2,Shuttle,FC,Forecast
530921130104,SG TÂN THỚI HIỆP,SG CHỢ LỚN,SG CHỢ LỚN,SG TÂN THỚI HIỆP,2026-07-13 19:43:54,2026-07-13 11:36:02,2026-07-13 09:33:04,,Đang trên bãi,11.2,Shuttle,FC,Forecast
530858730104,SG TÂN THỚI HIỆP,SG CỦ CHI,SG CỦ CHI,SG TÂN THỚI HIỆP,2026-07-13 19:43:49,2026-07-13 16:05:18,2026-07-13 13:06:20,,Đang trên bãi,5.8,Shuttle,FC,Forecast
530744690103,SG NHƠN ĐỨC,SG AN LẠC,SG AN LẠC,SG NHƠN ĐỨC,2026-07-13 19:43:47,2026-07-13 18:01:10,2026-07-12 22:09:44,,Đang trên bãi,15.5,Shuttle,FC,Forecast
530491520104,SG TÂN THỚI HIỆP,SG BÌNH TÂN,SG BÌNH TÂN,SG TÂN THỚI HIỆP,2026-07-13 19:43:47,2026-07-13 11:36:11,2026-07-13 09:33:05,,Đang trên bãi,7.9,Shuttle,FC,Forecast
530482930104,SG TÂN THỚI HIỆP,SG VĨNH LỘC,SG VĨNH LỘC,SG TÂN THỚI HIỆP,2026-07-13 19:43:45,2026-07-13 16:04:20,2026-07-13 13:06:20,,Đang trên bãi,7.5,Shuttle,FC,Forecast
530547940104,SG NHƠN ĐỨC,SG HIỆP BÌNH,SG HIỆP BÌNH,SG NHƠN ĐỨC,2026-07-13 19:43:44,2026-07-13 17:48:24,2026-07-13 15:53:28,,Đang trên bãi,13.9,Shuttle,FC,Forecast
530334620104,SG TÂN THỚI HIỆP,SG THỦ ĐỨC,SG THỦ ĐỨC,SG TÂN THỚI HIỆP,2026-07-13 19:43:41,2026-07-13 16:15:42,2026-07-13 15:42:29,,Đang trên bãi,5.8,Shuttle,FC,Forecast
530975920104,SG TÂN THỚI HIỆP,VT LONG ĐẤT,VT LONG ĐẤT,SG TÂN THỚI HIỆP,2026-07-13 19:43:40,2026-07-13 11:36:09,2026-07-13 09:33:04,,Đang trên bãi,13.2,Shuttle,FC,Forecast
530015210104,SG NHƠN ĐỨC,BD BÌNH HÒA,BD BÌNH HÒA,SG NHƠN ĐỨC,2026-07-13 19:43:40,2026-07-13 11:51:08,2026-07-13 10:18:11,,Đang trên bãi,16.44,Shuttle,FC,Forecast
530829140104,SG NHƠN ĐỨC,SG VĨNH LỘC,SG VĨNH LỘC,SG NHƠN ĐỨC,2026-07-13 19:43:39,2026-07-13 17:48:50,2026-07-13 15:53:34,,Đang trên bãi,8.37,Shuttle,FC,Forecast
530537740104,SG TÂN THỚI HIỆP,AG TÂN CHÂU,AG TÂN CHÂU,SG TÂN THỚI HIỆP,2026-07-13 19:43:38,2026-07-13 16:06:19,2026-07-13 13:06:51,,Đang trên bãi,9.0,Shuttle,FC,Forecast
530206340104,SG TÂN THỚI HIỆP,LA TÂN AN,LA TÂN AN,SG TÂN THỚI HIỆP,2026-07-13 19:43:37,2026-07-13 16:06:03,2026-07-13 13:06:20,,Đang trên bãi,13.9,Shuttle,FC,Forecast
530234210104,SG TÂN THỚI HIỆP,VT XUYÊN MỘC,VT XUYÊN MỘC,SG TÂN THỚI HIỆP,2026-07-13 19:43:36,2026-07-13 11:36:10,2026-07-13 09:33:04,,Đang trên bãi,11.2,Shuttle,FC,Forecast
530659310104,SG NHƠN ĐỨC,SG TÂN SƠN NHÌ,SG TÂN SƠN NHÌ,SG NHƠN ĐỨC,2026-07-13 19:43:35,2026-07-13 18:02:43,2026-07-12 17:24:56,,Đang trên bãi,6.0,Shuttle,FC,Forecast
530896520104,SG TÂN THỚI HIỆP,SG TÂN HƯNG,SG TÂN HƯNG,SG TÂN THỚI HIỆP,2026-07-13 19:43:33,2026-07-13 11:36:06,2026-07-13 09:33:05,,Đang trên bãi,10.0,Shuttle,FC,Forecast
530082090103,SG NHƠN ĐỨC,SG BÌNH LỢI TRUNG,SG BÌNH LỢI TRUNG,SG NHƠN ĐỨC,2026-07-13 19:43:32,2026-07-13 18:02:34,2026-07-13 02:31:36,,Đang trên bãi,6.0,Shuttle,FC,Forecast
530289610104,SG TÂN THỚI HIỆP,SG CHỢ LỚN,SG CHỢ LỚN,SG TÂN THỚI HIỆP,2026-07-13 19:43:32,2026-07-13 16:04:35,2026-07-13 13:06:20,,Đang trên bãi,5.8,Shuttle,FC,Forecast
530555330104,SG TÂN THỚI HIỆP,BD BẾN CÁT,BD BẾN CÁT,SG TÂN THỚI HIỆP,2026-07-13 19:43:31,2026-07-13 16:04:47,2026-07-13 13:06:20,,Đang trên bãi,6.7,Shuttle,FC,Forecast
530612930104,SG TÂN THỚI HIỆP,SG PHÚ LÂM,SG PHÚ LÂM,SG TÂN THỚI HIỆP,2026-07-13 19:43:30,2026-07-13 11:36:13,2026-07-13 09:33:04,,Đang trên bãi,13.2,Shuttle,FC,Forecast
530542000104,SG NHƠN ĐỨC,SG BẢY HIỀN,SG BẢY HIỀN,SG NHƠN ĐỨC,2026-07-13 19:43:27,2026-07-13 18:01:14,2026-07-13 07:33:46,,Đang trên bãi,6.0,Shuttle,FC,Forecast
530892120104,SG NHƠN ĐỨC,BN HUB,BN TỪ SƠN,SG NHƠN ĐỨC,2026-07-13 19:43:26,2026-07-13 18:01:43,2026-07-13 09:26:39,,Đang trên bãi,6.0,Linehaul,BN HUB,Forecast
530537540104,SG TÂN THỚI HIỆP,ST VĨNH CHÂU,ST VĨNH CHÂU,SG TÂN THỚI HIỆP,2026-07-13 19:43:26,2026-07-13 16:06:09,2026-07-13 13:06:20,,Đang trên bãi,16.5,Shuttle,FC,Forecast
530649530104,SG TÂN THỚI HIỆP,AG LONG XUYÊN,AG LONG XUYÊN,SG TÂN THỚI HIỆP,2026-07-13 19:43:22,2026-07-13 16:06:14,2026-07-13 13:06:51,,Đang trên bãi,9.0,Shuttle,FC,Forecast
530616920104,SG NHƠN ĐỨC,SG AN PHÚ ĐÔNG,SG AN PHÚ ĐÔNG,SG NHƠN ĐỨC,2026-07-13 19:43:20,2026-07-13 18:00:22,2026-07-12 21:34:27,,Đang trên bãi,7.0,Shuttle,FC,Forecast
530576200104,SG TÂN THỚI HIỆP,BD DĨ AN,BD DĨ AN,SG TÂN THỚI HIỆP,2026-07-13 19:43:20,2026-07-13 11:52:10,2026-07-13 08:55:05,,Đang trên bãi,15.1,Shuttle,FC,Forecast
530566700104,SG NHƠN ĐỨC,BD BÌNH HÒA,BD BÌNH HÒA,SG NHƠN ĐỨC,2026-07-13 19:43:19,2026-07-13 18:00:24,2026-07-11 22:14:49,,Đang trên bãi,6.0,Shuttle,FC,Forecast
530847010104,SG TÂN THỚI HIỆP,BD BẾN CÁT,BD BẾN CÁT,SG TÂN THỚI HIỆP,2026-07-13 19:43:19,2026-07-13 16:06:13,2026-07-13 13:06:51,,Đang trên bãi,9.0,Shuttle,FC,Forecast
530037890103,SG NHƠN ĐỨC,SG AN LẠC,SG AN LẠC,SG NHƠN ĐỨC,2026-07-13 19:43:13,2026-07-13 18:01:33,2026-07-12 18:53:16,,Đang trên bãi,8.0,Shuttle,FC,Forecast
530279600104,SG TÂN THỚI HIỆP,BN HUB,HY PHỐ HIẾN,SG TÂN THỚI HIỆP,2026-07-13 19:43:13,2026-07-13 11:52:15,2026-07-13 08:55:05,,Đang trên bãi,15.1,Linehaul,BN HUB,Forecast
530151010104,SG TÂN THỚI HIỆP,DT SA ĐÉC,DT SA ĐÉC,SG TÂN THỚI HIỆP,2026-07-13 19:43:12,2026-07-13 16:05:12,2026-07-13 13:06:20,,Đang trên bãi,5.8,Shuttle,FC,Forecast
530221490103,SG NHƠN ĐỨC,SG THỦ ĐỨC,SG THỦ ĐỨC,SG NHƠN ĐỨC,2026-07-13 19:43:11,2026-07-13 18:01:40,2026-07-12 17:22:35,,Đang trên bãi,6.0,Shuttle,FC,Forecast
530964510104,SG NHƠN ĐỨC,BN HUB,HN NAM TỪ LIÊM,SG NHƠN ĐỨC,2026-07-13 19:43:08,2026-07-13 18:01:25,2026-07-12 17:23:53,,Đang trên bãi,6.0,Linehaul,BN HUB,Forecast
530649130104,SG TÂN THỚI HIỆP,LA BẾN LỨC,LA BẾN LỨC,SG TÂN THỚI HIỆP,2026-07-13 19:43:08,2026-07-13 16:05:06,2026-07-13 13:06:20,,Đang trên bãi,5.8,Shuttle,FC,Forecast
530349090103,SG NHƠN ĐỨC,SG PHÚ NHUẬN,SG PHÚ NHUẬN,SG NHƠN ĐỨC,2026-07-13 19:43:05,2026-07-13 18:01:14,2026-07-13 02:51:46,,Đang trên bãi,6.0,Shuttle,FC,Forecast
530676000104,SG TÂN THỚI HIỆP,SG THỦ ĐỨC,SG THỦ ĐỨC,SG TÂN THỚI HIỆP,2026-07-13 19:43:05,2026-07-13 11:52:07,2026-07-13 08:56:47,,Đang trên bãi,15.1,Shuttle,FC,Forecast
530482730104,SG TÂN THỚI HIỆP,VT LONG ĐẤT,VT LONG ĐẤT,SG TÂN THỚI HIỆP,2026-07-13 19:43:03,2026-07-13 16:05:29,2026-07-13 13:06:07,,Đang trên bãi,5.8,Shuttle,FC,Forecast
530713730104,SG NHƠN ĐỨC,BD BÌNH HÒA,BD BÌNH HÒA,SG NHƠN ĐỨC,2026-07-13 19:43:01,2026-07-13 11:51:29,2026-07-13 10:18:51,,Đang trên bãi,16.44,Shuttle,FC,Forecast
530572720104,SG TÂN THỚI HIỆP,SG TÂN NHỰT,SG TÂN NHỰT,SG TÂN THỚI HIỆP,2026-07-13 19:42:58,2026-07-13 11:52:13,2026-07-13 08:55:05,,Đang trên bãi,15.1,Shuttle,FC,Forecast
530871920104,SG TÂN THỚI HIỆP,VT VŨNG TÀU,VT VŨNG TÀU,SG TÂN THỚI HIỆP,2026-07-13 19:42:58,2026-07-13 11:52:12,2026-07-13 08:55:05,,Đang trên bãi,15.1,Shuttle,FC,Forecast
530522010104,SG NHƠN ĐỨC,BD BÌNH HÒA,BD BÌNH HÒA,SG NHƠN ĐỨC,2026-07-13 19:42:58,2026-07-13 11:50:57,2026-07-13 10:18:09,,Đang trên bãi,16.44,Shuttle,FC,Forecast
530522610104,SG NHƠN ĐỨC,BD BÌNH HÒA,BD BÌNH HÒA,SG NHƠN ĐỨC,2026-07-13 19:42:55,2026-07-13 11:50:56,2026-07-13 10:18:17,,Đang trên bãi,16.44,Shuttle,FC,Forecast
530009730104,SG TÂN THỚI HIỆP,DT CAO LÃNH,DT CAO LÃNH,SG TÂN THỚI HIỆP,2026-07-13 19:42:53,2026-07-13 11:52:06,2026-07-13 08:56:47,,Đang trên bãi,15.1,Shuttle,FC,Forecast
530281400104,SG TÂN THỚI HIỆP,BN HUB,HN HÁT MÔN,SG TÂN THỚI HIỆP,2026-07-13 19:42:51,2026-07-13 11:52:11,2026-07-13 08:55:05,,Đang trên bãi,15.1,Linehaul,BN HUB,Forecast
530731210104,SG NHƠN ĐỨC,AG TÂN CHÂU,AG TÂN CHÂU,SG NHƠN ĐỨC,2026-07-13 19:42:50,2026-07-13 17:47:01,2026-07-13 12:12:52,,Đang trên bãi,8.87,Shuttle,FC,Forecast
530457890103,SG NHƠN ĐỨC,SG AN LẠC,SG AN LẠC,SG NHƠN ĐỨC,2026-07-13 19:42:49,2026-07-13 18:02:18,2026-07-12 16:16:41,,Đang trên bãi,8.5,Shuttle,FC,Forecast
530975610104,SG TÂN THỚI HIỆP,BD DĨ AN,BD DĨ AN,SG TÂN THỚI HIỆP,2026-07-13 19:42:48,2026-07-13 16:05:24,2026-07-13 13:06:07,,Đang trên bãi,5.8,Shuttle,FC,Forecast
530858530104,SG TÂN THỚI HIỆP,SG THỦ ĐỨC,SG THỦ ĐỨC,SG TÂN THỚI HIỆP,2026-07-13 19:42:45,2026-07-13 16:04:11,2026-07-13 13:06:20,,Đang trên bãi,8.0,Shuttle,FC,Forecast
530384140104,SG TÂN THỚI HIỆP,DT SA ĐÉC,DT SA ĐÉC,SG TÂN THỚI HIỆP,2026-07-13 19:42:44,2026-07-13 16:34:28,2026-07-13 16:31:02,,Đang trên bãi,15.1,Shuttle,FC,Forecast
530585720104,SG NHƠN ĐỨC,ST VĨNH CHÂU,ST VĨNH CHÂU,SG NHƠN ĐỨC,2026-07-13 19:42:43,2026-07-13 18:01:36,2026-07-13 09:26:14,,Đang trên bãi,6.0,Shuttle,FC,Forecast
530508420104,SG NHƠN ĐỨC,SG BÌNH TÂN,SG BÌNH TÂN,SG NHƠN ĐỨC,2026-07-13 19:42:43,2026-07-13 18:00:15,2026-07-13 15:01:27,,Đang trên bãi,6.0,Shuttle,FC,Forecast
530319900104,SG TÂN THỚI HIỆP,BN HUB,HN NGỌC HỒI,SG TÂN THỚI HIỆP,2026-07-13 19:42:41,2026-07-13 16:15:44,2026-07-11 17:03:27,,Đang trên bãi,13.9,Linehaul,BN HUB,Forecast
530958010104,SG TÂN THỚI HIỆP,SG CỦ CHI,SG CỦ CHI,SG TÂN THỚI HIỆP,2026-07-13 19:42:38,2026-07-13 16:07:57,2026-07-13 13:06:20,,Đang trên bãi,5.1,Shuttle,FC,Forecast
530126880103,SG NHƠN ĐỨC,SG TÂN HƯNG,SG TÂN HƯNG,SG NHƠN ĐỨC,2026-07-13 19:42:37,2026-07-13 18:01:30,2026-07-11 22:35:06,,Đang trên bãi,6.0,Shuttle,FC,Forecast
530163600104,SG TÂN THỚI HIỆP,SG BÀ ĐIỂM,SG BÀ ĐIỂM,SG TÂN THỚI HIỆP,2026-07-13 19:42:36,2026-07-13 11:52:08,2026-07-13 08:56:47,,Đang trên bãi,15.1,Shuttle,FC,Forecast
530165130104,SG TÂN THỚI HIỆP,ST VĨNH CHÂU,ST VĨNH CHÂU,SG TÂN THỚI HIỆP,2026-07-13 19:42:35,2026-07-13 16:04:40,2026-07-13 13:06:20,,Đang trên bãi,6.7,Shuttle,FC,Forecast
530065930104,SG TÂN THỚI HIỆP,BN HUB,HN LONG BIÊN,SG TÂN THỚI HIỆP,2026-07-13 19:42:32,2026-07-13 16:08:01,2026-07-13 13:06:20,,Đang trên bãi,9.6,Linehaul,BN HUB,Forecast
530151210104,SG TÂN THỚI HIỆP,LA ĐỨC HÒA,LA ĐỨC HÒA,SG TÂN THỚI HIỆP,2026-07-13 19:42:29,2026-07-13 16:06:17,2026-07-13 13:06:51,,Đang trên bãi,9.0,Shuttle,FC,Forecast
530479930104,SG TÂN THỚI HIỆP,BD BÌNH HÒA,BD BÌNH HÒA,SG TÂN THỚI HIỆP,2026-07-13 19:42:29,2026-07-13 16:33:08,2026-07-13 13:54:36,,Đang trên bãi,15.1,Shuttle,FC,Forecast
530555130104,SG TÂN THỚI HIỆP,TG GÒ CÔNG,TG GÒ CÔNG,SG TÂN THỚI HIỆP,2026-07-13 19:42:26,2026-07-13 16:05:11,2026-07-13 13:06:20,,Đang trên bãi,5.8,Shuttle,FC,Forecast
530472530104,SG TÂN THỚI HIỆP,AG TÂN CHÂU,AG TÂN CHÂU,SG TÂN THỚI HIỆP,2026-07-13 19:42:24,2026-07-13 16:05:01,2026-07-13 13:06:21,,Đang trên bãi,5.8,Shuttle,FC,Forecast
530747810104,SG TÂN THỚI HIỆP,SG THỦ ĐỨC,SG THỦ ĐỨC,SG TÂN THỚI HIỆP,2026-07-13 19:42:21,2026-07-13 16:04:50,2026-07-13 13:06:07,,Đang trên bãi,5.8,Shuttle,FC,Forecast
530175400104,SG TÂN THỚI HIỆP,SG TÂN HƯNG,SG TÂN HƯNG,SG TÂN THỚI HIỆP,2026-07-13 19:42:20,2026-07-13 11:52:17,2026-07-13 08:55:05,,Đang trên bãi,15.1,Shuttle,FC,Forecast
530537340104,SG TÂN THỚI HIỆP,TG AN HỮU,TG AN HỮU,SG TÂN THỚI HIỆP,2026-07-13 19:42:18,2026-07-13 16:05:14,2026-07-13 13:06:20,,Đang trên bãi,5.8,Shuttle,FC,Forecast
530766410104,SG TÂN THỚI HIỆP,SG ĐÔNG HƯNG THUẬN,SG ĐÔNG HƯNG THUẬN,SG TÂN THỚI HIỆP,2026-07-13 19:42:16,2026-07-13 16:04:55,2026-07-13 13:06:20,,Đang trên bãi,5.8,Shuttle,FC,Forecast
530537940104,SG TÂN THỚI HIỆP,LA TÂN AN,LA TÂN AN,SG TÂN THỚI HIỆP,2026-07-13 19:42:13,2026-07-13 16:18:47,2026-07-13 13:06:51,,Đang trên bãi,9.0,Shuttle,FC,Forecast
530163800104,SG TÂN THỚI HIỆP,SG BÀ ĐIỂM,SG BÀ ĐIỂM,SG TÂN THỚI HIỆP,2026-07-13 19:42:12,2026-07-13 11:52:09,2026-07-13 08:56:47,,Đang trên bãi,17.6,Shuttle,FC,Forecast
530747610104,SG TÂN THỚI HIỆP,BN HUB,HN THUẬN AN,SG TÂN THỚI HIỆP,2026-07-13 19:42:10,2026-07-13 16:04:49,2026-07-13 13:06:07,,Đang trên bãi,5.8,Linehaul,BN HUB,Forecast
530664610104,SG TÂN THỚI HIỆP,VL VĨNH LONG,VL VĨNH LONG,SG TÂN THỚI HIỆP,2026-07-13 19:42:08,2026-07-13 16:08:29,2026-07-13 13:06:20,,Đang trên bãi,8.6,Shuttle,FC,Forecast
530858810104,SG TÂN THỚI HIỆP,BN HUB,HN NAM TỪ LIÊM,SG TÂN THỚI HIỆP,2026-07-13 19:42:06,2026-07-13 16:05:32,2026-07-13 13:06:20,,Đang trên bãi,5.8,Linehaul,BN HUB,Forecast
530088320104,SG TÂN THỚI HIỆP,SG BÌNH TRỊ ĐÔNG,SG BÌNH TRỊ ĐÔNG,SG TÂN THỚI HIỆP,2026-07-13 19:42:04,2026-07-13 11:52:15,2026-07-13 08:55:05,,Đang trên bãi,17.6,Shuttle,FC,Forecast
530472730104,SG TÂN THỚI HIỆP,SG AN PHÚ ĐÔNG,SG AN PHÚ ĐÔNG,SG TÂN THỚI HIỆP,2026-07-13 19:42:04,2026-07-13 16:04:33,2026-07-13 13:06:20,,Đang trên bãi,5.8,Shuttle,FC,Forecast
530206540104,SG TÂN THỚI HIỆP,CT Ô MÔN,CT Ô MÔN,SG TÂN THỚI HIỆP,2026-07-13 19:42:01,2026-07-13 16:05:22,2026-07-13 13:06:20,,Đang trên bãi,5.8,Shuttle,FC,Forecast
530963810104,SG TÂN THỚI HIỆP,BN HUB,HN HẠ BẰNG,SG TÂN THỚI HIỆP,2026-07-13 19:41:57,2026-07-13 16:33:16,2026-07-13 13:54:35,,Đang trên bãi,15.1,Linehaul,BN HUB,Forecast
530664810104,SG TÂN THỚI HIỆP,LA BẾN LỨC,LA BẾN LỨC,SG TÂN THỚI HIỆP,2026-07-13 19:41:55,2026-07-13 16:06:02,2026-07-13 13:06:20,,Đang trên bãi,8.17,Shuttle,FC,Forecast
530015130104,SG NHƠN ĐỨC,BD BÌNH HÒA,BD BÌNH HÒA,SG NHƠN ĐỨC,2026-07-13 19:41:52,2026-07-13 11:51:22,2026-07-13 10:19:00,,Đang trên bãi,16.44,Shuttle,FC,Forecast
530201020104,SG TÂN THỚI HIỆP,BN HUB,ND NAM ĐỊNH,SG TÂN THỚI HIỆP,2026-07-13 19:41:46,2026-07-13 16:33:12,2026-07-13 13:54:35,,Đang trên bãi,15.1,Linehaul,BN HUB,Forecast
530657540104,SG NHƠN ĐỨC,DT TN,DT TN,SG NHƠN ĐỨC,2026-07-13 19:41:46,2026-07-13 17:48:53,2026-07-13 14:38:07,,Đang trên bãi,8.5,Shuttle,FC,Forecast
530374720104,SG TÂN THỚI HIỆP,BN HUB,HP HẢI AN,SG TÂN THỚI HIỆP,2026-07-13 19:41:43,2026-07-13 11:52:14,2026-07-13 08:55:05,,Đang trên bãi,15.1,Linehaul,BN HUB,Forecast
530191330104,SG TÂN THỚI HIỆP,TG TRUNG AN,TG TRUNG AN,SG TÂN THỚI HIỆP,2026-07-13 19:41:38,2026-07-13 16:33:26,2026-07-13 13:54:36,,Đang trên bãi,15.1,Shuttle,FC,Forecast
530304340104,SG TÂN THỚI HIỆP,BN HUB,HN MÊ LINH,SG TÂN THỚI HIỆP,2026-07-13 19:41:34,2026-07-13 16:32:11,2026-07-13 13:54:36,,Đang trên bãi,18.1,Linehaul,BN HUB,Forecast
530855210104,SG TÂN THỚI HIỆP,SG AN LẠC,SG AN LẠC,SG TÂN THỚI HIỆP,2026-07-13 19:41:28,2026-07-13 16:32:56,2026-07-13 13:54:36,,Đang trên bãi,18.1,Shuttle,FC,Forecast
530201220104,SG TÂN THỚI HIỆP,SG BÌNH LỢI TRUNG,SG BÌNH LỢI TRUNG,SG TÂN THỚI HIỆP,2026-07-13 19:41:20,2026-07-13 16:32:36,2026-07-13 13:54:36,,Đang trên bãi,15.1,Shuttle,FC,Forecast
530990540104,SG TÂN THỚI HIỆP,BN HUB,BN TỪ SƠN,SG TÂN THỚI HIỆP,2026-07-13 19:41:05,2026-07-13 16:40:41,2026-07-13 16:13:38,,Đang trên bãi,116.67,Linehaul,BN HUB,Forecast
530625530104,SG CỦ CHI,SG AN LẠC,SG AN LẠC,SG CỦ CHI,2026-07-13 19:40:09,2026-07-13 14:35:20,2026-07-13 11:58:10,,Đang trên bãi,5.58,Shuttle,FC,Forecast
530627410104,SG CỦ CHI,BD DĨ AN,BD DĨ AN,SG CỦ CHI,2026-07-13 19:40:08,2026-07-13 14:35:12,2026-07-13 11:15:35,,Đang trên bãi,5.58,Shuttle,FC,Forecast
530235530104,SG CỦ CHI,SG TÂN NHỰT,SG TÂN NHỰT,SG CỦ CHI,2026-07-13 19:40:06,2026-07-13 14:35:24,2026-07-13 11:46:06,,Đang trên bãi,5.58,Shuttle,FC,Forecast
530627010104,SG CỦ CHI,DT CAO LÃNH,DT CAO LÃNH,SG CỦ CHI,2026-07-13 19:40:05,2026-07-13 14:35:23,2026-07-13 11:15:35,,Đang trên bãi,5.58,Shuttle,FC,Forecast
530048330104,SG CỦ CHI,SG TÂN THỚI HIỆP,SG TÂN THỚI HIỆP,SG CỦ CHI,2026-07-13 19:40:05,2026-07-13 14:35:13,2026-07-13 11:45:57,,Đang trên bãi,5.58,Shuttle,FC,Forecast
530331810104,SG CỦ CHI,AG TÂN CHÂU,AG TÂN CHÂU,SG CỦ CHI,2026-07-13 19:40:02,2026-07-13 14:35:14,2026-07-13 11:57:48,,Đang trên bãi,5.58,Shuttle,FC,Forecast
530757930104,SG CỦ CHI,TG TRUNG AN,TG TRUNG AN,SG CỦ CHI,2026-07-13 19:40:02,2026-07-13 14:28:07,2026-07-13 13:07:07,,Đang trên bãi,5.58,Shuttle,FC,Forecast
530148410104,SG CỦ CHI,CT NINH KIỀU,CT NINH KIỀU,SG CỦ CHI,2026-07-13 19:40:01,2026-07-13 14:25:48,2026-07-13 11:58:51,,Đang trên bãi,5.58,Shuttle,FC,Forecast
530435730104,SG CỦ CHI,BD DĨ AN,BD DĨ AN,SG CỦ CHI,2026-07-13 19:39:59,2026-07-13 14:35:18,2026-07-13 11:58:10,,Đang trên bãi,5.58,Shuttle,FC,Forecast
530056730104,SG CỦ CHI,SG PHÚ NHUẬN,SG PHÚ NHUẬN,SG CỦ CHI,2026-07-13 19:39:57,2026-07-13 14:35:17,2026-07-13 11:45:57,,Đang trên bãi,5.58,Shuttle,FC,Forecast
530288010104,SG CỦ CHI,SG BÌNH LỢI,SG BÌNH LỢI,SG CỦ CHI,2026-07-13 19:39:54,2026-07-13 14:35:19,2026-07-13 11:58:10,,Đang trên bãi,5.58,Shuttle,FC,Forecast
530332810104,SG CỦ CHI,SG CỦ CHI,SG CỦ CHI,SG CỦ CHI,2026-07-13 19:39:51,2026-07-13 14:35:11,2026-07-13 11:15:35,,Đang trên bãi,5.58,Shuttle,FC,Forecast
530431210104,SG CỦ CHI,SG CHỢ LỚN,SG CHỢ LỚN,SG CỦ CHI,2026-07-13 19:39:46,2026-07-13 14:35:28,2026-07-13 11:58:10,,Đang trên bãi,5.58,Shuttle,FC,Forecast
530356330104,SG CỦ CHI,SG THỦ ĐỨC,SG THỦ ĐỨC,SG CỦ CHI,2026-07-13 19:39:45,2026-07-13 14:35:25,2026-07-13 11:58:10,,Đang trên bãi,5.58,Shuttle,FC,Forecast
530435330104,SG CỦ CHI,AG AN PHÚ,AG AN PHÚ,SG CỦ CHI,2026-07-13 19:39:42,2026-07-13 14:35:15,2026-07-13 11:57:47,,Đang trên bãi,5.58,Shuttle,FC,Forecast
530248410104,SG CỦ CHI,AG TỊNH BIÊN,AG TỊNH BIÊN,SG CỦ CHI,2026-07-13 19:39:40,2026-07-13 14:34:30,2026-07-13 12:00:35,,Đang trên bãi,7.42,Shuttle,FC,Forecast
530940930104,SG CỦ CHI,BD BÌNH HÒA,BD BÌNH HÒA,SG CỦ CHI,2026-07-13 19:39:36,2026-07-13 14:35:18,2026-07-13 11:58:10,,Đang trên bãi,5.58,Shuttle,FC,Forecast
530742610104,SG CỦ CHI,VT CHÂU ĐỨC,VT CHÂU ĐỨC,SG CỦ CHI,2026-07-13 19:39:31,2026-07-13 14:35:22,2026-07-13 11:16:10,,Đang trên bãi,5.58,Shuttle,FC,Forecast
530835210104,SG CỦ CHI,CT NINH KIỀU,CT NINH KIỀU,SG CỦ CHI,2026-07-13 19:39:26,2026-07-13 14:32:56,2026-07-13 10:05:59,,Đang trên bãi,12.82,Shuttle,FC,Forecast
530626930104,SG CỦ CHI,SG BÌNH LỢI TRUNG,SG BÌNH LỢI TRUNG,SG CỦ CHI,2026-07-13 19:39:26,2026-07-13 14:38:25,2026-07-13 10:52:20,,Đang trên bãi,6.8,Shuttle,FC,Forecast
530063330104,SG CỦ CHI,BD DĨ AN,BD DĨ AN,SG CỦ CHI,2026-07-13 19:39:23,2026-07-13 14:32:43,2026-07-13 10:51:13,,Đang trên bãi,14.26,Shuttle,FC,Forecast
530033010104,SG CỦ CHI,SG BÀ ĐIỂM,SG BÀ ĐIỂM,SG CỦ CHI,2026-07-13 19:39:17,2026-07-13 14:27:12,2026-07-13 12:00:02,,Đang trên bãi,5.58,Shuttle,FC,Forecast
530625730104,SG CỦ CHI,BD BÌNH HÒA,BD BÌNH HÒA,SG CỦ CHI,2026-07-13 19:39:16,2026-07-13 14:35:29,2026-07-13 11:58:10,,Đang trên bãi,5.58,Shuttle,FC,Forecast
530097410104,SG CỦ CHI,SG PHÚ LÂM,SG PHÚ LÂM,SG CỦ CHI,2026-07-13 19:39:11,2026-07-13 14:27:10,2026-07-13 13:03:54,,Đang trên bãi,5.58,Shuttle,FC,Forecast
530168530104,SG CỦ CHI,BN HUB,HN HOÀNG MAI,SG CỦ CHI,2026-07-13 19:39:09,2026-07-13 14:38:57,2026-07-13 10:50:40,,Đang trên bãi,9.0,Linehaul,BN HUB,Forecast
530544930104,SG CỦ CHI,SG THỦ ĐỨC,SG THỦ ĐỨC,SG CỦ CHI,2026-07-13 19:39:07,2026-07-13 14:35:21,2026-07-13 11:46:07,,Đang trên bãi,5.58,Shuttle,FC,Forecast
530437540104,SG CỦ CHI,VT CHÂU ĐỨC,VT CHÂU ĐỨC,SG CỦ CHI,2026-07-13 19:39:05,2026-07-13 14:27:09,2026-07-13 13:04:36,,Đang trên bãi,5.58,Shuttle,FC,Forecast
530649210104,SG CỦ CHI,CT LONG MỸ,CT LONG MỸ,SG CỦ CHI,2026-07-13 19:39:03,2026-07-13 14:27:07,2026-07-13 13:03:54,,Đang trên bãi,5.58,Shuttle,FC,Forecast
530669210104,SG CỦ CHI,SG HÓC MÔN,SG HÓC MÔN,SG CỦ CHI,2026-07-13 19:38:53,2026-07-13 14:27:13,2026-07-13 12:00:35,,Đang trên bãi,5.58,Shuttle,FC,Forecast
530958730104,SG CỦ CHI,BD DĨ AN,BD DĨ AN,SG CỦ CHI,2026-07-13 19:38:47,2026-07-13 14:28:23,2026-07-13 13:08:22,,Đang trên bãi,5.58,Shuttle,FC,Forecast
530655330104,SG CỦ CHI,SG THỦ ĐỨC,SG THỦ ĐỨC,SG CỦ CHI,2026-07-13 19:38:46,2026-07-13 14:34:51,2026-07-13 13:07:49,,Đang trên bãi,6.2,Shuttle,FC,Forecast
530569610104,SG CỦ CHI,SG HIỆP BÌNH,SG HIỆP BÌNH,SG CỦ CHI,2026-07-13 19:38:43,2026-07-13 14:27:06,2026-07-13 11:59:32,,Đang trên bãi,5.58,Shuttle,FC,Forecast
530033410104,SG CỦ CHI,AG TỊNH BIÊN,AG TỊNH BIÊN,SG CỦ CHI,2026-07-13 19:38:39,2026-07-13 14:32:55,2026-07-13 12:00:36,,Đang trên bãi,7.6,Shuttle,FC,Forecast
530550530104,SG CỦ CHI,TG TRUNG AN,TG TRUNG AN,SG CỦ CHI,2026-07-13 19:38:37,2026-07-13 14:35:16,2026-07-13 11:57:47,,Đang trên bãi,5.58,Shuttle,FC,Forecast
530649730104,SG CỦ CHI,SG NHƠN ĐỨC,SG NHƠN ĐỨC,SG CỦ CHI,2026-07-13 19:38:35,2026-07-13 14:28:16,2026-07-13 13:07:06,,Đang trên bãi,5.58,Shuttle,FC,Forecast
530714010104,SG CỦ CHI,VL VĨNH LONG,VL VĨNH LONG,SG CỦ CHI,2026-07-13 19:38:34,2026-07-13 14:27:56,2026-07-13 10:03:08,,Đang trên bãi,6.41,Shuttle,FC,Forecast
530249940104,SG CỦ CHI,BD DĨ AN,BD DĨ AN,SG CỦ CHI,2026-07-13 19:38:29,2026-07-13 16:29:42,2026-07-13 15:38:59,,Đang trên bãi,9.25,Shuttle,FC,Forecast
530747010104,SG CỦ CHI,3PL,SETN,SG CỦ CHI,2026-07-13 19:38:26,2026-07-13 14:27:14,2026-07-13 13:03:55,,Đang trên bãi,5.58,Shuttle,3PL,Forecast
530384690103,SG CỦ CHI,SG CHỢ LỚN,SG CHỢ LỚN,SG CỦ CHI,2026-07-13 19:38:22,2026-07-13 14:37:37,2026-07-13 06:42:19,,Đang trên bãi,8.16,Shuttle,FC,Forecast
530443610104,SG CỦ CHI,SG TÂN HƯNG,SG TÂN HƯNG,SG CỦ CHI,2026-07-13 19:38:17,2026-07-13 14:37:52,2026-07-13 12:02:18,,Đang trên bãi,8.16,Shuttle,FC,Forecast
530535610104,SG CỦ CHI,SG PHÚ NHUẬN,SG PHÚ NHUẬN,SG CỦ CHI,2026-07-13 19:38:14,2026-07-13 14:36:03,2026-07-13 10:02:24,,Đang trên bãi,12.7,Shuttle,FC,Forecast
530153210104,SG CỦ CHI,BD BÌNH HÒA,BD BÌNH HÒA,SG CỦ CHI,2026-07-13 19:38:11,2026-07-13 14:37:52,2026-07-13 13:05:28,,Đang trên bãi,8.16,Shuttle,FC,Forecast
530322210104,SG CỦ CHI,SG PHÚ LÂM,SG PHÚ LÂM,SG CỦ CHI,2026-07-13 19:38:10,2026-07-13 14:30:22,2026-07-13 10:05:30,,Đang trên bãi,5.7,Shuttle,FC,Forecast
530272730104,SG CỦ CHI,AG LONG XUYÊN,AG LONG XUYÊN,SG CỦ CHI,2026-07-13 19:38:07,2026-07-13 14:27:11,2026-07-13 13:03:54,,Đang trên bãi,5.58,Shuttle,FC,Forecast
530139730104,SG CỦ CHI,SG TÂN THỚI HIỆP,SG TÂN THỚI HIỆP,SG CỦ CHI,2026-07-13 19:38:06,2026-07-13 14:37:46,2026-07-13 10:06:44,,Đang trên bãi,8.16,Shuttle,FC,Forecast
530746330104,SG CỦ CHI,DT TN,DT TN,SG CỦ CHI,2026-07-13 19:38:05,2026-07-13 14:27:18,2026-07-13 12:02:18,,Đang trên bãi,5.58,Shuttle,FC,Forecast
530167530104,SG CỦ CHI,SG PHÚ LÂM,SG PHÚ LÂM,SG CỦ CHI,2026-07-13 19:38:03,2026-07-13 14:37:45,2026-07-13 10:12:05,,Đang trên bãi,8.16,Shuttle,FC,Forecast
530144530104,SG CỦ CHI,TG GÒ CÔNG,TG GÒ CÔNG,SG CỦ CHI,2026-07-13 19:37:53,2026-07-13 14:37:48,2026-07-13 11:14:54,,Đang trên bãi,8.16,Shuttle,FC,Forecast
530265530104,SG CỦ CHI,VL VĨNH LONG,VL VĨNH LONG,SG CỦ CHI,2026-07-13 19:37:51,2026-07-13 14:27:59,2026-07-13 13:07:50,,Đang trên bãi,5.58,Shuttle,FC,Forecast
530916530104,SG CỦ CHI,SG THỦ ĐỨC,SG THỦ ĐỨC,SG CỦ CHI,2026-07-13 19:37:45,2026-07-13 14:37:47,2026-07-13 10:52:18,,Đang trên bãi,8.16,Shuttle,FC,Forecast
530727130104,SG CỦ CHI,SG THỦ ĐỨC,SG THỦ ĐỨC,SG CỦ CHI,2026-07-13 19:37:43,2026-07-13 14:34:22,2026-07-13 11:59:32,,Đang trên bãi,10.8,Shuttle,FC,Forecast
530717010104,SG CỦ CHI,DT SA ĐÉC,DT SA ĐÉC,SG CỦ CHI,2026-07-13 19:37:42,2026-07-13 14:32:32,2026-07-13 10:52:57,,Đang trên bãi,5.1,Shuttle,FC,Forecast
530555530104,SG CỦ CHI,CT NINH KIỀU,CT NINH KIỀU,SG CỦ CHI,2026-07-13 19:37:39,2026-07-13 14:27:40,2026-07-13 13:06:33,,Đang trên bãi,5.58,Shuttle,FC,Forecast
530343610104,SG CỦ CHI,SG TÂN THỚI HIỆP,SG TÂN THỚI HIỆP,SG CỦ CHI,2026-07-13 19:37:37,2026-07-13 14:25:47,2026-07-13 11:58:51,,Đang trên bãi,5.58,Shuttle,FC,Forecast
530976210104,SG CỦ CHI,CT NINH KIỀU,CT NINH KIỀU,SG CỦ CHI,2026-07-13 19:37:32,2026-07-13 14:27:41,2026-07-13 13:06:33,,Đang trên bãi,5.58,Shuttle,FC,Forecast
530858410104,SG CỦ CHI,SG ĐÔNG HƯNG THUẬN,SG ĐÔNG HƯNG THUẬN,SG CỦ CHI,2026-07-13 19:37:26,2026-07-13 14:27:42,2026-07-13 13:05:55,,Đang trên bãi,5.58,Shuttle,FC,Forecast
530496800104,LA ĐỨC HÒA,TG HÒA KHÁNH,TG HÒA KHÁNH,LA ĐỨC HÒA,2026-07-13 19:37:17,2026-07-13 10:07:22,2026-07-13 08:29:49,,Đang trên bãi,6.13,Shuttle,FC,Forecast
530765810104,LA ĐỨC HÒA,VT CHÂU ĐỨC,VT CHÂU ĐỨC,LA ĐỨC HÒA,2026-07-13 19:37:10,2026-07-13 18:00:39,2026-07-13 13:37:31,,Đang trên bãi,7.5,Shuttle,FC,Forecast
530297410104,SG CỦ CHI,SG HIỆP BÌNH,SG HIỆP BÌNH,SG CỦ CHI,2026-07-13 19:37:07,2026-07-13 14:28:05,2026-07-13 13:07:06,,Đang trên bãi,5.58,Shuttle,FC,Forecast
530489010104,SG CỦ CHI,SG CỦ CHI,SG CỦ CHI,SG CỦ CHI,2026-07-13 19:37:04,2026-07-13 14:28:04,2026-07-13 13:07:50,,Đang trên bãi,5.58,Shuttle,FC,Forecast
530257210104,SG CỦ CHI,SG HIỆP BÌNH,SG HIỆP BÌNH,SG CỦ CHI,2026-07-13 19:37:00,2026-07-13 14:25:49,2026-07-13 11:58:51,,Đang trên bãi,5.58,Shuttle,FC,Forecast
530635010104,SG CỦ CHI,TG TRUNG AN,TG TRUNG AN,SG CỦ CHI,2026-07-13 19:36:54,2026-07-13 14:37:17,2026-07-13 10:03:02,,Đang trên bãi,6.8,Shuttle,FC,Forecast
530735810104,SG CỦ CHI,SG TÂN HƯNG,SG TÂN HƯNG,SG CỦ CHI,2026-07-13 19:36:48,2026-07-13 14:30:23,2026-07-13 10:05:34,,Đang trên bãi,5.7,Shuttle,FC,Forecast
530065730104,SG CỦ CHI,SG THỦ ĐỨC,SG THỦ ĐỨC,SG CỦ CHI,2026-07-13 19:36:44,2026-07-13 14:27:43,2026-07-13 13:05:14,,Đang trên bãi,5.58,Shuttle,FC,Forecast
530655530104,SG CỦ CHI,SG TÂN THỚI HIỆP,SG TÂN THỚI HIỆP,SG CỦ CHI,2026-07-13 19:36:40,2026-07-13 14:28:00,2026-07-13 13:07:49,,Đang trên bãi,5.58,Shuttle,FC,Forecast
530355930104,SG CỦ CHI,SG BẢY HIỀN,SG BẢY HIỀN,SG CỦ CHI,2026-07-13 19:36:37,2026-07-13 14:27:08,2026-07-13 13:03:54,,Đang trên bãi,5.58,Shuttle,FC,Forecast
530757730104,SG CỦ CHI,DT TN,DT TN,SG CỦ CHI,2026-07-13 19:36:34,2026-07-13 14:28:06,2026-07-13 13:07:06,,Đang trên bãi,5.58,Shuttle,FC,Forecast
530298450103,SG BÌNH TÂN,SG BÌNH TÂN,SG BÌNH TÂN,SG BÌNH TÂN,2026-07-13 19:36:29,2026-07-10 22:15:20,2026-07-10 16:40:03,,Đang trên bãi,10.2,Shuttle,FC,Dispatch
530876810104,SG CỦ CHI,SG TÂN THỚI HIỆP,SG TÂN THỚI HIỆP,SG CỦ CHI,2026-07-13 19:36:27,2026-07-13 14:27:15,2026-07-13 13:04:36,,Đang trên bãi,5.58,Shuttle,FC,Forecast
530454410104,SG CỦ CHI,AG THOẠI SƠN,AG THOẠI SƠN,SG CỦ CHI,2026-07-13 19:36:25,2026-07-13 14:27:15,2026-07-13 13:03:12,,Đang trên bãi,5.58,Shuttle,FC,Forecast
530387790103,SG BÌNH TÂN,SG BÌNH TÂN,SG BÌNH TÂN,SG BÌNH TÂN,2026-07-13 19:36:24,2026-07-11 20:48:01,2026-07-11 14:04:23,2026-07-12 03:08:13,Đã rời HUB,8.0,Shuttle,FC,Forecast
530945930104,SG CỦ CHI,VT VŨNG TÀU,VT VŨNG TÀU,SG CỦ CHI,2026-07-13 19:36:22,2026-07-13 14:27:44,2026-07-13 13:05:14,,Đang trên bãi,5.58,Shuttle,FC,Forecast
530612240103,SG NHƠN ĐỨC,SG NHƠN ĐỨC,SG NHƠN ĐỨC,SG NHƠN ĐỨC,2026-07-13 19:36:21,2026-07-10 10:44:37,2026-07-09 20:17:58,,Đang trên bãi,8.87,Shuttle,FC,Inbound
530449240103,SG CỦ CHI,SG CỦ CHI,SG CỦ CHI,SG CỦ CHI,2026-07-13 19:36:20,2026-07-10 11:35:52,2026-07-10 00:30:31,,Đang trên bãi,9.7,Shuttle,FC,Inbound
530727330104,SG CỦ CHI,SG CHỢ LỚN,SG CHỢ LỚN,SG CỦ CHI,2026-07-13 19:36:20,2026-07-13 14:27:19,2026-07-13 11:59:32,,Đang trên bãi,5.58,Shuttle,FC,Forecast
530653990103,SG CỦ CHI,SG CỦ CHI,SG CỦ CHI,SG CỦ CHI,2026-07-13 19:36:16,2026-07-11 19:19:18,2026-07-11 12:06:47,2026-07-11 22:24:49,Đã rời HUB,10.5,Shuttle,FC,Forecast
530177210104,SG CỦ CHI,VL VĨNH LONG,VL VĨNH LONG,SG CỦ CHI,2026-07-13 19:36:16,2026-07-13 14:30:17,2026-07-13 13:08:21,,Đang trên bãi,5.7,Shuttle,FC,Forecast
530095030103,SG BÌNH LỢI,SG BÌNH LỢI,SG BÌNH LỢI,SG BÌNH LỢI,2026-07-13 19:36:12,2026-07-10 11:20:02,2026-07-09 18:33:01,,Đang trên bãi,20.0,Shuttle,FC,Inbound
530288410104,SG CỦ CHI,SG TÂN HƯNG,SG TÂN HƯNG,SG CỦ CHI,2026-07-13 19:36:09,2026-07-13 14:25:50,2026-07-13 11:58:51,,Đang trên bãi,5.58,Shuttle,FC,Forecast
530558410104,SG CỦ CHI,SG CỦ CHI,SG CỦ CHI,SG CỦ CHI,2026-07-13 19:36:07,2026-07-13 14:27:17,2026-07-13 13:03:12,,Đang trên bãi,5.58,Shuttle,FC,Forecast
530902770103,SG CỦ CHI,SG CỦ CHI,SG CỦ CHI,SG CỦ CHI,2026-07-13 19:36:06,2026-07-10 11:24:12,2026-07-10 09:38:07,,Đang trên bãi,13.71,Shuttle,FC,Dispatch
530940730104,SG CỦ CHI,SG BÀ ĐIỂM,SG BÀ ĐIỂM,SG CỦ CHI,2026-07-13 19:36:06,2026-07-13 14:25:51,2026-07-13 11:58:10,,Đang trên bãi,5.58,Shuttle,FC,Forecast
530866530104,SG CỦ CHI,DT TN,DT TN,SG CỦ CHI,2026-07-13 19:36:03,2026-07-13 14:32:40,2026-07-13 10:04:10,,Đang trên bãi,11.4,Shuttle,FC,Forecast
530189200104,LA ĐỨC HÒA,BN HUB,HN SƠN TÂY,LA ĐỨC HÒA,2026-07-13 19:36:01,2026-07-13 10:07:26,2026-07-13 08:29:51,,Đang trên bãi,6.13,Linehaul,BN HUB,Forecast
530261170103,BD DĨ AN,BD DĨ AN,BD DĨ AN,BD DĨ AN,2026-07-13 19:36:00,2026-07-10 17:39:20,2026-07-10 13:44:24,,Đang trên bãi,0.0,Shuttle,FC,Dispatch
530078130104,SG CỦ CHI,SG CỦ CHI,SG CỦ CHI,SG CỦ CHI,2026-07-13 19:36:00,2026-07-13 14:27:09,2026-07-13 13:05:14,,Đang trên bãi,5.58,Shuttle,FC,Forecast
530794600104,LA ĐỨC HÒA,BN HUB,BN YÊN PHONG,LA ĐỨC HÒA,2026-07-13 19:35:56,2026-07-13 10:07:40,2026-07-13 08:29:43,,Đang trên bãi,6.13,Linehaul,BN HUB,Forecast
530569810104,SG CỦ CHI,ST VĨNH CHÂU,ST VĨNH CHÂU,SG CỦ CHI,2026-07-13 19:35:55,2026-07-13 14:25:46,2026-07-13 11:59:33,,Đang trên bãi,5.58,Shuttle,FC,Forecast
530625930104,SG CỦ CHI,SG THỦ ĐỨC,SG THỦ ĐỨC,SG CỦ CHI,2026-07-13 19:35:53,2026-07-13 14:25:49,2026-07-13 11:58:51,,Đang trên bãi,5.58,Shuttle,FC,Forecast
530596000104,LA ĐỨC HÒA,BN HUB,HN MỸ ĐỨC,LA ĐỨC HÒA,2026-07-13 19:35:52,2026-07-13 10:07:29,2026-07-13 08:29:49,,Đang trên bãi,6.13,Linehaul,BN HUB,Forecast
530378600104,LA ĐỨC HÒA,BN HUB,HY KIM ĐỘNG,LA ĐỨC HÒA,2026-07-13 19:35:51,2026-07-13 10:07:32,2026-07-13 08:29:44,,Đang trên bãi,6.13,Linehaul,BN HUB,Forecast
530976730104,SG CỦ CHI,SG NHƠN ĐỨC,SG NHƠN ĐỨC,SG CỦ CHI,2026-07-13 19:35:51,2026-07-13 14:27:03,2026-07-13 11:59:33,,Đang trên bãi,5.58,Shuttle,FC,Forecast
530159200104,LA ĐỨC HÒA,SG BÌNH TÂN,SG BÌNH TÂN,LA ĐỨC HÒA,2026-07-13 19:35:50,2026-07-13 10:14:05,2026-07-13 08:34:01,,Đang trên bãi,6.13,Shuttle,FC,Forecast
530966800104,LA ĐỨC HÒA,SG CỦ CHI,SG CỦ CHI,LA ĐỨC HÒA,2026-07-13 19:35:49,2026-07-13 10:14:13,2026-07-13 08:29:43,,Đang trên bãi,6.13,Shuttle,FC,Forecast
530289600104,LA ĐỨC HÒA,DT TN,DT TN,LA ĐỨC HÒA,2026-07-13 19:35:49,2026-07-13 10:07:36,2026-07-13 08:31:42,,Đang trên bãi,6.13,Shuttle,FC,Forecast
530805530104,SG CỦ CHI,SG TÂN SƠN NHÌ,SG TÂN SƠN NHÌ,SG CỦ CHI,2026-07-13 19:35:48,2026-07-13 14:31:24,2026-07-13 10:04:18,,Đang trên bãi,5.7,Shuttle,FC,Forecast
530655120104,LA ĐỨC HÒA,SG THỦ ĐỨC,SG THỦ ĐỨC,LA ĐỨC HÒA,2026-07-13 19:35:46,2026-07-13 10:07:43,2026-07-13 08:29:49,,Đang trên bãi,6.13,Shuttle,FC,Forecast
530456330104,SG CỦ CHI,AG TỊNH BIÊN,AG TỊNH BIÊN,SG CỦ CHI,2026-07-13 19:35:45,2026-07-13 14:32:36,2026-07-13 12:00:36,,Đang trên bãi,7.6,Shuttle,FC,Forecast
530225210104,SG CỦ CHI,SG PHÚ LÂM,SG PHÚ LÂM,SG CỦ CHI,2026-07-13 19:35:41,2026-07-13 14:33:30,2026-07-13 10:50:29,,Đang trên bãi,12.0,Shuttle,FC,Forecast
530053880103,LA ĐỨC HÒA,BN HUB,BG BẮC GIANG,LA ĐỨC HÒA,2026-07-13 19:35:40,2026-07-13 15:25:29,2026-07-11 23:37:36,,Đang trên bãi,20.0,Linehaul,BN HUB,Forecast
530816130104,SG CỦ CHI,BD BÌNH HÒA,BD BÌNH HÒA,SG CỦ CHI,2026-07-13 19:35:38,2026-07-13 14:39:07,2026-07-13 10:51:06,,Đang trên bãi,11.09,Shuttle,FC,Forecast
530017400104,LA ĐỨC HÒA,SG GÒ VẤP,SG GÒ VẤP,LA ĐỨC HÒA,2026-07-13 19:35:34,2026-07-13 15:24:59,2026-07-13 07:57:39,,Đang trên bãi,13.0,Shuttle,FC,Forecast
530482130104,SG CỦ CHI,SG THỦ ĐỨC,SG THỦ ĐỨC,SG CỦ CHI,2026-07-13 19:35:34,2026-07-13 14:34:18,2026-07-13 13:04:36,,Đang trên bãi,6.39,Shuttle,FC,Forecast
530046330104,SG CỦ CHI,SG THỦ ĐỨC,SG THỦ ĐỨC,SG CỦ CHI,2026-07-13 19:35:31,2026-07-13 14:40:51,2026-07-13 11:15:04,,Đang trên bãi,12.96,Shuttle,FC,Forecast
530053010104,SG CỦ CHI,SG BÌNH LỢI TRUNG,SG BÌNH LỢI TRUNG,SG CỦ CHI,2026-07-13 19:35:27,2026-07-13 14:39:27,2026-07-13 13:03:12,,Đang trên bãi,11.52,Shuttle,FC,Forecast
530083510104,LA ĐỨC HÒA,SG NHƠN ĐỨC,SG NHƠN ĐỨC,LA ĐỨC HÒA,2026-07-13 19:35:26,2026-07-13 15:25:36,2026-07-12 21:57:44,,Đang trên bãi,13.0,Shuttle,FC,Forecast
530934330104,LA ĐỨC HÒA,SG TÂN SƠN NHÌ,SG TÂN SƠN NHÌ,LA ĐỨC HÒA,2026-07-13 19:35:24,2026-07-13 15:30:29,2026-07-13 11:27:43,,Đang trên bãi,13.0,Shuttle,FC,Forecast
530550730104,SG CỦ CHI,SG HIỆP BÌNH,SG HIỆP BÌNH,SG CỦ CHI,2026-07-13 19:35:22,2026-07-13 14:26:58,2026-07-13 11:59:50,,Đang trên bãi,7.13,Shuttle,FC,Forecast
530531500104,LA ĐỨC HÒA,BN HUB,HN NAM TỪ LIÊM,LA ĐỨC HÒA,2026-07-13 19:35:20,2026-07-13 15:25:22,2026-07-11 21:27:39,,Đang trên bãi,13.0,Linehaul,BN HUB,Forecast
530178530104,SG CỦ CHI,TG AN HỮU,TG AN HỮU,SG CỦ CHI,2026-07-13 19:35:18,2026-07-13 14:33:36,2026-07-13 13:07:49,,Đang trên bãi,9.0,Shuttle,FC,Forecast
530647610104,SG CỦ CHI,SG BÌNH LỢI TRUNG,SG BÌNH LỢI TRUNG,SG CỦ CHI,2026-07-13 19:35:16,2026-07-13 14:32:50,2026-07-13 13:03:54,,Đang trên bãi,5.1,Shuttle,FC,Forecast
530821510104,LA ĐỨC HÒA,SG THỦ ĐỨC,SG THỦ ĐỨC,LA ĐỨC HÒA,2026-07-13 19:35:14,2026-07-13 15:31:13,2026-07-12 13:17:37,,Đang trên bãi,13.0,Shuttle,FC,Forecast
530733890103,LA ĐỨC HÒA,BD BÌNH HÒA,BD BÌNH HÒA,LA ĐỨC HÒA,2026-07-13 19:35:11,2026-07-13 15:25:15,2026-07-12 22:07:41,,Đang trên bãi,13.0,Shuttle,FC,Forecast
530976530104,SG CỦ CHI,CT Ô MÔN,CT Ô MÔN,SG CỦ CHI,2026-07-13 19:35:10,2026-07-13 14:35:30,2026-07-13 11:58:10,,Đang trên bãi,5.58,Shuttle,FC,Forecast
530361890103,LA ĐỨC HÒA,BN HUB,HN ĐÔNG ANH,LA ĐỨC HÒA,2026-07-13 19:35:07,2026-07-13 15:30:20,2026-07-12 14:07:39,,Đang trên bãi,13.0,Linehaul,BN HUB,Forecast
530365530104,SG CỦ CHI,BD DĨ AN,BD DĨ AN,SG CỦ CHI,2026-07-13 19:35:05,2026-07-13 14:28:01,2026-07-13 13:08:23,,Đang trên bãi,5.58,Shuttle,FC,Forecast
530872690103,LA ĐỨC HÒA,BN HUB,BN TỪ SƠN,LA ĐỨC HÒA,2026-07-13 19:35:02,2026-07-13 15:25:18,2026-07-12 19:07:40,,Đang trên bãi,13.0,Linehaul,BN HUB,Forecast
530682130104,SG CỦ CHI,TG GÒ CÔNG,TG GÒ CÔNG,SG CỦ CHI,2026-07-13 19:35:02,2026-07-13 14:28:11,2026-07-13 13:08:24,,Đang trên bãi,5.58,Shuttle,FC,Forecast
530552090103,LA ĐỨC HÒA,BN HUB,HN HOÀI ĐỨC,LA ĐỨC HÒA,2026-07-13 19:35:01,2026-07-13 15:26:04,2026-07-12 19:47:41,,Đang trên bãi,13.0,Linehaul,BN HUB,Forecast
530657930104,SG CỦ CHI,SG THỦ ĐỨC,SG THỦ ĐỨC,SG CỦ CHI,2026-07-13 19:34:59,2026-07-13 14:27:16,2026-07-13 13:04:36,,Đang trên bãi,5.58,Shuttle,FC,Forecast
530097610104,SG CỦ CHI,SG PHÚ NHUẬN,SG PHÚ NHUẬN,SG CỦ CHI,2026-07-13 19:34:57,2026-07-13 14:27:05,2026-07-13 13:03:54,,Đang trên bãi,5.58,Shuttle,FC,Forecast
530650290103,LA ĐỨC HÒA,VT XUYÊN MỘC,VT XUYÊN MỘC,LA ĐỨC HÒA,2026-07-13 19:34:54,2026-07-13 15:30:23,2026-07-12 21:27:44,,Đang trên bãi,13.0,Shuttle,FC,Forecast
530397810104,SG CỦ CHI,SG KHÁNH HỘI,SG KHÁNH HỘI,SG CỦ CHI,2026-07-13 19:34:54,2026-07-13 14:28:02,2026-07-13 13:08:24,,Đang trên bãi,5.58,Shuttle,FC,Forecast
530844290103,LA ĐỨC HÒA,BN HUB,HP THỦY NGUYÊN,LA ĐỨC HÒA,2026-07-13 19:34:50,2026-07-13 15:25:13,2026-07-12 22:27:42,,Đang trên bãi,13.0,Linehaul,BN HUB,Forecast
530866410104,SG CỦ CHI,BD DĨ AN,BD DĨ AN,SG CỦ CHI,2026-07-13 19:34:49,2026-07-13 14:28:10,2026-07-13 13:08:22,,Đang trên bãi,5.58,Shuttle,FC,Forecast
530097870103,LA ĐỨC HÒA,BN HUB,THN PHÚ LƯƠNG,LA ĐỨC HÒA,2026-07-13 19:34:46,2026-07-13 15:30:31,2026-07-11 16:27:35,,Đang trên bãi,13.0,Linehaul,BN HUB,Forecast
530549530104,SG CỦ CHI,SG PHÚ LÂM,SG PHÚ LÂM,SG CỦ CHI,2026-07-13 19:34:46,2026-07-13 14:27:45,2026-07-13 13:05:14,,Đang trên bãi,5.58,Shuttle,FC,Forecast
530470090103,LA ĐỨC HÒA,BN HUB,BN BẮC NINH,LA ĐỨC HÒA,2026-07-13 19:34:44,2026-07-13 15:25:58,2026-07-12 12:17:37,,Đang trên bãi,13.0,Linehaul,BN HUB,Forecast
530506540104,SG CỦ CHI,SG PHÚ LÂM,SG PHÚ LÂM,SG CỦ CHI,2026-07-13 19:34:42,2026-07-13 14:28:13,2026-07-13 13:08:23,,Đang trên bãi,5.58,Shuttle,FC,Forecast
530469510104,LA ĐỨC HÒA,SG PHÚ NHUẬN,SG PHÚ NHUẬN,LA ĐỨC HÒA,2026-07-13 19:34:40,2026-07-13 15:25:33,2026-07-12 12:27:38,,Đang trên bãi,13.0,Shuttle,FC,Forecast
530495920104,SG CỦ CHI,SG BÌNH LỢI TRUNG,SG BÌNH LỢI TRUNG,SG CỦ CHI,2026-07-13 19:34:39,2026-07-13 14:30:24,2026-07-13 10:05:59,,Đang trên bãi,5.7,Shuttle,FC,Forecast
530233900104,LA ĐỨC HÒA,BN HUB,BG BẮC GIANG,LA ĐỨC HÒA,2026-07-13 19:34:38,2026-07-13 15:31:06,2026-07-11 19:07:44,,Đang trên bãi,13.0,Linehaul,BN HUB,Forecast
530600810104,SG CỦ CHI,CT BÌNH THỦY,CT BÌNH THỦY,SG CỦ CHI,2026-07-13 19:34:38,2026-07-13 14:31:22,2026-07-13 10:04:18,,Đang trên bãi,5.7,Shuttle,FC,Forecast
530010610104,SG CỦ CHI,DT CAO LÃNH,DT CAO LÃNH,SG CỦ CHI,2026-07-13 19:34:33,2026-07-13 14:31:23,2026-07-13 10:04:46,,Đang trên bãi,6.41,Shuttle,FC,Forecast
530242700104,LA ĐỨC HÒA,SG THỦ ĐỨC,SG THỦ ĐỨC,LA ĐỨC HÒA,2026-07-13 19:34:31,2026-07-13 15:30:40,2026-07-11 17:37:39,,Đang trên bãi,13.0,Shuttle,FC,Forecast
530618480103,LA ĐỨC HÒA,BN HUB,HN PHÚ DIỄN,LA ĐỨC HÒA,2026-07-13 19:34:30,2026-07-13 15:24:06,2026-07-11 23:37:36,,Đang trên bãi,13.0,Linehaul,BN HUB,Forecast
530053610104,SG CỦ CHI,SG TÂN HƯNG,SG TÂN HƯNG,SG CỦ CHI,2026-07-13 19:34:28,2026-07-13 14:27:04,2026-07-13 13:03:54,,Đang trên bãi,5.58,Shuttle,FC,Forecast
530582130104,SG CỦ CHI,SG TÂN HƯNG,SG TÂN HƯNG,SG CỦ CHI,2026-07-13 19:34:27,2026-07-13 14:28:15,2026-07-13 13:07:07,,Đang trên bãi,5.58,Shuttle,FC,Forecast
530947010104,SG CỦ CHI,SG THỦ ĐỨC,SG THỦ ĐỨC,SG CỦ CHI,2026-07-13 19:34:23,2026-07-13 14:28:14,2026-07-13 13:08:22,,Đang trên bãi,5.58,Shuttle,FC,Forecast
530631090103,LA ĐỨC HÒA,BN HUB,NB YÊN MÔ,LA ĐỨC HÒA,2026-07-13 19:34:22,2026-07-13 15:31:10,2026-07-12 12:27:38,,Đang trên bãi,13.0,Linehaul,BN HUB,Forecast
530487520104,LA ĐỨC HÒA,BN HUB,HN THANH LIỆT,LA ĐỨC HÒA,2026-07-13 19:34:22,2026-07-13 15:25:48,2026-07-13 09:17:41,,Đang trên bãi,13.0,Linehaul,BN HUB,Forecast
530072610104,SG CỦ CHI,SG ĐÔNG HƯNG THUẬN,SG ĐÔNG HƯNG THUẬN,SG CỦ CHI,2026-07-13 19:34:18,2026-07-13 14:36:09,2026-07-13 11:59:32,,Đang trên bãi,13.4,Shuttle,FC,Forecast
530706680103,LA ĐỨC HÒA,BN HUB,HN VĨNH TUY,LA ĐỨC HÒA,2026-07-13 19:34:13,2026-07-13 15:30:34,2026-07-11 16:37:38,,Đang trên bãi,13.0,Linehaul,BN HUB,Forecast
530112320104,LA ĐỨC HÒA,BN HUB,BN YÊN PHONG,LA ĐỨC HÒA,2026-07-13 19:34:13,2026-07-13 15:24:20,2026-07-12 18:17:44,,Đang trên bãi,13.0,Linehaul,BN HUB,Forecast
530972290103,LA ĐỨC HÒA,BN HUB,HN NAM TỪ LIÊM,LA ĐỨC HÒA,2026-07-13 19:34:12,2026-07-13 15:25:04,2026-07-12 19:37:37,,Đang trên bãi,13.0,Linehaul,BN HUB,Forecast
530635410104,SG CỦ CHI,SG GÒ VẤP,SG GÒ VẤP,SG CỦ CHI,2026-07-13 19:34:10,2026-07-13 14:34:11,2026-07-13 10:03:39,,Đang trên bãi,9.0,Shuttle,FC,Forecast
530847330104,SG CỦ CHI,LA ĐỨC HÒA,LA ĐỨC HÒA,SG CỦ CHI,2026-07-13 19:34:06,2026-07-13 14:27:52,2026-07-13 13:03:12,,Đang trên bãi,6.41,Shuttle,FC,Forecast
530118800104,LA ĐỨC HÒA,BN HUB,HN LONG BIÊN,LA ĐỨC HÒA,2026-07-13 19:34:04,2026-07-13 11:44:36,2026-07-13 07:46:53,,Đang trên bãi,7.5,Linehaul,BN HUB,Forecast
530913100104,LA ĐỨC HÒA,SG GÒ VẤP,SG GÒ VẤP,LA ĐỨC HÒA,2026-07-13 19:34:03,2026-07-13 15:30:54,2026-07-11 18:17:40,,Đang trên bãi,13.0,Shuttle,FC,Forecast
530343810104,SG CỦ CHI,SG CHỢ LỚN,SG CHỢ LỚN,SG CỦ CHI,2026-07-13 19:34:01,2026-07-13 14:32:10,2026-07-13 11:59:09,,Đang trên bãi,11.4,Shuttle,FC,Forecast
530798480103,LA ĐỨC HÒA,BN HUB,HY ÂN THI,LA ĐỨC HÒA,2026-07-13 19:33:58,2026-07-13 15:25:43,2026-07-12 12:07:40,,Đang trên bãi,13.0,Linehaul,BN HUB,Forecast
530493200104,SG CỦ CHI,SG CHỢ LỚN,SG CHỢ LỚN,SG CỦ CHI,2026-07-13 19:33:56,2026-07-13 14:30:27,2026-07-13 10:06:00,,Đang trên bãi,6.41,Shuttle,FC,Forecast
530159710104,LA ĐỨC HÒA,BN HUB,THN THÁI NGUYÊN,LA ĐỨC HÒA,2026-07-13 19:33:55,2026-07-13 15:53:28,2026-07-12 15:25:27,,Đang trên bãi,6.0,Linehaul,BN HUB,Forecast
530023930104,SG CỦ CHI,BD DĨ AN,BD DĨ AN,SG CỦ CHI,2026-07-13 19:33:49,2026-07-13 14:32:28,2026-07-13 10:51:50,,Đang trên bãi,14.26,Shuttle,FC,Forecast
530495320104,SG CỦ CHI,SG GÒ VẤP,SG GÒ VẤP,SG CỦ CHI,2026-07-13 19:33:48,2026-07-13 14:31:07,2026-07-13 10:04:18,,Đang trên bãi,5.7,Shuttle,FC,Forecast
530373280103,LA ĐỨC HÒA,BN HUB,HN CẦU GIẤY,LA ĐỨC HÒA,2026-07-13 19:33:47,2026-07-13 15:30:59,2026-07-12 10:17:39,,Đang trên bãi,13.0,Linehaul,BN HUB,Forecast
530806130104,SG CỦ CHI,SG VĨNH LỘC,SG VĨNH LỘC,SG CỦ CHI,2026-07-13 19:33:45,2026-07-13 14:31:41,2026-07-13 10:05:34,,Đang trên bãi,5.7,Shuttle,FC,Forecast
530647810104,SG CỦ CHI,SG GÒ VẤP,SG GÒ VẤP,SG CỦ CHI,2026-07-13 19:33:38,2026-07-13 14:33:19,2026-07-13 13:03:54,,Đang trên bãi,19.02,Shuttle,FC,Forecast
530142010104,SG CỦ CHI,BD DĨ AN,BD DĨ AN,SG CỦ CHI,2026-07-13 19:33:34,2026-07-13 14:32:19,2026-07-13 10:51:13,,Đang trên bãi,14.26,Shuttle,FC,Forecast
530915710104,LA ĐỨC HÒA,CT NINH KIỀU,CT NINH KIỀU,LA ĐỨC HÒA,2026-07-13 19:33:32,2026-07-13 15:25:55,2026-07-12 12:27:40,,Đang trên bãi,13.0,Shuttle,FC,Forecast
530186910104,LA ĐỨC HÒA,BN HUB,HN XUÂN ĐỈNH,LA ĐỨC HÒA,2026-07-13 19:33:32,2026-07-13 15:26:00,2026-07-12 18:17:42,,Đang trên bãi,13.0,Linehaul,BN HUB,Forecast
530043510104,LA ĐỨC HÒA,3PL,SETN,LA ĐỨC HÒA,2026-07-13 19:33:26,2026-07-13 15:25:50,2026-07-12 08:47:39,,Đang trên bãi,13.0,Shuttle,3PL,Forecast
530963090103,LA ĐỨC HÒA,SG HIỆP BÌNH,SG HIỆP BÌNH,LA ĐỨC HÒA,2026-07-13 19:33:23,2026-07-13 15:52:48,2026-07-13 09:14:43,,Đang trên bãi,8.66,Shuttle,FC,Forecast
530014680103,LA ĐỨC HÒA,BN HUB,HN XUÂN ĐỈNH,LA ĐỨC HÒA,2026-07-13 19:33:20,2026-07-13 15:25:40,2026-07-11 20:07:38,,Đang trên bãi,13.0,Linehaul,BN HUB,Forecast
530345690103,LA ĐỨC HÒA,SG GÒ VẤP,SG GÒ VẤP,LA ĐỨC HÒA,2026-07-13 19:33:17,2026-07-13 15:52:55,2026-07-13 01:45:20,,Đang trên bãi,6.0,Shuttle,FC,Forecast
530944090103,LA ĐỨC HÒA,CT LONG MỸ,CT LONG MỸ,LA ĐỨC HÒA,2026-07-13 19:33:12,2026-07-13 15:23:59,2026-07-12 22:37:38,,Đang trên bãi,20.0,Shuttle,FC,Forecast
530106000104,LA ĐỨC HÒA,BN HUB,VP VĨNH TƯỜNG,LA ĐỨC HÒA,2026-07-13 19:33:11,2026-07-13 15:53:05,2026-07-13 09:10:39,,Đang trên bãi,5.45,Linehaul,BN HUB,Forecast
530513130104,SG CỦ CHI,SG AN PHÚ ĐÔNG,SG AN PHÚ ĐÔNG,SG CỦ CHI,2026-07-13 19:33:09,2026-07-13 14:31:31,2026-07-13 10:05:22,,Đang trên bãi,5.7,Shuttle,FC,Forecast
530706730104,SG CỦ CHI,SG BÌNH TRỊ ĐÔNG,SG BÌNH TRỊ ĐÔNG,SG CỦ CHI,2026-07-13 19:33:06,2026-07-13 14:31:29,2026-07-13 10:05:23,,Đang trên bãi,5.4,Shuttle,FC,Forecast
530115510104,LA ĐỨC HÒA,SG TÂN HƯNG,SG TÂN HƯNG,LA ĐỨC HÒA,2026-07-13 19:33:03,2026-07-13 15:49:15,2026-07-12 12:05:12,,Đang trên bãi,9.44,Shuttle,FC,Forecast
530751600104,LA ĐỨC HÒA,BD BÌNH HÒA,BD BÌNH HÒA,LA ĐỨC HÒA,2026-07-13 19:33:03,2026-07-13 15:30:08,2026-07-13 08:57:42,,Đang trên bãi,13.0,Shuttle,FC,Forecast
530910330104,SG CỦ CHI,CT NINH KIỀU,CT NINH KIỀU,SG CỦ CHI,2026-07-13 19:33:02,2026-07-13 14:30:15,2026-07-13 10:05:23,,Đang trên bãi,6.41,Shuttle,FC,Forecast
530610920104,LA ĐỨC HÒA,AG LONG XUYÊN,AG LONG XUYÊN,LA ĐỨC HÒA,2026-07-13 19:32:58,2026-07-13 15:52:16,2026-07-13 06:40:20,,Đang trên bãi,15.0,Shuttle,FC,Forecast
530847730104,SG CỦ CHI,SG TÂN HƯNG,SG TÂN HƯNG,SG CỦ CHI,2026-07-13 19:32:58,2026-07-13 15:12:51,2026-07-13 13:03:12,,Đang trên bãi,8.0,Shuttle,FC,Forecast
530493000104,SG CỦ CHI,CT BÌNH THỦY,CT BÌNH THỦY,SG CỦ CHI,2026-07-13 19:32:57,2026-07-13 14:30:07,2026-07-13 10:04:18,,Đang trên bãi,5.7,Shuttle,FC,Forecast
530823690103,LA ĐỨC HÒA,BN HUB,HN ĐỐNG ĐA,LA ĐỨC HÒA,2026-07-13 19:32:55,2026-07-13 15:25:45,2026-07-12 17:17:37,,Đang trên bãi,13.0,Linehaul,BN HUB,Forecast
530350900104,LA ĐỨC HÒA,BN HUB,THN THÁI NGUYÊN,LA ĐỨC HÒA,2026-07-13 19:32:54,2026-07-13 15:48:47,2026-07-11 21:45:18,,Đang trên bãi,6.6,Linehaul,BN HUB,Forecast
530754010104,SG CỦ CHI,AG TÂN CHÂU,AG TÂN CHÂU,SG CỦ CHI,2026-07-13 19:32:53,2026-07-13 15:11:01,2026-07-13 13:08:23,,Đang trên bãi,10.66,Shuttle,FC,Forecast
530251500104,LA ĐỨC HÒA,BN HUB,HN LONG BIÊN,LA ĐỨC HÒA,2026-07-13 19:32:51,2026-07-13 15:48:07,2026-07-12 01:45:26,,Đang trên bãi,8.9,Linehaul,BN HUB,Forecast
530237410104,SG CỦ CHI,SG NHƠN ĐỨC,SG NHƠN ĐỨC,SG CỦ CHI,2026-07-13 19:32:51,2026-07-13 14:31:38,2026-07-13 10:05:23,,Đang trên bãi,5.7,Shuttle,FC,Forecast
530706530104,SG CỦ CHI,AG CẦN ĐĂNG,AG CẦN ĐĂNG,SG CỦ CHI,2026-07-13 19:32:48,2026-07-13 14:30:06,2026-07-13 10:04:46,,Đang trên bãi,6.41,Shuttle,FC,Forecast
530179900104,LA ĐỨC HÒA,BN HUB,THN THÁI NGUYÊN,LA ĐỨC HÒA,2026-07-13 19:32:47,2026-07-13 15:48:15,2026-07-11 21:50:27,,Đang trên bãi,8.0,Linehaul,BN HUB,Forecast
530899800104,SG CỦ CHI,SG KHÁNH HỘI,SG KHÁNH HỘI,SG CỦ CHI,2026-07-13 19:32:46,2026-07-13 14:31:32,2026-07-13 10:05:23,,Đang trên bãi,6.41,Shuttle,FC,Forecast
530819340104,LA ĐỨC HÒA,BN HUB,BN YÊN PHONG,LA ĐỨC HÒA,2026-07-13 19:32:45,2026-07-13 15:30:11,2026-07-13 15:07:41,,Đang trên bãi,13.0,Linehaul,BN HUB,Forecast
530176130104,SG CỦ CHI,TG HÒA KHÁNH,TG HÒA KHÁNH,SG CỦ CHI,2026-07-13 19:32:41,2026-07-13 14:30:20,2026-07-13 11:16:17,,Đang trên bãi,5.7,Shuttle,FC,Forecast
530706010104,SG CỦ CHI,BD BÌNH HÒA,BD BÌNH HÒA,SG CỦ CHI,2026-07-13 19:32:40,2026-07-13 14:30:42,2026-07-13 10:05:59,,Đang trên bãi,5.7,Shuttle,FC,Forecast
530490890103,LA ĐỨC HÒA,3PL,SETN,LA ĐỨC HÒA,2026-07-13 19:32:37,2026-07-13 15:30:27,2026-07-13 07:07:38,,Đang trên bãi,13.0,Shuttle,3PL,Forecast
530761530104,SG CỦ CHI,DT TN,DT TN,SG CỦ CHI,2026-07-13 19:32:37,2026-07-13 15:32:42,2026-07-13 10:52:56,,Đang trên bãi,9.51,Shuttle,FC,Forecast
530575700104,LA ĐỨC HÒA,BN HUB,THN THÁI NGUYÊN,LA ĐỨC HÒA,2026-07-13 19:32:36,2026-07-13 15:47:41,2026-07-11 21:45:18,,Đang trên bãi,6.6,Linehaul,BN HUB,Forecast
530629500104,LA ĐỨC HÒA,BN HUB,THN THÁI NGUYÊN,LA ĐỨC HÒA,2026-07-13 19:32:36,2026-07-13 15:47:37,2026-07-11 21:50:24,,Đang trên bãi,6.6,Linehaul,BN HUB,Forecast
530875210104,SG CỦ CHI,LA BẾN LỨC,LA BẾN LỨC,SG CỦ CHI,2026-07-13 19:32:35,2026-07-13 15:12:21,2026-07-13 13:04:36,,Đang trên bãi,7.8,Shuttle,FC,Forecast
530508080103,LA ĐỨC HÒA,SG TÂN HƯNG,SG TÂN HƯNG,LA ĐỨC HÒA,2026-07-13 19:32:32,2026-07-13 15:30:37,2026-07-11 17:37:39,,Đang trên bãi,13.0,Shuttle,FC,Forecast
530591910104,SG CỦ CHI,BD DĨ AN,BD DĨ AN,SG CỦ CHI,2026-07-13 19:32:30,2026-07-13 15:32:19,2026-07-13 06:10:44,,Đang trên bãi,12.24,Shuttle,FC,Forecast
530110010104,SG CỦ CHI,SG ĐÔNG HƯNG THUẬN,SG ĐÔNG HƯNG THUẬN,SG CỦ CHI,2026-07-13 19:32:29,2026-07-13 14:31:38,2026-07-13 10:05:34,,Đang trên bãi,5.7,Shuttle,FC,Forecast
530362690103,LA ĐỨC HÒA,BN HUB,THN THÁI NGUYÊN,LA ĐỨC HÒA,2026-07-13 19:32:28,2026-07-13 15:51:33,2026-07-12 15:15:21,,Đang trên bãi,8.9,Linehaul,BN HUB,Forecast
530073290103,LA ĐỨC HÒA,BN HUB,THN THÁI NGUYÊN,LA ĐỨC HÒA,2026-07-13 19:32:28,2026-07-13 15:51:15,2026-07-12 20:05:19,,Đang trên bãi,7.5,Linehaul,BN HUB,Forecast
530813700104,LA ĐỨC HÒA,BN HUB,HN SÓC SƠN,LA ĐỨC HÒA,2026-07-13 19:32:25,2026-07-13 15:48:50,2026-07-11 18:05:25,,Đang trên bãi,8.0,Linehaul,BN HUB,Forecast
530288810104,SG CỦ CHI,SG GÒ VẤP,SG GÒ VẤP,SG CỦ CHI,2026-07-13 19:32:22,2026-07-13 15:20:02,2026-07-13 11:59:32,,Đang trên bãi,5.4,Shuttle,FC,Forecast
530286510104,LA ĐỨC HÒA,BN HUB,HN AN KHÁNH,LA ĐỨC HÒA,2026-07-13 19:32:19,2026-07-13 15:24:03,2026-07-12 19:37:39,,Đang trên bãi,13.0,Linehaul,BN HUB,Forecast
530340290103,LA ĐỨC HÒA,BN HUB,BG BẮC GIANG,LA ĐỨC HÒA,2026-07-13 19:32:18,2026-07-13 15:52:58,2026-07-13 09:12:17,,Đang trên bãi,9.33,Linehaul,BN HUB,Forecast
530977920104,SG CỦ CHI,SG HIỆP BÌNH,SG HIỆP BÌNH,SG CỦ CHI,2026-07-13 19:32:16,2026-07-13 15:19:41,2026-07-13 10:03:39,,Đang trên bãi,5.4,Shuttle,FC,Forecast
530305120104,LA ĐỨC HÒA,BN HUB,HN ĐỐNG ĐA,LA ĐỨC HÒA,2026-07-13 19:32:12,2026-07-13 15:24:16,2026-07-12 18:17:43,,Đang trên bãi,13.0,Linehaul,BN HUB,Forecast
530312120104,LA ĐỨC HÒA,VL VĨNH LONG,VL VĨNH LONG,LA ĐỨC HÒA,2026-07-13 19:32:12,2026-07-13 15:52:52,2026-07-13 09:14:31,,Đang trên bãi,5.45,Shuttle,FC,Forecast
530141610104,SG CỦ CHI,AG LONG XUYÊN,AG LONG XUYÊN,SG CỦ CHI,2026-07-13 19:32:10,2026-07-13 14:30:21,2026-07-13 11:59:32,,Đang trên bãi,5.4,Shuttle,FC,Forecast
530960110104,LA ĐỨC HÒA,BN HUB,THN THÁI NGUYÊN,LA ĐỨC HÒA,2026-07-13 19:32:09,2026-07-13 15:51:12,2026-07-12 15:20:21,,Đang trên bãi,9.9,Linehaul,BN HUB,Forecast
530675480103,LA ĐỨC HÒA,BD DĨ AN,BD DĨ AN,LA ĐỨC HÒA,2026-07-13 19:32:05,2026-07-13 15:49:56,2026-07-12 12:35:19,,Đang trên bãi,8.0,Shuttle,FC,Forecast
530172010104,SG CỦ CHI,SG TÂN HƯNG,SG TÂN HƯNG,SG CỦ CHI,2026-07-13 19:32:05,2026-07-13 15:12:14,2026-07-13 12:00:37,,Đang trên bãi,7.8,Shuttle,FC,Forecast
530469810104,SG CỦ CHI,SG BÌNH LỢI,SG BÌNH LỢI,SG CỦ CHI,2026-07-13 19:32:04,2026-07-13 15:20:00,2026-07-13 11:57:30,,Đang trên bãi,5.4,Shuttle,FC,Forecast
530936890103,LA ĐỨC HÒA,BD DĨ AN,BD DĨ AN,LA ĐỨC HÒA,2026-07-13 19:32:03,2026-07-13 15:24:13,2026-07-12 18:07:38,,Đang trên bãi,13.0,Shuttle,FC,Forecast
530806810104,LA ĐỨC HÒA,BD BẾN CÁT,BD BẾN CÁT,LA ĐỨC HÒA,2026-07-13 19:32:00,2026-07-13 15:40:23,2026-07-13 10:15:49,,Đang trên bãi,8.31,Shuttle,FC,Forecast
530519130104,SG CỦ CHI,SG TÂN THỚI HIỆP,SG TÂN THỚI HIỆP,SG CỦ CHI,2026-07-13 19:32:00,2026-07-13 15:11:47,2026-07-13 11:15:03,,Đang trên bãi,8.5,Shuttle,FC,Forecast
530608210104,SG CỦ CHI,SG PHÚ LÂM,SG PHÚ LÂM,SG CỦ CHI,2026-07-13 19:31:58,2026-07-13 14:30:16,2026-07-13 10:05:22,,Đang trên bãi,5.4,Shuttle,FC,Forecast
530976520104,LA ĐỨC HÒA,BN HUB,HN HOÀNG MAI,LA ĐỨC HÒA,2026-07-13 19:31:58,2026-07-13 15:52:33,2026-07-13 11:12:53,,Đang trên bãi,9.33,Linehaul,BN HUB,Forecast
530725530104,SG CỦ CHI,LA ĐỨC HÒA,LA ĐỨC HÒA,SG CỦ CHI,2026-07-13 19:31:54,2026-07-13 14:32:25,2026-07-13 11:59:49,,Đang trên bãi,9.0,Shuttle,FC,Forecast
530109680103,LA ĐỨC HÒA,BN HUB,HY VĂN GIANG,LA ĐỨC HÒA,2026-07-13 19:31:53,2026-07-13 15:51:43,2026-07-12 09:07:40,,Đang trên bãi,8.66,Linehaul,BN HUB,Forecast
530513530104,SG CỦ CHI,CT NINH KIỀU,CT NINH KIỀU,SG CỦ CHI,2026-07-13 19:31:53,2026-07-13 14:30:26,2026-07-13 10:06:08,,Đang trên bãi,5.7,Shuttle,FC,Forecast
530495520104,SG CỦ CHI,CT Ô MÔN,CT Ô MÔN,SG CỦ CHI,2026-07-13 19:31:50,2026-07-13 14:31:36,2026-07-13 10:05:31,,Đang trên bãi,5.7,Shuttle,FC,Forecast
530825610104,LA ĐỨC HÒA,BN HUB,HY KIM ĐỘNG,LA ĐỨC HÒA,2026-07-13 19:31:50,2026-07-13 15:53:01,2026-07-13 12:07:22,,Đang trên bãi,9.33,Linehaul,BN HUB,Forecast
530233290103,LA ĐỨC HÒA,BN HUB,TB THÁI BÌNH,LA ĐỨC HÒA,2026-07-13 19:31:48,2026-07-13 15:51:49,2026-07-13 09:14:21,,Đang trên bãi,8.66,Linehaul,BN HUB,Forecast
530692710104,LA ĐỨC HÒA,SG NHƠN ĐỨC,SG NHƠN ĐỨC,LA ĐỨC HÒA,2026-07-13 19:31:47,2026-07-13 15:52:37,2026-07-13 09:12:46,,Đang trên bãi,9.33,Shuttle,FC,Forecast
530714610104,SG CỦ CHI,SG NHƠN ĐỨC,SG NHƠN ĐỨC,SG CỦ CHI,2026-07-13 19:31:47,2026-07-13 14:31:33,2026-07-13 10:05:23,,Đang trên bãi,5.7,Shuttle,FC,Forecast
530337010104,SG CỦ CHI,CT NINH KIỀU,CT NINH KIỀU,SG CỦ CHI,2026-07-13 19:31:46,2026-07-13 14:30:25,2026-07-13 10:06:06,,Đang trên bãi,5.7,Shuttle,FC,Forecast
530862710104,LA ĐỨC HÒA,SG BẢY HIỀN,SG BẢY HIỀN,LA ĐỨC HÒA,2026-07-13 19:31:45,2026-07-13 15:47:30,2026-07-12 16:05:30,,Đang trên bãi,9.33,Shuttle,FC,Forecast
530139530104,SG CỦ CHI,SG PHÚ NHUẬN,SG PHÚ NHUẬN,SG CỦ CHI,2026-07-13 19:31:39,2026-07-13 14:30:45,2026-07-13 10:06:00,,Đang trên bãi,6.41,Shuttle,FC,Forecast
530470290103,LA ĐỨC HÒA,BN HUB,BG BẮC GIANG,LA ĐỨC HÒA,2026-07-13 19:31:38,2026-07-13 15:51:07,2026-07-12 12:20:25,,Đang trên bãi,12.0,Linehaul,BN HUB,Forecast
530304920104,LA ĐỨC HÒA,BN HUB,BG BẮC GIANG,LA ĐỨC HÒA,2026-07-13 19:31:38,2026-07-13 15:52:19,2026-07-12 16:15:19,,Đang trên bãi,12.0,Linehaul,BN HUB,Forecast
530714410104,SG CỦ CHI,BD BÌNH HÒA,BD BÌNH HÒA,SG CỦ CHI,2026-07-13 19:31:38,2026-07-13 14:31:40,2026-07-13 10:05:23,,Đang trên bãi,6.41,Shuttle,FC,Forecast
530094310104,LA ĐỨC HÒA,SG HIỆP BÌNH,SG HIỆP BÌNH,LA ĐỨC HÒA,2026-07-13 19:31:37,2026-07-13 15:30:51,2026-07-12 19:47:43,,Đang trên bãi,13.0,Shuttle,FC,Forecast
530702600104,SG CỦ CHI,VT LONG ĐẤT,VT LONG ĐẤT,SG CỦ CHI,2026-07-13 19:31:36,2026-07-13 14:31:09,2026-07-13 05:46:01,,Đang trên bãi,5.7,Shuttle,FC,Forecast
530751910104,LA ĐỨC HÒA,SG NHƠN ĐỨC,SG NHƠN ĐỨC,LA ĐỨC HÒA,2026-07-13 19:31:32,2026-07-13 15:30:25,2026-07-12 16:07:41,,Đang trên bãi,13.0,Shuttle,FC,Forecast
530520130104,SG CỦ CHI,SG TÂN TẠO,SG TÂN TẠO,SG CỦ CHI,2026-07-13 19:31:32,2026-07-13 15:32:20,2026-07-13 09:15:52,,Đang trên bãi,8.16,Shuttle,FC,Forecast
530113290103,LA ĐỨC HÒA,BN HUB,THN THÁI NGUYÊN,LA ĐỨC HÒA,2026-07-13 19:31:31,2026-07-13 15:48:58,2026-07-12 15:20:21,,Đang trên bãi,8.0,Linehaul,BN HUB,Forecast
530017290103,LA ĐỨC HÒA,BN HUB,THN THÁI NGUYÊN,LA ĐỨC HÒA,2026-07-13 19:31:30,2026-07-13 15:49:53,2026-07-12 15:20:21,,Đang trên bãi,8.0,Linehaul,BN HUB,Forecast
530668690103,LA ĐỨC HÒA,TG GÒ CÔNG,TG GÒ CÔNG,LA ĐỨC HÒA,2026-07-13 19:31:30,2026-07-13 15:52:28,2026-07-12 18:55:19,,Đang trên bãi,7.0,Shuttle,FC,Forecast
530306340104,SG CỦ CHI,SG BÌNH LỢI TRUNG,SG BÌNH LỢI TRUNG,SG CỦ CHI,2026-07-13 19:31:26,2026-07-13 15:12:22,2026-07-13 13:07:06,,Đang trên bãi,7.8,Shuttle,FC,Forecast
530855310104,LA ĐỨC HÒA,SG KHÁNH HỘI,SG KHÁNH HỘI,LA ĐỨC HÒA,2026-07-13 19:31:24,2026-07-13 15:31:02,2026-07-12 12:27:40,,Đang trên bãi,13.0,Shuttle,FC,Forecast
530393600104,SG CỦ CHI,SG CHỢ LỚN,SG CHỢ LỚN,SG CỦ CHI,2026-07-13 19:31:23,2026-07-13 14:30:03,2026-07-13 10:04:18,,Đang trên bãi,6.41,Shuttle,FC,Forecast
530425310104,LA ĐỨC HÒA,BN HUB,HN CẦU GIẤY,LA ĐỨC HÒA,2026-07-13 19:31:20,2026-07-13 15:50:01,2026-07-12 08:40:16,,Đang trên bãi,9.33,Linehaul,BN HUB,Forecast
530774500104,LA ĐỨC HÒA,BN HUB,THN THÁI NGUYÊN,LA ĐỨC HÒA,2026-07-13 19:31:19,2026-07-13 15:30:57,2026-07-11 19:07:40,,Đang trên bãi,13.0,Linehaul,BN HUB,Forecast
530197610104,SG CỦ CHI,SG CHỢ LỚN,SG CHỢ LỚN,SG CỦ CHI,2026-07-13 19:31:16,2026-07-13 15:20:50,2026-07-13 13:05:13,,Đang trên bãi,6.41,Shuttle,FC,Forecast
530002120104,LA ĐỨC HÒA,BN HUB,HN NAM TỪ LIÊM,LA ĐỨC HÒA,2026-07-13 19:31:15,2026-07-13 15:52:40,2026-07-13 09:12:43,,Đang trên bãi,9.33,Linehaul,BN HUB,Forecast
530211890103,LA ĐỨC HÒA,BN HUB,THN THÁI NGUYÊN,LA ĐỨC HÒA,2026-07-13 19:31:14,2026-07-13 15:48:37,2026-07-12 15:20:20,,Đang trên bãi,8.0,Linehaul,BN HUB,Forecast
530910730104,SG CỦ CHI,SG BÌNH TÂN,SG BÌNH TÂN,SG CỦ CHI,2026-07-13 19:31:14,2026-07-13 14:30:33,2026-07-13 10:06:07,,Đang trên bãi,5.7,Shuttle,FC,Forecast
530624080103,LA ĐỨC HÒA,BN HUB,THN THÁI NGUYÊN,LA ĐỨC HÒA,2026-07-13 19:31:13,2026-07-13 15:48:12,2026-07-11 21:45:18,,Đang trên bãi,6.6,Linehaul,BN HUB,Forecast
530154130104,SG CỦ CHI,VT VŨNG TÀU,VT VŨNG TÀU,SG CỦ CHI,2026-07-13 19:31:13,2026-07-13 15:20:35,2026-07-13 11:57:30,,Đang trên bãi,6.41,Shuttle,FC,Forecast
530416480103,LA ĐỨC HÒA,BN HUB,HN THANH LIỆT,LA ĐỨC HÒA,2026-07-13 19:31:10,2026-07-13 15:47:10,2026-07-11 19:10:32,,Đang trên bãi,12.0,Linehaul,BN HUB,Forecast
530540910104,LA ĐỨC HÒA,SG TÂN SƠN NHÌ,SG TÂN SƠN NHÌ,LA ĐỨC HÒA,2026-07-13 19:31:09,2026-07-13 15:31:08,2026-07-12 08:37:36,,Đang trên bãi,13.0,Shuttle,FC,Forecast
530629110104,LA ĐỨC HÒA,BN HUB,THN THÁI NGUYÊN,LA ĐỨC HÒA,2026-07-13 19:31:09,2026-07-13 15:48:54,2026-07-12 13:35:21,,Đang trên bãi,10.6,Linehaul,BN HUB,Forecast
530999000104,SG CỦ CHI,LA TÂN AN,LA TÂN AN,SG CỦ CHI,2026-07-13 19:31:09,2026-07-13 14:30:28,2026-07-13 10:06:06,,Đang trên bãi,5.7,Shuttle,FC,Forecast
530051700104,LA ĐỨC HÒA,VL VĨNH LONG,VL VĨNH LONG,LA ĐỨC HÒA,2026-07-13 19:31:07,2026-07-13 15:40:36,2026-07-11 23:37:30,,Đang trên bãi,10.5,Shuttle,FC,Forecast
530825330104,SG CỦ CHI,ST PHÚ LỢI,ST PHÚ LỢI,SG CỦ CHI,2026-07-13 19:31:05,2026-07-13 15:12:21,2026-07-13 12:00:35,,Đang trên bãi,7.8,Shuttle,FC,Forecast
530956490103,LA ĐỨC HÒA,BN HUB,THN THÁI NGUYÊN,LA ĐỨC HÒA,2026-07-13 19:31:02,2026-07-13 15:50:08,2026-07-12 15:20:20,,Đang trên bãi,8.0,Linehaul,BN HUB,Forecast
530047700104,LA ĐỨC HÒA,BN HUB,THN THÁI NGUYÊN,LA ĐỨC HÒA,2026-07-13 19:31:01,2026-07-13 15:50:15,2026-07-11 22:06:08,,Đang trên bãi,8.0,Linehaul,BN HUB,Forecast
530723210104,SG CỦ CHI,SG GÒ VẤP,SG GÒ VẤP,SG CỦ CHI,2026-07-13 19:30:58,2026-07-13 15:20:41,2026-07-13 10:52:19,,Đang trên bãi,5.89,Shuttle,FC,Forecast
530219130104,SG CỦ CHI,SG BÌNH LỢI,SG BÌNH LỢI,SG CỦ CHI,2026-07-13 19:30:58,2026-07-13 15:20:42,2026-07-13 10:52:55,,Đang trên bãi,5.89,Shuttle,FC,Forecast
530425910104,LA ĐỨC HÒA,BN HUB,BN BẮC NINH,LA ĐỨC HÒA,2026-07-13 19:30:57,2026-07-13 15:40:39,2026-07-12 07:27:34,,Đang trên bãi,13.85,Linehaul,BN HUB,Forecast
530513330104,SG CỦ CHI,SG KHÁNH HỘI,SG KHÁNH HỘI,SG CỦ CHI,2026-07-13 19:30:57,2026-07-13 14:30:38,2026-07-13 10:06:07,,Đang trên bãi,5.7,Shuttle,FC,Forecast
530541100104,LA ĐỨC HÒA,ST PHÚ LỢI,ST PHÚ LỢI,LA ĐỨC HÒA,2026-07-13 19:30:56,2026-07-13 15:40:28,2026-07-11 20:29:36,,Đang trên bãi,7.0,Shuttle,FC,Forecast
530160110104,LA ĐỨC HÒA,BN HUB,THN THÁI NGUYÊN,LA ĐỨC HÒA,2026-07-13 19:30:55,2026-07-13 15:47:01,2026-07-12 13:35:24,,Đang trên bãi,5.5,Linehaul,BN HUB,Forecast
530237810104,SG CỦ CHI,SG TÂN THỚI HIỆP,SG TÂN THỚI HIỆP,SG CỦ CHI,2026-07-13 19:30:52,2026-07-13 14:30:40,2026-07-13 10:06:06,,Đang trên bãi,5.7,Shuttle,FC,Forecast
530263900104,LA ĐỨC HÒA,AG TỊNH BIÊN,AG TỊNH BIÊN,LA ĐỨC HÒA,2026-07-13 19:30:51,2026-07-13 15:52:00,2026-07-11 17:10:20,,Đang trên bãi,6.0,Shuttle,FC,Forecast
530241900104,LA ĐỨC HÒA,BN HUB,HN HOÀN KIẾM,LA ĐỨC HÒA,2026-07-13 19:30:51,2026-07-13 15:40:32,2026-07-11 19:17:24,,Đang trên bãi,7.0,Linehaul,BN HUB,Forecast
530686510104,LA ĐỨC HÒA,BN HUB,HP AN DƯƠNG,LA ĐỨC HÒA,2026-07-13 19:30:51,2026-07-13 15:40:20,2026-07-12 21:47:50,,Đang trên bãi,7.0,Linehaul,BN HUB,Forecast
530907480103,LA ĐỨC HÒA,AG TỊNH BIÊN,AG TỊNH BIÊN,LA ĐỨC HÒA,2026-07-13 19:30:48,2026-07-13 15:40:16,2026-07-11 21:17:32,,Đang trên bãi,7.0,Shuttle,FC,Forecast
530910530104,SG CỦ CHI,SG BÌNH TÂN,SG BÌNH TÂN,SG CỦ CHI,2026-07-13 19:30:48,2026-07-13 14:30:36,2026-07-13 10:06:00,,Đang trên bãi,5.7,Shuttle,FC,Forecast
530666610104,SG CỦ CHI,AG LONG XUYÊN,AG LONG XUYÊN,SG CỦ CHI,2026-07-13 19:30:48,2026-07-13 15:20:03,2026-07-13 13:03:20,,Đang trên bãi,5.2,Shuttle,FC,Forecast
530967690103,LA ĐỨC HÒA,SG KHÁNH HỘI,SG KHÁNH HỘI,LA ĐỨC HÒA,2026-07-13 19:30:44,2026-07-13 15:48:33,2026-07-12 16:05:30,,Đang trên bãi,9.33,Shuttle,FC,Forecast
530393800104,SG CỦ CHI,TG GÒ CÔNG,TG GÒ CÔNG,SG CỦ CHI,2026-07-13 19:30:44,2026-07-13 14:31:25,2026-07-13 10:04:18,,Đang trên bãi,5.7,Shuttle,FC,Forecast
530004310104,LA ĐỨC HÒA,SG PHÚ NHUẬN,SG PHÚ NHUẬN,LA ĐỨC HÒA,2026-07-13 19:30:42,2026-07-13 15:47:34,2026-07-12 10:08:09,,Đang trên bãi,8.66,Shuttle,FC,Forecast
530715490103,LA ĐỨC HÒA,BN HUB,THN THÁI NGUYÊN,LA ĐỨC HÒA,2026-07-13 19:30:39,2026-07-13 15:52:25,2026-07-12 15:10:29,,Đang trên bãi,8.0,Linehaul,BN HUB,Forecast
530662490103,LA ĐỨC HÒA,BN HUB,THN THÁI NGUYÊN,LA ĐỨC HÒA,2026-07-13 19:30:39,2026-07-13 15:51:37,2026-07-12 15:35:22,,Đang trên bãi,8.0,Linehaul,BN HUB,Forecast
530868090103,LA ĐỨC HÒA,BN HUB,THN THÁI NGUYÊN,LA ĐỨC HÒA,2026-07-13 19:30:39,2026-07-13 15:51:53,2026-07-12 20:05:19,,Đang trên bãi,7.5,Linehaul,BN HUB,Forecast
530431090103,LA ĐỨC HÒA,BN HUB,HN ĐÔNG ANH,LA ĐỨC HÒA,2026-07-13 19:30:38,2026-07-13 15:48:30,2026-07-12 12:05:20,,Đang trên bãi,7.0,Linehaul,BN HUB,Forecast
530189410104,SG CỦ CHI,SG THỦ ĐỨC,SG THỦ ĐỨC,SG CỦ CHI,2026-07-13 19:30:38,2026-07-13 15:20:04,2026-07-13 13:03:12,,Đang trên bãi,5.4,Shuttle,FC,Forecast
530714930104,SG CỦ CHI,AG TÂN CHÂU,AG TÂN CHÂU,SG CỦ CHI,2026-07-13 19:30:36,2026-07-13 14:31:27,2026-07-13 10:05:23,,Đang trên bãi,5.4,Shuttle,FC,Forecast
530946300104,LA ĐỨC HÒA,BN HUB,THN THÁI NGUYÊN,LA ĐỨC HÒA,2026-07-13 19:30:34,2026-07-13 15:47:57,2026-07-11 21:55:20,,Đang trên bãi,8.0,Linehaul,BN HUB,Forecast
530388880103,LA ĐỨC HÒA,BN HUB,THN THÁI NGUYÊN,LA ĐỨC HÒA,2026-07-13 19:30:33,2026-07-13 15:50:19,2026-07-11 22:00:19,,Đang trên bãi,8.0,Linehaul,BN HUB,Forecast
530706930104,SG CỦ CHI,LA BẾN LỨC,LA BẾN LỨC,SG CỦ CHI,2026-07-13 19:30:32,2026-07-13 14:31:26,2026-07-13 10:05:23,,Đang trên bãi,6.41,Shuttle,FC,Forecast
530333100104,LA ĐỨC HÒA,BN HUB,HN CẦU GIẤY,LA ĐỨC HÒA,2026-07-13 19:30:31,2026-07-13 15:50:29,2026-07-11 19:35:22,,Đang trên bãi,9.9,Linehaul,BN HUB,Forecast
530529900104,LA ĐỨC HÒA,BN HUB,THN THÁI NGUYÊN,LA ĐỨC HÒA,2026-07-13 19:30:31,2026-07-13 15:47:17,2026-07-11 21:45:18,,Đang trên bãi,6.6,Linehaul,BN HUB,Forecast
530977720104,SG CỦ CHI,SG BÌNH LỢI,SG BÌNH LỢI,SG CỦ CHI,2026-07-13 19:30:29,2026-07-13 15:19:42,2026-07-13 10:03:39,,Đang trên bãi,5.4,Shuttle,FC,Forecast
530010810104,SG CỦ CHI,DT TN,DT TN,SG CỦ CHI,2026-07-13 19:30:29,2026-07-13 14:31:35,2026-07-13 10:05:22,,Đang trên bãi,5.7,Shuttle,FC,Forecast
530376690103,SG CỦ CHI,SG TÂN HƯNG,SG TÂN HƯNG,SG CỦ CHI,2026-07-13 19:30:25,2026-07-13 14:31:10,2026-07-13 05:46:19,,Đang trên bãi,5.4,Shuttle,FC,Forecast
530227110104,LA ĐỨC HÒA,BN HUB,VP VĨNH TƯỜNG,LA ĐỨC HÒA,2026-07-13 19:30:23,2026-07-13 15:46:53,2026-07-12 11:35:20,,Đang trên bãi,11.0,Linehaul,BN HUB,Forecast
530244890103,LA ĐỨC HÒA,BN HUB,THN THÁI NGUYÊN,LA ĐỨC HÒA,2026-07-13 19:30:23,2026-07-13 15:50:32,2026-07-12 20:00:27,,Đang trên bãi,5.4,Linehaul,BN HUB,Forecast
530762210104,SG CỦ CHI,SG CỦ CHI,SG CỦ CHI,SG CỦ CHI,2026-07-13 19:30:23,2026-07-13 15:19:54,2026-07-13 13:07:50,,Đang trên bãi,5.4,Shuttle,FC,Forecast
530503940104,LA ĐỨC HÒA,BN HUB,THN THÁI NGUYÊN,LA ĐỨC HÒA,2026-07-13 19:30:23,2026-07-13 15:53:59,2026-07-13 14:31:26,,Đang trên bãi,8.9,Linehaul,BN HUB,Forecast
530076530104,SG CỦ CHI,3PL,SETN,SG CỦ CHI,2026-07-13 19:30:19,2026-07-13 15:12:58,2026-07-13 11:16:10,,Đang trên bãi,8.0,Shuttle,3PL,Forecast
530972890103,LA ĐỨC HÒA,BN HUB,THN THÁI NGUYÊN,LA ĐỨC HÒA,2026-07-13 19:30:18,2026-07-13 15:51:56,2026-07-12 20:00:27,,Đang trên bãi,9.0,Linehaul,BN HUB,Forecast
530844810104,LA ĐỨC HÒA,BN HUB,HN ĐỐNG ĐA,LA ĐỨC HÒA,2026-07-13 19:30:18,2026-07-13 15:54:36,2026-07-13 12:15:20,,Đang trên bãi,5.39,Linehaul,BN HUB,Forecast
530500520104,SG CỦ CHI,SG THỦ ĐỨC,SG THỦ ĐỨC,SG CỦ CHI,2026-07-13 19:30:16,2026-07-13 14:31:10,2026-07-13 05:46:20,,Đang trên bãi,5.4,Shuttle,FC,Forecast
530059210104,SG CỦ CHI,LA TÂN AN,LA TÂN AN,SG CỦ CHI,2026-07-13 19:30:16,2026-07-13 15:12:15,2026-07-13 13:08:23,,Đang trên bãi,7.8,Shuttle,FC,Forecast
530233540104,LA ĐỨC HÒA,BN HUB,THN THÁI NGUYÊN,LA ĐỨC HÒA,2026-07-13 19:30:15,2026-07-13 15:53:54,2026-07-13 14:00:20,,Đang trên bãi,8.0,Linehaul,BN HUB,Forecast
530451090103,LA ĐỨC HÒA,SG PHÚ NHUẬN,SG PHÚ NHUẬN,LA ĐỨC HÒA,2026-07-13 19:30:12,2026-07-13 15:52:10,2026-07-13 09:11:53,,Đang trên bãi,11.0,Shuttle,FC,Forecast
530322010104,SG CỦ CHI,SG CHỢ LỚN,SG CHỢ LỚN,SG CỦ CHI,2026-07-13 19:30:12,2026-07-13 15:11:48,2026-07-13 10:03:39,,Đang trên bãi,8.5,Shuttle,FC,Forecast
530118330104,SG CỦ CHI,SG KHÁNH HỘI,SG KHÁNH HỘI,SG CỦ CHI,2026-07-13 19:30:11,2026-07-13 14:30:44,2026-07-13 10:05:59,,Đang trên bãi,5.7,Shuttle,FC,Forecast
530917930104,SG CỦ CHI,SG NHƠN ĐỨC,SG NHƠN ĐỨC,SG CỦ CHI,2026-07-13 19:30:07,2026-07-13 15:19:59,2026-07-13 11:46:34,,Đang trên bãi,5.4,Shuttle,FC,Forecast
530089730104,LA ĐỨC HÒA,BN HUB,THN THÁI NGUYÊN,LA ĐỨC HÒA,2026-07-13 19:30:06,2026-07-13 15:53:52,2026-07-13 14:00:20,,Đang trên bãi,8.0,Linehaul,BN HUB,Forecast
530740110104,LA ĐỨC HÒA,SG THỦ ĐỨC,SG THỦ ĐỨC,LA ĐỨC HÒA,2026-07-13 19:30:05,2026-07-13 15:47:43,2026-07-12 10:08:33,,Đang trên bãi,8.66,Shuttle,FC,Forecast
530423130104,SG CỦ CHI,SG BÀ ĐIỂM,SG BÀ ĐIỂM,SG CỦ CHI,2026-07-13 19:30:04,2026-07-13 15:20:06,2026-07-13 11:15:04,,Đang trên bãi,5.2,Shuttle,FC,Forecast
530620080103,LA ĐỨC HÒA,BN HUB,BG BẮC GIANG,LA ĐỨC HÒA,2026-07-13 19:30:02,2026-07-13 15:47:25,2026-07-12 08:37:36,,Đang trên bãi,9.33,Linehaul,BN HUB,Forecast
530646700104,LA ĐỨC HÒA,BN HUB,BN QUẾ VÕ,LA ĐỨC HÒA,2026-07-13 19:30:00,2026-07-13 15:48:27,2026-07-12 09:07:39,,Đang trên bãi,8.66,Linehaul,BN HUB,Forecast
530306140104,SG CỦ CHI,VT CHÂU ĐỨC,VT CHÂU ĐỨC,SG CỦ CHI,2026-07-13 19:30:00,2026-07-13 15:12:23,2026-07-13 13:07:06,,Đang trên bãi,7.8,Shuttle,FC,Forecast
530919700104,LA ĐỨC HÒA,BN HUB,HN BA ĐÌNH,LA ĐỨC HÒA,2026-07-13 19:29:56,2026-07-13 15:47:15,2026-07-12 09:05:21,,Đang trên bãi,6.03,Linehaul,BN HUB,Forecast
530726810104,LA ĐỨC HÒA,DT TN,DT TN,LA ĐỨC HÒA,2026-07-13 19:29:56,2026-07-13 15:54:45,2026-07-13 10:45:26,,Đang trên bãi,6.0,Shuttle,FC,Forecast
530248130104,SG CỦ CHI,BD BÌNH HÒA,BD BÌNH HÒA,SG CỦ CHI,2026-07-13 19:29:53,2026-07-13 15:20:46,2026-07-13 11:58:10,,Đang trên bãi,6.41,Shuttle,FC,Forecast
530676730104,SG CỦ CHI,LA BẾN LỨC,LA BẾN LỨC,SG CỦ CHI,2026-07-13 19:29:51,2026-07-13 15:12:39,2026-07-13 11:45:57,,Đang trên bãi,7.8,Shuttle,FC,Forecast
530540130104,LA ĐỨC HÒA,CT NINH KIỀU,CT NINH KIỀU,LA ĐỨC HÒA,2026-07-13 19:29:51,2026-07-13 15:54:57,2026-07-13 12:27:26,,Đang trên bãi,8.66,Shuttle,FC,Forecast
530649930104,SG CỦ CHI,VT LONG ĐẤT,VT LONG ĐẤT,SG CỦ CHI,2026-07-13 19:29:50,2026-07-13 15:20:47,2026-07-13 13:07:06,,Đang trên bãi,6.41,Shuttle,FC,Forecast
530702220104,LA ĐỨC HÒA,BN HUB,THN THÁI NGUYÊN,LA ĐỨC HÒA,2026-07-13 19:29:48,2026-07-13 15:53:46,2026-07-13 14:31:26,,Đang trên bãi,8.9,Linehaul,BN HUB,Forecast
530868490103,LA ĐỨC HÒA,BN HUB,HD KINH MÔN,LA ĐỨC HÒA,2026-07-13 19:29:47,2026-07-13 15:52:07,2026-07-13 09:13:47,,Đang trên bãi,11.0,Linehaul,BN HUB,Forecast
530554610104,SG CỦ CHI,SG BÌNH LỢI TRUNG,SG BÌNH LỢI TRUNG,SG CỦ CHI,2026-07-13 19:29:47,2026-07-13 15:12:26,2026-07-13 13:06:33,,Đang trên bãi,7.8,Shuttle,FC,Forecast
530164490103,LA ĐỨC HÒA,SG AN LẠC,SG AN LẠC,LA ĐỨC HÒA,2026-07-13 19:29:45,2026-07-13 15:48:20,2026-07-13 08:50:25,,Đang trên bãi,9.33,Shuttle,FC,Forecast
530554210104,SG CỦ CHI,SG THỦ ĐỨC,SG THỦ ĐỨC,SG CỦ CHI,2026-07-13 19:29:43,2026-07-13 15:12:24,2026-07-13 13:04:36,,Đang trên bãi,7.8,Shuttle,FC,Forecast
530324410104,LA ĐỨC HÒA,BN HUB,THN PHÚ LƯƠNG,LA ĐỨC HÒA,2026-07-13 19:29:42,2026-07-13 15:52:03,2026-07-13 11:14:47,,Đang trên bãi,11.0,Linehaul,BN HUB,Forecast
530141410104,SG CỦ CHI,AG TÂN CHÂU,AG TÂN CHÂU,SG CỦ CHI,2026-07-13 19:29:41,2026-07-13 15:20:36,2026-07-13 11:58:10,,Đang trên bãi,5.89,Shuttle,FC,Forecast
530686610104,LA ĐỨC HÒA,BN HUB,THN THÁI NGUYÊN,LA ĐỨC HÒA,2026-07-13 19:29:41,2026-07-13 15:54:18,2026-07-13 14:31:31,,Đang trên bãi,8.9,Linehaul,BN HUB,Forecast
530593720104,SG CỦ CHI,AG TÂN CHÂU,AG TÂN CHÂU,SG CỦ CHI,2026-07-13 19:29:38,2026-07-13 15:20:05,2026-07-13 10:03:39,,Đang trên bãi,5.4,Shuttle,FC,Forecast
530389730104,LA ĐỨC HÒA,BN HUB,THN THÁI NGUYÊN,LA ĐỨC HÒA,2026-07-13 19:29:38,2026-07-13 15:54:01,2026-07-13 14:05:33,,Đang trên bãi,8.9,Linehaul,BN HUB,Forecast
530952290103,LA ĐỨC HÒA,BN HUB,HN VĨNH TUY,LA ĐỨC HÒA,2026-07-13 19:29:37,2026-07-13 15:51:22,2026-07-13 09:13:01,,Đang trên bãi,11.0,Linehaul,BN HUB,Forecast
530072410104,SG CỦ CHI,LA ĐỨC HÒA,LA ĐỨC HÒA,SG CỦ CHI,2026-07-13 19:29:37,2026-07-13 15:12:41,2026-07-13 11:58:51,,Đang trên bãi,7.8,Shuttle,FC,Forecast
530905090103,LA ĐỨC HÒA,SG ĐÔNG HƯNG THUẬN,SG ĐÔNG HƯNG THUẬN,LA ĐỨC HÒA,2026-07-13 19:29:33,2026-07-13 15:50:23,2026-07-12 16:35:07,,Đang trên bãi,11.0,Shuttle,FC,Forecast
530658810104,SG CỦ CHI,SG CHỢ LỚN,SG CHỢ LỚN,SG CỦ CHI,2026-07-13 19:29:32,2026-07-13 15:19:29,2026-07-13 13:04:36,,Đang trên bãi,5.4,Shuttle,FC,Forecast
530514220104,LA ĐỨC HÒA,BN HUB,THN THÁI NGUYÊN,LA ĐỨC HÒA,2026-07-13 19:29:31,2026-07-13 15:54:08,2026-07-13 14:31:32,,Đang trên bãi,8.9,Linehaul,BN HUB,Forecast
530729300104,LA ĐỨC HÒA,BN HUB,THN THÁI NGUYÊN,LA ĐỨC HÒA,2026-07-13 19:29:30,2026-07-13 15:47:21,2026-07-11 21:55:20,,Đang trên bãi,8.0,Linehaul,BN HUB,Forecast
530729530104,SG CỦ CHI,SG PHÚ NHUẬN,SG PHÚ NHUẬN,SG CỦ CHI,2026-07-13 19:29:28,2026-07-13 15:32:43,2026-07-13 11:14:55,,Đang trên bãi,9.51,Shuttle,FC,Forecast
530546930104,SG CỦ CHI,SG BÌNH TRỊ ĐÔNG,SG BÌNH TRỊ ĐÔNG,SG CỦ CHI,2026-07-13 19:29:26,2026-07-13 15:11:46,2026-07-13 11:57:47,,Đang trên bãi,8.5,Shuttle,FC,Forecast
530682610104,LA ĐỨC HÒA,BN HUB,THN THÁI NGUYÊN,LA ĐỨC HÒA,2026-07-13 19:29:26,2026-07-13 15:54:22,2026-07-13 14:05:32,,Đang trên bãi,8.9,Linehaul,BN HUB,Forecast
530218740104,LA ĐỨC HÒA,BN HUB,THN THÁI NGUYÊN,LA ĐỨC HÒA,2026-07-13 19:29:26,2026-07-13 15:55:01,2026-07-13 14:10:23,,Đang trên bãi,8.9,Linehaul,BN HUB,Forecast
530206140104,SG CỦ CHI,SG XUÂN HÒA,SG XUÂN HÒA,SG CỦ CHI,2026-07-13 19:29:25,2026-07-13 15:12:25,2026-07-13 13:05:14,,Đang trên bãi,7.8,Shuttle,FC,Forecast
530238210104,SG CỦ CHI,SG THỦ ĐỨC,SG THỦ ĐỨC,SG CỦ CHI,2026-07-13 19:29:22,2026-07-13 15:11:45,2026-07-13 11:16:10,,Đang trên bãi,8.5,Shuttle,FC,Forecast
530611340104,LA ĐỨC HÒA,BN HUB,THN THÁI NGUYÊN,LA ĐỨC HÒA,2026-07-13 19:29:20,2026-07-13 15:55:03,2026-07-13 14:31:23,,Đang trên bãi,8.9,Linehaul,BN HUB,Forecast
530208510104,LA ĐỨC HÒA,SG BÌNH TÂN,SG BÌNH TÂN,LA ĐỨC HÒA,2026-07-13 19:29:18,2026-07-13 15:46:50,2026-07-12 09:07:26,,Đang trên bãi,11.0,Shuttle,FC,Forecast
530431730104,SG CỦ CHI,BD BÌNH HÒA,BD BÌNH HÒA,SG CỦ CHI,2026-07-13 19:29:18,2026-07-13 15:11:40,2026-07-13 11:57:48,,Đang trên bãi,8.5,Shuttle,FC,Forecast
530599410104,LA ĐỨC HÒA,BN HUB,THN THÁI NGUYÊN,LA ĐỨC HÒA,2026-07-13 19:29:16,2026-07-13 16:13:45,2026-07-13 14:20:30,,Đang trên bãi,8.9,Linehaul,BN HUB,Forecast
530749530104,SG CỦ CHI,SG KHÁNH HỘI,SG KHÁNH HỘI,SG CỦ CHI,2026-07-13 19:29:15,2026-07-13 15:12:19,2026-07-13 13:07:50,,Đang trên bãi,7.8,Shuttle,FC,Forecast
530632480103,LA ĐỨC HÒA,TG TRUNG AN,TG TRUNG AN,LA ĐỨC HÒA,2026-07-13 19:29:13,2026-07-13 15:53:33,2026-07-12 09:11:45,,Đang trên bãi,11.0,Shuttle,FC,Forecast
530225930104,LA ĐỨC HÒA,3PL,SETN,LA ĐỨC HÒA,2026-07-13 19:29:13,2026-07-13 15:54:48,2026-07-13 12:27:25,,Đang trên bãi,9.33,Shuttle,3PL,Forecast
530672130104,SG CỦ CHI,SG CHỢ LỚN,SG CHỢ LỚN,SG CỦ CHI,2026-07-13 19:29:12,2026-07-13 15:12:16,2026-07-13 13:07:50,,Đang trên bãi,7.8,Shuttle,FC,Forecast
530046530104,SG CỦ CHI,BD BÌNH HÒA,BD BÌNH HÒA,SG CỦ CHI,2026-07-13 19:29:11,2026-07-13 15:11:49,2026-07-13 11:16:10,,Đang trên bãi,8.5,Shuttle,FC,Forecast
530405710104,LA ĐỨC HÒA,BN HUB,BN YÊN PHONG,LA ĐỨC HÒA,2026-07-13 19:29:09,2026-07-13 15:48:41,2026-07-12 12:05:41,,Đang trên bãi,18.98,Linehaul,BN HUB,Forecast
530511010104,LA ĐỨC HÒA,BD DĨ AN,BD DĨ AN,LA ĐỨC HÒA,2026-07-13 19:29:09,2026-07-13 15:04:11,2026-07-13 10:53:53,,Đang trên bãi,12.5,Shuttle,FC,Forecast
530857330104,SG CỦ CHI,SG NHƠN ĐỨC,SG NHƠN ĐỨC,SG CỦ CHI,2026-07-13 19:29:08,2026-07-13 15:13:44,2026-07-13 13:07:50,,Đang trên bãi,8.49,Shuttle,FC,Forecast
530252610104,LA ĐỨC HÒA,SG TÂN THỚI HIỆP,SG TÂN THỚI HIỆP,LA ĐỨC HÒA,2026-07-13 19:29:04,2026-07-13 15:03:56,2026-07-13 12:51:51,,Đang trên bãi,12.5,Shuttle,FC,Forecast
530038740104,LA ĐỨC HÒA,BN HUB,THN THÁI NGUYÊN,LA ĐỨC HÒA,2026-07-13 19:29:03,2026-07-13 15:54:31,2026-07-13 14:31:26,,Đang trên bãi,8.9,Linehaul,BN HUB,Forecast
530814930104,SG CỦ CHI,SG TÂN TẠO,SG TÂN TẠO,SG CỦ CHI,2026-07-13 19:29:02,2026-07-13 15:14:08,2026-07-13 10:11:28,,Đang trên bãi,8.49,Shuttle,FC,Forecast
530431610104,SG CỦ CHI,SG TÂN HƯNG,SG TÂN HƯNG,SG CỦ CHI,2026-07-13 19:29:02,2026-07-13 15:12:40,2026-07-13 11:58:51,,Đang trên bãi,7.8,Shuttle,FC,Forecast
530106940104,SG CỦ CHI,SG GÒ VẤP,SG GÒ VẤP,SG CỦ CHI,2026-07-13 19:29:01,2026-07-13 15:12:48,2026-07-13 13:04:36,,Đang trên bãi,8.0,Shuttle,FC,Forecast
530788410104,LA ĐỨC HÒA,SG THỦ ĐỨC,SG THỦ ĐỨC,LA ĐỨC HÒA,2026-07-13 19:29:00,2026-07-13 15:53:48,2026-07-13 14:11:26,,Đang trên bãi,6.61,Shuttle,FC,Forecast
530042700104,LA ĐỨC HÒA,BN HUB,HN THUẬN AN,LA ĐỨC HÒA,2026-07-13 19:28:58,2026-07-13 15:53:21,2026-07-11 18:36:09,,Đang trên bãi,9.33,Linehaul,BN HUB,Forecast
530808220104,SG CỦ CHI,SG THỦ ĐỨC,SG THỦ ĐỨC,SG CỦ CHI,2026-07-13 19:28:56,2026-07-13 15:31:52,2026-07-13 15:15:35,,Đang trên bãi,9.8,Shuttle,FC,Forecast
530504940104,SG CỦ CHI,SG TÂN HƯNG,SG TÂN HƯNG,SG CỦ CHI,2026-07-13 19:28:55,2026-07-13 15:31:53,2026-07-13 14:00:13,,Đang trên bãi,9.8,Shuttle,FC,Forecast
530941610104,LA ĐỨC HÒA,SG THỦ ĐỨC,SG THỦ ĐỨC,LA ĐỨC HÒA,2026-07-13 19:28:53,2026-07-13 15:04:06,2026-07-13 12:51:50,,Đang trên bãi,12.5,Shuttle,FC,Forecast
530209740104,LA ĐỨC HÒA,BN HUB,THN THÁI NGUYÊN,LA ĐỨC HÒA,2026-07-13 19:28:52,2026-07-13 16:13:26,2026-07-13 14:37:14,,Đang trên bãi,8.9,Linehaul,BN HUB,Forecast
530520940104,LA ĐỨC HÒA,BN HUB,THN THÁI NGUYÊN,LA ĐỨC HÒA,2026-07-13 19:28:48,2026-07-13 16:13:34,2026-07-13 14:25:21,,Đang trên bãi,8.9,Linehaul,BN HUB,Forecast
530526140104,LA ĐỨC HÒA,BN HUB,THN THÁI NGUYÊN,LA ĐỨC HÒA,2026-07-13 19:28:48,2026-07-13 16:13:17,2026-07-13 14:31:31,,Đang trên bãi,8.9,Linehaul,BN HUB,Forecast
530078330104,SG CỦ CHI,SG BÀ ĐIỂM,SG BÀ ĐIỂM,SG CỦ CHI,2026-07-13 19:28:45,2026-07-13 15:12:46,2026-07-13 13:05:55,,Đang trên bãi,8.0,Shuttle,FC,Forecast
530814020104,LA ĐỨC HÒA,BN HUB,THN THÁI NGUYÊN,LA ĐỨC HÒA,2026-07-13 19:28:44,2026-07-13 16:13:37,2026-07-13 14:37:15,,Đang trên bãi,8.9,Linehaul,BN HUB,Forecast
530803340104,LA ĐỨC HÒA,BN HUB,THN THÁI NGUYÊN,LA ĐỨC HÒA,2026-07-13 19:28:44,2026-07-13 16:13:21,2026-07-13 14:37:23,,Đang trên bãi,8.9,Linehaul,BN HUB,Forecast
530664490103,LA ĐỨC HÒA,CT Ô MÔN,CT Ô MÔN,LA ĐỨC HÒA,2026-07-13 19:28:40,2026-07-13 15:49:11,2026-07-13 09:11:16,,Đang trên bãi,20.26,Shuttle,FC,Forecast
530763410104,LA ĐỨC HÒA,BN HUB,HP AN DƯƠNG,LA ĐỨC HÒA,2026-07-13 19:28:40,2026-07-13 16:13:13,2026-07-13 13:50:29,,Đang trên bãi,8.0,Linehaul,BN HUB,Forecast
530832610104,SG CỦ CHI,3PL,SETN,SG CỦ CHI,2026-07-13 19:28:37,2026-07-13 15:13:46,2026-07-13 11:46:06,,Đang trên bãi,8.49,Shuttle,3PL,Forecast
530688290103,LA ĐỨC HÒA,SG HÓC MÔN,SG HÓC MÔN,LA ĐỨC HÒA,2026-07-13 19:28:36,2026-07-13 11:41:32,2026-07-13 07:12:46,,Đang trên bãi,8.0,Shuttle,FC,Forecast
530919330104,LA ĐỨC HÒA,SG BẢY HIỀN,SG BẢY HIỀN,LA ĐỨC HÒA,2026-07-13 19:28:36,2026-07-13 15:04:03,2026-07-13 11:40:59,,Đang trên bãi,5.1,Shuttle,FC,Forecast
530730810104,SG CỦ CHI,CT NINH KIỀU,CT NINH KIỀU,SG CỦ CHI,2026-07-13 19:28:34,2026-07-13 15:12:56,2026-07-13 11:16:10,,Đang trên bãi,8.0,Shuttle,FC,Forecast
530368940104,LA ĐỨC HÒA,CT NINH KIỀU,CT NINH KIỀU,LA ĐỨC HÒA,2026-07-13 19:28:33,2026-07-13 16:45:54,2026-07-13 16:35:56,,Đang trên bãi,8.66,Shuttle,FC,Forecast
530968300104,LA ĐỨC HÒA,BN HUB,HN TÂY HỒ,LA ĐỨC HÒA,2026-07-13 19:28:30,2026-07-13 15:47:06,2026-07-12 09:40:18,,Đang trên bãi,13.5,Linehaul,BN HUB,Forecast
530288400104,LA ĐỨC HÒA,DT SA ĐÉC,DT SA ĐÉC,LA ĐỨC HÒA,2026-07-13 19:28:30,2026-07-13 15:04:15,2026-07-13 08:18:59,,Đang trên bãi,16.0,Shuttle,FC,Forecast
530578690103,LA ĐỨC HÒA,SG THỦ ĐỨC,SG THỦ ĐỨC,LA ĐỨC HÒA,2026-07-13 19:28:28,2026-07-13 13:24:09,2026-07-13 05:59:31,,Đang trên bãi,11.26,Shuttle,FC,Forecast
530795330104,LA ĐỨC HÒA,BN HUB,THN THÁI NGUYÊN,LA ĐỨC HÒA,2026-07-13 19:28:26,2026-07-13 16:21:13,2026-07-13 14:10:23,,Đang trên bãi,8.9,Linehaul,BN HUB,Forecast
530399010104,LA ĐỨC HÒA,BN HUB,THN THÁI NGUYÊN,LA ĐỨC HÒA,2026-07-13 19:28:24,2026-07-13 16:21:41,2026-07-13 14:10:23,,Đang trên bãi,8.9,Linehaul,BN HUB,Forecast
530034730104,SG CỦ CHI,CT NINH KIỀU,CT NINH KIỀU,SG CỦ CHI,2026-07-13 19:28:23,2026-07-13 15:20:07,2026-07-13 10:52:20,,Đang trên bãi,5.4,Shuttle,FC,Forecast
530288200104,LA ĐỨC HÒA,SG BÌNH LỢI TRUNG,SG BÌNH LỢI TRUNG,LA ĐỨC HÒA,2026-07-13 19:28:21,2026-07-13 15:04:01,2026-07-13 08:18:57,,Đang trên bãi,5.1,Shuttle,FC,Forecast
530539330104,LA ĐỨC HÒA,VL VĨNH LONG,VL VĨNH LONG,LA ĐỨC HÒA,2026-07-13 19:28:18,2026-07-13 11:50:46,2026-07-13 10:18:45,,Đang trên bãi,7.0,Shuttle,FC,Forecast
530626220104,LA ĐỨC HÒA,DT TN,DT TN,LA ĐỨC HÒA,2026-07-13 19:28:18,2026-07-13 16:45:50,2026-07-13 16:35:47,,Đang trên bãi,12.8,Shuttle,FC,Forecast
530858210104,SG CỦ CHI,VL VĨNH LONG,VL VĨNH LONG,SG CỦ CHI,2026-07-13 19:28:17,2026-07-13 15:12:47,2026-07-13 13:05:54,,Đang trên bãi,8.0,Shuttle,FC,Forecast
530918540104,LA ĐỨC HÒA,BN HUB,THN THÁI NGUYÊN,LA ĐỨC HÒA,2026-07-13 19:28:15,2026-07-13 15:54:13,2026-07-13 14:31:32,,Đang trên bãi,8.9,Linehaul,BN HUB,Forecast
530706610104,SG CỦ CHI,AG THOẠI SƠN,AG THOẠI SƠN,SG CỦ CHI,2026-07-13 19:28:14,2026-07-13 15:13:07,2026-07-13 10:06:44,,Đang trên bãi,8.0,Shuttle,FC,Forecast
530910340104,LA ĐỨC HÒA,BN HUB,THN THÁI NGUYÊN,LA ĐỨC HÒA,2026-07-13 19:28:11,2026-07-13 16:21:39,2026-07-13 14:05:31,,Đang trên bãi,8.9,Linehaul,BN HUB,Forecast
530330410104,SG CỦ CHI,AG THOẠI SƠN,AG THOẠI SƠN,SG CỦ CHI,2026-07-13 19:28:10,2026-07-13 15:13:01,2026-07-13 10:52:19,,Đang trên bãi,8.0,Shuttle,FC,Forecast
530779290103,LA ĐỨC HÒA,SG KHÁNH HỘI,SG KHÁNH HỘI,LA ĐỨC HÒA,2026-07-13 19:28:09,2026-07-13 11:47:13,2026-07-13 07:10:45,,Đang trên bãi,6.0,Shuttle,FC,Forecast
530806820104,LA ĐỨC HÒA,BN HUB,THN THÁI NGUYÊN,LA ĐỨC HÒA,2026-07-13 19:28:08,2026-07-13 16:44:28,2026-07-13 14:10:23,,Đang trên bãi,8.9,Linehaul,BN HUB,Forecast
530069730104,SG CỦ CHI,TG TRUNG AN,TG TRUNG AN,SG CỦ CHI,2026-07-13 19:28:07,2026-07-13 15:12:59,2026-07-13 11:15:36,,Đang trên bãi,8.0,Shuttle,FC,Forecast
530011740104,LA ĐỨC HÒA,BN HUB,THN THÁI NGUYÊN,LA ĐỨC HÒA,2026-07-13 19:28:06,2026-07-13 16:21:29,2026-07-13 14:10:23,,Đang trên bãi,8.9,Linehaul,BN HUB,Forecast
530001120104,LA ĐỨC HÒA,LA TÂN AN,LA TÂN AN,LA ĐỨC HÒA,2026-07-13 19:28:05,2026-07-13 13:24:03,2026-07-13 06:11:47,,Đang trên bãi,5.63,Shuttle,FC,Forecast
530423530104,SG CỦ CHI,DT SA ĐÉC,DT SA ĐÉC,SG CỦ CHI,2026-07-13 19:28:01,2026-07-13 15:12:55,2026-07-13 11:16:10,,Đang trên bãi,8.0,Shuttle,FC,Forecast
530148010104,LA ĐỨC HÒA,BN HUB,BG BẮC GIANG,LA ĐỨC HÒA,2026-07-13 19:28:01,2026-07-13 13:24:52,2026-07-13 11:50:20,,Đang trên bãi,5.63,Linehaul,BN HUB,Forecast
530497530104,LA ĐỨC HÒA,BN HUB,THN THÁI NGUYÊN,LA ĐỨC HÒA,2026-07-13 19:28:01,2026-07-13 16:21:23,2026-07-13 14:10:23,,Đang trên bãi,8.9,Linehaul,BN HUB,Forecast
530924920104,LA ĐỨC HÒA,AG CẦN ĐĂNG,AG CẦN ĐĂNG,LA ĐỨC HÒA,2026-07-13 19:27:58,2026-07-13 11:46:26,2026-07-13 07:10:45,,Đang trên bãi,6.0,Shuttle,FC,Forecast
530638010104,LA ĐỨC HÒA,BN HUB,HN THƯỜNG TÍN,LA ĐỨC HÒA,2026-07-13 19:27:58,2026-07-13 13:24:55,2026-07-13 11:50:20,,Đang trên bãi,5.63,Linehaul,BN HUB,Forecast
530650120104,LA ĐỨC HÒA,SG HIỆP BÌNH,SG HIỆP BÌNH,LA ĐỨC HÒA,2026-07-13 19:27:55,2026-07-13 11:41:26,2026-07-13 07:22:46,,Đang trên bãi,10.5,Shuttle,FC,Forecast
530901210104,SG CỦ CHI,SG TÂN HƯNG,SG TÂN HƯNG,SG CỦ CHI,2026-07-13 19:27:55,2026-07-13 15:13:01,2026-07-13 10:52:57,,Đang trên bãi,8.0,Shuttle,FC,Forecast
530512140104,LA ĐỨC HÒA,BN HUB,THN THÁI NGUYÊN,LA ĐỨC HÒA,2026-07-13 19:27:53,2026-07-13 16:21:34,2026-07-13 14:10:23,,Đang trên bãi,8.9,Linehaul,BN HUB,Forecast
530822940104,LA ĐỨC HÒA,BN HUB,THN THÁI NGUYÊN,LA ĐỨC HÒA,2026-07-13 19:27:52,2026-07-13 16:13:30,2026-07-13 14:37:42,,Đang trên bãi,8.9,Linehaul,BN HUB,Forecast
530506620104,LA ĐỨC HÒA,CT Ô MÔN,CT Ô MÔN,LA ĐỨC HÒA,2026-07-13 19:27:50,2026-07-13 16:21:37,2026-07-13 14:05:32,,Đang trên bãi,9.5,Shuttle,FC,Forecast
530622140104,LA ĐỨC HÒA,BN HUB,THN THÁI NGUYÊN,LA ĐỨC HÒA,2026-07-13 19:27:49,2026-07-13 16:13:08,2026-07-13 14:31:31,,Đang trên bãi,8.9,Linehaul,BN HUB,Forecast
530502220104,LA ĐỨC HÒA,BN HUB,THN THÁI NGUYÊN,LA ĐỨC HÒA,2026-07-13 19:27:46,2026-07-13 16:13:40,2026-07-13 14:25:25,,Đang trên bãi,8.9,Linehaul,BN HUB,Forecast
530422490103,LA ĐỨC HÒA,DT CAO LÃNH,DT CAO LÃNH,LA ĐỨC HÒA,2026-07-13 19:27:45,2026-07-13 11:45:17,2026-07-12 13:35:01,,Đang trên bãi,8.0,Shuttle,FC,Forecast
530115720104,LA ĐỨC HÒA,SG ĐÔNG HƯNG THUẬN,SG ĐÔNG HƯNG THUẬN,LA ĐỨC HÒA,2026-07-13 19:27:44,2026-07-13 11:43:38,2026-07-13 07:12:47,,Đang trên bãi,8.0,Shuttle,FC,Forecast
530681290103,LA ĐỨC HÒA,SG BẢY HIỀN,SG BẢY HIỀN,LA ĐỨC HÒA,2026-07-13 19:27:43,2026-07-13 11:47:14,2026-07-13 07:10:46,,Đang trên bãi,6.0,Shuttle,FC,Forecast
530053120104,LA ĐỨC HÒA,SG PHÚ NHUẬN,SG PHÚ NHUẬN,LA ĐỨC HÒA,2026-07-13 19:27:42,2026-07-13 11:44:22,2026-07-13 07:46:45,,Đang trên bãi,7.5,Shuttle,FC,Forecast
530047800104,LA ĐỨC HÒA,BD DĨ AN,BD DĨ AN,LA ĐỨC HÒA,2026-07-13 19:27:38,2026-07-13 15:03:50,2026-07-13 08:18:58,,Đang trên bãi,5.1,Shuttle,FC,Forecast
530791530104,LA ĐỨC HÒA,BN HUB,THN THÁI NGUYÊN,LA ĐỨC HÒA,2026-07-13 19:27:38,2026-07-13 16:21:19,2026-07-13 14:10:23,,Đang trên bãi,8.9,Linehaul,BN HUB,Forecast
530200400104,LA ĐỨC HÒA,AG TÂN CHÂU,AG TÂN CHÂU,LA ĐỨC HÒA,2026-07-13 19:27:35,2026-07-13 11:46:22,2026-07-13 07:10:46,,Đang trên bãi,6.0,Shuttle,FC,Forecast
530967210104,LA ĐỨC HÒA,TG GÒ CÔNG,TG GÒ CÔNG,LA ĐỨC HÒA,2026-07-13 19:27:34,2026-07-13 15:03:47,2026-07-13 13:58:59,,Đang trên bãi,12.5,Shuttle,FC,Forecast
530692490103,LA ĐỨC HÒA,DT SA ĐÉC,DT SA ĐÉC,LA ĐỨC HÒA,2026-07-13 19:27:33,2026-07-13 11:46:52,2026-07-13 07:10:46,,Đang trên bãi,6.0,Shuttle,FC,Forecast
530932120104,LA ĐỨC HÒA,BD DĨ AN,BD DĨ AN,LA ĐỨC HÒA,2026-07-13 19:27:31,2026-07-13 13:23:34,2026-07-13 06:11:47,,Đang trên bãi,5.63,Shuttle,FC,Forecast
530807120104,LA ĐỨC HÒA,BD BẾN CÁT,BD BẾN CÁT,LA ĐỨC HÒA,2026-07-13 19:27:29,2026-07-13 11:44:24,2026-07-13 07:10:46,,Đang trên bãi,6.0,Shuttle,FC,Forecast
530134730104,LA ĐỨC HÒA,BD DĨ AN,BD DĨ AN,LA ĐỨC HÒA,2026-07-13 19:27:28,2026-07-13 15:03:52,2026-07-13 10:53:52,,Đang trên bãi,12.5,Shuttle,FC,Forecast
530424290103,LA ĐỨC HÒA,BD BÌNH HÒA,BD BÌNH HÒA,LA ĐỨC HÒA,2026-07-13 19:27:27,2026-07-13 11:41:51,2026-07-12 13:41:46,,Đang trên bãi,8.7,Shuttle,FC,Forecast
530918120104,LA ĐỨC HÒA,SG ĐÔNG HƯNG THUẬN,SG ĐÔNG HƯNG THUẬN,LA ĐỨC HÒA,2026-07-13 19:27:25,2026-07-13 11:43:55,2026-07-13 07:13:11,,Đang trên bãi,7.5,Shuttle,FC,Forecast
530327540104,LA ĐỨC HÒA,TG GÒ CÔNG,TG GÒ CÔNG,LA ĐỨC HÒA,2026-07-13 19:27:25,2026-07-13 15:54:26,2026-07-13 15:07:00,,Đang trên bãi,8.0,Shuttle,FC,Forecast
530792290103,LA ĐỨC HÒA,SG THỦ ĐỨC,SG THỦ ĐỨC,LA ĐỨC HÒA,2026-07-13 19:27:23,2026-07-13 11:44:06,2026-07-13 07:13:46,,Đang trên bãi,6.0,Shuttle,FC,Forecast
530333530104,LA ĐỨC HÒA,VT CHÂU ĐỨC,VT CHÂU ĐỨC,LA ĐỨC HÒA,2026-07-13 19:27:22,2026-07-13 13:24:49,2026-07-13 11:50:20,,Đang trên bãi,8.19,Shuttle,FC,Forecast
530243400104,LA ĐỨC HÒA,SG TÂN HƯNG,SG TÂN HƯNG,LA ĐỨC HÒA,2026-07-13 19:27:20,2026-07-13 11:45:58,2026-07-13 07:46:45,,Đang trên bãi,6.0,Shuttle,FC,Forecast
530914530104,LA ĐỨC HÒA,SG BÀ ĐIỂM,SG BÀ ĐIỂM,LA ĐỨC HÒA,2026-07-13 19:27:20,2026-07-13 11:50:35,2026-07-13 10:18:46,,Đang trên bãi,10.0,Shuttle,FC,Forecast
530426320104,LA ĐỨC HÒA,BD BẾN CÁT,BD BẾN CÁT,LA ĐỨC HÒA,2026-07-13 19:27:17,2026-07-13 11:47:10,2026-07-13 07:10:47,,Đang trên bãi,6.0,Shuttle,FC,Forecast
530914730104,LA ĐỨC HÒA,BN HUB,PT PHÚ THỌ,LA ĐỨC HÒA,2026-07-13 19:27:15,2026-07-13 11:50:31,2026-07-13 10:18:52,,Đang trên bãi,7.5,Linehaul,BN HUB,Forecast
530877690103,LA ĐỨC HÒA,SG VĨNH LỘC,SG VĨNH LỘC,LA ĐỨC HÒA,2026-07-13 19:27:14,2026-07-13 11:46:25,2026-07-13 07:10:46,,Đang trên bãi,6.0,Shuttle,FC,Forecast
530803930104,SG CỦ CHI,SG BÌNH TÂN,SG BÌNH TÂN,SG CỦ CHI,2026-07-13 19:27:14,2026-07-13 15:18:39,2026-07-13 10:03:02,,Đang trên bãi,5.08,Shuttle,FC,Forecast
530926800104,LA ĐỨC HÒA,CT NINH KIỀU,CT NINH KIỀU,LA ĐỨC HÒA,2026-07-13 19:27:12,2026-07-13 11:44:38,2026-07-13 07:10:46,,Đang trên bãi,6.0,Shuttle,FC,Forecast
530927110104,LA ĐỨC HÒA,SG CỦ CHI,SG CỦ CHI,LA ĐỨC HÒA,2026-07-13 19:27:10,2026-07-13 11:42:00,2026-07-12 13:09:00,,Đang trên bãi,8.7,Shuttle,FC,Forecast
530222720104,LA ĐỨC HÒA,SG TÂN HƯNG,SG TÂN HƯNG,LA ĐỨC HÒA,2026-07-13 19:27:09,2026-07-13 13:28:54,2026-07-13 06:11:47,,Đang trên bãi,7.05,Shuttle,FC,Forecast
530012400104,LA ĐỨC HÒA,VT VŨNG TÀU,VT VŨNG TÀU,LA ĐỨC HÒA,2026-07-13 19:27:07,2026-07-13 11:44:49,2026-07-13 07:17:46,,Đang trên bãi,6.0,Shuttle,FC,Forecast
530175510104,LA ĐỨC HÒA,SG NHƠN ĐỨC,SG NHƠN ĐỨC,LA ĐỨC HÒA,2026-07-13 19:27:05,2026-07-13 11:45:19,2026-07-12 13:44:47,,Đang trên bãi,8.0,Shuttle,FC,Forecast
530590690103,LA ĐỨC HÒA,3PL,SETN,LA ĐỨC HÒA,2026-07-13 19:27:05,2026-07-13 11:46:48,2026-07-13 07:10:46,,Đang trên bãi,6.0,Shuttle,3PL,Forecast
530467400104,SG CỦ CHI,SG BÀ ĐIỂM,SG BÀ ĐIỂM,SG CỦ CHI,2026-07-13 19:27:03,2026-07-13 15:18:02,2026-07-13 08:42:17,,Đang trên bãi,5.08,Shuttle,FC,Forecast
530692290103,LA ĐỨC HÒA,BD BÌNH HÒA,BD BÌNH HÒA,LA ĐỨC HÒA,2026-07-13 19:27:02,2026-07-13 11:46:04,2026-07-13 07:10:44,,Đang trên bãi,6.0,Shuttle,FC,Forecast
530188010104,LA ĐỨC HÒA,BD DĨ AN,BD DĨ AN,LA ĐỨC HÒA,2026-07-13 19:27:02,2026-07-13 13:24:13,2026-07-13 11:50:20,,Đang trên bãi,7.05,Shuttle,FC,Forecast
530230420104,LA ĐỨC HÒA,BN HUB,HD KINH MÔN,LA ĐỨC HÒA,2026-07-13 19:27:00,2026-07-13 17:59:11,2026-07-13 16:39:12,,Đang trên bãi,6.0,Linehaul,BN HUB,Forecast
530108320104,LA ĐỨC HÒA,BN HUB,BG BẮC GIANG,LA ĐỨC HÒA,2026-07-13 19:26:59,2026-07-13 13:24:30,2026-07-13 05:59:31,,Đang trên bãi,7.05,Linehaul,BN HUB,Forecast
530807610104,SG CỦ CHI,VL VĨNH LONG,VL VĨNH LONG,SG CỦ CHI,2026-07-13 19:26:59,2026-07-13 15:13:02,2026-07-13 10:51:42,,Đang trên bãi,8.0,Shuttle,FC,Forecast
530206320104,LA ĐỨC HÒA,CT Ô MÔN,CT Ô MÔN,LA ĐỨC HÒA,2026-07-13 19:26:58,2026-07-13 13:23:31,2026-07-13 05:59:31,,Đang trên bãi,5.63,Shuttle,FC,Forecast
530892130104,LA ĐỨC HÒA,BN HUB,THN THÁI NGUYÊN,LA ĐỨC HÒA,2026-07-13 19:26:56,2026-07-13 15:54:04,2026-07-13 14:00:20,,Đang trên bãi,8.0,Linehaul,BN HUB,Forecast
530425210104,SG CỦ CHI,LA BẾN LỨC,LA BẾN LỨC,SG CỦ CHI,2026-07-13 19:26:54,2026-07-13 15:18:08,2026-07-13 10:52:20,,Đang trên bãi,5.08,Shuttle,FC,Forecast
530946210104,LA ĐỨC HÒA,BD BẾN CÁT,BD BẾN CÁT,LA ĐỨC HÒA,2026-07-13 19:26:54,2026-07-13 15:04:10,2026-07-13 12:51:50,,Đang trên bãi,12.5,Shuttle,FC,Forecast
530658890103,LA ĐỨC HÒA,BD BẾN CÁT,BD BẾN CÁT,LA ĐỨC HÒA,2026-07-13 19:26:53,2026-07-13 13:23:55,2026-07-13 05:59:31,,Đang trên bãi,5.63,Shuttle,FC,Forecast
530296690103,LA ĐỨC HÒA,AG LONG XUYÊN,AG LONG XUYÊN,LA ĐỨC HÒA,2026-07-13 19:26:51,2026-07-13 11:43:53,2026-07-13 07:17:50,,Đang trên bãi,7.5,Shuttle,FC,Forecast
530803620104,LA ĐỨC HÒA,BN HUB,ND NAM ĐỊNH,LA ĐỨC HÒA,2026-07-13 19:26:51,2026-07-13 17:59:15,2026-07-13 15:29:32,,Đang trên bãi,6.0,Linehaul,BN HUB,Forecast
530674890103,LA ĐỨC HÒA,BD DĨ AN,BD DĨ AN,LA ĐỨC HÒA,2026-07-13 19:26:49,2026-07-13 13:23:51,2026-07-13 06:11:47,,Đang trên bãi,5.63,Shuttle,FC,Forecast
530508800104,LA ĐỨC HÒA,BD BẾN CÁT,BD BẾN CÁT,LA ĐỨC HÒA,2026-07-13 19:26:49,2026-07-13 11:42:53,2026-07-13 07:46:46,,Đang trên bãi,7.0,Shuttle,FC,Forecast
530991340104,LA ĐỨC HÒA,SG CỦ CHI,SG CỦ CHI,LA ĐỨC HÒA,2026-07-13 19:26:47,2026-07-13 17:59:07,2026-07-13 16:48:31,,Đang trên bãi,7.5,Shuttle,FC,Forecast
530690690103,LA ĐỨC HÒA,DT CAO LÃNH,DT CAO LÃNH,LA ĐỨC HÒA,2026-07-13 19:26:45,2026-07-13 11:45:00,2026-07-13 07:17:45,,Đang trên bãi,6.0,Shuttle,FC,Forecast
530779490103,LA ĐỨC HÒA,SG BÌNH LỢI,SG BÌNH LỢI,LA ĐỨC HÒA,2026-07-13 19:26:43,2026-07-13 11:45:01,2026-07-13 07:10:46,,Đang trên bãi,6.0,Shuttle,FC,Forecast
530984490103,LA ĐỨC HÒA,LA BẾN LỨC,LA BẾN LỨC,LA ĐỨC HÒA,2026-07-13 19:26:41,2026-07-13 11:42:38,2026-07-13 07:12:45,,Đang trên bãi,9.0,Shuttle,FC,Forecast
530692890103,LA ĐỨC HÒA,VT XUYÊN MỘC,VT XUYÊN MỘC,LA ĐỨC HÒA,2026-07-13 19:26:38,2026-07-13 11:41:54,2026-07-13 07:12:47,,Đang trên bãi,15.0,Shuttle,FC,Forecast
530180690103,LA ĐỨC HÒA,SG THỦ ĐỨC,SG THỦ ĐỨC,LA ĐỨC HÒA,2026-07-13 19:26:36,2026-07-13 13:26:27,2026-07-13 05:59:31,,Đang trên bãi,11.26,Shuttle,FC,Forecast
530367530104,LA ĐỨC HÒA,CT Ô MÔN,CT Ô MÔN,LA ĐỨC HÒA,2026-07-13 19:26:34,2026-07-13 11:47:30,2026-07-13 10:22:45,,Đang trên bãi,6.0,Shuttle,FC,Forecast
530685200104,LA ĐỨC HÒA,TG GÒ CÔNG,TG GÒ CÔNG,LA ĐỨC HÒA,2026-07-13 19:26:33,2026-07-13 15:03:53,2026-07-13 08:18:56,,Đang trên bãi,9.8,Shuttle,FC,Forecast
530903800104,LA ĐỨC HÒA,BD BÌNH HÒA,BD BÌNH HÒA,LA ĐỨC HÒA,2026-07-13 19:26:32,2026-07-13 13:24:06,2026-07-13 06:21:22,,Đang trên bãi,5.63,Shuttle,FC,Forecast
530976330104,SG CỦ CHI,SG THỦ ĐỨC,SG THỦ ĐỨC,SG CỦ CHI,2026-07-13 19:26:31,2026-07-13 15:13:45,2026-07-13 11:57:48,,Đang trên bãi,8.49,Shuttle,FC,Forecast
530473130104,LA ĐỨC HÒA,SG CỦ CHI,SG CỦ CHI,LA ĐỨC HÒA,2026-07-13 19:26:30,2026-07-13 18:00:21,2026-07-13 13:33:42,,Đang trên bãi,7.0,Shuttle,FC,Forecast
530877930104,LA ĐỨC HÒA,SG THỦ ĐỨC,SG THỦ ĐỨC,LA ĐỨC HÒA,2026-07-13 19:26:29,2026-07-13 15:03:59,2026-07-13 12:51:50,,Đang trên bãi,11.2,Shuttle,FC,Forecast
530171690103,LA ĐỨC HÒA,SG XUÂN HÒA,SG XUÂN HÒA,LA ĐỨC HÒA,2026-07-13 19:26:27,2026-07-13 11:41:41,2026-07-12 13:41:46,,Đang trên bãi,8.7,Shuttle,FC,Forecast
530584330104,LA ĐỨC HÒA,TG GÒ CÔNG,TG GÒ CÔNG,LA ĐỨC HÒA,2026-07-13 19:26:27,2026-07-13 17:59:52,2026-07-13 13:37:30,,Đang trên bãi,7.0,Shuttle,FC,Forecast
530852310104,LA ĐỨC HÒA,BD DĨ AN,BD DĨ AN,LA ĐỨC HÒA,2026-07-13 19:26:25,2026-07-13 11:42:40,2026-07-12 13:35:01,,Đang trên bãi,8.0,Shuttle,FC,Forecast
530866340104,LA ĐỨC HÒA,SG GÒ VẤP,SG GÒ VẤP,LA ĐỨC HÒA,2026-07-13 19:26:25,2026-07-13 17:59:31,2026-07-13 16:18:38,,Đang trên bãi,6.0,Shuttle,FC,Forecast
530879090103,LA ĐỨC HÒA,SG BÌNH LỢI TRUNG,SG BÌNH LỢI TRUNG,LA ĐỨC HÒA,2026-07-13 19:26:23,2026-07-13 11:42:50,2026-07-13 07:12:46,,Đang trên bãi,7.0,Shuttle,FC,Forecast
530503600104,LA ĐỨC HÒA,BN HUB,TB THÁI BÌNH,LA ĐỨC HÒA,2026-07-13 19:26:22,2026-07-13 13:23:48,2026-07-13 06:11:47,,Đang trên bãi,5.63,Linehaul,BN HUB,Forecast
530614810104,SG CỦ CHI,SG ĐÔNG HƯNG THUẬN,SG ĐÔNG HƯNG THUẬN,SG CỦ CHI,2026-07-13 19:26:22,2026-07-13 15:13:05,2026-07-13 10:03:01,,Đang trên bãi,8.0,Shuttle,FC,Forecast
530041610104,LA ĐỨC HÒA,SG TÂN HƯNG,SG TÂN HƯNG,LA ĐỨC HÒA,2026-07-13 19:26:20,2026-07-13 13:25:35,2026-07-13 11:50:20,,Đang trên bãi,6.5,Shuttle,FC,Forecast
530943610104,LA ĐỨC HÒA,AG TÂN CHÂU,AG TÂN CHÂU,LA ĐỨC HÒA,2026-07-13 19:26:19,2026-07-13 15:04:08,2026-07-13 12:51:50,,Đang trên bãi,12.5,Shuttle,FC,Forecast
530168730104,SG CỦ CHI,ST PHÚ LỢI,ST PHÚ LỢI,SG CỦ CHI,2026-07-13 19:26:18,2026-07-13 15:13:50,2026-07-13 10:51:05,,Đang trên bãi,8.49,Shuttle,FC,Forecast
530501200104,LA ĐỨC HÒA,AG TÂN CHÂU,AG TÂN CHÂU,LA ĐỨC HÒA,2026-07-13 19:26:17,2026-07-13 11:45:38,2026-07-13 07:46:45,,Đang trên bãi,7.5,Shuttle,FC,Forecast
530233720104,LA ĐỨC HÒA,BN HUB,HN THANH OAI,LA ĐỨC HÒA,2026-07-13 19:26:16,2026-07-13 13:24:18,2026-07-13 06:21:22,,Đang trên bãi,18.61,Linehaul,BN HUB,Forecast
530837610104,LA ĐỨC HÒA,SG HÓC MÔN,SG HÓC MÔN,LA ĐỨC HÒA,2026-07-13 19:26:15,2026-07-13 11:43:12,2026-07-13 10:18:47,,Đang trên bãi,6.0,Shuttle,FC,Forecast
530975690103,LA ĐỨC HÒA,BD DĨ AN,BD DĨ AN,LA ĐỨC HÒA,2026-07-13 19:26:14,2026-07-13 11:46:50,2026-07-13 07:10:44,,Đang trên bãi,6.0,Shuttle,FC,Forecast
530676490103,LA ĐỨC HÒA,CT Ô MÔN,CT Ô MÔN,LA ĐỨC HÒA,2026-07-13 19:26:12,2026-07-13 13:23:45,2026-07-13 05:59:31,,Đang trên bãi,8.19,Shuttle,FC,Forecast
530817810104,LA ĐỨC HÒA,AG AN PHÚ,AG AN PHÚ,LA ĐỨC HÒA,2026-07-13 19:26:12,2026-07-13 18:00:07,2026-07-13 10:58:07,,Đang trên bãi,6.0,Shuttle,FC,Forecast
530590330104,LA ĐỨC HÒA,SG THỦ ĐỨC,SG THỦ ĐỨC,LA ĐỨC HÒA,2026-07-13 19:26:11,2026-07-13 17:59:45,2026-07-13 13:35:08,,Đang trên bãi,8.7,Shuttle,FC,Forecast
530211920104,LA ĐỨC HÒA,TG HÒA KHÁNH,TG HÒA KHÁNH,LA ĐỨC HÒA,2026-07-13 19:26:10,2026-07-13 11:44:47,2026-07-13 07:10:47,,Đang trên bãi,6.0,Shuttle,FC,Forecast
530223200104,LA ĐỨC HÒA,SG BÌNH LỢI TRUNG,SG BÌNH LỢI TRUNG,LA ĐỨC HÒA,2026-07-13 19:26:09,2026-07-13 11:41:43,2026-07-13 07:12:07,,Đang trên bãi,8.7,Shuttle,FC,Forecast
530261540104,LA ĐỨC HÒA,BD BÌNH HÒA,BD BÌNH HÒA,LA ĐỨC HÒA,2026-07-13 19:26:08,2026-07-13 18:12:08,2026-07-13 17:39:57,,Đang trên bãi,7.0,Shuttle,FC,Forecast
530304220104,LA ĐỨC HÒA,BD BÌNH HÒA,BD BÌNH HÒA,LA ĐỨC HÒA,2026-07-13 19:26:07,2026-07-13 18:00:12,2026-07-13 15:29:32,,Đang trên bãi,7.5,Shuttle,FC,Forecast
530226740104,LA ĐỨC HÒA,SG THỦ ĐỨC,SG THỦ ĐỨC,LA ĐỨC HÒA,2026-07-13 19:26:06,2026-07-13 17:59:56,2026-07-13 14:24:41,,Đang trên bãi,7.0,Shuttle,FC,Forecast
530301520104,LA ĐỨC HÒA,SG THỦ ĐỨC,SG THỦ ĐỨC,LA ĐỨC HÒA,2026-07-13 19:26:04,2026-07-13 13:24:26,2026-07-13 06:21:22,,Đang trên bãi,5.77,Shuttle,FC,Forecast
530646340104,LA ĐỨC HÒA,LA ĐỨC HÒA,LA ĐỨC HÒA,LA ĐỨC HÒA,2026-07-13 19:26:04,2026-07-13 17:59:36,2026-07-13 15:05:15,,Đang trên bãi,10.0,Shuttle,FC,Forecast
530058520104,LA ĐỨC HÒA,BN HUB,BN TỪ SƠN,LA ĐỨC HÒA,2026-07-13 19:26:03,2026-07-13 11:46:01,2026-07-13 07:46:46,,Đang trên bãi,7.0,Linehaul,BN HUB,Forecast
530223400104,LA ĐỨC HÒA,SG ĐÔNG HƯNG THUẬN,SG ĐÔNG HƯNG THUẬN,LA ĐỨC HÒA,2026-07-13 19:26:01,2026-07-13 11:44:09,2026-07-13 07:13:44,,Đang trên bãi,6.0,Shuttle,FC,Forecast
530476530104,LA ĐỨC HÒA,SG THỦ ĐỨC,SG THỦ ĐỨC,LA ĐỨC HÒA,2026-07-13 19:26:01,2026-07-13 18:00:47,2026-07-13 11:29:34,,Đang trên bãi,7.5,Shuttle,FC,Forecast
530538210104,SG CỦ CHI,SG TÂN THỚI HIỆP,SG TÂN THỚI HIỆP,SG CỦ CHI,2026-07-13 19:26:00,2026-07-13 15:16:35,2026-07-13 11:45:57,,Đang trên bãi,5.08,Shuttle,FC,Forecast
530452130104,LA ĐỨC HÒA,SG BÌNH TRỊ ĐÔNG,SG BÌNH TRỊ ĐÔNG,LA ĐỨC HÒA,2026-07-13 19:25:59,2026-07-13 11:48:28,2026-07-13 10:18:48,,Đang trên bãi,8.0,Shuttle,FC,Forecast
530485110104,LA ĐỨC HÒA,BN HUB,HN ĐÔNG ANH,LA ĐỨC HÒA,2026-07-13 19:25:58,2026-07-13 13:24:33,2026-07-13 06:11:47,,Đang trên bãi,12.4,Linehaul,BN HUB,Forecast
530713610104,LA ĐỨC HÒA,SG PHÚ NHUẬN,SG PHÚ NHUẬN,LA ĐỨC HÒA,2026-07-13 19:25:58,2026-07-13 18:00:52,2026-07-13 11:02:46,,Đang trên bãi,7.5,Shuttle,FC,Forecast
530027400104,LA ĐỨC HÒA,AG AN PHÚ,AG AN PHÚ,LA ĐỨC HÒA,2026-07-13 19:25:57,2026-07-13 11:43:37,2026-07-13 07:12:12,,Đang trên bãi,8.7,Shuttle,FC,Forecast
530032140104,LA ĐỨC HÒA,DT SA ĐÉC,DT SA ĐÉC,LA ĐỨC HÒA,2026-07-13 19:25:55,2026-07-13 18:00:28,2026-07-13 13:37:22,,Đang trên bãi,7.0,Shuttle,FC,Forecast
530009340104,LA ĐỨC HÒA,SG TÂN NHỰT,SG TÂN NHỰT,LA ĐỨC HÒA,2026-07-13 19:25:54,2026-07-13 17:59:42,2026-07-13 14:24:44,,Đang trên bãi,7.0,Shuttle,FC,Forecast
530664740104,LA ĐỨC HÒA,SG HIỆP BÌNH,SG HIỆP BÌNH,LA ĐỨC HÒA,2026-07-13 19:25:54,2026-07-13 17:58:58,2026-07-13 16:39:15,,Đang trên bãi,6.0,Shuttle,FC,Forecast
530977690103,LA ĐỨC HÒA,CT Ô MÔN,CT Ô MÔN,LA ĐỨC HÒA,2026-07-13 19:25:52,2026-07-13 11:42:48,2026-07-13 07:17:55,,Đang trên bãi,7.5,Shuttle,FC,Forecast
530311810104,SG CỦ CHI,SG THỦ ĐỨC,SG THỦ ĐỨC,SG CỦ CHI,2026-07-13 19:25:52,2026-07-13 15:18:07,2026-07-13 10:51:43,,Đang trên bãi,5.08,Shuttle,FC,Forecast
530455010104,LA ĐỨC HÒA,VT VŨNG TÀU,VT VŨNG TÀU,LA ĐỨC HÒA,2026-07-13 19:25:52,2026-07-13 18:00:44,2026-07-13 13:37:20,,Đang trên bãi,7.5,Shuttle,FC,Forecast
530984290103,LA ĐỨC HÒA,SG THỦ ĐỨC,SG THỦ ĐỨC,LA ĐỨC HÒA,2026-07-13 19:25:50,2026-07-13 11:43:24,2026-07-13 07:12:13,,Đang trên bãi,8.0,Shuttle,FC,Forecast
530452530104,LA ĐỨC HÒA,VT VŨNG TÀU,VT VŨNG TÀU,LA ĐỨC HÒA,2026-07-13 19:25:48,2026-07-13 11:45:15,2026-07-13 10:18:56,,Đang trên bãi,7.0,Shuttle,FC,Forecast
530450620104,LA ĐỨC HÒA,CT NINH KIỀU,CT NINH KIỀU,LA ĐỨC HÒA,2026-07-13 19:25:48,2026-07-13 18:00:32,2026-07-13 16:48:45,,Đang trên bãi,8.0,Shuttle,FC,Forecast
530815420104,LA ĐỨC HÒA,DT TN,DT TN,LA ĐỨC HÒA,2026-07-13 19:25:47,2026-07-13 18:00:18,2026-07-13 15:04:20,,Đang trên bãi,8.0,Shuttle,FC,Forecast
530928540104,LA ĐỨC HÒA,CT BÌNH THỦY,CT BÌNH THỦY,LA ĐỨC HÒA,2026-07-13 19:25:46,2026-07-13 17:59:59,2026-07-13 15:04:58,,Đang trên bãi,7.5,Shuttle,FC,Forecast
530580890103,LA ĐỨC HÒA,BN HUB,HN THANH LIỆT,LA ĐỨC HÒA,2026-07-13 19:25:45,2026-07-13 13:23:37,2026-07-13 06:21:22,,Đang trên bãi,5.63,Linehaul,BN HUB,Forecast
530680330104,LA ĐỨC HÒA,SG HIỆP BÌNH,SG HIỆP BÌNH,LA ĐỨC HÒA,2026-07-13 19:25:44,2026-07-13 18:00:03,2026-07-13 13:37:30,,Đang trên bãi,7.5,Shuttle,FC,Forecast
530829930104,LA ĐỨC HÒA,VT VŨNG TÀU,VT VŨNG TÀU,LA ĐỨC HÒA,2026-07-13 19:25:42,2026-07-13 18:00:50,2026-07-13 11:29:34,,Đang trên bãi,7.5,Shuttle,FC,Forecast
530310120104,LA ĐỨC HÒA,LA HẬU NGHĨA,LA HẬU NGHĨA,LA ĐỨC HÒA,2026-07-13 19:25:41,2026-07-13 13:24:22,2026-07-13 06:11:48,,Đang trên bãi,11.4,Shuttle,FC,Forecast
530353400104,SG CỦ CHI,SG BÌNH TRỊ ĐÔNG,SG BÌNH TRỊ ĐÔNG,SG CỦ CHI,2026-07-13 19:25:38,2026-07-13 15:17:12,2026-07-13 08:42:17,,Đang trên bãi,5.08,Shuttle,FC,Forecast
530539530104,LA ĐỨC HÒA,SG CỦ CHI,SG CỦ CHI,LA ĐỨC HÒA,2026-07-13 19:25:37,2026-07-13 11:43:20,2026-07-13 10:18:45,,Đang trên bãi,6.0,Shuttle,FC,Forecast
530015810104,LA ĐỨC HÒA,BN HUB,VP VĨNH YÊN,LA ĐỨC HÒA,2026-07-13 19:25:37,2026-07-13 18:00:25,2026-07-13 10:18:45,,Đang trên bãi,8.0,Linehaul,BN HUB,Forecast
530503800104,LA ĐỨC HÒA,SG TÂN SƠN NHÌ,SG TÂN SƠN NHÌ,LA ĐỨC HÒA,2026-07-13 19:25:34,2026-07-13 13:23:40,2026-07-13 06:11:47,,Đang trên bãi,8.19,Shuttle,FC,Forecast
530194610104,LA ĐỨC HÒA,LA BẾN LỨC,LA BẾN LỨC,LA ĐỨC HÒA,2026-07-13 19:25:34,2026-07-13 17:59:18,2026-07-13 14:24:48,,Đang trên bãi,6.0,Shuttle,FC,Forecast
530265730104,SG CỦ CHI,SG BÀ ĐIỂM,SG BÀ ĐIỂM,SG CỦ CHI,2026-07-13 19:25:32,2026-07-13 15:13:49,2026-07-13 13:07:50,,Đang trên bãi,8.49,Shuttle,FC,Forecast
530759140104,LA ĐỨC HÒA,VT VŨNG TÀU,VT VŨNG TÀU,LA ĐỨC HÒA,2026-07-13 19:25:32,2026-07-13 17:59:03,2026-07-13 16:39:12,,Đang trên bãi,7.5,Shuttle,FC,Forecast
530467200104,SG CỦ CHI,CT Ô MÔN,CT Ô MÔN,SG CỦ CHI,2026-07-13 19:25:30,2026-07-13 15:17:11,2026-07-13 08:42:17,,Đang trên bãi,5.08,Shuttle,FC,Forecast
530490340104,LA ĐỨC HÒA,SG TÂN TẠO,SG TÂN TẠO,LA ĐỨC HÒA,2026-07-13 19:25:30,2026-07-13 18:00:14,2026-07-13 15:59:00,,Đang trên bãi,6.0,Shuttle,FC,Forecast
530761000104,SG CỦ CHI,SG ĐÔNG HƯNG THUẬN,SG ĐÔNG HƯNG THUẬN,SG CỦ CHI,2026-07-13 19:25:29,2026-07-13 15:17:13,2026-07-13 08:42:17,,Đang trên bãi,5.08,Shuttle,FC,Forecast
530853610104,LA ĐỨC HÒA,CT NINH KIỀU,CT NINH KIỀU,LA ĐỨC HÒA,2026-07-13 19:25:29,2026-07-13 17:59:26,2026-07-13 13:33:22,,Đang trên bãi,6.0,Shuttle,FC,Forecast
530343210104,SG CỦ CHI,TG TRUNG AN,TG TRUNG AN,SG CỦ CHI,2026-07-13 19:25:28,2026-07-13 15:20:37,2026-07-13 11:58:10,,Đang trên bãi,6.41,Shuttle,FC,Forecast
530945290103,LA ĐỨC HÒA,BN HUB,HN VĨNH TUY,LA ĐỨC HÒA,2026-07-13 19:25:27,2026-07-13 13:23:59,2026-07-13 06:11:47,,Đang trên bãi,5.63,Linehaul,BN HUB,Forecast
530132810104,LA ĐỨC HÒA,SG BÀ ĐIỂM,SG BÀ ĐIỂM,LA ĐỨC HÒA,2026-07-13 19:25:24,2026-07-13 18:00:35,2026-07-13 11:02:46,,Đang trên bãi,7.5,Shuttle,FC,Forecast
530472930104,SG CỦ CHI,SG AN LẠC,SG AN LẠC,SG CỦ CHI,2026-07-13 19:25:24,2026-07-13 15:20:48,2026-07-13 13:07:06,,Đang trên bãi,6.41,Shuttle,FC,Forecast
530879690103,LA ĐỨC HÒA,SG HIỆP BÌNH,SG HIỆP BÌNH,LA ĐỨC HÒA,2026-07-13 19:25:22,2026-07-13 11:45:46,2026-07-13 07:13:15,,Đang trên bãi,7.5,Shuttle,FC,Forecast
530437940104,SG CỦ CHI,SG ĐÔNG HƯNG THUẬN,SG ĐÔNG HƯNG THUẬN,SG CỦ CHI,2026-07-13 19:25:20,2026-07-13 15:12:53,2026-07-13 13:05:14,,Đang trên bãi,8.0,Shuttle,FC,Forecast
530304420104,LA ĐỨC HÒA,BD BÌNH HÒA,BD BÌNH HÒA,LA ĐỨC HÒA,2026-07-13 19:25:20,2026-07-13 17:59:21,2026-07-13 15:29:46,,Đang trên bãi,6.0,Shuttle,FC,Forecast
530865730104,LA ĐỨC HÒA,SG TÂN HƯNG,SG TÂN HƯNG,LA ĐỨC HÒA,2026-07-13 19:25:13,2026-07-13 17:59:49,2026-07-13 13:33:22,,Đang trên bãi,10.0,Shuttle,FC,Forecast
530222810104,SG CỦ CHI,SG TÂN HƯNG,SG TÂN HƯNG,SG CỦ CHI,2026-07-13 19:25:12,2026-07-13 15:13:03,2026-07-13 10:03:02,,Đang trên bãi,8.0,Shuttle,FC,Forecast
530527610104,SG CỦ CHI,DT CAO LÃNH,DT CAO LÃNH,SG CỦ CHI,2026-07-13 19:25:09,2026-07-13 15:13:00,2026-07-13 11:14:55,,Đang trên bãi,8.0,Shuttle,FC,Forecast
530076730104,SG CỦ CHI,CT BÌNH THỦY,CT BÌNH THỦY,SG CỦ CHI,2026-07-13 19:25:06,2026-07-13 15:12:57,2026-07-13 11:16:11,,Đang trên bãi,8.0,Shuttle,FC,Forecast
530257010104,SG CỦ CHI,SG BÌNH LỢI,SG BÌNH LỢI,SG CỦ CHI,2026-07-13 19:25:04,2026-07-13 15:20:45,2026-07-13 11:58:10,,Đang trên bãi,6.41,Shuttle,FC,Forecast
530272930104,SG CỦ CHI,BD BẾN CÁT,BD BẾN CÁT,SG CỦ CHI,2026-07-13 19:25:03,2026-07-13 15:19:47,2026-07-13 13:04:36,,Đang trên bãi,5.4,Shuttle,FC,Forecast
530744730104,SG CỦ CHI,BD DĨ AN,BD DĨ AN,SG CỦ CHI,2026-07-13 19:25:00,2026-07-13 15:12:54,2026-07-13 11:59:32,,Đang trên bãi,8.0,Shuttle,FC,Forecast
530747210104,SG CỦ CHI,SG PHÚ NHUẬN,SG PHÚ NHUẬN,SG CỦ CHI,2026-07-13 19:24:59,2026-07-13 15:12:49,2026-07-13 13:04:36,,Đang trên bãi,8.0,Shuttle,FC,Forecast
530517730104,SG CỦ CHI,SG PHÚ LÂM,SG PHÚ LÂM,SG CỦ CHI,2026-07-13 19:24:57,2026-07-13 15:20:01,2026-07-13 11:16:10,,Đang trên bãi,5.2,Shuttle,FC,Forecast
530561130104,SG CỦ CHI,BD DĨ AN,BD DĨ AN,SG CỦ CHI,2026-07-13 19:24:56,2026-07-13 15:13:53,2026-07-13 10:51:42,,Đang trên bãi,8.49,Shuttle,FC,Forecast
530210010104,SG CỦ CHI,LA BẾN LỨC,LA BẾN LỨC,SG CỦ CHI,2026-07-13 19:24:54,2026-07-13 15:16:20,2026-07-13 10:12:05,,Đang trên bãi,7.82,Shuttle,FC,Forecast
530455730104,SG CỦ CHI,CT NINH KIỀU,CT NINH KIỀU,SG CỦ CHI,2026-07-13 19:24:51,2026-07-13 15:12:52,2026-07-13 13:05:14,,Đang trên bãi,8.0,Shuttle,FC,Forecast
530219330104,SG CỦ CHI,SG BÌNH LỢI TRUNG,SG BÌNH LỢI TRUNG,SG CỦ CHI,2026-07-13 19:24:49,2026-07-13 15:16:37,2026-07-13 10:52:56,,Đang trên bãi,5.08,Shuttle,FC,Forecast
530395920104,SG CỦ CHI,SG CỦ CHI,SG CỦ CHI,SG CỦ CHI,2026-07-13 19:24:48,2026-07-13 15:13:08,2026-07-13 10:03:39,,Đang trên bãi,8.0,Shuttle,FC,Forecast
530662600104,SG CỦ CHI,SG BÌNH TÂN,SG BÌNH TÂN,SG CỦ CHI,2026-07-13 19:24:46,2026-07-13 15:16:39,2026-07-13 08:42:17,,Đang trên bãi,5.08,Shuttle,FC,Forecast
530991520104,SG CỦ CHI,SG PHÚ LÂM,SG PHÚ LÂM,SG CỦ CHI,2026-07-13 19:24:42,2026-07-13 15:13:04,2026-07-13 10:02:24,,Đang trên bãi,8.0,Shuttle,FC,Forecast
530697400104,SG CỦ CHI,SG CHỢ LỚN,SG CHỢ LỚN,SG CỦ CHI,2026-07-13 19:24:38,2026-07-13 15:17:33,2026-07-13 08:42:17,,Đang trên bãi,5.08,Shuttle,FC,Forecast
530766530104,SG CỦ CHI,SG PHÚ LÂM,SG PHÚ LÂM,SG CỦ CHI,2026-07-13 19:24:36,2026-07-13 15:18:37,2026-07-13 10:02:24,,Đang trên bãi,5.08,Shuttle,FC,Forecast
530339730104,SG CỦ CHI,SG THỦ ĐỨC,SG THỦ ĐỨC,SG CỦ CHI,2026-07-13 19:24:35,2026-07-13 15:18:11,2026-07-13 10:12:05,,Đang trên bãi,5.08,Shuttle,FC,Forecast
530776610104,SG CỦ CHI,SG TÂN TẠO,SG TÂN TẠO,SG CỦ CHI,2026-07-13 19:24:33,2026-07-13 15:17:28,2026-07-13 13:03:12,,Đang trên bãi,5.08,Shuttle,FC,Forecast
530019730104,SG CỦ CHI,VL VĨNH LONG,VL VĨNH LONG,SG CỦ CHI,2026-07-13 19:24:31,2026-07-13 15:18:04,2026-07-13 10:50:30,,Đang trên bãi,5.08,Shuttle,FC,Forecast
530070410104,SG CỦ CHI,SG TÂN HƯNG,SG TÂN HƯNG,SG CỦ CHI,2026-07-13 19:24:29,2026-07-13 15:17:27,2026-07-13 13:05:13,,Đang trên bãi,5.08,Shuttle,FC,Forecast
530026010104,SG CỦ CHI,SG THỦ ĐỨC,SG THỦ ĐỨC,SG CỦ CHI,2026-07-13 19:24:26,2026-07-13 15:16:41,2026-07-13 10:12:05,,Đang trên bãi,5.08,Shuttle,FC,Forecast
530176800104,SG CỦ CHI,SG CHỢ LỚN,SG CHỢ LỚN,SG CỦ CHI,2026-07-13 19:24:21,2026-07-13 15:17:18,2026-07-13 08:42:17,,Đang trên bãi,5.08,Shuttle,FC,Forecast
530278320104,SG CỦ CHI,SG TÂN HƯNG,SG TÂN HƯNG,SG CỦ CHI,2026-07-13 19:24:21,2026-07-13 15:17:36,2026-07-13 08:42:17,,Đang trên bãi,5.08,Shuttle,FC,Forecast
530031130104,SG CỦ CHI,AG TỊNH BIÊN,AG TỊNH BIÊN,SG CỦ CHI,2026-07-13 19:24:18,2026-07-13 15:16:26,2026-07-13 11:16:10,,Đang trên bãi,5.08,Shuttle,FC,Forecast
530635610104,SG CỦ CHI,SG CHỢ LỚN,SG CHỢ LỚN,SG CỦ CHI,2026-07-13 19:24:15,2026-07-13 15:20:11,2026-07-13 10:03:39,,Đang trên bãi,5.4,Shuttle,FC,Forecast
530593800104,SG CỦ CHI,SG CHỢ LỚN,SG CHỢ LỚN,SG CỦ CHI,2026-07-13 19:24:15,2026-07-13 15:20:10,2026-07-13 10:12:04,,Đang trên bãi,5.2,Shuttle,FC,Forecast
530661800104,SG CỦ CHI,SG BÀ ĐIỂM,SG BÀ ĐIỂM,SG CỦ CHI,2026-07-13 19:24:13,2026-07-13 15:17:19,2026-07-13 08:42:17,,Đang trên bãi,5.08,Shuttle,FC,Forecast
530582730104,SG CỦ CHI,BD BÌNH HÒA,BD BÌNH HÒA,SG CỦ CHI,2026-07-13 19:24:09,2026-07-13 15:19:44,2026-07-13 13:07:50,,Đang trên bãi,5.4,Shuttle,FC,Forecast
530759400104,SG CỦ CHI,SG BÀ ĐIỂM,SG BÀ ĐIỂM,SG CỦ CHI,2026-07-13 19:24:08,2026-07-13 15:17:34,2026-07-13 08:42:17,,Đang trên bãi,5.08,Shuttle,FC,Forecast
530857130104,SG CỦ CHI,AG LONG XUYÊN,AG LONG XUYÊN,SG CỦ CHI,2026-07-13 19:24:05,2026-07-13 15:19:55,2026-07-13 13:07:50,,Đang trên bãi,5.4,Shuttle,FC,Forecast
530758930104,SG CỦ CHI,SG HƯNG LONG,SG HƯNG LONG,SG CỦ CHI,2026-07-13 19:24:02,2026-07-13 15:19:31,2026-07-13 13:04:01,,Đang trên bãi,5.2,Shuttle,FC,Forecast
530800410104,SG CỦ CHI,SG AN PHÚ ĐÔNG,SG AN PHÚ ĐÔNG,SG CỦ CHI,2026-07-13 19:24:00,2026-07-13 15:16:37,2026-07-13 10:11:29,,Đang trên bãi,5.08,Shuttle,FC,Forecast
530697200104,SG CỦ CHI,LA ĐỨC HÒA,LA ĐỨC HÒA,SG CỦ CHI,2026-07-13 19:23:55,2026-07-13 15:17:32,2026-07-13 08:42:17,,Đang trên bãi,5.08,Shuttle,FC,Forecast
530423330104,SG CỦ CHI,SG THỦ ĐỨC,SG THỦ ĐỨC,SG CỦ CHI,2026-07-13 19:23:55,2026-07-13 15:20:34,2026-07-13 11:15:35,,Đang trên bãi,6.41,Shuttle,FC,Forecast
530947930104,SG CỦ CHI,SG THỦ ĐỨC,SG THỦ ĐỨC,SG CỦ CHI,2026-07-13 19:23:52,2026-07-13 15:19:33,2026-07-13 13:03:54,,Đang trên bãi,5.4,Shuttle,FC,Forecast
530076330104,SG CỦ CHI,SG THỦ ĐỨC,SG THỦ ĐỨC,SG CỦ CHI,2026-07-13 19:23:47,2026-07-13 15:16:28,2026-07-13 11:16:10,,Đang trên bãi,5.08,Shuttle,FC,Forecast
530876610104,SG CỦ CHI,SG VĨNH LỘC,SG VĨNH LỘC,SG CỦ CHI,2026-07-13 19:23:45,2026-07-13 15:19:32,2026-07-13 13:03:54,,Đang trên bãi,5.4,Shuttle,FC,Forecast
530163130104,SG CỦ CHI,SG CỦ CHI,SG CỦ CHI,SG CỦ CHI,2026-07-13 19:23:42,2026-07-13 15:20:09,2026-07-13 10:51:41,,Đang trên bãi,5.2,Shuttle,FC,Forecast
530932610104,SG CỦ CHI,SG PHÚ LÂM,SG PHÚ LÂM,SG CỦ CHI,2026-07-13 19:23:42,2026-07-13 15:17:31,2026-07-13 11:59:32,,Đang trên bãi,5.08,Shuttle,FC,Forecast
530654410104,SG CỦ CHI,SG BÌNH TRỊ ĐÔNG,SG BÌNH TRỊ ĐÔNG,SG CỦ CHI,2026-07-13 19:23:41,2026-07-13 15:19:45,2026-07-13 13:07:50,,Đang trên bãi,5.4,Shuttle,FC,Forecast
530372730104,SG CỦ CHI,SG KHÁNH HỘI,SG KHÁNH HỘI,SG CỦ CHI,2026-07-13 19:23:37,2026-07-13 15:19:43,2026-07-13 13:05:14,,Đang trên bãi,5.4,Shuttle,FC,Forecast
530569210104,SG CỦ CHI,VL VĨNH LONG,VL VĨNH LONG,SG CỦ CHI,2026-07-13 19:23:33,2026-07-13 15:17:16,2026-07-13 11:58:51,,Đang trên bãi,5.08,Shuttle,FC,Forecast
530053410104,SG CỦ CHI,VL VĨNH LONG,VL VĨNH LONG,SG CỦ CHI,2026-07-13 19:23:27,2026-07-13 15:13:48,2026-07-13 13:03:54,,Đang trên bãi,8.49,Shuttle,FC,Forecast
530168930104,SG CỦ CHI,CT NINH KIỀU,CT NINH KIỀU,SG CỦ CHI,2026-07-13 19:23:23,2026-07-13 15:13:51,2026-07-13 10:51:43,,Đang trên bãi,8.49,Shuttle,FC,Forecast
530816730104,SG CỦ CHI,SG CỦ CHI,SG CỦ CHI,SG CỦ CHI,2026-07-13 19:23:20,2026-07-13 15:13:52,2026-07-13 10:51:43,,Đang trên bãi,8.49,Shuttle,FC,Forecast
530635810104,SG CỦ CHI,SG TÂN HƯNG,SG TÂN HƯNG,SG CỦ CHI,2026-07-13 19:23:19,2026-07-13 15:18:41,2026-07-13 10:03:39,,Đang trên bãi,5.08,Shuttle,FC,Forecast
530547610104,SG CỦ CHI,BD BẾN CÁT,BD BẾN CÁT,SG CỦ CHI,2026-07-13 19:23:17,2026-07-13 15:12:51,2026-07-13 13:03:12,,Đang trên bãi,8.0,Shuttle,FC,Forecast
530461530104,SG CỦ CHI,CT NINH KIỀU,CT NINH KIỀU,SG CỦ CHI,2026-07-13 19:23:15,2026-07-13 15:18:03,2026-07-13 10:50:29,,Đang trên bãi,5.08,Shuttle,FC,Forecast
530213010104,SG CỦ CHI,SG BÀ ĐIỂM,SG BÀ ĐIỂM,SG CỦ CHI,2026-07-13 19:23:15,2026-07-13 15:13:47,2026-07-13 10:51:42,,Đang trên bãi,8.49,Shuttle,FC,Forecast
530289210104,SG CỦ CHI,TG HÒA KHÁNH,TG HÒA KHÁNH,SG CỦ CHI,2026-07-13 19:23:11,2026-07-13 15:12:50,2026-07-13 13:03:54,,Đang trên bãi,8.0,Shuttle,FC,Forecast
530999200104,SG CỦ CHI,VT LONG ĐẤT,VT LONG ĐẤT,SG CỦ CHI,2026-07-13 19:23:10,2026-07-13 15:18:44,2026-07-13 10:06:44,,Đang trên bãi,5.08,Shuttle,FC,Forecast
530880000104,SG CỦ CHI,SG NHƠN ĐỨC,SG NHƠN ĐỨC,SG CỦ CHI,2026-07-13 19:22:59,2026-07-13 15:17:35,2026-07-13 08:42:17,,Đang trên bãi,5.08,Shuttle,FC,Forecast
530537210104,SG CỦ CHI,TG GÒ CÔNG,TG GÒ CÔNG,SG CỦ CHI,2026-07-13 19:22:58,2026-07-13 15:18:06,2026-07-13 10:12:04,,Đang trên bãi,5.08,Shuttle,FC,Forecast
530070610104,SG CỦ CHI,VL VĨNH LONG,VL VĨNH LONG,SG CỦ CHI,2026-07-13 19:22:51,2026-07-13 15:17:26,2026-07-13 13:05:55,,Đang trên bãi,5.08,Shuttle,FC,Forecast
530340730104,SG CỦ CHI,SG PHÚ NHUẬN,SG PHÚ NHUẬN,SG CỦ CHI,2026-07-13 19:22:43,2026-07-13 15:16:33,2026-07-13 11:15:34,,Đang trên bãi,5.08,Shuttle,FC,Forecast
530039530104,SG CỦ CHI,LA BẾN LỨC,LA BẾN LỨC,SG CỦ CHI,2026-07-13 19:22:41,2026-07-13 15:18:40,2026-07-13 10:03:39,,Đang trên bãi,5.08,Shuttle,FC,Forecast
530272720104,SG CỦ CHI,SG TÂN HƯNG,SG TÂN HƯNG,SG CỦ CHI,2026-07-13 19:22:29,2026-07-13 15:17:15,2026-07-13 08:42:17,,Đang trên bãi,5.08,Shuttle,FC,Forecast
530129530104,SG CỦ CHI,SG THỦ ĐỨC,SG THỦ ĐỨC,SG CỦ CHI,2026-07-13 19:22:25,2026-07-13 15:18:05,2026-07-13 10:50:29,,Đang trên bãi,5.08,Shuttle,FC,Forecast
530059010104,SG CỦ CHI,VL VĨNH LONG,VL VĨNH LONG,SG CỦ CHI,2026-07-13 19:22:21,2026-07-13 15:17:20,2026-07-13 13:08:23,,Đang trên bãi,5.08,Shuttle,FC,Forecast
530947210104,SG CỦ CHI,SG THỦ ĐỨC,SG THỦ ĐỨC,SG CỦ CHI,2026-07-13 19:22:19,2026-07-13 15:17:22,2026-07-13 13:08:22,,Đang trên bãi,5.08,Shuttle,FC,Forecast
530693000104,SG CỦ CHI,SG HÓC MÔN,SG HÓC MÔN,SG CỦ CHI,2026-07-13 19:22:18,2026-07-13 15:18:12,2026-07-13 10:12:05,,Đang trên bãi,5.08,Shuttle,FC,Forecast
530036330104,SG CỦ CHI,SG PHÚ LÂM,SG PHÚ LÂM,SG CỦ CHI,2026-07-13 19:22:15,2026-07-13 15:16:24,2026-07-13 10:52:20,,Đang trên bãi,5.08,Shuttle,FC,Forecast
530963330104,SG CỦ CHI,DT SA ĐÉC,DT SA ĐÉC,SG CỦ CHI,2026-07-13 19:22:11,2026-07-13 15:16:36,2026-07-13 11:14:55,,Đang trên bãi,5.08,Shuttle,FC,Forecast
530436130104,SG CỦ CHI,SG TÂN SƠN NHÌ,SG TÂN SƠN NHÌ,SG CỦ CHI,2026-07-13 19:22:11,2026-07-13 15:16:25,2026-07-13 11:16:10,,Đang trên bãi,5.08,Shuttle,FC,Forecast
530911810104,SG CỦ CHI,VT VŨNG TÀU,VT VŨNG TÀU,SG CỦ CHI,2026-07-13 19:22:06,2026-07-13 15:31:24,2026-07-13 11:15:35,,Đang trên bãi,11.0,Shuttle,FC,Forecast
530425410104,SG CỦ CHI,TG TRUNG AN,TG TRUNG AN,SG CỦ CHI,2026-07-13 19:22:01,2026-07-13 15:16:32,2026-07-13 10:52:56,,Đang trên bãi,5.08,Shuttle,FC,Forecast
530801410104,SG CỦ CHI,SG PHÚ NHUẬN,SG PHÚ NHUẬN,SG CỦ CHI,2026-07-13 19:21:57,2026-07-13 15:10:12,2026-07-13 10:51:43,,Đang trên bãi,6.5,Shuttle,FC,Forecast
530293600104,SG CỦ CHI,CT NINH KIỀU,CT NINH KIỀU,SG CỦ CHI,2026-07-13 19:21:55,2026-07-13 15:18:38,2026-07-13 10:02:24,,Đang trên bãi,5.08,Shuttle,FC,Forecast
530899400104,SG CỦ CHI,VT VŨNG TÀU,VT VŨNG TÀU,SG CỦ CHI,2026-07-13 19:21:52,2026-07-13 15:10:25,2026-07-13 10:03:08,,Đang trên bãi,14.4,Shuttle,FC,Forecast
530163330104,SG CỦ CHI,SG KHÁNH HỘI,SG KHÁNH HỘI,SG CỦ CHI,2026-07-13 19:21:50,2026-07-13 15:18:09,2026-07-13 10:51:43,,Đang trên bãi,5.08,Shuttle,FC,Forecast
530517130104,SG CỦ CHI,SG BÌNH TRỊ ĐÔNG,SG BÌNH TRỊ ĐÔNG,SG CỦ CHI,2026-07-13 19:21:46,2026-07-13 15:10:38,2026-07-13 11:15:36,,Đang trên bãi,10.1,Shuttle,FC,Forecast
530431810104,SG CỦ CHI,VL VĨNH LONG,VL VĨNH LONG,SG CỦ CHI,2026-07-13 19:21:43,2026-07-13 15:10:39,2026-07-13 11:59:32,,Đang trên bãi,10.1,Shuttle,FC,Forecast
530280210104,SG CỦ CHI,SG CHỢ LỚN,SG CHỢ LỚN,SG CỦ CHI,2026-07-13 19:21:40,2026-07-13 15:10:28,2026-07-13 13:07:50,,Đang trên bãi,10.1,Shuttle,FC,Forecast
530395720104,SG CỦ CHI,SG CHỢ LỚN,SG CHỢ LỚN,SG CỦ CHI,2026-07-13 19:21:34,2026-07-13 15:10:38,2026-07-13 10:03:39,,Đang trên bãi,10.1,Shuttle,FC,Forecast
530557730104,SG CỦ CHI,SG TÂN HƯNG,SG TÂN HƯNG,SG CỦ CHI,2026-07-13 19:21:32,2026-07-13 15:10:27,2026-07-13 13:03:12,,Đang trên bãi,10.1,Shuttle,FC,Forecast
530646130104,SG CỦ CHI,SG HÓC MÔN,SG HÓC MÔN,SG CỦ CHI,2026-07-13 19:21:29,2026-07-13 15:10:26,2026-07-13 11:57:47,,Đang trên bãi,10.1,Shuttle,FC,Forecast
530042810104,SG CỦ CHI,SG PHÚ LÂM,SG PHÚ LÂM,SG CỦ CHI,2026-07-13 19:21:26,2026-07-13 15:18:10,2026-07-13 10:51:06,,Đang trên bãi,5.08,Shuttle,FC,Forecast
530814010104,SG CỦ CHI,SG TÂN SƠN NHÌ,SG TÂN SƠN NHÌ,SG CỦ CHI,2026-07-13 19:21:14,2026-07-13 15:18:42,2026-07-13 10:06:44,,Đang trên bãi,5.08,Shuttle,FC,Forecast
530124010104,SG CỦ CHI,BD BẾN CÁT,BD BẾN CÁT,SG CỦ CHI,2026-07-13 19:21:09,2026-07-13 15:09:58,2026-07-13 10:05:59,,Đang trên bãi,5.8,Shuttle,FC,Forecast
530664210104,SG CỦ CHI,TG AN HỮU,TG AN HỮU,SG CỦ CHI,2026-07-13 19:21:06,2026-07-13 15:11:20,2026-07-13 13:05:55,,Đang trên bãi,10.66,Shuttle,FC,Forecast
530866730104,SG CỦ CHI,SG CHỢ LỚN,SG CHỢ LỚN,SG CỦ CHI,2026-07-13 19:21:05,2026-07-13 15:10:03,2026-07-13 10:04:18,,Đang trên bãi,5.8,Shuttle,FC,Forecast
530433330104,SG CỦ CHI,SG BÌNH TRỊ ĐÔNG,SG BÌNH TRỊ ĐÔNG,SG CỦ CHI,2026-07-13 19:21:00,2026-07-13 14:40:59,2026-07-13 11:58:10,,Đang trên bãi,7.0,Shuttle,FC,Forecast
530288610104,SG CỦ CHI,BD BÌNH HÒA,BD BÌNH HÒA,SG CỦ CHI,2026-07-13 19:20:57,2026-07-13 14:42:09,2026-07-13 11:59:09,,Đang trên bãi,7.65,Shuttle,FC,Forecast
530654810104,SG CỦ CHI,SG TÂN HƯNG,SG TÂN HƯNG,SG CỦ CHI,2026-07-13 19:20:55,2026-07-13 15:10:04,2026-07-13 13:08:07,,Đang trên bãi,8.51,Shuttle,FC,Forecast
530118730104,SG CỦ CHI,SG THỦ ĐỨC,SG THỦ ĐỨC,SG CỦ CHI,2026-07-13 19:20:50,2026-07-13 15:16:21,2026-07-13 10:06:43,,Đang trên bãi,5.08,Shuttle,FC,Forecast
530067930104,SG CỦ CHI,SG BÀ ĐIỂM,SG BÀ ĐIỂM,SG CỦ CHI,2026-07-13 19:20:45,2026-07-13 15:16:22,2026-07-13 10:11:29,,Đang trên bãi,5.08,Shuttle,FC,Forecast
530224810104,SG CỦ CHI,CT NINH KIỀU,CT NINH KIỀU,SG CỦ CHI,2026-07-13 19:20:45,2026-07-13 15:16:38,2026-07-13 10:12:05,,Đang trên bãi,5.08,Shuttle,FC,Forecast
530608410104,SG CỦ CHI,SG HÓC MÔN,SG HÓC MÔN,SG CỦ CHI,2026-07-13 19:20:41,2026-07-13 15:09:58,2026-07-13 10:05:59,,Đang trên bãi,5.8,Shuttle,FC,Forecast
530153610104,SG CỦ CHI,SG TÂN HƯNG,SG TÂN HƯNG,SG CỦ CHI,2026-07-13 19:20:34,2026-07-13 15:09:46,2026-07-13 13:05:55,,Đang trên bãi,19.2,Shuttle,FC,Forecast
530766810104,SG CỦ CHI,AG TÂN CHÂU,AG TÂN CHÂU,SG CỦ CHI,2026-07-13 19:20:33,2026-07-13 15:17:23,2026-07-13 13:07:06,,Đang trên bãi,5.08,Shuttle,FC,Forecast
530903330104,SG CỦ CHI,SG CHỢ LỚN,SG CHỢ LỚN,SG CỦ CHI,2026-07-13 19:20:30,2026-07-13 15:18:43,2026-07-13 10:06:44,,Đang trên bãi,5.08,Shuttle,FC,Forecast
530714130104,SG CỦ CHI,SG TÂN THỚI HIỆP,SG TÂN THỚI HIỆP,SG CỦ CHI,2026-07-13 19:20:29,2026-07-13 14:41:09,2026-07-13 10:03:08,,Đang trên bãi,9.41,Shuttle,FC,Forecast
530372130104,SG CỦ CHI,BD DĨ AN,BD DĨ AN,SG CỦ CHI,2026-07-13 19:20:28,2026-07-13 15:28:10,2026-07-13 13:04:46,,Đang trên bãi,6.0,Shuttle,FC,Forecast
530517810104,SG CỦ CHI,VL VĨNH LONG,VL VĨNH LONG,SG CỦ CHI,2026-07-13 19:20:26,2026-07-13 15:18:12,2026-07-13 10:51:05,,Đang trên bãi,5.08,Shuttle,FC,Forecast
530701610104,SG CỦ CHI,SG PHÚ NHUẬN,SG PHÚ NHUẬN,SG CỦ CHI,2026-07-13 19:20:17,2026-07-13 15:18:13,2026-07-13 10:51:05,,Đang trên bãi,5.08,Shuttle,FC,Forecast
530627210104,SG CỦ CHI,SG TÂN HƯNG,SG TÂN HƯNG,SG CỦ CHI,2026-07-13 19:20:13,2026-07-13 15:16:31,2026-07-13 11:15:35,,Đang trên bãi,5.08,Shuttle,FC,Forecast
530646330104,SG CỦ CHI,SG BÌNH TRỊ ĐÔNG,SG BÌNH TRỊ ĐÔNG,SG CỦ CHI,2026-07-13 19:20:09,2026-07-13 15:19:07,2026-07-13 11:59:09,,Đang trên bãi,9.51,Shuttle,FC,Forecast
530127130104,SG CỦ CHI,SG KHÁNH HỘI,SG KHÁNH HỘI,SG CỦ CHI,2026-07-13 19:20:06,2026-07-13 15:16:34,2026-07-13 11:16:10,,Đang trên bãi,5.08,Shuttle,FC,Forecast
530154530104,SG CỦ CHI,SG PHÚ LÂM,SG PHÚ LÂM,SG CỦ CHI,2026-07-13 19:20:00,2026-07-13 15:19:16,2026-07-13 11:59:32,,Đang trên bãi,9.51,Shuttle,FC,Forecast
530593520104,SG CỦ CHI,SG KHÁNH HỘI,SG KHÁNH HỘI,SG CỦ CHI,2026-07-13 19:19:59,2026-07-13 15:19:14,2026-07-13 10:03:39,,Đang trên bãi,10.16,Shuttle,FC,Forecast
530540010104,SG CỦ CHI,SG ĐÔNG HƯNG THUẬN,SG ĐÔNG HƯNG THUẬN,SG CỦ CHI,2026-07-13 19:19:56,2026-07-13 15:17:03,2026-07-13 11:16:22,,Đang trên bãi,5.08,Shuttle,FC,Forecast
530734730104,SG CỦ CHI,AG AN PHÚ,AG AN PHÚ,SG CỦ CHI,2026-07-13 19:19:50,2026-07-13 15:18:54,2026-07-13 11:16:10,,Đang trên bãi,9.51,Shuttle,FC,Forecast
530170410104,SG CỦ CHI,SG CHỢ LỚN,SG CHỢ LỚN,SG CỦ CHI,2026-07-13 19:19:40,2026-07-13 15:11:17,2026-07-13 13:07:06,,Đang trên bãi,10.66,Shuttle,FC,Forecast
530749730104,SG CỦ CHI,DT TN,DT TN,SG CỦ CHI,2026-07-13 19:19:40,2026-07-13 15:17:21,2026-07-13 13:08:21,,Đang trên bãi,5.08,Shuttle,FC,Forecast
530806410104,SG CỦ CHI,SG TÂN HƯNG,SG TÂN HƯNG,SG CỦ CHI,2026-07-13 19:19:39,2026-07-13 15:16:23,2026-07-13 10:11:29,,Đang trên bãi,5.08,Shuttle,FC,Forecast
530292210104,SG NHƠN ĐỨC,SG HIỆP BÌNH,SG HIỆP BÌNH,SG NHƠN ĐỨC,2026-07-13 19:19:35,2026-07-13 16:45:19,2026-07-13 14:33:12,,Đang trên bãi,13.9,Shuttle,FC,Forecast
530775610104,SG CỦ CHI,LA BẾN LỨC,LA BẾN LỨC,SG CỦ CHI,2026-07-13 19:19:32,2026-07-13 15:11:04,2026-07-13 13:03:54,,Đang trên bãi,10.66,Shuttle,FC,Forecast
530394010104,SG NHƠN ĐỨC,SG HIỆP BÌNH,SG HIỆP BÌNH,SG NHƠN ĐỨC,2026-07-13 19:19:32,2026-07-13 16:45:11,2026-07-13 14:28:02,,Đang trên bãi,13.9,Shuttle,FC,Forecast
530982810104,SG NHƠN ĐỨC,SG HIỆP BÌNH,SG HIỆP BÌNH,SG NHƠN ĐỨC,2026-07-13 19:19:31,2026-07-13 16:45:47,2026-07-13 14:13:09,,Đang trên bãi,13.9,Shuttle,FC,Forecast
530758610104,SG CỦ CHI,SG PHÚ LÂM,SG PHÚ LÂM,SG CỦ CHI,2026-07-13 19:19:28,2026-07-13 15:19:07,2026-07-13 13:04:46,,Đang trên bãi,9.51,Shuttle,FC,Forecast
530486010104,SG NHƠN ĐỨC,SG HIỆP BÌNH,SG HIỆP BÌNH,SG NHƠN ĐỨC,2026-07-13 19:19:25,2026-07-13 16:45:32,2026-07-13 14:23:08,,Đang trên bãi,13.9,Shuttle,FC,Forecast
530999400104,SG CỦ CHI,BD BÌNH HÒA,BD BÌNH HÒA,SG CỦ CHI,2026-07-13 19:19:22,2026-07-13 14:42:15,2026-07-13 10:06:43,,Đang trên bãi,12.24,Shuttle,FC,Forecast
530701140104,SG NHƠN ĐỨC,SG HIỆP BÌNH,SG HIỆP BÌNH,SG NHƠN ĐỨC,2026-07-13 19:19:18,2026-07-13 16:45:25,2026-07-13 14:28:07,,Đang trên bãi,13.9,Shuttle,FC,Forecast
530564610104,SG CỦ CHI,BD DĨ AN,BD DĨ AN,SG CỦ CHI,2026-07-13 19:19:15,2026-07-13 15:10:40,2026-07-13 13:03:54,,Đang trên bãi,10.1,Shuttle,FC,Forecast
530420740104,SG NHƠN ĐỨC,SG HIỆP BÌNH,SG HIỆP BÌNH,SG NHƠN ĐỨC,2026-07-13 19:19:15,2026-07-13 16:45:44,2026-07-13 14:23:05,,Đang trên bãi,13.9,Shuttle,FC,Forecast
530311140104,SG NHƠN ĐỨC,SG HIỆP BÌNH,SG HIỆP BÌNH,SG NHƠN ĐỨC,2026-07-13 19:19:12,2026-07-13 16:45:57,2026-07-13 14:18:20,,Đang trên bãi,13.9,Shuttle,FC,Forecast
530989930104,SG NHƠN ĐỨC,SG HIỆP BÌNH,SG HIỆP BÌNH,SG NHƠN ĐỨC,2026-07-13 19:19:07,2026-07-13 16:45:29,2026-07-13 14:27:50,,Đang trên bãi,13.9,Shuttle,FC,Forecast
530747410104,SG CỦ CHI,DT SA ĐÉC,DT SA ĐÉC,SG CỦ CHI,2026-07-13 19:19:06,2026-07-13 15:19:06,2026-07-13 13:05:14,,Đang trên bãi,9.51,Shuttle,FC,Forecast
530118530104,SG CỦ CHI,SG TÂN HƯNG,SG TÂN HƯNG,SG CỦ CHI,2026-07-13 19:19:04,2026-07-13 15:10:05,2026-07-13 10:06:00,,Đang trên bãi,8.0,Shuttle,FC,Forecast
530738610104,SG CỦ CHI,SG TÂN HƯNG,SG TÂN HƯNG,SG CỦ CHI,2026-07-13 19:19:04,2026-07-13 15:19:08,2026-07-13 11:59:09,,Đang trên bãi,9.51,Shuttle,FC,Forecast
530444210104,SG CỦ CHI,SG THỦ ĐỨC,SG THỦ ĐỨC,SG CỦ CHI,2026-07-13 19:19:02,2026-07-13 15:18:55,2026-07-13 11:45:57,,Đang trên bãi,9.51,Shuttle,FC,Forecast
530126740104,SG NHƠN ĐỨC,SG HIỆP BÌNH,SG HIỆP BÌNH,SG NHƠN ĐỨC,2026-07-13 19:19:00,2026-07-13 16:45:41,2026-07-13 14:23:08,,Đang trên bãi,13.9,Shuttle,FC,Forecast
530154730104,SG CỦ CHI,SG HÓC MÔN,SG HÓC MÔN,SG CỦ CHI,2026-07-13 19:18:58,2026-07-13 15:11:27,2026-07-13 11:59:33,,Đang trên bãi,8.5,Shuttle,FC,Forecast
530908340104,SG NHƠN ĐỨC,SG HIỆP BÌNH,SG HIỆP BÌNH,SG NHƠN ĐỨC,2026-07-13 19:18:55,2026-07-13 16:45:38,2026-07-13 14:23:07,,Đang trên bãi,13.9,Shuttle,FC,Forecast
530656940104,SG NHƠN ĐỨC,SG HIỆP BÌNH,SG HIỆP BÌNH,SG NHƠN ĐỨC,2026-07-13 19:18:55,2026-07-13 16:46:00,2026-07-13 14:23:08,,Đang trên bãi,13.9,Shuttle,FC,Forecast
530188810104,SG CỦ CHI,SG PHÚ NHUẬN,SG PHÚ NHUẬN,SG CỦ CHI,2026-07-13 19:18:52,2026-07-13 14:37:53,2026-07-13 11:57:47,,Đang trên bãi,8.16,Shuttle,FC,Forecast
530050340104,SG CỦ CHI,ST PHÚ LỢI,ST PHÚ LỢI,SG CỦ CHI,2026-07-13 19:18:52,2026-07-13 16:21:47,2026-07-13 14:59:21,,Đang trên bãi,8.0,Shuttle,FC,Forecast
530741140104,SG NHƠN ĐỨC,SG HIỆP BÌNH,SG HIỆP BÌNH,SG NHƠN ĐỨC,2026-07-13 19:18:51,2026-07-13 16:45:52,2026-07-13 14:13:09,,Đang trên bãi,13.9,Shuttle,FC,Forecast
530092210104,SG CỦ CHI,SG CHỢ LỚN,SG CHỢ LỚN,SG CỦ CHI,2026-07-13 19:18:45,2026-07-13 16:22:40,2026-07-13 14:28:24,,Đang trên bãi,8.0,Shuttle,FC,Forecast
530502420104,SG NHƠN ĐỨC,SG HIỆP BÌNH,SG HIỆP BÌNH,SG NHƠN ĐỨC,2026-07-13 19:18:45,2026-07-13 16:46:07,2026-07-13 14:27:51,,Đang trên bãi,13.9,Shuttle,FC,Forecast
530397610104,SG CỦ CHI,SG CHỢ LỚN,SG CHỢ LỚN,SG CỦ CHI,2026-07-13 19:18:44,2026-07-13 15:11:21,2026-07-13 13:08:23,,Đang trên bãi,15.5,Shuttle,FC,Forecast
530552140104,SG CỦ CHI,SG PHÚ LÂM,SG PHÚ LÂM,SG CỦ CHI,2026-07-13 19:18:44,2026-07-13 16:22:20,2026-07-13 14:59:21,,Đang trên bãi,8.0,Shuttle,FC,Forecast
530752140104,SG NHƠN ĐỨC,SG HIỆP BÌNH,SG HIỆP BÌNH,SG NHƠN ĐỨC,2026-07-13 19:18:43,2026-07-13 16:48:30,2026-07-13 15:08:01,,Đang trên bãi,13.9,Shuttle,FC,Forecast
530556340104,SG NHƠN ĐỨC,SG HIỆP BÌNH,SG HIỆP BÌNH,SG NHƠN ĐỨC,2026-07-13 19:18:40,2026-07-13 16:45:50,2026-07-13 14:18:11,,Đang trên bãi,13.9,Shuttle,FC,Forecast
530572930104,SG CỦ CHI,SG TÂN SƠN NHÌ,SG TÂN SƠN NHÌ,SG CỦ CHI,2026-07-13 19:18:37,2026-07-13 14:37:50,2026-07-13 13:07:50,,Đang trên bãi,8.16,Shuttle,FC,Forecast
530092410104,SG NHƠN ĐỨC,SG HIỆP BÌNH,SG HIỆP BÌNH,SG NHƠN ĐỨC,2026-07-13 19:18:37,2026-07-13 16:46:14,2026-07-13 14:29:22,,Đang trên bãi,13.9,Shuttle,FC,Forecast
530446740104,SG CỦ CHI,SG AN PHÚ ĐÔNG,SG AN PHÚ ĐÔNG,SG CỦ CHI,2026-07-13 19:18:37,2026-07-13 16:22:49,2026-07-13 15:00:01,,Đang trên bãi,8.0,Shuttle,FC,Forecast
530420940104,SG NHƠN ĐỨC,SG HIỆP BÌNH,SG HIỆP BÌNH,SG NHƠN ĐỨC,2026-07-13 19:18:34,2026-07-13 16:46:19,2026-07-13 14:23:07,,Đang trên bãi,13.9,Shuttle,FC,Forecast
530473530104,SG CỦ CHI,AG LONG XUYÊN,AG LONG XUYÊN,SG CỦ CHI,2026-07-13 19:18:33,2026-07-13 16:21:42,2026-07-13 13:34:21,,Đang trên bãi,8.0,Shuttle,FC,Forecast
530025540104,SG NHƠN ĐỨC,SG HIỆP BÌNH,SG HIỆP BÌNH,SG NHƠN ĐỨC,2026-07-13 19:18:32,2026-07-13 16:46:23,2026-07-13 14:18:20,,Đang trên bãi,13.9,Shuttle,FC,Forecast
530148810104,SG CỦ CHI,VT LONG ĐẤT,VT LONG ĐẤT,SG CỦ CHI,2026-07-13 19:18:29,2026-07-13 15:11:29,2026-07-13 11:59:33,,Đang trên bãi,8.5,Shuttle,FC,Forecast
530997930104,SG NHƠN ĐỨC,SG HIỆP BÌNH,SG HIỆP BÌNH,SG NHƠN ĐỨC,2026-07-13 19:18:26,2026-07-13 16:46:12,2026-07-13 14:27:59,,Đang trên bãi,13.9,Shuttle,FC,Forecast
530321740104,SG CỦ CHI,TG TRUNG AN,TG TRUNG AN,SG CỦ CHI,2026-07-13 19:18:23,2026-07-13 16:22:19,2026-07-13 14:59:22,,Đang trên bãi,8.0,Shuttle,FC,Forecast
530130340104,SG NHƠN ĐỨC,SG HIỆP BÌNH,SG HIỆP BÌNH,SG NHƠN ĐỨC,2026-07-13 19:18:20,2026-07-13 16:46:32,2026-07-13 14:23:19,,Đang trên bãi,13.9,Shuttle,FC,Forecast
530095610104,SG CỦ CHI,SG NHƠN ĐỨC,SG NHƠN ĐỨC,SG CỦ CHI,2026-07-13 19:18:15,2026-07-13 16:22:16,2026-07-13 14:57:59,,Đang trên bãi,8.0,Shuttle,FC,Forecast
530583210104,SG NHƠN ĐỨC,SG HIỆP BÌNH,SG HIỆP BÌNH,SG NHƠN ĐỨC,2026-07-13 19:18:14,2026-07-13 16:46:53,2026-07-13 14:28:07,,Đang trên bãi,13.9,Shuttle,FC,Forecast
530828140104,SG CỦ CHI,SG ĐÔNG HƯNG THUẬN,SG ĐÔNG HƯNG THUẬN,SG CỦ CHI,2026-07-13 19:18:13,2026-07-13 16:22:43,2026-07-13 14:58:58,,Đang trên bãi,8.0,Shuttle,FC,Forecast
530246410104,SG CỦ CHI,SG PHÚ NHUẬN,SG PHÚ NHUẬN,SG CỦ CHI,2026-07-13 19:18:12,2026-07-13 14:37:55,2026-07-13 11:58:51,,Đang trên bãi,8.16,Shuttle,FC,Forecast
530356730104,SG CỦ CHI,VT LONG ĐẤT,VT LONG ĐẤT,SG CỦ CHI,2026-07-13 19:18:08,2026-07-13 15:11:28,2026-07-13 11:59:32,,Đang trên bãi,8.5,Shuttle,FC,Forecast
530432010104,SG CỦ CHI,DT TN,DT TN,SG CỦ CHI,2026-07-13 19:18:06,2026-07-13 15:18:53,2026-07-13 11:15:35,,Đang trên bãi,9.51,Shuttle,FC,Forecast
530314020104,SG NHƠN ĐỨC,SG HIỆP BÌNH,SG HIỆP BÌNH,SG NHƠN ĐỨC,2026-07-13 19:17:55,2026-07-13 16:46:45,2026-07-13 14:27:51,,Đang trên bãi,13.9,Shuttle,FC,Forecast
530057410104,SG CỦ CHI,VT VŨNG TÀU,VT VŨNG TÀU,SG CỦ CHI,2026-07-13 19:17:53,2026-07-13 14:37:49,2026-07-13 11:45:56,,Đang trên bãi,8.16,Shuttle,FC,Forecast
530769930104,SG CỦ CHI,LA TÂN AN,LA TÂN AN,SG CỦ CHI,2026-07-13 19:17:49,2026-07-13 15:18:56,2026-07-13 11:45:57,,Đang trên bãi,9.51,Shuttle,FC,Forecast
530138540104,SG NHƠN ĐỨC,SG HIỆP BÌNH,SG HIỆP BÌNH,SG NHƠN ĐỨC,2026-07-13 19:17:49,2026-07-13 16:47:15,2026-07-13 14:33:12,,Đang trên bãi,13.9,Shuttle,FC,Forecast
530535130104,SG CỦ CHI,AG LONG XUYÊN,AG LONG XUYÊN,SG CỦ CHI,2026-07-13 19:17:48,2026-07-13 14:37:54,2026-07-13 11:59:32,,Đang trên bãi,8.16,Shuttle,FC,Forecast
530292810104,SG NHƠN ĐỨC,SG HIỆP BÌNH,SG HIỆP BÌNH,SG NHƠN ĐỨC,2026-07-13 19:17:46,2026-07-13 16:46:29,2026-07-13 14:33:18,,Đang trên bãi,13.9,Shuttle,FC,Forecast
530569410104,SG CỦ CHI,BD BÌNH HÒA,BD BÌNH HÒA,SG CỦ CHI,2026-07-13 19:17:45,2026-07-13 15:19:05,2026-07-13 11:59:09,,Đang trên bãi,9.51,Shuttle,FC,Forecast
530139330104,SG CỦ CHI,SG PHÚ LÂM,SG PHÚ LÂM,SG CỦ CHI,2026-07-13 19:17:44,2026-07-13 15:10:01,2026-07-13 10:05:23,,Đang trên bãi,10.62,Shuttle,FC,Forecast
530987530104,SG NHƠN ĐỨC,SG HIỆP BÌNH,SG HIỆP BÌNH,SG NHƠN ĐỨC,2026-07-13 19:17:43,2026-07-13 16:47:27,2026-07-13 14:18:21,,Đang trên bãi,13.9,Shuttle,FC,Forecast
530507020104,SG NHƠN ĐỨC,SG HIỆP BÌNH,SG HIỆP BÌNH,SG NHƠN ĐỨC,2026-07-13 19:17:38,2026-07-13 16:46:59,2026-07-13 14:23:08,,Đang trên bãi,13.9,Shuttle,FC,Forecast
530203540104,SG NHƠN ĐỨC,SG HIỆP BÌNH,SG HIỆP BÌNH,SG NHƠN ĐỨC,2026-07-13 19:17:34,2026-07-13 16:46:50,2026-07-13 14:18:21,,Đang trên bãi,13.9,Shuttle,FC,Forecast
530248330104,SG CỦ CHI,LA BẾN LỨC,LA BẾN LỨC,SG CỦ CHI,2026-07-13 19:17:31,2026-07-13 14:41:22,2026-07-13 11:59:32,,Đang trên bãi,7.99,Shuttle,FC,Forecast
530582530104,SG CỦ CHI,SG TÂN THỚI HIỆP,SG TÂN THỚI HIỆP,SG CỦ CHI,2026-07-13 19:17:28,2026-07-13 15:19:04,2026-07-13 13:07:50,,Đang trên bãi,9.51,Shuttle,FC,Forecast
530122940104,SG NHƠN ĐỨC,SG HIỆP BÌNH,SG HIỆP BÌNH,SG NHƠN ĐỨC,2026-07-13 19:17:26,2026-07-13 16:47:19,2026-07-13 14:22:59,,Đang trên bãi,13.9,Shuttle,FC,Forecast
530446540104,SG CỦ CHI,SG ĐÔNG HƯNG THUẬN,SG ĐÔNG HƯNG THUẬN,SG CỦ CHI,2026-07-13 19:17:24,2026-07-13 16:22:51,2026-07-13 14:58:58,,Đang trên bãi,8.0,Shuttle,FC,Forecast
530405540104,SG NHƠN ĐỨC,SG HIỆP BÌNH,SG HIỆP BÌNH,SG NHƠN ĐỨC,2026-07-13 19:17:23,2026-07-13 16:46:03,2026-07-13 14:18:10,,Đang trên bãi,13.9,Shuttle,FC,Forecast
530548140104,SG CỦ CHI,CT NINH KIỀU,CT NINH KIỀU,SG CỦ CHI,2026-07-13 19:17:23,2026-07-13 16:22:45,2026-07-13 14:58:58,,Đang trên bãi,8.0,Shuttle,FC,Forecast
530042340104,SG CỦ CHI,SG BÌNH TRỊ ĐÔNG,SG BÌNH TRỊ ĐÔNG,SG CỦ CHI,2026-07-13 19:17:19,2026-07-13 16:21:39,2026-07-13 14:28:24,,Đang trên bãi,8.0,Shuttle,FC,Forecast
530614020104,SG NHƠN ĐỨC,SG HIỆP BÌNH,SG HIỆP BÌNH,SG NHƠN ĐỨC,2026-07-13 19:17:19,2026-07-13 16:46:37,2026-07-13 14:33:18,,Đang trên bãi,13.9,Shuttle,FC,Forecast
530599010104,SG NHƠN ĐỨC,SG HIỆP BÌNH,SG HIỆP BÌNH,SG NHƠN ĐỨC,2026-07-13 19:17:17,2026-07-13 16:46:40,2026-07-13 14:18:15,,Đang trên bãi,13.9,Shuttle,FC,Forecast
530254940104,SG CỦ CHI,LA ĐỨC HÒA,LA ĐỨC HÒA,SG CỦ CHI,2026-07-13 19:17:17,2026-07-13 16:22:48,2026-07-13 15:00:38,,Đang trên bãi,8.0,Shuttle,FC,Forecast
530593730104,SG NHƠN ĐỨC,SG HIỆP BÌNH,SG HIỆP BÌNH,SG NHƠN ĐỨC,2026-07-13 19:17:15,2026-07-13 16:47:46,2026-07-13 14:23:08,,Đang trên bãi,13.9,Shuttle,FC,Forecast
530533530104,SG CỦ CHI,SG KHÁNH HỘI,SG KHÁNH HỘI,SG CỦ CHI,2026-07-13 19:17:10,2026-07-13 15:19:12,2026-07-13 12:02:17,,Đang trên bãi,10.16,Shuttle,FC,Forecast
530895330104,SG NHƠN ĐỨC,SG HIỆP BÌNH,SG HIỆP BÌNH,SG NHƠN ĐỨC,2026-07-13 19:17:09,2026-07-13 16:47:23,2026-07-13 14:13:06,,Đang trên bãi,13.9,Shuttle,FC,Forecast
530738210104,SG CỦ CHI,SG KHÁNH HỘI,SG KHÁNH HỘI,SG CỦ CHI,2026-07-13 19:17:08,2026-07-13 15:19:15,2026-07-13 11:58:10,,Đang trên bãi,9.51,Shuttle,FC,Forecast
530205540104,SG NHƠN ĐỨC,SG HIỆP BÌNH,SG HIỆP BÌNH,SG NHƠN ĐỨC,2026-07-13 19:17:06,2026-07-13 16:47:02,2026-07-13 14:13:09,,Đang trên bãi,13.9,Shuttle,FC,Forecast
530487010104,SG CỦ CHI,SG PHÚ LÂM,SG PHÚ LÂM,SG CỦ CHI,2026-07-13 19:17:06,2026-07-13 16:21:45,2026-07-13 14:58:39,,Đang trên bãi,8.0,Shuttle,FC,Forecast
530057740104,SG NHƠN ĐỨC,SG HIỆP BÌNH,SG HIỆP BÌNH,SG NHƠN ĐỨC,2026-07-13 19:17:02,2026-07-13 16:47:34,2026-07-13 14:28:10,,Đang trên bãi,13.9,Shuttle,FC,Forecast
530487210104,SG CỦ CHI,SG BÌNH LỢI TRUNG,SG BÌNH LỢI TRUNG,SG CỦ CHI,2026-07-13 19:16:58,2026-07-13 16:22:53,2026-07-13 15:00:00,,Đang trên bãi,8.0,Shuttle,FC,Forecast
530912940104,SG NHƠN ĐỨC,SG HIỆP BÌNH,SG HIỆP BÌNH,SG NHƠN ĐỨC,2026-07-13 19:16:56,2026-07-13 16:47:05,2026-07-13 14:23:14,,Đang trên bãi,13.9,Shuttle,FC,Forecast
530227140104,SG CỦ CHI,SG GÒ VẤP,SG GÒ VẤP,SG CỦ CHI,2026-07-13 19:16:54,2026-07-13 16:22:52,2026-07-13 14:59:21,,Đang trên bãi,8.0,Shuttle,FC,Forecast
530702820104,SG NHƠN ĐỨC,SG HIỆP BÌNH,SG HIỆP BÌNH,SG NHƠN ĐỨC,2026-07-13 19:16:54,2026-07-13 16:47:11,2026-07-13 14:33:12,,Đang trên bãi,13.9,Shuttle,FC,Forecast
530367610104,SG CỦ CHI,SG TÂN THỚI HIỆP,SG TÂN THỚI HIỆP,SG CỦ CHI,2026-07-13 19:16:53,2026-07-13 16:21:46,2026-07-13 13:34:21,,Đang trên bãi,8.0,Shuttle,FC,Forecast
530511340104,SG NHƠN ĐỨC,SG HIỆP BÌNH,SG HIỆP BÌNH,SG NHƠN ĐỨC,2026-07-13 19:16:53,2026-07-13 16:47:43,2026-07-13 14:28:10,,Đang trên bãi,13.9,Shuttle,FC,Forecast
530303820104,SG CỦ CHI,SG BÌNH LỢI,SG BÌNH LỢI,SG CỦ CHI,2026-07-13 19:16:48,2026-07-13 16:22:44,2026-07-13 14:58:39,,Đang trên bãi,8.0,Shuttle,FC,Forecast
530686530104,SG CỦ CHI,AG AN PHÚ,AG AN PHÚ,SG CỦ CHI,2026-07-13 19:16:44,2026-07-13 16:22:50,2026-07-13 13:42:46,,Đang trên bãi,8.0,Shuttle,FC,Forecast
530705740104,SG NHƠN ĐỨC,SG HIỆP BÌNH,SG HIỆP BÌNH,SG NHƠN ĐỨC,2026-07-13 19:16:44,2026-07-13 16:47:52,2026-07-13 14:28:10,,Đang trên bãi,13.9,Shuttle,FC,Forecast
530546540104,SG CỦ CHI,TG HÒA KHÁNH,TG HÒA KHÁNH,SG CỦ CHI,2026-07-13 19:16:44,2026-07-13 16:21:48,2026-07-13 15:01:27,,Đang trên bãi,8.0,Shuttle,FC,Forecast
530321340104,SG CỦ CHI,AG TÂN CHÂU,AG TÂN CHÂU,SG CỦ CHI,2026-07-13 19:16:40,2026-07-13 16:21:44,2026-07-13 14:58:19,,Đang trên bãi,8.0,Shuttle,FC,Forecast
530583610104,SG CỦ CHI,ST PHÚ LỢI,ST PHÚ LỢI,SG CỦ CHI,2026-07-13 19:16:38,2026-07-13 16:22:12,2026-07-13 14:28:56,,Đang trên bãi,8.0,Shuttle,FC,Forecast
530386810104,SG NHƠN ĐỨC,SG HIỆP BÌNH,SG HIỆP BÌNH,SG NHƠN ĐỨC,2026-07-13 19:16:38,2026-07-13 16:47:57,2026-07-13 14:22:58,,Đang trên bãi,13.9,Shuttle,FC,Forecast
530883210104,SG NHƠN ĐỨC,SG CỦ CHI,SG CỦ CHI,SG NHƠN ĐỨC,2026-07-13 19:16:38,2026-07-13 16:48:38,2026-07-13 14:33:12,,Đang trên bãi,16.68,Shuttle,FC,Forecast
530042140104,SG CỦ CHI,SG CỦ CHI,SG CỦ CHI,SG CỦ CHI,2026-07-13 19:16:35,2026-07-13 16:21:40,2026-07-13 14:28:24,,Đang trên bãi,8.0,Shuttle,FC,Forecast
530522340104,SG NHƠN ĐỨC,SG HIỆP BÌNH,SG HIỆP BÌNH,SG NHƠN ĐỨC,2026-07-13 19:16:34,2026-07-13 16:48:08,2026-07-13 14:27:58,,Đang trên bãi,13.9,Shuttle,FC,Forecast
530010220104,SG CỦ CHI,CT Ô MÔN,CT Ô MÔN,SG CỦ CHI,2026-07-13 19:16:33,2026-07-13 16:22:56,2026-07-13 14:58:58,,Đang trên bãi,8.0,Shuttle,FC,Forecast
530912740104,SG NHƠN ĐỨC,SG HIỆP BÌNH,SG HIỆP BÌNH,SG NHƠN ĐỨC,2026-07-13 19:16:31,2026-07-13 16:48:11,2026-07-13 14:22:59,,Đang trên bãi,13.9,Shuttle,FC,Forecast
530619140104,SG CỦ CHI,SG BÌNH LỢI TRUNG,SG BÌNH LỢI TRUNG,SG CỦ CHI,2026-07-13 19:16:29,2026-07-13 16:21:50,2026-07-13 15:00:00,,Đang trên bãi,8.0,Shuttle,FC,Forecast
530701540104,SG CỦ CHI,SG CỦ CHI,SG CỦ CHI,SG CỦ CHI,2026-07-13 19:16:28,2026-07-13 16:22:41,2026-07-13 14:28:24,,Đang trên bãi,8.0,Shuttle,FC,Forecast
530423540104,SG CỦ CHI,SG PHÚ LÂM,SG PHÚ LÂM,SG CỦ CHI,2026-07-13 19:16:24,2026-07-13 16:22:21,2026-07-13 14:59:22,,Đang trên bãi,8.0,Shuttle,FC,Forecast
530412610104,SG CỦ CHI,SG BẢY HIỀN,SG BẢY HIỀN,SG CỦ CHI,2026-07-13 19:16:23,2026-07-13 15:10:57,2026-07-13 10:09:42,,Đang trên bãi,12.56,Shuttle,FC,Forecast
530593530104,SG NHƠN ĐỨC,SG HIỆP BÌNH,SG HIỆP BÌNH,SG NHƠN ĐỨC,2026-07-13 19:16:22,2026-07-13 16:48:05,2026-07-13 14:23:08,,Đang trên bãi,13.9,Shuttle,FC,Forecast
530193410104,SG NHƠN ĐỨC,SG HIỆP BÌNH,SG HIỆP BÌNH,SG NHƠN ĐỨC,2026-07-13 19:16:19,2026-07-13 16:47:33,2026-07-13 15:07:56,,Đang trên bãi,13.9,Shuttle,FC,Forecast
530606810104,SG CỦ CHI,SG BÀ ĐIỂM,SG BÀ ĐIỂM,SG CỦ CHI,2026-07-13 19:16:18,2026-07-13 14:41:37,2026-07-13 10:05:23,,Đang trên bãi,11.6,Shuttle,FC,Forecast
530109740104,SG CỦ CHI,SG NHƠN ĐỨC,SG NHƠN ĐỨC,SG CỦ CHI,2026-07-13 19:16:18,2026-07-13 16:22:14,2026-07-13 14:28:56,,Đang trên bãi,8.0,Shuttle,FC,Forecast
530042940104,SG CỦ CHI,BD DĨ AN,BD DĨ AN,SG CỦ CHI,2026-07-13 19:16:16,2026-07-13 16:22:13,2026-07-13 14:28:56,,Đang trên bãi,8.0,Shuttle,FC,Forecast
530494210104,SG NHƠN ĐỨC,SG HIỆP BÌNH,SG HIỆP BÌNH,SG NHƠN ĐỨC,2026-07-13 19:16:15,2026-07-13 16:48:01,2026-07-13 14:29:42,,Đang trên bãi,13.9,Shuttle,FC,Forecast
530346540104,SG NHƠN ĐỨC,SG HIỆP BÌNH,SG HIỆP BÌNH,SG NHƠN ĐỨC,2026-07-13 19:16:12,2026-07-13 16:48:47,2026-07-13 14:53:02,,Đang trên bãi,13.9,Shuttle,FC,Forecast
530882210104,SG NHƠN ĐỨC,SG BẢY HIỀN,SG BẢY HIỀN,SG NHƠN ĐỨC,2026-07-13 19:16:09,2026-07-13 16:50:16,2026-07-13 14:07:56,,Đang trên bãi,8.37,Shuttle,FC,Forecast
530106740104,SG CỦ CHI,BD DĨ AN,BD DĨ AN,SG CỦ CHI,2026-07-13 19:16:06,2026-07-13 14:42:30,2026-07-13 13:04:36,,Đang trên bãi,7.89,Shuttle,FC,Forecast
530965130104,SG CỦ CHI,CT LONG MỸ,CT LONG MỸ,SG CỦ CHI,2026-07-13 19:16:04,2026-07-13 16:22:46,2026-07-13 13:35:36,,Đang trên bãi,8.0,Shuttle,FC,Forecast
530048740104,SG NHƠN ĐỨC,SG CỦ CHI,SG CỦ CHI,SG NHƠN ĐỨC,2026-07-13 19:16:04,2026-07-13 16:48:42,2026-07-13 14:43:14,,Đang trên bãi,13.9,Shuttle,FC,Forecast
530044540104,SG NHƠN ĐỨC,SG HIỆP BÌNH,SG HIỆP BÌNH,SG NHƠN ĐỨC,2026-07-13 19:16:01,2026-07-13 16:49:24,2026-07-13 14:38:03,,Đang trên bãi,13.9,Shuttle,FC,Forecast
530354540104,SG CỦ CHI,TG TRUNG AN,TG TRUNG AN,SG CỦ CHI,2026-07-13 19:15:56,2026-07-13 16:22:48,2026-07-13 15:01:27,,Đang trên bãi,8.0,Shuttle,FC,Forecast
530514820104,SG NHƠN ĐỨC,SG CỦ CHI,SG CỦ CHI,SG NHƠN ĐỨC,2026-07-13 19:15:54,2026-07-13 16:48:56,2026-07-13 14:33:06,,Đang trên bãi,16.68,Shuttle,FC,Forecast
530156410104,SG CỦ CHI,SG THỦ ĐỨC,SG THỦ ĐỨC,SG CỦ CHI,2026-07-13 19:15:53,2026-07-13 15:10:52,2026-07-13 10:52:18,,Đang trên bãi,6.5,Shuttle,FC,Forecast
530602420104,SG CỦ CHI,3PL,SETN,SG CỦ CHI,2026-07-13 19:15:49,2026-07-13 16:21:41,2026-07-13 14:28:23,,Đang trên bãi,8.0,Shuttle,3PL,Forecast
530444140104,SG NHƠN ĐỨC,SG HIỆP BÌNH,SG HIỆP BÌNH,SG NHƠN ĐỨC,2026-07-13 19:15:49,2026-07-13 16:50:33,2026-07-13 14:53:07,,Đang trên bãi,13.9,Shuttle,FC,Forecast
530426140104,SG CỦ CHI,SG THỦ ĐỨC,SG THỦ ĐỨC,SG CỦ CHI,2026-07-13 19:15:48,2026-07-13 16:22:42,2026-07-13 14:28:24,,Đang trên bãi,8.0,Shuttle,FC,Forecast
530124210104,SG CỦ CHI,CT LONG MỸ,CT LONG MỸ,SG CỦ CHI,2026-07-13 19:15:47,2026-07-13 15:20:38,2026-07-13 10:06:43,,Đang trên bãi,6.41,Shuttle,FC,Forecast
530122820104,SG NHƠN ĐỨC,SG HIỆP BÌNH,SG HIỆP BÌNH,SG NHƠN ĐỨC,2026-07-13 19:15:45,2026-07-13 16:48:39,2026-07-13 14:38:06,,Đang trên bãi,13.9,Shuttle,FC,Forecast
530019930104,SG CỦ CHI,SG THỦ ĐỨC,SG THỦ ĐỨC,SG CỦ CHI,2026-07-13 19:15:43,2026-07-13 15:20:39,2026-07-13 10:51:43,,Đang trên bãi,6.41,Shuttle,FC,Forecast
530544140104,SG CỦ CHI,BD BÌNH HÒA,BD BÌNH HÒA,SG CỦ CHI,2026-07-13 19:15:42,2026-07-13 16:21:51,2026-07-13 14:59:22,,Đang trên bãi,8.0,Shuttle,FC,Forecast
530010420104,SG CỦ CHI,BD BÌNH HÒA,BD BÌNH HÒA,SG CỦ CHI,2026-07-13 19:15:41,2026-07-13 16:22:55,2026-07-13 14:59:21,,Đang trên bãi,8.0,Shuttle,FC,Forecast
530809340104,SG NHƠN ĐỨC,SG HIỆP BÌNH,SG HIỆP BÌNH,SG NHƠN ĐỨC,2026-07-13 19:15:40,2026-07-13 16:49:11,2026-07-13 15:03:10,,Đang trên bãi,13.9,Shuttle,FC,Forecast
530550330104,SG CỦ CHI,SG THỦ ĐỨC,SG THỦ ĐỨC,SG CỦ CHI,2026-07-13 19:15:38,2026-07-13 15:20:40,2026-07-13 11:57:48,,Đang trên bãi,6.41,Shuttle,FC,Forecast
530244740104,SG NHƠN ĐỨC,SG HIỆP BÌNH,SG HIỆP BÌNH,SG NHƠN ĐỨC,2026-07-13 19:15:36,2026-07-13 16:49:17,2026-07-13 14:43:01,,Đang trên bãi,13.9,Shuttle,FC,Forecast
530448740104,SG CỦ CHI,SG CỦ CHI,SG CỦ CHI,SG CỦ CHI,2026-07-13 19:15:34,2026-07-13 16:22:15,2026-07-13 14:57:59,,Đang trên bãi,8.0,Shuttle,FC,Forecast
530828340104,SG CỦ CHI,BD BÌNH HÒA,BD BÌNH HÒA,SG CỦ CHI,2026-07-13 19:15:34,2026-07-13 16:22:20,2026-07-13 14:59:22,,Đang trên bãi,8.0,Shuttle,FC,Forecast
530207820104,SG NHƠN ĐỨC,SG HIỆP BÌNH,SG HIỆP BÌNH,SG NHƠN ĐỨC,2026-07-13 19:15:33,2026-07-13 16:49:20,2026-07-13 14:18:15,,Đang trên bãi,13.9,Shuttle,FC,Forecast
530544540104,SG CỦ CHI,CT NINH KIỀU,CT NINH KIỀU,SG CỦ CHI,2026-07-13 19:15:33,2026-07-13 16:22:54,2026-07-13 15:00:00,,Đang trên bãi,8.0,Shuttle,FC,Forecast
530701340104,SG CỦ CHI,SG BÌNH TRỊ ĐÔNG,SG BÌNH TRỊ ĐÔNG,SG CỦ CHI,2026-07-13 19:15:30,2026-07-13 16:21:38,2026-07-13 14:28:24,,Đang trên bãi,8.0,Shuttle,FC,Forecast
530446140104,SG CỦ CHI,SG GÒ VẤP,SG GÒ VẤP,SG CỦ CHI,2026-07-13 19:15:28,2026-07-13 16:22:17,2026-07-13 14:58:19,,Đang trên bãi,8.0,Shuttle,FC,Forecast
530652140104,SG NHƠN ĐỨC,SG HIỆP BÌNH,SG HIỆP BÌNH,SG NHƠN ĐỨC,2026-07-13 19:15:26,2026-07-13 16:50:21,2026-07-13 15:03:20,,Đang trên bãi,13.9,Shuttle,FC,Forecast
530635210104,SG CỦ CHI,SG CỦ CHI,SG CỦ CHI,SG CỦ CHI,2026-07-13 19:15:25,2026-07-13 16:29:19,2026-07-13 10:03:02,,Đang trên bãi,5.4,Shuttle,FC,Forecast
530586810104,SG CỦ CHI,VT XUYÊN MỘC,VT XUYÊN MỘC,SG CỦ CHI,2026-07-13 19:15:25,2026-07-13 16:22:11,2026-07-13 14:28:55,,Đang trên bãi,8.0,Shuttle,FC,Forecast
530113940104,SG CỦ CHI,TG HÒA KHÁNH,TG HÒA KHÁNH,SG CỦ CHI,2026-07-13 19:15:23,2026-07-13 16:25:19,2026-07-13 14:28:25,,Đang trên bãi,5.08,Shuttle,FC,Forecast
530899200104,SG CỦ CHI,BD DĨ AN,BD DĨ AN,SG CỦ CHI,2026-07-13 19:15:19,2026-07-13 16:28:38,2026-07-13 10:03:01,,Đang trên bãi,5.4,Shuttle,FC,Forecast
530230740104,SG NHƠN ĐỨC,SG HIỆP BÌNH,SG HIỆP BÌNH,SG NHƠN ĐỨC,2026-07-13 19:15:19,2026-07-13 16:50:39,2026-07-13 14:33:18,,Đang trên bãi,13.9,Shuttle,FC,Forecast
530522020104,SG NHƠN ĐỨC,SG CỦ CHI,SG CỦ CHI,SG NHƠN ĐỨC,2026-07-13 19:15:19,2026-07-13 16:49:38,2026-07-13 14:43:11,,Đang trên bãi,16.68,Shuttle,FC,Forecast
530208540104,SG CỦ CHI,TG HÒA KHÁNH,TG HÒA KHÁNH,SG CỦ CHI,2026-07-13 19:15:16,2026-07-13 16:27:42,2026-07-13 14:00:48,,Đang trên bãi,5.4,Shuttle,FC,Forecast
530838940104,SG CỦ CHI,LA ĐỨC HÒA,LA ĐỨC HÒA,SG CỦ CHI,2026-07-13 19:15:13,2026-07-13 16:25:04,2026-07-13 14:58:39,,Đang trên bãi,5.08,Shuttle,FC,Forecast
530321140104,SG CỦ CHI,SG PHÚ NHUẬN,SG PHÚ NHUẬN,SG CỦ CHI,2026-07-13 19:15:12,2026-07-13 16:22:18,2026-07-13 14:57:59,,Đang trên bãi,8.0,Shuttle,FC,Forecast
530986210104,SG NHƠN ĐỨC,SG CỦ CHI,SG CỦ CHI,SG NHƠN ĐỨC,2026-07-13 19:15:11,2026-07-13 16:49:45,2026-07-13 14:37:50,,Đang trên bãi,16.68,Shuttle,FC,Forecast
530685410104,SG CỦ CHI,VT XUYÊN MỘC,VT XUYÊN MỘC,SG CỦ CHI,2026-07-13 19:15:08,2026-07-13 16:28:15,2026-07-13 14:00:49,,Đang trên bãi,5.2,Shuttle,FC,Forecast
530800420104,SG CỦ CHI,SG BÌNH TÂN,SG BÌNH TÂN,SG CỦ CHI,2026-07-13 19:15:07,2026-07-13 16:25:27,2026-07-13 13:42:46,,Đang trên bãi,5.08,Shuttle,FC,Forecast
530327740104,SG NHƠN ĐỨC,SG HIỆP BÌNH,SG HIỆP BÌNH,SG NHƠN ĐỨC,2026-07-13 19:15:07,2026-07-13 16:50:47,2026-07-13 15:07:54,,Đang trên bãi,13.9,Shuttle,FC,Forecast
530544740104,SG CỦ CHI,SG BÌNH TRỊ ĐÔNG,SG BÌNH TRỊ ĐÔNG,SG CỦ CHI,2026-07-13 19:15:05,2026-07-13 16:24:44,2026-07-13 15:00:38,,Đang trên bãi,5.08,Shuttle,FC,Forecast
530050140104,SG CỦ CHI,LA TÂN AN,LA TÂN AN,SG CỦ CHI,2026-07-13 19:15:04,2026-07-13 16:22:47,2026-07-13 14:58:39,,Đang trên bãi,8.0,Shuttle,FC,Forecast
530742340104,SG NHƠN ĐỨC,SG HIỆP BÌNH,SG HIỆP BÌNH,SG NHƠN ĐỨC,2026-07-13 19:15:02,2026-07-13 16:49:01,2026-07-13 14:52:59,,Đang trên bãi,13.9,Shuttle,FC,Forecast
530715220104,SG CỦ CHI,SG TÂN THỚI HIỆP,SG TÂN THỚI HIỆP,SG CỦ CHI,2026-07-13 19:15:01,2026-07-13 16:24:38,2026-07-13 15:00:00,,Đang trên bãi,5.08,Shuttle,FC,Forecast
530413130104,SG CỦ CHI,TG GÒ CÔNG,TG GÒ CÔNG,SG CỦ CHI,2026-07-13 19:15:00,2026-07-13 16:27:55,2026-07-13 10:02:24,,Đang trên bãi,5.4,Shuttle,FC,Forecast
530123220104,SG CỦ CHI,TG GÒ CÔNG,TG GÒ CÔNG,SG CỦ CHI,2026-07-13 19:14:57,2026-07-13 16:28:50,2026-07-13 14:58:19,,Đang trên bãi,5.4,Shuttle,FC,Forecast
530127540104,SG NHƠN ĐỨC,SG HIỆP BÌNH,SG HIỆP BÌNH,SG NHƠN ĐỨC,2026-07-13 19:14:55,2026-07-13 16:49:53,2026-07-13 14:53:05,,Đang trên bãi,13.9,Shuttle,FC,Forecast
530584610104,SG CỦ CHI,CT BÌNH THỦY,CT BÌNH THỦY,SG CỦ CHI,2026-07-13 19:14:54,2026-07-13 16:28:13,2026-07-13 13:35:36,,Đang trên bãi,5.4,Shuttle,FC,Forecast
530759530104,SG CỦ CHI,DT TN,DT TN,SG CỦ CHI,2026-07-13 19:14:52,2026-07-13 16:28:28,2026-07-13 13:34:21,,Đang trên bãi,5.4,Shuttle,FC,Forecast
530023620104,SG CỦ CHI,SG TÂN SƠN NHÌ,SG TÂN SƠN NHÌ,SG CỦ CHI,2026-07-13 19:14:52,2026-07-13 16:29:13,2026-07-13 14:57:59,,Đang trên bãi,5.4,Shuttle,FC,Forecast
530008820104,SG NHƠN ĐỨC,SG HIỆP BÌNH,SG HIỆP BÌNH,SG NHƠN ĐỨC,2026-07-13 19:14:52,2026-07-13 16:49:33,2026-07-13 14:38:08,,Đang trên bãi,13.9,Shuttle,FC,Forecast
530548740104,SG CỦ CHI,SG BÌNH TRỊ ĐÔNG,SG BÌNH TRỊ ĐÔNG,SG CỦ CHI,2026-07-13 19:14:48,2026-07-13 16:27:59,2026-07-13 15:00:37,,Đang trên bãi,5.2,Shuttle,FC,Forecast
530234740104,SG NHƠN ĐỨC,SG CỦ CHI,SG CỦ CHI,SG NHƠN ĐỨC,2026-07-13 19:14:48,2026-07-13 16:49:41,2026-07-13 14:38:10,,Đang trên bãi,16.68,Shuttle,FC,Forecast
530614930104,SG CỦ CHI,BD DĨ AN,BD DĨ AN,SG CỦ CHI,2026-07-13 19:14:47,2026-07-13 16:27:46,2026-07-13 10:03:01,,Đang trên bãi,5.4,Shuttle,FC,Forecast
530814620104,SG NHƠN ĐỨC,SG HIỆP BÌNH,SG HIỆP BÌNH,SG NHƠN ĐỨC,2026-07-13 19:14:46,2026-07-13 16:49:56,2026-07-13 14:38:12,,Đang trên bãi,13.9,Shuttle,FC,Forecast
530481010104,SG CỦ CHI,SG TÂN HƯNG,SG TÂN HƯNG,SG CỦ CHI,2026-07-13 19:14:44,2026-07-13 16:28:33,2026-07-13 13:34:21,,Đang trên bãi,5.4,Shuttle,FC,Forecast
530583410104,SG CỦ CHI,AG TỊNH BIÊN,AG TỊNH BIÊN,SG CỦ CHI,2026-07-13 19:14:43,2026-07-13 16:29:05,2026-07-13 14:28:25,,Đang trên bãi,5.4,Shuttle,FC,Forecast
530401620104,SG CỦ CHI,SG BÌNH LỢI TRUNG,SG BÌNH LỢI TRUNG,SG CỦ CHI,2026-07-13 19:14:40,2026-07-13 16:27:39,2026-07-13 14:00:17,,Đang trên bãi,5.4,Shuttle,FC,Forecast
530500220104,SG CỦ CHI,SG TÂN HƯNG,SG TÂN HƯNG,SG CỦ CHI,2026-07-13 19:14:39,2026-07-13 16:25:34,2026-07-13 13:33:35,,Đang trên bãi,5.89,Shuttle,FC,Forecast
530573130104,SG CỦ CHI,SG BÌNH LỢI,SG BÌNH LỢI,SG CỦ CHI,2026-07-13 19:14:38,2026-07-13 16:23:57,2026-07-13 13:36:01,,Đang trên bãi,5.8,Shuttle,FC,Forecast
530713140104,SG NHƠN ĐỨC,SG HIỆP BÌNH,SG HIỆP BÌNH,SG NHƠN ĐỨC,2026-07-13 19:14:37,2026-07-13 16:50:43,2026-07-13 14:43:08,,Đang trên bãi,13.9,Shuttle,FC,Forecast
530008220104,SG NHƠN ĐỨC,SG HIỆP BÌNH,SG HIỆP BÌNH,SG NHƠN ĐỨC,2026-07-13 19:14:35,2026-07-13 16:50:07,2026-07-13 14:38:04,,Đang trên bãi,13.9,Shuttle,FC,Forecast
530659930104,SG CỦ CHI,CT NINH KIỀU,CT NINH KIỀU,SG CỦ CHI,2026-07-13 19:14:34,2026-07-13 16:26:07,2026-07-13 13:33:34,,Đang trên bãi,5.08,Shuttle,FC,Forecast
530842140104,SG CỦ CHI,BD BÌNH HÒA,BD BÌNH HÒA,SG CỦ CHI,2026-07-13 19:14:32,2026-07-13 16:25:05,2026-07-13 14:58:39,,Đang trên bãi,5.08,Shuttle,FC,Forecast
530679730104,SG CỦ CHI,BD DĨ AN,BD DĨ AN,SG CỦ CHI,2026-07-13 19:14:30,2026-07-13 16:25:41,2026-07-13 14:00:48,,Đang trên bãi,5.89,Shuttle,FC,Forecast
530093810104,SG CỦ CHI,SG BÌNH TÂN,SG BÌNH TÂN,SG CỦ CHI,2026-07-13 19:14:30,2026-07-13 16:24:45,2026-07-13 15:00:00,,Đang trên bãi,5.08,Shuttle,FC,Forecast
530028020104,SG NHƠN ĐỨC,SG HIỆP BÌNH,SG HIỆP BÌNH,SG NHƠN ĐỨC,2026-07-13 19:14:30,2026-07-13 16:51:49,2026-07-13 14:43:01,,Đang trên bãi,13.9,Shuttle,FC,Forecast
530634340104,SG CỦ CHI,SG BÌNH TÂN,SG BÌNH TÂN,SG CỦ CHI,2026-07-13 19:14:26,2026-07-13 16:24:46,2026-07-13 14:58:58,,Đang trên bãi,5.08,Shuttle,FC,Forecast
530995930104,SG CỦ CHI,3PL,SETN,SG CỦ CHI,2026-07-13 19:14:22,2026-07-13 16:20:30,2026-07-13 14:16:20,,Đang trên bãi,8.0,Shuttle,3PL,Forecast
530977320104,SG CỦ CHI,SG THỦ ĐỨC,SG THỦ ĐỨC,SG CỦ CHI,2026-07-13 19:14:21,2026-07-13 16:28:25,2026-07-13 10:03:01,,Đang trên bãi,5.4,Shuttle,FC,Forecast
530586130104,SG CỦ CHI,SG TÂN SƠN NHÌ,SG TÂN SƠN NHÌ,SG CỦ CHI,2026-07-13 19:14:16,2026-07-13 16:25:36,2026-07-13 13:36:39,,Đang trên bãi,5.89,Shuttle,FC,Forecast
530021940104,SG NHƠN ĐỨC,SG HIỆP BÌNH,SG HIỆP BÌNH,SG NHƠN ĐỨC,2026-07-13 19:14:15,2026-07-13 16:50:01,2026-07-13 14:43:08,,Đang trên bãi,13.9,Shuttle,FC,Forecast
530542740104,SG NHƠN ĐỨC,SG HIỆP BÌNH,SG HIỆP BÌNH,SG NHƠN ĐỨC,2026-07-13 19:14:15,2026-07-13 16:51:17,2026-07-13 14:43:08,,Đang trên bãi,13.9,Shuttle,FC,Forecast
530926540104,SG NHƠN ĐỨC,SG HIỆP BÌNH,SG HIỆP BÌNH,SG NHƠN ĐỨC,2026-07-13 19:14:12,2026-07-13 16:50:12,2026-07-13 14:43:14,,Đang trên bãi,13.9,Shuttle,FC,Forecast
530019140104,SG NHƠN ĐỨC,SG CỦ CHI,SG CỦ CHI,SG NHƠN ĐỨC,2026-07-13 19:14:06,2026-07-13 16:50:37,2026-07-13 14:33:04,,Đang trên bãi,16.68,Shuttle,FC,Forecast
530938340104,SG CỦ CHI,SG PHÚ LÂM,SG PHÚ LÂM,SG CỦ CHI,2026-07-13 19:14:04,2026-07-13 16:27:17,2026-07-13 14:59:22,,Đang trên bãi,5.4,Shuttle,FC,Forecast
530048540104,SG NHƠN ĐỨC,SG HIỆP BÌNH,SG HIỆP BÌNH,SG NHƠN ĐỨC,2026-07-13 19:14:04,2026-07-13 16:50:03,2026-07-13 14:43:14,,Đang trên bãi,13.9,Shuttle,FC,Forecast
530995530104,SG CỦ CHI,AG TÂN CHÂU,AG TÂN CHÂU,SG CỦ CHI,2026-07-13 19:14:00,2026-07-13 16:28:57,2026-07-13 14:15:54,,Đang trên bãi,5.2,Shuttle,FC,Forecast
530902820104,SG NHƠN ĐỨC,SG HIỆP BÌNH,SG HIỆP BÌNH,SG NHƠN ĐỨC,2026-07-13 19:13:57,2026-07-13 16:51:00,2026-07-13 14:38:04,,Đang trên bãi,13.9,Shuttle,FC,Forecast
530137810104,SG CỦ CHI,SG THỦ ĐỨC,SG THỦ ĐỨC,SG CỦ CHI,2026-07-13 19:13:51,2026-07-13 16:28:18,2026-07-13 10:03:08,,Đang trên bãi,5.2,Shuttle,FC,Forecast
530469930104,SG NHƠN ĐỨC,SG THỦ ĐỨC,SG THỦ ĐỨC,SG NHƠN ĐỨC,2026-07-13 19:13:50,2026-07-13 16:50:25,2026-07-13 11:32:58,,Đang trên bãi,14.13,Shuttle,FC,Forecast
530382210104,SG CỦ CHI,SG TÂN SƠN NHÌ,SG TÂN SƠN NHÌ,SG CỦ CHI,2026-07-13 19:13:50,2026-07-13 16:26:36,2026-07-13 14:00:16,,Đang trên bãi,9.51,Shuttle,FC,Forecast
530987330104,SG NHƠN ĐỨC,SG HIỆP BÌNH,SG HIỆP BÌNH,SG NHƠN ĐỨC,2026-07-13 19:13:49,2026-07-13 16:51:13,2026-07-13 14:18:10,,Đang trên bãi,13.9,Shuttle,FC,Forecast
530594210104,SG NHƠN ĐỨC,SG HIỆP BÌNH,SG HIỆP BÌNH,SG NHƠN ĐỨC,2026-07-13 19:13:47,2026-07-13 16:51:32,2026-07-13 14:33:07,,Đang trên bãi,13.9,Shuttle,FC,Forecast
530440540104,SG CỦ CHI,SG TÂN HƯNG,SG TÂN HƯNG,SG CỦ CHI,2026-07-13 19:13:46,2026-07-13 16:27:21,2026-07-13 14:00:48,,Đang trên bãi,5.4,Shuttle,FC,Forecast
530607620104,SG CỦ CHI,VL CHỢ LÁCH,VL CHỢ LÁCH,SG CỦ CHI,2026-07-13 19:13:46,2026-07-13 16:21:11,2026-07-13 14:28:24,,Đang trên bãi,8.49,Shuttle,FC,Forecast
530381210104,SG CỦ CHI,SG PHÚ LÂM,SG PHÚ LÂM,SG CỦ CHI,2026-07-13 19:13:42,2026-07-13 16:26:39,2026-07-13 13:33:34,,Đang trên bãi,9.51,Shuttle,FC,Forecast
530686730104,SG CỦ CHI,LA HẬU NGHĨA,LA HẬU NGHĨA,SG CỦ CHI,2026-07-13 19:13:42,2026-07-13 16:25:44,2026-07-13 13:42:47,,Đang trên bãi,6.41,Shuttle,FC,Forecast
530911740104,SG NHƠN ĐỨC,SG HIỆP BÌNH,SG HIỆP BÌNH,SG NHƠN ĐỨC,2026-07-13 19:13:41,2026-07-13 16:51:05,2026-07-13 14:38:02,,Đang trên bãi,13.9,Shuttle,FC,Forecast
530346740104,SG NHƠN ĐỨC,SG HIỆP BÌNH,SG HIỆP BÌNH,SG NHƠN ĐỨC,2026-07-13 19:13:40,2026-07-13 16:52:44,2026-07-13 14:53:04,,Đang trên bãi,13.9,Shuttle,FC,Forecast
530207020104,SG CỦ CHI,SG ĐÔNG HƯNG THUẬN,SG ĐÔNG HƯNG THUẬN,SG CỦ CHI,2026-07-13 19:13:38,2026-07-13 16:20:32,2026-07-13 14:15:46,,Đang trên bãi,8.0,Shuttle,FC,Forecast
530354340104,SG CỦ CHI,SG AN LẠC,SG AN LẠC,SG CỦ CHI,2026-07-13 19:13:36,2026-07-13 16:26:05,2026-07-13 15:01:27,,Đang trên bãi,5.08,Shuttle,FC,Forecast
530793930104,SG CỦ CHI,SG TÂN HƯNG,SG TÂN HƯNG,SG CỦ CHI,2026-07-13 19:13:34,2026-07-13 16:20:32,2026-07-13 14:28:24,,Đang trên bãi,8.0,Shuttle,FC,Forecast
530357140104,SG NHƠN ĐỨC,SG HIỆP BÌNH,SG HIỆP BÌNH,SG NHƠN ĐỨC,2026-07-13 19:13:33,2026-07-13 16:52:03,2026-07-13 14:33:12,,Đang trên bãi,13.9,Shuttle,FC,Forecast
530510340104,SG CỦ CHI,BD DĨ AN,BD DĨ AN,SG CỦ CHI,2026-07-13 19:13:32,2026-07-13 16:25:22,2026-07-13 14:00:58,,Đang trên bãi,5.08,Shuttle,FC,Forecast
530221140104,SG NHƠN ĐỨC,SG HIỆP BÌNH,SG HIỆP BÌNH,SG NHƠN ĐỨC,2026-07-13 19:13:32,2026-07-13 16:51:39,2026-07-13 14:48:03,,Đang trên bãi,13.9,Shuttle,FC,Forecast
530528620104,SG CỦ CHI,SG HIỆP BÌNH,SG HIỆP BÌNH,SG CỦ CHI,2026-07-13 19:13:31,2026-07-13 16:26:07,2026-07-13 15:01:27,,Đang trên bãi,5.08,Shuttle,FC,Forecast
530154540104,SG NHƠN ĐỨC,SG HIỆP BÌNH,SG HIỆP BÌNH,SG NHƠN ĐỨC,2026-07-13 19:13:30,2026-07-13 16:52:01,2026-07-13 14:53:04,,Đang trên bãi,13.9,Shuttle,FC,Forecast
530110420104,SG CỦ CHI,SG THỦ ĐỨC,SG THỦ ĐỨC,SG CỦ CHI,2026-07-13 19:13:27,2026-07-13 16:24:39,2026-07-13 15:00:37,,Đang trên bãi,5.08,Shuttle,FC,Forecast
530096330104,SG CỦ CHI,SG GÒ VẤP,SG GÒ VẤP,SG CỦ CHI,2026-07-13 19:13:25,2026-07-13 16:28:02,2026-07-13 13:34:21,,Đang trên bãi,5.4,Shuttle,FC,Forecast
530590730104,SG CỦ CHI,SG HÓC MÔN,SG HÓC MÔN,SG CỦ CHI,2026-07-13 19:13:22,2026-07-13 16:25:28,2026-07-13 13:35:38,,Đang trên bãi,5.08,Shuttle,FC,Forecast
530626940104,SG NHƠN ĐỨC,SG HIỆP BÌNH,SG HIỆP BÌNH,SG NHƠN ĐỨC,2026-07-13 19:13:22,2026-07-13 16:52:32,2026-07-13 14:38:15,,Đang trên bãi,13.9,Shuttle,FC,Forecast
530446340104,SG CỦ CHI,SG BÌNH LỢI TRUNG,SG BÌNH LỢI TRUNG,SG CỦ CHI,2026-07-13 19:13:21,2026-07-13 16:24:47,2026-07-13 14:58:58,,Đang trên bãi,5.08,Shuttle,FC,Forecast
530113740104,SG CỦ CHI,SG GÒ VẤP,SG GÒ VẤP,SG CỦ CHI,2026-07-13 19:13:18,2026-07-13 16:25:14,2026-07-13 14:28:24,,Đang trên bãi,5.08,Shuttle,FC,Forecast
530028220104,SG NHƠN ĐỨC,SG HIỆP BÌNH,SG HIỆP BÌNH,SG NHƠN ĐỨC,2026-07-13 19:13:18,2026-07-13 16:50:57,2026-07-13 14:43:09,,Đang trên bãi,13.9,Shuttle,FC,Forecast
530519740104,SG CỦ CHI,SG ĐÔNG HƯNG THUẬN,SG ĐÔNG HƯNG THUẬN,SG CỦ CHI,2026-07-13 19:13:17,2026-07-13 16:25:01,2026-07-13 14:58:39,,Đang trên bãi,5.08,Shuttle,FC,Forecast
530634740104,SG CỦ CHI,SG TÂN HƯNG,SG TÂN HƯNG,SG CỦ CHI,2026-07-13 19:13:15,2026-07-13 16:24:37,2026-07-13 15:00:00,,Đang trên bãi,5.08,Shuttle,FC,Forecast
530920140104,SG NHƠN ĐỨC,SG HIỆP BÌNH,SG HIỆP BÌNH,SG NHƠN ĐỨC,2026-07-13 19:13:15,2026-07-13 16:52:25,2026-07-13 14:38:10,,Đang trên bãi,13.9,Shuttle,FC,Forecast
530793730104,SG CỦ CHI,TG TRUNG AN,TG TRUNG AN,SG CỦ CHI,2026-07-13 19:13:14,2026-07-13 16:28:43,2026-07-13 14:28:24,,Đang trên bãi,5.4,Shuttle,FC,Forecast
530314620104,SG NHƠN ĐỨC,SG HIỆP BÌNH,SG HIỆP BÌNH,SG NHƠN ĐỨC,2026-07-13 19:13:14,2026-07-13 16:51:42,2026-07-13 14:28:03,,Đang trên bãi,13.9,Shuttle,FC,Forecast
530728940104,SG CỦ CHI,VT VŨNG TÀU,VT VŨNG TÀU,SG CỦ CHI,2026-07-13 19:13:12,2026-07-13 16:25:03,2026-07-13 14:58:19,,Đang trên bãi,5.08,Shuttle,FC,Forecast
530254340104,SG CỦ CHI,TG HÒA KHÁNH,TG HÒA KHÁNH,SG CỦ CHI,2026-07-13 19:13:09,2026-07-13 16:28:54,2026-07-13 14:59:21,,Đang trên bãi,5.4,Shuttle,FC,Forecast
530230540104,SG NHƠN ĐỨC,SG HIỆP BÌNH,SG HIỆP BÌNH,SG NHƠN ĐỨC,2026-07-13 19:13:09,2026-07-13 16:52:23,2026-07-13 14:33:14,,Đang trên bãi,13.9,Shuttle,FC,Forecast
530303620104,SG CỦ CHI,SG TÂN HƯNG,SG TÂN HƯNG,SG CỦ CHI,2026-07-13 19:13:06,2026-07-13 16:25:03,2026-07-13 14:58:39,,Đang trên bãi,5.08,Shuttle,FC,Forecast
530799930104,SG CỦ CHI,VT VŨNG TÀU,VT VŨNG TÀU,SG CỦ CHI,2026-07-13 19:13:05,2026-07-13 16:25:21,2026-07-13 14:16:21,,Đang trên bãi,5.08,Shuttle,FC,Forecast
530818540104,SG NHƠN ĐỨC,CT NINH KIỀU,CT NINH KIỀU,SG NHƠN ĐỨC,2026-07-13 19:13:03,2026-07-13 16:48:51,2026-07-13 14:27:51,,Đang trên bãi,6.8,Shuttle,FC,Forecast
530548340104,SG CỦ CHI,DT CAO LÃNH,DT CAO LÃNH,SG CỦ CHI,2026-07-13 19:13:03,2026-07-13 16:24:43,2026-07-13 14:59:21,,Đang trên bãi,5.08,Shuttle,FC,Forecast
530446940104,SG CỦ CHI,SG AN LẠC,SG AN LẠC,SG CỦ CHI,2026-07-13 19:13:03,2026-07-13 16:27:31,2026-07-13 15:00:01,,Đang trên bãi,5.4,Shuttle,FC,Forecast
530706330104,SG CỦ CHI,BD BẾN CÁT,BD BẾN CÁT,SG CỦ CHI,2026-07-13 19:13:00,2026-07-13 16:27:24,2026-07-13 10:03:39,,Đang trên bãi,5.4,Shuttle,FC,Forecast
530759130104,SG CỦ CHI,BD BÌNH HÒA,BD BÌNH HÒA,SG CỦ CHI,2026-07-13 19:13:00,2026-07-13 16:26:11,2026-07-13 13:33:48,,Đang trên bãi,5.08,Shuttle,FC,Forecast
530813540104,SG NHƠN ĐỨC,SG HIỆP BÌNH,SG HIỆP BÌNH,SG NHƠN ĐỨC,2026-07-13 19:12:59,2026-07-13 16:52:19,2026-07-13 14:48:05,,Đang trên bãi,13.9,Shuttle,FC,Forecast
530452940104,SG NHƠN ĐỨC,SG HIỆP BÌNH,SG HIỆP BÌNH,SG NHƠN ĐỨC,2026-07-13 19:12:59,2026-07-13 16:52:28,2026-07-13 14:57:59,,Đang trên bãi,13.9,Shuttle,FC,Forecast
530519940104,SG CỦ CHI,VT VŨNG TÀU,VT VŨNG TÀU,SG CỦ CHI,2026-07-13 19:12:57,2026-07-13 16:24:41,2026-07-13 14:59:22,,Đang trên bãi,5.08,Shuttle,FC,Forecast
530526740104,SG NHƠN ĐỨC,SG HIỆP BÌNH,SG HIỆP BÌNH,SG NHƠN ĐỨC,2026-07-13 19:12:56,2026-07-13 16:51:10,2026-07-13 14:33:06,,Đang trên bãi,13.9,Shuttle,FC,Forecast
530924140104,SG CỦ CHI,3PL,SETN,SG CỦ CHI,2026-07-13 19:12:54,2026-07-13 16:20:33,2026-07-13 14:16:21,,Đang trên bãi,8.0,Shuttle,3PL,Forecast
530487610104,SG CỦ CHI,CT Ô MÔN,CT Ô MÔN,SG CỦ CHI,2026-07-13 19:12:54,2026-07-13 16:26:06,2026-07-13 15:01:27,,Đang trên bãi,5.08,Shuttle,FC,Forecast
530142940104,SG NHƠN ĐỨC,SG HIỆP BÌNH,SG HIỆP BÌNH,SG NHƠN ĐỨC,2026-07-13 19:12:53,2026-07-13 16:52:08,2026-07-13 14:33:14,,Đang trên bãi,13.9,Shuttle,FC,Forecast
530522540104,SG CỦ CHI,CT Ô MÔN,CT Ô MÔN,SG CỦ CHI,2026-07-13 19:12:51,2026-07-13 16:25:20,2026-07-13 14:28:25,,Đang trên bãi,5.08,Shuttle,FC,Forecast
530730540104,SG CỦ CHI,SG THỦ ĐỨC,SG THỦ ĐỨC,SG CỦ CHI,2026-07-13 19:12:51,2026-07-13 16:25:12,2026-07-13 14:57:59,,Đang trên bãi,5.08,Shuttle,FC,Forecast
530428820104,SG CỦ CHI,SG VĨNH LỘC,SG VĨNH LỘC,SG CỦ CHI,2026-07-13 19:12:49,2026-07-13 16:24:42,2026-07-13 14:59:21,,Đang trên bãi,5.08,Shuttle,FC,Forecast
530287010104,SG NHƠN ĐỨC,SG HIỆP BÌNH,SG HIỆP BÌNH,SG NHƠN ĐỨC,2026-07-13 19:12:48,2026-07-13 16:52:40,2026-07-13 14:43:18,,Đang trên bãi,13.9,Shuttle,FC,Forecast
530583810104,SG CỦ CHI,DT CAO LÃNH,DT CAO LÃNH,SG CỦ CHI,2026-07-13 19:12:46,2026-07-13 16:25:13,2026-07-13 14:28:56,,Đang trên bãi,5.08,Shuttle,FC,Forecast
530042540104,SG CỦ CHI,SG NHƠN ĐỨC,SG NHƠN ĐỨC,SG CỦ CHI,2026-07-13 19:12:45,2026-07-13 16:26:33,2026-07-13 14:28:34,,Đang trên bãi,9.51,Shuttle,FC,Forecast
530625940104,SG NHƠN ĐỨC,SG HIỆP BÌNH,SG HIỆP BÌNH,SG NHƠN ĐỨC,2026-07-13 19:12:44,2026-07-13 16:52:35,2026-07-13 14:43:08,,Đang trên bãi,13.9,Shuttle,FC,Forecast
530679930104,SG CỦ CHI,BD DĨ AN,BD DĨ AN,SG CỦ CHI,2026-07-13 19:12:41,2026-07-13 16:25:37,2026-07-13 14:00:49,,Đang trên bãi,5.89,Shuttle,FC,Forecast
530003540104,SG CỦ CHI,TG TRUNG AN,TG TRUNG AN,SG CỦ CHI,2026-07-13 19:12:38,2026-07-13 16:21:12,2026-07-13 14:15:46,,Đang trên bãi,8.49,Shuttle,FC,Forecast
530528020104,SG CỦ CHI,SG TÂN SƠN NHÌ,SG TÂN SƠN NHÌ,SG CỦ CHI,2026-07-13 19:12:38,2026-07-13 16:24:40,2026-07-13 14:59:22,,Đang trên bãi,5.08,Shuttle,FC,Forecast
530838740104,SG NHƠN ĐỨC,SG HIỆP BÌNH,SG HIỆP BÌNH,SG NHƠN ĐỨC,2026-07-13 19:12:35,2026-07-13 16:52:52,2026-07-13 14:57:59,,Đang trên bãi,13.9,Shuttle,FC,Forecast
530691810104,SG NHƠN ĐỨC,SG HIỆP BÌNH,SG HIỆP BÌNH,SG NHƠN ĐỨC,2026-07-13 19:12:34,2026-07-13 16:51:36,2026-07-13 14:18:22,,Đang trên bãi,13.9,Shuttle,FC,Forecast
530381410104,SG CỦ CHI,SG BẢY HIỀN,SG BẢY HIỀN,SG CỦ CHI,2026-07-13 19:12:33,2026-07-13 16:26:35,2026-07-13 13:33:37,,Đang trên bãi,9.51,Shuttle,FC,Forecast
530198210104,SG CỦ CHI,SG TÂN TẠO,SG TÂN TẠO,SG CỦ CHI,2026-07-13 19:12:33,2026-07-13 16:26:08,2026-07-13 13:33:48,,Đang trên bãi,5.08,Shuttle,FC,Forecast
530705540104,SG NHƠN ĐỨC,SG HIỆP BÌNH,SG HIỆP BÌNH,SG NHƠN ĐỨC,2026-07-13 19:12:32,2026-07-13 16:52:12,2026-07-13 14:28:07,,Đang trên bãi,13.9,Shuttle,FC,Forecast
530211940104,SG CỦ CHI,CT BÌNH THỦY,CT BÌNH THỦY,SG CỦ CHI,2026-07-13 19:12:29,2026-07-13 16:23:42,2026-07-13 14:16:20,,Đang trên bãi,6.56,Shuttle,FC,Forecast
530283010104,SG CỦ CHI,SG TÂN SƠN NHÌ,SG TÂN SƠN NHÌ,SG CỦ CHI,2026-07-13 19:12:28,2026-07-13 16:25:45,2026-07-13 14:16:21,,Đang trên bãi,6.41,Shuttle,FC,Forecast
530786410104,SG NHƠN ĐỨC,SG HIỆP BÌNH,SG HIỆP BÌNH,SG NHƠN ĐỨC,2026-07-13 19:12:28,2026-07-13 16:52:15,2026-07-13 14:33:12,,Đang trên bãi,13.9,Shuttle,FC,Forecast
530248340104,SG NHƠN ĐỨC,SG BÀ ĐIỂM,SG BÀ ĐIỂM,SG NHƠN ĐỨC,2026-07-13 19:12:27,2026-07-13 16:53:26,2026-07-13 14:48:04,,Đang trên bãi,13.9,Shuttle,FC,Forecast
530023820104,SG NHƠN ĐỨC,SG HIỆP BÌNH,SG HIỆP BÌNH,SG NHƠN ĐỨC,2026-07-13 19:12:19,2026-07-13 16:52:47,2026-07-13 14:57:59,,Đang trên bãi,13.9,Shuttle,FC,Forecast
530586410104,SG NHƠN ĐỨC,SG HIỆP BÌNH,SG HIỆP BÌNH,SG NHƠN ĐỨC,2026-07-13 19:12:17,2026-07-13 16:53:22,2026-07-13 14:28:08,,Đang trên bãi,13.9,Shuttle,FC,Forecast
530050540104,SG CỦ CHI,SG TÂN THỚI HIỆP,SG TÂN THỚI HIỆP,SG CỦ CHI,2026-07-13 19:12:17,2026-07-13 16:28:36,2026-07-13 14:59:21,,Đang trên bãi,5.4,Shuttle,FC,Forecast
530292010104,SG NHƠN ĐỨC,SG HIỆP BÌNH,SG HIỆP BÌNH,SG NHƠN ĐỨC,2026-07-13 19:12:16,2026-07-13 16:52:56,2026-07-13 14:33:05,,Đang trên bãi,13.9,Shuttle,FC,Forecast
530795910104,SG CỦ CHI,SG BÌNH LỢI,SG BÌNH LỢI,SG CỦ CHI,2026-07-13 19:12:15,2026-07-13 13:44:10,2026-07-13 06:13:48,,Đang trên bãi,9.51,Shuttle,FC,Forecast
530113540104,SG NHƠN ĐỨC,SG HIỆP BÌNH,SG HIỆP BÌNH,SG NHƠN ĐỨC,2026-07-13 19:12:13,2026-07-13 16:53:17,2026-07-13 14:28:07,,Đang trên bãi,13.9,Shuttle,FC,Forecast
530510140104,SG CỦ CHI,AG LONG XUYÊN,AG LONG XUYÊN,SG CỦ CHI,2026-07-13 19:12:12,2026-07-13 16:27:30,2026-07-13 14:00:48,,Đang trên bãi,5.4,Shuttle,FC,Forecast
530124540104,SG CỦ CHI,AG TỊNH BIÊN,AG TỊNH BIÊN,SG CỦ CHI,2026-07-13 19:12:11,2026-07-13 16:26:34,2026-07-13 14:00:54,,Đang trên bãi,9.51,Shuttle,FC,Forecast
530792410104,SG NHƠN ĐỨC,SG HIỆP BÌNH,SG HIỆP BÌNH,SG NHƠN ĐỨC,2026-07-13 19:12:09,2026-07-13 16:53:28,2026-07-13 14:43:08,,Đang trên bãi,13.9,Shuttle,FC,Forecast
530448140104,SG CỦ CHI,SG PHÚ LÂM,SG PHÚ LÂM,SG CỦ CHI,2026-07-13 19:12:07,2026-07-13 16:34:01,2026-07-13 14:57:38,,Đang trên bãi,9.25,Shuttle,FC,Forecast
530594930104,SG CỦ CHI,SG XUÂN HÒA,SG XUÂN HÒA,SG CỦ CHI,2026-07-13 19:12:06,2026-07-13 16:23:51,2026-07-13 13:35:38,,Đang trên bãi,6.39,Shuttle,FC,Forecast
530630740104,SG NHƠN ĐỨC,SG HIỆP BÌNH,SG HIỆP BÌNH,SG NHƠN ĐỨC,2026-07-13 19:12:05,2026-07-13 16:53:52,2026-07-13 14:53:07,,Đang trên bãi,13.9,Shuttle,FC,Forecast
530452540104,SG NHƠN ĐỨC,SG HIỆP BÌNH,SG HIỆP BÌNH,SG NHƠN ĐỨC,2026-07-13 19:12:03,2026-07-13 16:53:14,2026-07-13 14:57:59,,Đang trên bãi,13.9,Shuttle,FC,Forecast
530294810104,SG NHƠN ĐỨC,SG HIỆP BÌNH,SG HIỆP BÌNH,SG NHƠN ĐỨC,2026-07-13 19:12:00,2026-07-13 16:53:11,2026-07-13 14:27:56,,Đang trên bãi,13.9,Shuttle,FC,Forecast
530405740104,SG NHƠN ĐỨC,SG HIỆP BÌNH,SG HIỆP BÌNH,SG NHƠN ĐỨC,2026-07-13 19:11:57,2026-07-13 16:54:02,2026-07-13 14:18:15,,Đang trên bãi,13.9,Shuttle,FC,Forecast
530110020104,SG CỦ CHI,DT CAO LÃNH,DT CAO LÃNH,SG CỦ CHI,2026-07-13 19:11:57,2026-07-13 16:21:18,2026-07-13 15:00:00,,Đang trên bãi,8.49,Shuttle,FC,Forecast
530580530104,SG CỦ CHI,SG NHƠN ĐỨC,SG NHƠN ĐỨC,SG CỦ CHI,2026-07-13 19:11:56,2026-07-13 16:23:58,2026-07-13 13:35:36,,Đang trên bãi,8.39,Shuttle,FC,Forecast
530393930104,SG CỦ CHI,AG LONG XUYÊN,AG LONG XUYÊN,SG CỦ CHI,2026-07-13 19:11:54,2026-07-13 16:27:04,2026-07-13 14:15:53,,Đang trên bãi,9.51,Shuttle,FC,Forecast
530233140104,SG CỦ CHI,SG GÒ VẤP,SG GÒ VẤP,SG CỦ CHI,2026-07-13 19:11:52,2026-07-13 16:23:30,2026-07-13 14:00:16,,Đang trên bãi,12.82,Shuttle,FC,Forecast
530373930104,SG CỦ CHI,SG HƯNG LONG,SG HƯNG LONG,SG CỦ CHI,2026-07-13 19:11:51,2026-07-13 16:24:04,2026-07-13 13:33:36,,Đang trên bãi,5.58,Shuttle,FC,Forecast
530611940104,SG NHƠN ĐỨC,SG HIỆP BÌNH,SG HIỆP BÌNH,SG NHƠN ĐỨC,2026-07-13 19:11:51,2026-07-13 16:53:35,2026-07-13 14:33:04,,Đang trên bãi,13.9,Shuttle,FC,Forecast
530520140104,SG NHƠN ĐỨC,SG HIỆP BÌNH,SG HIỆP BÌNH,SG NHƠN ĐỨC,2026-07-13 19:11:49,2026-07-13 16:53:37,2026-07-13 14:23:14,,Đang trên bãi,13.9,Shuttle,FC,Forecast
530528540104,SG NHƠN ĐỨC,SG HIỆP BÌNH,SG HIỆP BÌNH,SG NHƠN ĐỨC,2026-07-13 19:11:48,2026-07-13 16:53:50,2026-07-13 14:48:03,,Đang trên bãi,13.9,Shuttle,FC,Forecast
530609740104,SG CỦ CHI,SG GÒ VẤP,SG GÒ VẤP,SG CỦ CHI,2026-07-13 19:11:47,2026-07-13 16:23:43,2026-07-13 15:00:00,,Đang trên bãi,5.35,Shuttle,FC,Forecast
530559410104,SG CỦ CHI,CT LONG MỸ,CT LONG MỸ,SG CỦ CHI,2026-07-13 19:11:44,2026-07-13 16:24:00,2026-07-13 13:33:37,,Đang trên bãi,5.58,Shuttle,FC,Forecast
530220140104,SG NHƠN ĐỨC,SG HIỆP BÌNH,SG HIỆP BÌNH,SG NHƠN ĐỨC,2026-07-13 19:11:43,2026-07-13 16:53:56,2026-07-13 14:13:09,,Đang trên bãi,13.9,Shuttle,FC,Forecast
530408220104,SG NHƠN ĐỨC,SG HIỆP BÌNH,SG HIỆP BÌNH,SG NHƠN ĐỨC,2026-07-13 19:11:41,2026-07-13 16:54:04,2026-07-13 14:57:59,,Đang trên bãi,13.9,Shuttle,FC,Forecast
530899130104,SG NHƠN ĐỨC,SG HIỆP BÌNH,SG HIỆP BÌNH,SG NHƠN ĐỨC,2026-07-13 19:11:40,2026-07-13 16:55:30,2026-07-13 14:18:19,,Đang trên bãi,13.9,Shuttle,FC,Forecast
530134140104,SG NHƠN ĐỨC,SG HIỆP BÌNH,SG HIỆP BÌNH,SG NHƠN ĐỨC,2026-07-13 19:11:39,2026-07-13 16:55:24,2026-07-13 14:33:14,,Đang trên bãi,13.9,Shuttle,FC,Forecast
530403020104,SG CỦ CHI,SG THỦ ĐỨC,SG THỦ ĐỨC,SG CỦ CHI,2026-07-13 19:11:38,2026-07-13 16:24:00,2026-07-13 14:59:22,,Đang trên bãi,8.3,Shuttle,FC,Forecast
530190610104,SG CỦ CHI,SG KHÁNH HỘI,SG KHÁNH HỘI,SG CỦ CHI,2026-07-13 19:11:36,2026-07-13 16:23:31,2026-07-13 13:33:36,,Đang trên bãi,16.63,Shuttle,FC,Forecast
530555410104,SG CỦ CHI,SG CỦ CHI,SG CỦ CHI,SG CỦ CHI,2026-07-13 19:11:33,2026-07-13 16:26:37,2026-07-13 13:43:26,,Đang trên bãi,9.51,Shuttle,FC,Forecast
530314820104,SG NHƠN ĐỨC,SG HIỆP BÌNH,SG HIỆP BÌNH,SG NHƠN ĐỨC,2026-07-13 19:11:33,2026-07-13 16:53:03,2026-07-13 14:28:04,,Đang trên bãi,13.9,Shuttle,FC,Forecast
530807940104,SG CỦ CHI,SG TÂN SƠN NHÌ,SG TÂN SƠN NHÌ,SG CỦ CHI,2026-07-13 19:11:31,2026-07-13 16:48:08,2026-07-13 13:34:21,,Đang trên bãi,11.02,Shuttle,FC,Forecast
530425140104,SG NHƠN ĐỨC,SG HIỆP BÌNH,SG HIỆP BÌNH,SG NHƠN ĐỨC,2026-07-13 19:11:30,2026-07-13 16:53:08,2026-07-13 14:33:04,,Đang trên bãi,13.9,Shuttle,FC,Forecast
530600020104,SG CỦ CHI,VT XUYÊN MỘC,VT XUYÊN MỘC,SG CỦ CHI,2026-07-13 19:11:29,2026-07-13 16:23:29,2026-07-13 13:34:20,,Đang trên bãi,9.0,Shuttle,FC,Forecast
530987130104,SG NHƠN ĐỨC,SG CỦ CHI,SG CỦ CHI,SG NHƠN ĐỨC,2026-07-13 19:11:28,2026-07-13 16:57:57,2026-07-13 14:18:07,,Đang trên bãi,16.68,Shuttle,FC,Forecast
530167130104,SG CỦ CHI,BD BÌNH HÒA,BD BÌNH HÒA,SG CỦ CHI,2026-07-13 19:11:24,2026-07-13 16:48:10,2026-07-13 10:11:29,,Đang trên bãi,11.02,Shuttle,FC,Forecast
530386930104,SG CỦ CHI,SG AN PHÚ ĐÔNG,SG AN PHÚ ĐÔNG,SG CỦ CHI,2026-07-13 19:11:23,2026-07-13 16:20:36,2026-07-13 13:33:36,,Đang trên bãi,8.0,Shuttle,FC,Forecast
530422620104,SG NHƠN ĐỨC,SG HIỆP BÌNH,SG HIỆP BÌNH,SG NHƠN ĐỨC,2026-07-13 19:11:22,2026-07-13 16:54:09,2026-07-13 14:43:08,,Đang trên bãi,13.9,Shuttle,FC,Forecast
530313540104,SG NHƠN ĐỨC,SG HIỆP BÌNH,SG HIỆP BÌNH,SG NHƠN ĐỨC,2026-07-13 19:11:21,2026-07-13 16:55:03,2026-07-13 14:33:11,,Đang trên bãi,13.9,Shuttle,FC,Forecast
530759330104,SG CỦ CHI,SG CỦ CHI,SG CỦ CHI,SG CỦ CHI,2026-07-13 19:11:20,2026-07-13 16:20:36,2026-07-13 13:33:48,,Đang trên bãi,8.0,Shuttle,FC,Forecast
530792010104,SG NHƠN ĐỨC,SG HIỆP BÌNH,SG HIỆP BÌNH,SG NHƠN ĐỨC,2026-07-13 19:11:19,2026-07-13 16:54:15,2026-07-13 14:43:08,,Đang trên bãi,13.9,Shuttle,FC,Forecast
530403420104,SG CỦ CHI,SG PHÚ NHUẬN,SG PHÚ NHUẬN,SG CỦ CHI,2026-07-13 19:11:19,2026-07-13 16:49:28,2026-07-13 15:01:28,,Đang trên bãi,7.12,Shuttle,FC,Forecast
530246810104,SG CỦ CHI,TG HÒA KHÁNH,TG HÒA KHÁNH,SG CỦ CHI,2026-07-13 19:11:15,2026-07-13 16:49:39,2026-07-13 12:00:01,,Đang trên bãi,6.42,Shuttle,FC,Forecast
530228740104,SG NHƠN ĐỨC,SG HIỆP BÌNH,SG HIỆP BÌNH,SG NHƠN ĐỨC,2026-07-13 19:11:14,2026-07-13 16:54:28,2026-07-13 14:38:12,,Đang trên bãi,13.9,Shuttle,FC,Forecast
530103140104,SG CỦ CHI,LA ĐỨC HÒA,LA ĐỨC HÒA,SG CỦ CHI,2026-07-13 19:11:11,2026-07-13 16:49:40,2026-07-13 14:16:21,,Đang trên bãi,6.82,Shuttle,FC,Forecast
530187810104,SG NHƠN ĐỨC,SG HIỆP BÌNH,SG HIỆP BÌNH,SG NHƠN ĐỨC,2026-07-13 19:11:10,2026-07-13 16:55:21,2026-07-13 14:43:15,,Đang trên bãi,13.9,Shuttle,FC,Forecast
530602020104,SG NHƠN ĐỨC,SG HIỆP BÌNH,SG HIỆP BÌNH,SG NHƠN ĐỨC,2026-07-13 19:11:07,2026-07-13 16:55:13,2026-07-13 14:27:57,,Đang trên bãi,13.9,Shuttle,FC,Forecast
530818740104,SG NHƠN ĐỨC,SG HIỆP BÌNH,SG HIỆP BÌNH,SG NHƠN ĐỨC,2026-07-13 19:11:07,2026-07-13 16:55:16,2026-07-13 14:28:05,,Đang trên bãi,13.9,Shuttle,FC,Forecast
530859330104,SG CỦ CHI,SG CHỢ LỚN,SG CHỢ LỚN,SG CỦ CHI,2026-07-13 19:11:01,2026-07-13 16:20:38,2026-07-13 13:36:02,,Đang trên bãi,8.0,Shuttle,FC,Forecast
530142740104,SG NHƠN ĐỨC,SG HIỆP BÌNH,SG HIỆP BÌNH,SG NHƠN ĐỨC,2026-07-13 19:11:01,2026-07-13 16:55:55,2026-07-13 14:33:04,,Đang trên bãi,13.9,Shuttle,FC,Forecast
530128140104,SG NHƠN ĐỨC,SG HIỆP BÌNH,SG HIỆP BÌNH,SG NHƠN ĐỨC,2026-07-13 19:11:00,2026-07-13 16:56:45,2026-07-13 14:33:07,,Đang trên bãi,13.9,Shuttle,FC,Forecast
530580730104,SG CỦ CHI,SG CHỢ LỚN,SG CHỢ LỚN,SG CỦ CHI,2026-07-13 19:10:55,2026-07-13 16:20:34,2026-07-13 13:36:02,,Đang trên bãi,8.0,Shuttle,FC,Forecast
530425540104,SG NHƠN ĐỨC,SG HIỆP BÌNH,SG HIỆP BÌNH,SG NHƠN ĐỨC,2026-07-13 19:10:53,2026-07-13 16:54:12,2026-07-13 14:33:15,,Đang trên bãi,13.9,Shuttle,FC,Forecast
530355010104,SG CỦ CHI,SG VĨNH LỘC,SG VĨNH LỘC,SG CỦ CHI,2026-07-13 19:10:52,2026-07-13 16:20:37,2026-07-13 13:33:48,,Đang trên bãi,8.0,Shuttle,FC,Forecast
530507220104,SG NHƠN ĐỨC,SG HIỆP BÌNH,SG HIỆP BÌNH,SG NHƠN ĐỨC,2026-07-13 19:10:50,2026-07-13 16:56:21,2026-07-13 14:23:15,,Đang trên bãi,13.9,Shuttle,FC,Forecast
530492410104,SG NHƠN ĐỨC,SG HIỆP BÌNH,SG HIỆP BÌNH,SG NHƠN ĐỨC,2026-07-13 19:10:49,2026-07-13 16:54:44,2026-07-13 14:38:07,,Đang trên bãi,13.9,Shuttle,FC,Forecast
530283530104,SG CỦ CHI,BD BÌNH HÒA,BD BÌNH HÒA,SG CỦ CHI,2026-07-13 19:10:48,2026-07-13 16:20:35,2026-07-13 13:33:36,,Đang trên bãi,8.0,Shuttle,FC,Forecast
530418140104,SG CỦ CHI,SG TÂN SƠN NHÌ,SG TÂN SƠN NHÌ,SG CỦ CHI,2026-07-13 19:10:45,2026-07-13 16:21:02,2026-07-13 14:15:47,,Đang trên bãi,8.49,Shuttle,FC,Forecast
530880730104,SG CỦ CHI,TG GÒ CÔNG,TG GÒ CÔNG,SG CỦ CHI,2026-07-13 19:10:42,2026-07-13 16:21:13,2026-07-13 13:43:26,,Đang trên bãi,8.49,Shuttle,FC,Forecast
530207620104,SG NHƠN ĐỨC,SG HIỆP BÌNH,SG HIỆP BÌNH,SG NHƠN ĐỨC,2026-07-13 19:10:42,2026-07-13 16:56:15,2026-07-13 14:18:03,,Đang trên bãi,13.9,Shuttle,FC,Forecast
530793330104,SG NHƠN ĐỨC,SG HIỆP BÌNH,SG HIỆP BÌNH,SG NHƠN ĐỨC,2026-07-13 19:10:36,2026-07-13 16:55:27,2026-07-13 14:27:56,,Đang trên bãi,13.9,Shuttle,FC,Forecast
530334340104,SG NHƠN ĐỨC,SG HIỆP BÌNH,SG HIỆP BÌNH,SG NHƠN ĐỨC,2026-07-13 19:10:30,2026-07-13 16:54:21,2026-07-13 14:38:10,,Đang trên bãi,13.9,Shuttle,FC,Forecast
530290210104,SG CỦ CHI,SG PHÚ NHUẬN,SG PHÚ NHUẬN,SG CỦ CHI,2026-07-13 19:10:26,2026-07-13 16:21:15,2026-07-13 13:34:57,,Đang trên bãi,8.49,Shuttle,FC,Forecast
530440740104,SG CỦ CHI,SG BÀ ĐIỂM,SG BÀ ĐIỂM,SG CỦ CHI,2026-07-13 19:10:22,2026-07-13 16:20:50,2026-07-13 14:00:49,,Đang trên bãi,8.49,Shuttle,FC,Forecast
530109940104,SG CỦ CHI,SG PHÚ LÂM,SG PHÚ LÂM,SG CỦ CHI,2026-07-13 19:10:20,2026-07-13 16:21:09,2026-07-13 14:28:55,,Đang trên bãi,8.16,Shuttle,FC,Forecast
530893130104,SG CỦ CHI,LA TÂN AN,LA TÂN AN,SG CỦ CHI,2026-07-13 19:10:15,2026-07-13 16:21:16,2026-07-13 14:28:56,,Đang trên bãi,7.99,Shuttle,FC,Forecast
530257740104,SG NHƠN ĐỨC,SG HIỆP BÌNH,SG HIỆP BÌNH,SG NHƠN ĐỨC,2026-07-13 19:10:15,2026-07-13 16:55:37,2026-07-13 14:33:04,,Đang trên bãi,13.9,Shuttle,FC,Forecast
530511140104,SG NHƠN ĐỨC,SG HIỆP BÌNH,SG HIỆP BÌNH,SG NHƠN ĐỨC,2026-07-13 19:10:11,2026-07-13 16:54:31,2026-07-13 14:27:51,,Đang trên bãi,13.9,Shuttle,FC,Forecast
530503140104,SG CỦ CHI,DT CAO LÃNH,DT CAO LÃNH,SG CỦ CHI,2026-07-13 19:10:08,2026-07-13 16:21:10,2026-07-13 14:28:25,,Đang trên bãi,8.16,Shuttle,FC,Forecast
530803540104,SG NHƠN ĐỨC,SG HIỆP BÌNH,SG HIỆP BÌNH,SG NHƠN ĐỨC,2026-07-13 19:10:02,2026-07-13 16:54:54,2026-07-13 14:38:10,,Đang trên bãi,13.9,Shuttle,FC,Forecast
530286210104,SG CỦ CHI,TG TRUNG AN,TG TRUNG AN,SG CỦ CHI,2026-07-13 19:10:00,2026-07-13 16:24:03,2026-07-13 14:15:46,,Đang trên bãi,10.1,Shuttle,FC,Forecast
530622740104,SG NHƠN ĐỨC,SG HIỆP BÌNH,SG HIỆP BÌNH,SG NHƠN ĐỨC,2026-07-13 19:10:00,2026-07-13 16:54:50,2026-07-13 14:33:18,,Đang trên bãi,13.9,Shuttle,FC,Forecast
530444940104,SG CỦ CHI,DT TN,DT TN,SG CỦ CHI,2026-07-13 19:09:57,2026-07-13 16:21:14,2026-07-13 14:58:19,,Đang trên bãi,8.49,Shuttle,FC,Forecast
530002940104,SG CỦ CHI,SG BẢY HIỀN,SG BẢY HIỀN,SG CỦ CHI,2026-07-13 19:09:56,2026-07-13 16:21:21,2026-07-13 14:00:17,,Đang trên bãi,8.0,Shuttle,FC,Forecast
530292610104,SG NHƠN ĐỨC,SG HIỆP BÌNH,SG HIỆP BÌNH,SG NHƠN ĐỨC,2026-07-13 19:09:52,2026-07-13 16:54:58,2026-07-13 14:33:16,,Đang trên bãi,13.9,Shuttle,FC,Forecast
530685210104,SG CỦ CHI,LA HẬU NGHĨA,LA HẬU NGHĨA,SG CỦ CHI,2026-07-13 19:09:49,2026-07-13 16:21:20,2026-07-13 14:00:17,,Đang trên bãi,8.0,Shuttle,FC,Forecast
530320540104,SG CỦ CHI,DT CAO LÃNH,DT CAO LÃNH,SG CỦ CHI,2026-07-13 19:09:47,2026-07-13 16:21:22,2026-07-13 14:15:46,,Đang trên bãi,8.0,Shuttle,FC,Forecast
530395530104,SG CỦ CHI,BD BÌNH HÒA,BD BÌNH HÒA,SG CỦ CHI,2026-07-13 19:09:44,2026-07-13 16:23:16,2026-07-13 14:00:48,,Đang trên bãi,8.4,Shuttle,FC,Forecast
530233340104,SG CỦ CHI,SG KHÁNH HỘI,SG KHÁNH HỘI,SG CỦ CHI,2026-07-13 19:09:39,2026-07-13 16:21:23,2026-07-13 14:00:17,,Đang trên bãi,8.0,Shuttle,FC,Forecast
530711540104,SG NHƠN ĐỨC,SG HIỆP BÌNH,SG HIỆP BÌNH,SG NHƠN ĐỨC,2026-07-13 19:09:35,2026-07-13 16:55:08,2026-07-13 14:33:11,,Đang trên bãi,13.9,Shuttle,FC,Forecast
530814820104,SG NHƠN ĐỨC,SG HIỆP BÌNH,SG HIỆP BÌNH,SG NHƠN ĐỨC,2026-07-13 19:09:35,2026-07-13 16:54:24,2026-07-13 14:38:11,,Đang trên bãi,13.9,Shuttle,FC,Forecast
530679530104,SG CỦ CHI,SG HÓC MÔN,SG HÓC MÔN,SG CỦ CHI,2026-07-13 19:09:28,2026-07-13 16:48:06,2026-07-13 14:00:17,,Đang trên bãi,11.02,Shuttle,FC,Forecast
530906420104,SG NHƠN ĐỨC,SG HIỆP BÌNH,SG HIỆP BÌNH,SG NHƠN ĐỨC,2026-07-13 19:09:19,2026-07-13 16:56:03,2026-07-13 14:13:07,,Đang trên bãi,13.9,Shuttle,FC,Forecast
530714330104,SG CỦ CHI,TG GÒ CÔNG,TG GÒ CÔNG,SG CỦ CHI,2026-07-13 19:09:13,2026-07-13 16:48:09,2026-07-13 10:03:39,,Đang trên bãi,11.02,Shuttle,FC,Forecast
530423340104,SG CỦ CHI,SG BÌNH TÂN,SG BÌNH TÂN,SG CỦ CHI,2026-07-13 19:09:09,2026-07-13 16:48:06,2026-07-13 14:59:21,,Đang trên bãi,11.02,Shuttle,FC,Forecast
530914020104,SG NHƠN ĐỨC,SG HIỆP BÌNH,SG HIỆP BÌNH,SG NHƠN ĐỨC,2026-07-13 19:09:08,2026-07-13 16:56:06,2026-07-13 14:38:10,,Đang trên bãi,13.9,Shuttle,FC,Forecast
530887330104,SG CỦ CHI,DT TN,DT TN,SG CỦ CHI,2026-07-13 19:08:59,2026-07-13 16:21:01,2026-07-13 14:15:46,,Đang trên bãi,8.16,Shuttle,FC,Forecast
530691610104,SG NHƠN ĐỨC,SG HIỆP BÌNH,SG HIỆP BÌNH,SG NHƠN ĐỨC,2026-07-13 19:08:57,2026-07-13 16:55:59,2026-07-13 14:18:21,,Đang trên bãi,13.9,Shuttle,FC,Forecast
530422220104,SG NHƠN ĐỨC,SG HIỆP BÌNH,SG HIỆP BÌNH,SG NHƠN ĐỨC,2026-07-13 19:08:53,2026-07-13 16:56:11,2026-07-13 14:43:08,,Đang trên bãi,13.9,Shuttle,FC,Forecast
530805940104,SG NHƠN ĐỨC,SG HIỆP BÌNH,SG HIỆP BÌNH,SG NHƠN ĐỨC,2026-07-13 19:08:49,2026-07-13 16:56:09,2026-07-13 14:33:04,,Đang trên bãi,13.9,Shuttle,FC,Forecast
530756140104,SG NHƠN ĐỨC,SG HIỆP BÌNH,SG HIỆP BÌNH,SG NHƠN ĐỨC,2026-07-13 19:08:46,2026-07-13 16:56:26,2026-07-13 14:23:08,,Đang trên bãi,13.9,Shuttle,FC,Forecast
530808540104,SG NHƠN ĐỨC,SG HIỆP BÌNH,SG HIỆP BÌNH,SG NHƠN ĐỨC,2026-07-13 19:08:37,2026-07-13 16:56:33,2026-07-13 14:18:18,,Đang trên bãi,13.9,Shuttle,FC,Forecast
530586120104,SG CỦ CHI,BN HUB,HN MÊ LINH,SG CỦ CHI,2026-07-13 19:08:36,2026-07-13 09:51:44,2026-07-13 09:01:04,,Đang trên bãi,5.9,Linehaul,BN HUB,Forecast
530999010104,SG CỦ CHI,SG HÓC MÔN,SG HÓC MÔN,SG CỦ CHI,2026-07-13 19:08:31,2026-07-13 16:23:41,2026-07-13 14:28:34,,Đang trên bãi,5.02,Shuttle,FC,Forecast
530318140104,SG NHƠN ĐỨC,SG CỦ CHI,SG CỦ CHI,SG NHƠN ĐỨC,2026-07-13 19:08:31,2026-07-13 16:56:24,2026-07-13 14:13:07,,Đang trên bãi,13.9,Shuttle,FC,Forecast
530615420104,SG CỦ CHI,SG GÒ VẤP,SG GÒ VẤP,SG CỦ CHI,2026-07-13 19:08:29,2026-07-13 16:25:11,2026-07-13 14:58:19,,Đang trên bãi,5.08,Shuttle,FC,Forecast
530048340104,SG NHƠN ĐỨC,SG HIỆP BÌNH,SG HIỆP BÌNH,SG NHƠN ĐỨC,2026-07-13 19:08:26,2026-07-13 16:56:38,2026-07-13 14:43:08,,Đang trên bãi,13.9,Shuttle,FC,Forecast
530880530104,SG CỦ CHI,BD BẾN CÁT,BD BẾN CÁT,SG CỦ CHI,2026-07-13 19:08:23,2026-07-13 16:50:09,2026-07-13 13:42:46,,Đang trên bãi,8.23,Shuttle,FC,Forecast
530615620104,SG CỦ CHI,VL VĨNH LONG,VL VĨNH LONG,SG CỦ CHI,2026-07-13 19:08:22,2026-07-13 16:23:28,2026-07-13 14:59:22,,Đang trên bãi,7.6,Shuttle,FC,Forecast
530913740104,SG CỦ CHI,SG KHÁNH HỘI,SG KHÁNH HỘI,SG CỦ CHI,2026-07-13 19:08:18,2026-07-13 16:23:24,2026-07-13 14:57:59,,Đang trên bãi,7.6,Shuttle,FC,Forecast
530688130104,SG CỦ CHI,AG TÂN CHÂU,AG TÂN CHÂU,SG CỦ CHI,2026-07-13 19:08:17,2026-07-13 16:49:42,2026-07-13 13:34:21,,Đang trên bãi,6.82,Shuttle,FC,Forecast
530908540104,SG NHƠN ĐỨC,SG CỦ CHI,SG CỦ CHI,SG NHƠN ĐỨC,2026-07-13 19:08:15,2026-07-13 16:55:44,2026-07-13 14:23:12,,Đang trên bãi,16.68,Shuttle,FC,Forecast
530705340104,SG NHƠN ĐỨC,SG HIỆP BÌNH,SG HIỆP BÌNH,SG NHƠN ĐỨC,2026-07-13 19:08:15,2026-07-13 16:55:34,2026-07-13 14:27:59,,Đang trên bãi,13.9,Shuttle,FC,Forecast
530828740104,SG CỦ CHI,SG BẢY HIỀN,SG BẢY HIỀN,SG CỦ CHI,2026-07-13 19:08:13,2026-07-13 16:23:27,2026-07-13 15:00:10,,Đang trên bãi,7.59,Shuttle,FC,Forecast
530381330104,SG CỦ CHI,LA ĐỨC HÒA,LA ĐỨC HÒA,SG CỦ CHI,2026-07-13 19:08:11,2026-07-13 16:49:41,2026-07-13 14:00:17,,Đang trên bãi,6.22,Shuttle,FC,Forecast
530619740104,SG CỦ CHI,SG TÂN HƯNG,SG TÂN HƯNG,SG CỦ CHI,2026-07-13 19:08:09,2026-07-13 16:46:00,2026-07-13 15:00:39,,Đang trên bãi,5.7,Shuttle,FC,Forecast
530603340104,SG NHƠN ĐỨC,SG HIỆP BÌNH,SG HIỆP BÌNH,SG NHƠN ĐỨC,2026-07-13 19:08:07,2026-07-13 16:56:49,2026-07-13 14:33:14,,Đang trên bãi,13.9,Shuttle,FC,Forecast
530036530104,SG CỦ CHI,LA HẬU NGHĨA,LA HẬU NGHĨA,SG CỦ CHI,2026-07-13 19:08:02,2026-07-13 16:47:43,2026-07-13 10:52:56,,Đang trên bãi,6.0,Shuttle,FC,Forecast
530600620104,SG CỦ CHI,SG PHÚ LÂM,SG PHÚ LÂM,SG CỦ CHI,2026-07-13 19:08:02,2026-07-13 16:23:52,2026-07-13 13:34:57,,Đang trên bãi,10.1,Shuttle,FC,Forecast
530286410104,SG CỦ CHI,TG TRUNG AN,TG TRUNG AN,SG CỦ CHI,2026-07-13 19:07:57,2026-07-13 16:24:10,2026-07-13 14:16:20,,Đang trên bãi,9.38,Shuttle,FC,Forecast
530899930104,SG NHƠN ĐỨC,BD BÌNH HÒA,BD BÌNH HÒA,SG NHƠN ĐỨC,2026-07-13 19:07:57,2026-07-13 16:55:49,2026-07-13 14:23:16,,Đang trên bãi,16.68,Shuttle,FC,Forecast
530794010104,SG NHƠN ĐỨC,SG HIỆP BÌNH,SG HIỆP BÌNH,SG NHƠN ĐỨC,2026-07-13 19:07:57,2026-07-13 16:57:53,2026-07-13 14:37:59,,Đang trên bãi,13.9,Shuttle,FC,Forecast
530595720104,SG CỦ CHI,DT TN,DT TN,SG CỦ CHI,2026-07-13 19:07:54,2026-07-13 16:47:35,2026-07-13 10:11:39,,Đang trên bãi,5.42,Shuttle,FC,Forecast
530452740104,SG CỦ CHI,BD BẾN CÁT,BD BẾN CÁT,SG CỦ CHI,2026-07-13 19:07:52,2026-07-13 16:20:54,2026-07-13 14:57:59,,Đang trên bãi,8.0,Shuttle,FC,Forecast
530963730104,SG CỦ CHI,LA HẬU NGHĨA,LA HẬU NGHĨA,SG CỦ CHI,2026-07-13 19:07:50,2026-07-13 16:47:56,2026-07-13 11:15:35,,Đang trên bãi,6.5,Shuttle,FC,Forecast
530257940104,SG NHƠN ĐỨC,SG HIỆP BÌNH,SG HIỆP BÌNH,SG NHƠN ĐỨC,2026-07-13 19:07:49,2026-07-13 16:57:03,2026-07-13 14:33:06,,Đang trên bãi,13.9,Shuttle,FC,Forecast
530332540104,SG CỦ CHI,LA ĐỨC HÒA,LA ĐỨC HÒA,SG CỦ CHI,2026-07-13 19:07:47,2026-07-13 16:47:26,2026-07-13 13:43:26,,Đang trên bãi,5.12,Shuttle,FC,Forecast
530705140104,SG NHƠN ĐỨC,SG HIỆP BÌNH,SG HIỆP BÌNH,SG NHƠN ĐỨC,2026-07-13 19:07:47,2026-07-13 16:57:39,2026-07-13 14:27:57,,Đang trên bãi,13.9,Shuttle,FC,Forecast
530812810104,SG CỦ CHI,SG ĐÔNG HƯNG THUẬN,SG ĐÔNG HƯNG THUẬN,SG CỦ CHI,2026-07-13 19:07:46,2026-07-13 16:33:59,2026-07-13 10:39:09,,Đang trên bãi,13.85,Shuttle,FC,Forecast
530401420104,SG CỦ CHI,TG HÒA KHÁNH,TG HÒA KHÁNH,SG CỦ CHI,2026-07-13 19:07:42,2026-07-13 16:47:27,2026-07-13 14:00:16,,Đang trên bãi,5.12,Shuttle,FC,Forecast
530305540104,SG CỦ CHI,SG TÂN SƠN NHÌ,SG TÂN SƠN NHÌ,SG CỦ CHI,2026-07-13 19:07:39,2026-07-13 16:21:03,2026-07-13 14:15:47,,Đang trên bãi,8.49,Shuttle,FC,Forecast
530125540104,SG NHƠN ĐỨC,SG HIỆP BÌNH,SG HIỆP BÌNH,SG NHƠN ĐỨC,2026-07-13 19:07:37,2026-07-13 16:56:18,2026-07-13 14:23:15,,Đang trên bãi,13.9,Shuttle,FC,Forecast
530113810104,SG CỦ CHI,BD DĨ AN,BD DĨ AN,SG CỦ CHI,2026-07-13 19:07:34,2026-07-13 16:23:25,2026-07-13 10:51:42,,Đang trên bãi,8.5,Shuttle,FC,Forecast
530656740104,SG NHƠN ĐỨC,SG HIỆP BÌNH,SG HIỆP BÌNH,SG NHƠN ĐỨC,2026-07-13 19:07:32,2026-07-13 16:56:57,2026-07-13 14:23:06,,Đang trên bãi,13.9,Shuttle,FC,Forecast
530790930104,SG CỦ CHI,VL CHỢ LÁCH,VL CHỢ LÁCH,SG CỦ CHI,2026-07-13 19:07:30,2026-07-13 16:48:07,2026-07-13 13:42:46,,Đang trên bãi,11.02,Shuttle,FC,Forecast
530398210104,SG CỦ CHI,BD BÌNH HÒA,BD BÌNH HÒA,SG CỦ CHI,2026-07-13 19:07:28,2026-07-13 16:20:51,2026-07-13 13:42:46,,Đang trên bãi,8.49,Shuttle,FC,Forecast
530330610104,SG CỦ CHI,BD BÌNH HÒA,BD BÌNH HÒA,SG CỦ CHI,2026-07-13 19:07:26,2026-07-13 16:47:36,2026-07-13 10:52:56,,Đang trên bãi,5.42,Shuttle,FC,Forecast
530646930104,SG CỦ CHI,DT TN,DT TN,SG CỦ CHI,2026-07-13 19:07:22,2026-07-13 16:47:37,2026-07-13 12:00:03,,Đang trên bãi,5.12,Shuttle,FC,Forecast
530586610104,SG CỦ CHI,SG BÌNH LỢI TRUNG,SG BÌNH LỢI TRUNG,SG CỦ CHI,2026-07-13 19:07:21,2026-07-13 16:20:51,2026-07-13 14:28:55,,Đang trên bãi,8.0,Shuttle,FC,Forecast
530040010104,SG CỦ CHI,SG PHÚ LÂM,SG PHÚ LÂM,SG CỦ CHI,2026-07-13 19:07:20,2026-07-13 16:49:39,2026-07-13 10:51:05,,Đang trên bãi,6.22,Shuttle,FC,Forecast
530692810104,SG NHƠN ĐỨC,SG HIỆP BÌNH,SG HIỆP BÌNH,SG NHƠN ĐỨC,2026-07-13 19:07:18,2026-07-13 16:56:41,2026-07-13 14:43:08,,Đang trên bãi,13.9,Shuttle,FC,Forecast
530658610104,SG CỦ CHI,VT VŨNG TÀU,VT VŨNG TÀU,SG CỦ CHI,2026-07-13 19:07:17,2026-07-13 16:47:54,2026-07-13 13:04:36,,Đang trên bãi,6.5,Shuttle,FC,Forecast
530511740104,SG CỦ CHI,BD DĨ AN,BD DĨ AN,SG CỦ CHI,2026-07-13 19:07:15,2026-07-13 16:20:53,2026-07-13 14:28:56,,Đang trên bãi,8.0,Shuttle,FC,Forecast
530302620104,SG NHƠN ĐỨC,SG HIỆP BÌNH,SG HIỆP BÌNH,SG NHƠN ĐỨC,2026-07-13 19:07:15,2026-07-13 16:58:01,2026-07-13 14:23:18,,Đang trên bãi,13.9,Shuttle,FC,Forecast
530724340104,SG NHƠN ĐỨC,SG HIỆP BÌNH,SG HIỆP BÌNH,SG NHƠN ĐỨC,2026-07-13 19:07:13,2026-07-13 16:57:00,2026-07-13 14:13:06,,Đang trên bãi,13.9,Shuttle,FC,Forecast
530707220104,SG CỦ CHI,3PL,SETN,SG CỦ CHI,2026-07-13 19:07:11,2026-07-13 16:20:52,2026-07-13 14:28:55,,Đang trên bãi,8.0,Shuttle,3PL,Forecast
530194410104,SG NHƠN ĐỨC,SG HIỆP BÌNH,SG HIỆP BÌNH,SG NHƠN ĐỨC,2026-07-13 19:07:07,2026-07-13 16:58:53,2026-07-13 14:24:46,,Đang trên bãi,13.9,Shuttle,FC,Forecast
530154330104,SG CỦ CHI,SG NHƠN ĐỨC,SG NHƠN ĐỨC,SG CỦ CHI,2026-07-13 19:07:04,2026-07-13 16:47:38,2026-07-13 11:59:32,,Đang trên bãi,5.12,Shuttle,FC,Forecast
530128740104,SG NHƠN ĐỨC,SG HIỆP BÌNH,SG HIỆP BÌNH,SG NHƠN ĐỨC,2026-07-13 19:07:01,2026-07-13 16:57:08,2026-07-13 14:33:12,,Đang trên bãi,13.9,Shuttle,FC,Forecast
530314420104,SG NHƠN ĐỨC,SG HIỆP BÌNH,SG HIỆP BÌNH,SG NHƠN ĐỨC,2026-07-13 19:06:51,2026-07-13 16:57:21,2026-07-13 14:27:56,,Đang trên bãi,13.9,Shuttle,FC,Forecast
530057340104,SG NHƠN ĐỨC,SG HIỆP BÌNH,SG HIỆP BÌNH,SG NHƠN ĐỨC,2026-07-13 19:06:46,2026-07-13 16:58:36,2026-07-13 14:28:04,,Đang trên bãi,13.9,Shuttle,FC,Forecast
530511540104,SG CỦ CHI,SG PHÚ NHUẬN,SG PHÚ NHUẬN,SG CỦ CHI,2026-07-13 19:06:36,2026-07-13 16:23:17,2026-07-13 14:28:24,,Đang trên bãi,15.5,Shuttle,FC,Forecast
530801940104,SG NHƠN ĐỨC,SG HIỆP BÌNH,SG HIỆP BÌNH,SG NHƠN ĐỨC,2026-07-13 19:06:34,2026-07-13 16:58:20,2026-07-13 14:33:12,,Đang trên bãi,13.9,Shuttle,FC,Forecast
530618140104,SG NHƠN ĐỨC,SG CỦ CHI,SG CỦ CHI,SG NHƠN ĐỨC,2026-07-13 19:06:29,2026-07-13 16:55:40,2026-07-13 14:23:18,,Đang trên bãi,16.68,Shuttle,FC,Forecast
530215220104,SG NHƠN ĐỨC,SG HIỆP BÌNH,SG HIỆP BÌNH,SG NHƠN ĐỨC,2026-07-13 19:06:27,2026-07-13 16:58:57,2026-07-13 14:43:04,,Đang trên bãi,13.9,Shuttle,FC,Forecast
530010620104,SG CỦ CHI,SG CỦ CHI,SG CỦ CHI,SG CỦ CHI,2026-07-13 19:06:24,2026-07-13 16:45:59,2026-07-13 14:59:22,,Đang trên bãi,5.7,Shuttle,FC,Forecast
530492610104,SG NHƠN ĐỨC,SG HIỆP BÌNH,SG HIỆP BÌNH,SG NHƠN ĐỨC,2026-07-13 19:06:22,2026-07-13 16:58:15,2026-07-13 14:38:10,,Đang trên bãi,13.9,Shuttle,FC,Forecast
530052940104,SG NHƠN ĐỨC,SG HIỆP BÌNH,SG HIỆP BÌNH,SG NHƠN ĐỨC,2026-07-13 19:06:21,2026-07-13 16:56:53,2026-07-13 14:37:50,,Đang trên bãi,13.9,Shuttle,FC,Forecast
530609540104,SG CỦ CHI,SG THỦ ĐỨC,SG THỦ ĐỨC,SG CỦ CHI,2026-07-13 19:06:18,2026-07-13 16:46:01,2026-07-13 15:00:00,,Đang trên bãi,5.7,Shuttle,FC,Forecast
530357340104,SG NHƠN ĐỨC,SG HIỆP BÌNH,SG HIỆP BÌNH,SG NHƠN ĐỨC,2026-07-13 19:06:15,2026-07-13 16:59:02,2026-07-13 14:33:12,,Đang trên bãi,13.9,Shuttle,FC,Forecast
530438140104,SG NHƠN ĐỨC,SG HIỆP BÌNH,SG HIỆP BÌNH,SG NHƠN ĐỨC,2026-07-13 19:06:14,2026-07-13 16:57:24,2026-07-13 14:38:16,,Đang trên bãi,13.9,Shuttle,FC,Forecast
530594530104,SG CỦ CHI,AG LONG XUYÊN,AG LONG XUYÊN,SG CỦ CHI,2026-07-13 19:06:12,2026-07-13 16:49:27,2026-07-13 13:33:34,,Đang trên bãi,6.82,Shuttle,FC,Forecast
530662610104,SG CỦ CHI,SG CHỢ LỚN,SG CHỢ LỚN,SG CỦ CHI,2026-07-13 19:06:07,2026-07-13 16:49:37,2026-07-13 13:07:25,,Đang trên bãi,6.42,Shuttle,FC,Forecast
530123740104,SG NHƠN ĐỨC,SG HIỆP BÌNH,SG HIỆP BÌNH,SG NHƠN ĐỨC,2026-07-13 19:06:07,2026-07-13 16:57:26,2026-07-13 14:43:08,,Đang trên bãi,13.9,Shuttle,FC,Forecast
530332340104,SG CỦ CHI,CT LONG MỸ,CT LONG MỸ,SG CỦ CHI,2026-07-13 19:06:02,2026-07-13 16:23:43,2026-07-13 13:43:26,,Đang trên bãi,7.8,Shuttle,FC,Forecast
530152540104,SG NHƠN ĐỨC,SG HIỆP BÌNH,SG HIỆP BÌNH,SG NHƠN ĐỨC,2026-07-13 19:06:02,2026-07-13 17:01:46,2026-07-13 14:38:09,,Đang trên bãi,13.9,Shuttle,FC,Forecast
530430940104,SG NHƠN ĐỨC,SG HIỆP BÌNH,SG HIỆP BÌNH,SG NHƠN ĐỨC,2026-07-13 19:05:59,2026-07-13 16:57:14,2026-07-13 14:43:07,,Đang trên bãi,13.9,Shuttle,FC,Forecast
530528420104,SG CỦ CHI,SG CỦ CHI,SG CỦ CHI,SG CỦ CHI,2026-07-13 19:05:58,2026-07-13 16:25:55,2026-07-13 15:00:38,,Đang trên bãi,7.55,Shuttle,FC,Forecast
530422820104,SG NHƠN ĐỨC,SG HIỆP BÌNH,SG HIỆP BÌNH,SG NHƠN ĐỨC,2026-07-13 19:05:50,2026-07-13 16:57:30,2026-07-13 14:43:08,,Đang trên bãi,13.9,Shuttle,FC,Forecast
530057940104,SG CỦ CHI,SG BÌNH TÂN,SG BÌNH TÂN,SG CỦ CHI,2026-07-13 19:05:49,2026-07-13 16:23:26,2026-07-13 14:28:25,,Đang trên bãi,8.5,Shuttle,FC,Forecast
530607020104,SG NHƠN ĐỨC,SG HIỆP BÌNH,SG HIỆP BÌNH,SG NHƠN ĐỨC,2026-07-13 19:05:48,2026-07-13 16:59:08,2026-07-13 14:27:58,,Đang trên bãi,13.9,Shuttle,FC,Forecast
530724540104,SG NHƠN ĐỨC,SG HIỆP BÌNH,SG HIỆP BÌNH,SG NHƠN ĐỨC,2026-07-13 19:05:44,2026-07-13 16:57:36,2026-07-13 14:13:09,,Đang trên bãi,13.9,Shuttle,FC,Forecast
530801740104,SG NHƠN ĐỨC,SG HIỆP BÌNH,SG HIỆP BÌNH,SG NHƠN ĐỨC,2026-07-13 19:05:42,2026-07-13 16:59:23,2026-07-13 14:33:10,,Đang trên bãi,13.9,Shuttle,FC,Forecast
530212420104,SG CỦ CHI,SG TÂN HƯNG,SG TÂN HƯNG,SG CỦ CHI,2026-07-13 19:05:42,2026-07-13 16:46:55,2026-07-13 16:00:09,,Đang trên bãi,9.8,Shuttle,FC,Forecast
530905540104,SG NHƠN ĐỨC,SG HIỆP BÌNH,SG HIỆP BÌNH,SG NHƠN ĐỨC,2026-07-13 19:05:39,2026-07-13 16:59:47,2026-07-13 14:33:15,,Đang trên bãi,13.9,Shuttle,FC,Forecast
530250820104,SG CỦ CHI,SG TÂN THỚI HIỆP,SG TÂN THỚI HIỆP,SG CỦ CHI,2026-07-13 19:05:38,2026-07-13 16:46:58,2026-07-13 16:33:05,,Đang trên bãi,9.8,Shuttle,FC,Forecast
530401340104,SG NHƠN ĐỨC,SG HIỆP BÌNH,SG HIỆP BÌNH,SG NHƠN ĐỨC,2026-07-13 19:05:36,2026-07-13 16:59:14,2026-07-13 14:23:14,,Đang trên bãi,13.9,Shuttle,FC,Forecast
530964930104,SG CỦ CHI,LA HẬU NGHĨA,LA HẬU NGHĨA,SG CỦ CHI,2026-07-13 19:05:33,2026-07-13 16:47:55,2026-07-13 13:03:54,,Đang trên bãi,6.5,Shuttle,FC,Forecast
530544940104,SG CỦ CHI,VT CHÂU ĐỨC,VT CHÂU ĐỨC,SG CỦ CHI,2026-07-13 19:05:33,2026-07-13 16:23:56,2026-07-13 15:00:38,,Đang trên bãi,10.1,Shuttle,FC,Forecast
530122620104,SG NHƠN ĐỨC,SG HIỆP BÌNH,SG HIỆP BÌNH,SG NHƠN ĐỨC,2026-07-13 19:05:33,2026-07-13 16:57:48,2026-07-13 14:38:03,,Đang trên bãi,13.9,Shuttle,FC,Forecast
530255810104,SG CỦ CHI,SG TÂN THỚI HIỆP,SG TÂN THỚI HIỆP,SG CỦ CHI,2026-07-13 19:05:29,2026-07-13 16:24:09,2026-07-13 13:33:36,,Đang trên bãi,6.29,Shuttle,FC,Forecast
530712740104,SG NHƠN ĐỨC,SG HIỆP BÌNH,SG HIỆP BÌNH,SG NHƠN ĐỨC,2026-07-13 19:05:28,2026-07-13 16:59:40,2026-07-13 14:18:14,,Đang trên bãi,13.9,Shuttle,FC,Forecast
530500420104,SG CỦ CHI,SG TÂN HƯNG,SG TÂN HƯNG,SG CỦ CHI,2026-07-13 19:05:25,2026-07-13 16:48:05,2026-07-13 13:33:48,,Đang trên bãi,11.02,Shuttle,FC,Forecast
530807620104,SG NHƠN ĐỨC,SG HIỆP BÌNH,SG HIỆP BÌNH,SG NHƠN ĐỨC,2026-07-13 19:05:25,2026-07-13 16:57:18,2026-07-13 14:33:12,,Đang trên bãi,13.9,Shuttle,FC,Forecast
530465130104,SG CỦ CHI,VT VŨNG TÀU,VT VŨNG TÀU,SG CỦ CHI,2026-07-13 19:05:24,2026-07-13 16:34:01,2026-07-13 13:09:05,,Đang trên bãi,7.35,Shuttle,FC,Forecast
530586210104,SG NHƠN ĐỨC,SG HIỆP BÌNH,SG HIỆP BÌNH,SG NHƠN ĐỨC,2026-07-13 19:05:20,2026-07-13 16:57:33,2026-07-13 14:28:07,,Đang trên bãi,13.9,Shuttle,FC,Forecast
530431410104,SG CỦ CHI,SG HƯNG LONG,SG HƯNG LONG,SG CỦ CHI,2026-07-13 19:05:18,2026-07-13 16:47:55,2026-07-13 11:58:10,,Đang trên bãi,6.5,Shuttle,FC,Forecast
530808940104,SG NHƠN ĐỨC,SG HIỆP BÌNH,SG HIỆP BÌNH,SG NHƠN ĐỨC,2026-07-13 19:05:18,2026-07-13 17:01:41,2026-07-13 14:18:20,,Đang trên bãi,13.9,Shuttle,FC,Forecast
530283810104,SG NHƠN ĐỨC,SG CỦ CHI,SG CỦ CHI,SG NHƠN ĐỨC,2026-07-13 19:05:14,2026-07-13 16:59:58,2026-07-13 14:18:15,,Đang trên bãi,16.68,Shuttle,FC,Forecast
530230010104,SG CỦ CHI,SG THỦ ĐỨC,SG THỦ ĐỨC,SG CỦ CHI,2026-07-13 19:05:13,2026-07-13 16:47:57,2026-07-13 10:51:43,,Đang trên bãi,6.5,Shuttle,FC,Forecast
530226140104,SG NHƠN ĐỨC,SG HIỆP BÌNH,SG HIỆP BÌNH,SG NHƠN ĐỨC,2026-07-13 19:05:13,2026-07-13 16:58:50,2026-07-13 14:23:14,,Đang trên bãi,13.9,Shuttle,FC,Forecast
530902340104,SG NHƠN ĐỨC,SG CỦ CHI,SG CỦ CHI,SG NHƠN ĐỨC,2026-07-13 19:05:10,2026-07-13 16:59:53,2026-07-13 14:13:08,,Đang trên bãi,16.68,Shuttle,FC,Forecast
530403940104,SG NHƠN ĐỨC,SG HIỆP BÌNH,SG HIỆP BÌNH,SG NHƠN ĐỨC,2026-07-13 19:05:09,2026-07-13 16:58:42,2026-07-13 14:27:56,,Đang trên bãi,13.9,Shuttle,FC,Forecast
530905740104,SG NHƠN ĐỨC,SG HIỆP BÌNH,SG HIỆP BÌNH,SG NHƠN ĐỨC,2026-07-13 19:05:03,2026-07-13 17:01:30,2026-07-13 14:33:15,,Đang trên bãi,13.9,Shuttle,FC,Forecast
530803740104,SG NHƠN ĐỨC,SG HIỆP BÌNH,SG HIỆP BÌNH,SG NHƠN ĐỨC,2026-07-13 19:05:03,2026-07-13 16:59:11,2026-07-13 14:38:15,,Đang trên bãi,13.9,Shuttle,FC,Forecast
530395730104,SG CỦ CHI,VT VŨNG TÀU,VT VŨNG TÀU,SG CỦ CHI,2026-07-13 19:05:00,2026-07-13 16:46:02,2026-07-13 14:00:49,,Đang trên bãi,5.7,Shuttle,FC,Forecast
530138340104,SG NHƠN ĐỨC,SG HIỆP BÌNH,SG HIỆP BÌNH,SG NHƠN ĐỨC,2026-07-13 19:04:59,2026-07-13 16:57:44,2026-07-13 14:33:07,,Đang trên bãi,13.9,Shuttle,FC,Forecast
530025340104,SG NHƠN ĐỨC,SG HIỆP BÌNH,SG HIỆP BÌNH,SG NHƠN ĐỨC,2026-07-13 19:04:57,2026-07-13 17:01:44,2026-07-13 14:18:20,,Đang trên bãi,13.9,Shuttle,FC,Forecast
530222140104,SG NHƠN ĐỨC,SG HIỆP BÌNH,SG HIỆP BÌNH,SG NHƠN ĐỨC,2026-07-13 19:04:54,2026-07-13 16:59:20,2026-07-13 14:23:14,,Đang trên bãi,13.9,Shuttle,FC,Forecast
530802020104,SG NHƠN ĐỨC,SG HIỆP BÌNH,SG HIỆP BÌNH,SG NHƠN ĐỨC,2026-07-13 19:04:51,2026-07-13 16:59:30,2026-07-13 14:33:18,,Đang trên bãi,13.9,Shuttle,FC,Forecast
530209940104,SG NHƠN ĐỨC,SG HIỆP BÌNH,SG HIỆP BÌNH,SG NHƠN ĐỨC,2026-07-13 19:04:51,2026-07-13 17:01:51,2026-07-13 14:38:01,,Đang trên bãi,13.9,Shuttle,FC,Forecast
530820940104,SG NHƠN ĐỨC,SG HIỆP BÌNH,SG HIỆP BÌNH,SG NHƠN ĐỨC,2026-07-13 19:04:47,2026-07-13 16:59:28,2026-07-13 14:38:10,,Đang trên bãi,13.9,Shuttle,FC,Forecast
530502620104,SG NHƠN ĐỨC,SG HIỆP BÌNH,SG HIỆP BÌNH,SG NHƠN ĐỨC,2026-07-13 19:04:44,2026-07-13 17:01:34,2026-07-13 14:27:51,,Đang trên bãi,13.9,Shuttle,FC,Forecast
530252540104,SG NHƠN ĐỨC,SG HIỆP BÌNH,SG HIỆP BÌNH,SG NHƠN ĐỨC,2026-07-13 19:04:44,2026-07-13 16:59:35,2026-07-13 14:43:08,,Đang trên bãi,13.9,Shuttle,FC,Forecast
530812140104,SG NHƠN ĐỨC,SG HIỆP BÌNH,SG HIỆP BÌNH,SG NHƠN ĐỨC,2026-07-13 19:04:39,2026-07-13 17:00:07,2026-07-13 14:18:15,,Đang trên bãi,13.9,Shuttle,FC,Forecast
530625740104,SG NHƠN ĐỨC,SG HIỆP BÌNH,SG HIỆP BÌNH,SG NHƠN ĐỨC,2026-07-13 19:04:39,2026-07-13 17:01:59,2026-07-13 14:43:08,,Đang trên bãi,13.9,Shuttle,FC,Forecast
530514620104,SG NHƠN ĐỨC,SG HIỆP BÌNH,SG HIỆP BÌNH,SG NHƠN ĐỨC,2026-07-13 19:04:36,2026-07-13 17:02:09,2026-07-13 14:33:04,,Đang trên bãi,13.9,Shuttle,FC,Forecast
530720340104,SG NHƠN ĐỨC,SG HIỆP BÌNH,SG HIỆP BÌNH,SG NHƠN ĐỨC,2026-07-13 19:04:33,2026-07-13 17:02:15,2026-07-13 14:33:09,,Đang trên bãi,13.9,Shuttle,FC,Forecast
530483810104,SG NHƠN ĐỨC,SG HIỆP BÌNH,SG HIỆP BÌNH,SG NHƠN ĐỨC,2026-07-13 19:04:32,2026-07-13 17:01:37,2026-07-13 14:27:57,,Đang trên bãi,13.9,Shuttle,FC,Forecast
530607220104,SG NHƠN ĐỨC,SG HIỆP BÌNH,SG HIỆP BÌNH,SG NHƠN ĐỨC,2026-07-13 19:04:28,2026-07-13 17:02:04,2026-07-13 14:28:01,,Đang trên bãi,13.9,Shuttle,FC,Forecast
530601740104,SG NHƠN ĐỨC,SG HIỆP BÌNH,SG HIỆP BÌNH,SG NHƠN ĐỨC,2026-07-13 19:04:24,2026-07-13 17:02:23,2026-07-13 14:27:56,,Đang trên bãi,13.9,Shuttle,FC,Forecast
530638140104,SG NHƠN ĐỨC,SG HIỆP BÌNH,SG HIỆP BÌNH,SG NHƠN ĐỨC,2026-07-13 19:04:22,2026-07-13 17:02:34,2026-07-13 14:43:10,,Đang trên bãi,13.9,Shuttle,FC,Forecast
530125340104,SG NHƠN ĐỨC,SG HIỆP BÌNH,SG HIỆP BÌNH,SG NHƠN ĐỨC,2026-07-13 19:04:20,2026-07-13 17:02:29,2026-07-13 14:23:14,,Đang trên bãi,13.9,Shuttle,FC,Forecast
530905340104,SG NHƠN ĐỨC,SG HIỆP BÌNH,SG HIỆP BÌNH,SG NHƠN ĐỨC,2026-07-13 19:04:15,2026-07-13 17:00:16,2026-07-13 14:33:12,,Đang trên bãi,13.9,Shuttle,FC,Forecast
530330740104,SG NHƠN ĐỨC,SG HIỆP BÌNH,SG HIỆP BÌNH,SG NHƠN ĐỨC,2026-07-13 19:04:15,2026-07-13 17:03:50,2026-07-13 14:38:11,,Đang trên bãi,13.9,Shuttle,FC,Forecast
530600220104,SG CỦ CHI,SG TÂN SƠN NHÌ,SG TÂN SƠN NHÌ,SG CỦ CHI,2026-07-13 19:04:11,2026-07-13 16:46:03,2026-07-13 13:34:20,,Đang trên bãi,5.7,Shuttle,FC,Forecast
530122420104,SG NHƠN ĐỨC,SG HIỆP BÌNH,SG HIỆP BÌNH,SG NHƠN ĐỨC,2026-07-13 19:04:09,2026-07-13 17:00:35,2026-07-13 14:38:03,,Đang trên bãi,13.9,Shuttle,FC,Forecast
530981010104,SG CỦ CHI,SG GÒ VẤP,SG GÒ VẤP,SG CỦ CHI,2026-07-13 19:04:08,2026-07-13 16:24:02,2026-07-13 13:43:26,,Đang trên bãi,6.39,Shuttle,FC,Forecast
530493330104,SG NHƠN ĐỨC,SG CỦ CHI,SG CỦ CHI,SG NHƠN ĐỨC,2026-07-13 19:04:08,2026-07-13 17:04:00,2026-07-13 14:18:11,,Đang trên bãi,16.68,Shuttle,FC,Forecast
530215420104,SG NHƠN ĐỨC,SG HIỆP BÌNH,SG HIỆP BÌNH,SG NHƠN ĐỨC,2026-07-13 19:04:06,2026-07-13 17:02:54,2026-07-13 14:43:08,,Đang trên bãi,13.9,Shuttle,FC,Forecast
530151940104,SG CỦ CHI,3PL,SETN,SG CỦ CHI,2026-07-13 19:04:04,2026-07-13 16:46:56,2026-07-13 16:00:10,,Đang trên bãi,9.8,Shuttle,3PL,Forecast
530586010104,SG NHƠN ĐỨC,SG HIỆP BÌNH,SG HIỆP BÌNH,SG NHƠN ĐỨC,2026-07-13 19:04:03,2026-07-13 17:01:54,2026-07-13 14:28:03,,Đang trên bãi,13.9,Shuttle,FC,Forecast
530657740104,SG NHƠN ĐỨC,SG HIỆP BÌNH,SG HIỆP BÌNH,SG NHƠN ĐỨC,2026-07-13 19:04:03,2026-07-13 17:04:05,2026-07-13 14:38:09,,Đang trên bãi,13.9,Shuttle,FC,Forecast
530649140104,SG CỦ CHI,BN HUB,HN CẦU GIẤY,SG CỦ CHI,2026-07-13 19:04:01,2026-07-13 16:46:57,2026-07-13 16:00:09,,Đang trên bãi,9.8,Linehaul,BN HUB,Forecast
530885130104,SG NHƠN ĐỨC,SG HIỆP BÌNH,SG HIỆP BÌNH,SG NHƠN ĐỨC,2026-07-13 19:04:00,2026-07-13 17:03:03,2026-07-13 14:13:00,,Đang trên bãi,13.9,Shuttle,FC,Forecast
530025740104,SG NHƠN ĐỨC,SG CỦ CHI,SG CỦ CHI,SG NHƠN ĐỨC,2026-07-13 19:03:57,2026-07-13 17:04:12,2026-07-13 14:18:21,,Đang trên bãi,16.68,Shuttle,FC,Forecast
530230340104,SG NHƠN ĐỨC,SG HIỆP BÌNH,SG HIỆP BÌNH,SG NHƠN ĐỨC,2026-07-13 19:03:57,2026-07-13 17:02:18,2026-07-13 14:33:04,,Đang trên bãi,13.9,Shuttle,FC,Forecast
530134340104,SG NHƠN ĐỨC,SG HIỆP BÌNH,SG HIỆP BÌNH,SG NHƠN ĐỨC,2026-07-13 19:03:54,2026-07-13 17:02:59,2026-07-13 14:33:15,,Đang trên bãi,13.9,Shuttle,FC,Forecast
530710820104,SG NHƠN ĐỨC,SG HIỆP BÌNH,SG HIỆP BÌNH,SG NHƠN ĐỨC,2026-07-13 19:03:53,2026-07-13 17:04:45,2026-07-13 15:23:28,,Đang trên bãi,13.9,Shuttle,FC,Forecast
530303540104,SG NHƠN ĐỨC,SG HIỆP BÌNH,SG HIỆP BÌNH,SG NHƠN ĐỨC,2026-07-13 19:03:51,2026-07-13 17:02:39,2026-07-13 14:23:15,,Đang trên bãi,13.9,Shuttle,FC,Forecast
530119940104,SG NHƠN ĐỨC,SG HIỆP BÌNH,SG HIỆP BÌNH,SG NHƠN ĐỨC,2026-07-13 19:03:49,2026-07-13 17:04:31,2026-07-13 14:37:54,,Đang trên bãi,13.9,Shuttle,FC,Forecast
530234940104,SG NHƠN ĐỨC,SG HIỆP BÌNH,SG HIỆP BÌNH,SG NHƠN ĐỨC,2026-07-13 19:03:48,2026-07-13 16:59:33,2026-07-13 14:38:11,,Đang trên bãi,13.9,Shuttle,FC,Forecast
530425340104,SG NHƠN ĐỨC,SG HIỆP BÌNH,SG HIỆP BÌNH,SG NHƠN ĐỨC,2026-07-13 19:03:45,2026-07-13 17:00:06,2026-07-13 14:33:09,,Đang trên bãi,13.9,Shuttle,FC,Forecast
530907020104,SG NHƠN ĐỨC,SG HIỆP BÌNH,SG HIỆP BÌNH,SG NHƠN ĐỨC,2026-07-13 19:03:44,2026-07-13 17:04:35,2026-07-13 14:33:18,,Đang trên bãi,13.9,Shuttle,FC,Forecast
530138740104,SG NHƠN ĐỨC,SG AN PHÚ ĐÔNG,SG AN PHÚ ĐÔNG,SG NHƠN ĐỨC,2026-07-13 19:03:40,2026-07-13 17:03:08,2026-07-13 14:33:16,,Đang trên bãi,13.9,Shuttle,FC,Forecast
530808620104,SG NHƠN ĐỨC,SG HIỆP BÌNH,SG HIỆP BÌNH,SG NHƠN ĐỨC,2026-07-13 19:03:39,2026-07-13 17:04:59,2026-07-13 15:18:07,,Đang trên bãi,13.9,Shuttle,FC,Forecast
530699410104,SG NHƠN ĐỨC,SG HIỆP BÌNH,SG HIỆP BÌNH,SG NHƠN ĐỨC,2026-07-13 19:03:35,2026-07-13 17:03:19,2026-07-13 14:23:08,,Đang trên bãi,13.9,Shuttle,FC,Forecast
530899610104,SG NHƠN ĐỨC,SG HIỆP BÌNH,SG HIỆP BÌNH,SG NHƠN ĐỨC,2026-07-13 19:03:34,2026-07-13 17:03:13,2026-07-13 14:27:57,,Đang trên bãi,13.9,Shuttle,FC,Forecast
530883410104,SG NHƠN ĐỨC,SG HIỆP BÌNH,SG HIỆP BÌNH,SG NHƠN ĐỨC,2026-07-13 19:03:27,2026-07-13 17:04:48,2026-07-13 14:33:18,,Đang trên bãi,13.9,Shuttle,FC,Forecast
530432020104,SG NHƠN ĐỨC,SG HIỆP BÌNH,SG HIỆP BÌNH,SG NHƠN ĐỨC,2026-07-13 19:03:25,2026-07-13 17:04:51,2026-07-13 15:23:31,,Đang trên bãi,13.9,Shuttle,FC,Forecast
530808420104,SG NHƠN ĐỨC,SG HIỆP BÌNH,SG HIỆP BÌNH,SG NHƠN ĐỨC,2026-07-13 19:03:22,2026-07-13 17:04:55,2026-07-13 15:18:07,,Đang trên bãi,13.9,Shuttle,FC,Forecast
530044740104,SG NHƠN ĐỨC,SG HIỆP BÌNH,SG HIỆP BÌNH,SG NHƠN ĐỨC,2026-07-13 19:03:21,2026-07-13 17:03:58,2026-07-13 14:38:08,,Đang trên bãi,13.9,Shuttle,FC,Forecast
530657940104,SG NHƠN ĐỨC,SG HIỆP BÌNH,SG HIỆP BÌNH,SG NHƠN ĐỨC,2026-07-13 19:03:19,2026-07-13 17:05:19,2026-07-13 14:38:11,,Đang trên bãi,13.9,Shuttle,FC,Forecast
530802220104,SG NHƠN ĐỨC,SG HIỆP BÌNH,SG HIỆP BÌNH,SG NHƠN ĐỨC,2026-07-13 19:03:17,2026-07-13 17:05:45,2026-07-13 14:33:19,,Đang trên bãi,13.9,Shuttle,FC,Forecast
530948340104,SG NHƠN ĐỨC,SG HIỆP BÌNH,SG HIỆP BÌNH,SG NHƠN ĐỨC,2026-07-13 19:03:16,2026-07-13 17:05:37,2026-07-13 15:18:00,,Đang trên bãi,13.9,Shuttle,FC,Forecast
530814220104,SG NHƠN ĐỨC,SG CHỢ LỚN,SG CHỢ LỚN,SG NHƠN ĐỨC,2026-07-13 19:03:14,2026-07-13 17:05:24,2026-07-13 14:38:03,,Đang trên bãi,7.65,Shuttle,FC,Forecast
530808740104,SG NHƠN ĐỨC,SG HIỆP BÌNH,SG HIỆP BÌNH,SG NHƠN ĐỨC,2026-07-13 19:03:12,2026-07-13 17:06:12,2026-07-13 14:18:18,,Đang trên bãi,13.9,Shuttle,FC,Forecast
530510420104,SG NHƠN ĐỨC,SG THỦ ĐỨC,SG THỦ ĐỨC,SG NHƠN ĐỨC,2026-07-13 19:03:10,2026-07-13 17:04:17,2026-07-13 15:18:08,,Đang trên bãi,6.95,Shuttle,FC,Forecast
530691410104,SG NHƠN ĐỨC,SG HIỆP BÌNH,SG HIỆP BÌNH,SG NHƠN ĐỨC,2026-07-13 19:03:09,2026-07-13 17:06:16,2026-07-13 14:18:20,,Đang trên bãi,13.9,Shuttle,FC,Forecast
530293810104,SG NHƠN ĐỨC,SG HIỆP BÌNH,SG HIỆP BÌNH,SG NHƠN ĐỨC,2026-07-13 19:03:07,2026-07-13 17:06:33,2026-07-13 15:18:01,,Đang trên bãi,13.9,Shuttle,FC,Forecast
530691210104,SG NHƠN ĐỨC,SG CỦ CHI,SG CỦ CHI,SG NHƠN ĐỨC,2026-07-13 19:03:06,2026-07-13 17:04:22,2026-07-13 14:18:15,,Đang trên bãi,16.68,Shuttle,FC,Forecast
530314220104,SG NHƠN ĐỨC,SG HIỆP BÌNH,SG HIỆP BÌNH,SG NHƠN ĐỨC,2026-07-13 19:03:04,2026-07-13 17:06:47,2026-07-13 14:27:51,,Đang trên bãi,13.9,Shuttle,FC,Forecast
530057540104,SG NHƠN ĐỨC,SG HIỆP BÌNH,SG HIỆP BÌNH,SG NHƠN ĐỨC,2026-07-13 19:03:02,2026-07-13 17:03:15,2026-07-13 14:28:05,,Đang trên bãi,13.9,Shuttle,FC,Forecast
530814420104,SG NHƠN ĐỨC,AG AN PHÚ,AG AN PHÚ,SG NHƠN ĐỨC,2026-07-13 19:03:02,2026-07-13 17:04:27,2026-07-13 14:38:07,,Đang trên bãi,7.99,Shuttle,FC,Forecast
530244540104,SG NHƠN ĐỨC,SG HIỆP BÌNH,SG HIỆP BÌNH,SG NHƠN ĐỨC,2026-07-13 19:02:59,2026-07-13 17:06:53,2026-07-13 14:43:01,,Đang trên bãi,13.9,Shuttle,FC,Forecast
530357740104,SG NHƠN ĐỨC,SG HIỆP BÌNH,SG HIỆP BÌNH,SG NHƠN ĐỨC,2026-07-13 19:02:58,2026-07-13 17:04:43,2026-07-13 14:33:18,,Đang trên bãi,13.9,Shuttle,FC,Forecast
530310540104,SG NHƠN ĐỨC,SG HIỆP BÌNH,SG HIỆP BÌNH,SG NHƠN ĐỨC,2026-07-13 19:02:52,2026-07-13 16:50:51,2026-07-13 13:53:38,,Đang trên bãi,18.06,Shuttle,FC,Forecast
530338940104,SG NHƠN ĐỨC,SG HIỆP BÌNH,SG HIỆP BÌNH,SG NHƠN ĐỨC,2026-07-13 19:02:52,2026-07-13 17:06:27,2026-07-13 14:38:00,,Đang trên bãi,13.9,Shuttle,FC,Forecast
530905140104,SG NHƠN ĐỨC,SG HIỆP BÌNH,SG HIỆP BÌNH,SG NHƠN ĐỨC,2026-07-13 19:02:49,2026-07-13 17:05:47,2026-07-13 14:33:05,,Đang trên bãi,13.9,Shuttle,FC,Forecast
530322740104,SG NHƠN ĐỨC,SG HIỆP BÌNH,SG HIỆP BÌNH,SG NHƠN ĐỨC,2026-07-13 19:02:46,2026-07-13 17:07:56,2026-07-13 14:24:44,,Đang trên bãi,13.9,Shuttle,FC,Forecast
530946340104,SG NHƠN ĐỨC,SG HIỆP BÌNH,SG HIỆP BÌNH,SG NHƠN ĐỨC,2026-07-13 19:02:44,2026-07-13 17:05:57,2026-07-13 15:18:06,,Đang trên bãi,13.9,Shuttle,FC,Forecast
530286610104,SG NHƠN ĐỨC,SG CỦ CHI,SG CỦ CHI,SG NHƠN ĐỨC,2026-07-13 19:02:43,2026-07-13 17:07:31,2026-07-13 14:18:07,,Đang trên bãi,16.68,Shuttle,FC,Forecast
530111740104,SG NHƠN ĐỨC,SG CỦ CHI,SG CỦ CHI,SG NHƠN ĐỨC,2026-07-13 19:02:40,2026-07-13 17:05:13,2026-07-13 14:13:07,,Đang trên bãi,16.68,Shuttle,FC,Forecast
530235540104,SG NHƠN ĐỨC,SG HIỆP BÌNH,SG HIỆP BÌNH,SG NHƠN ĐỨC,2026-07-13 19:02:38,2026-07-13 17:06:03,2026-07-13 15:33:07,,Đang trên bãi,13.9,Shuttle,FC,Forecast
530203140104,SG NHƠN ĐỨC,SG CỦ CHI,SG CỦ CHI,SG NHƠN ĐỨC,2026-07-13 19:02:37,2026-07-13 17:07:28,2026-07-13 14:18:19,,Đang trên bãi,16.68,Shuttle,FC,Forecast
530183410104,SG NHƠN ĐỨC,SG CỦ CHI,SG CỦ CHI,SG NHƠN ĐỨC,2026-07-13 19:02:34,2026-07-13 17:08:06,2026-07-13 14:14:59,,Đang trên bãi,16.68,Shuttle,FC,Forecast
530014420104,SG NHƠN ĐỨC,SG CỦ CHI,SG CỦ CHI,SG NHƠN ĐỨC,2026-07-13 19:02:34,2026-07-13 16:58:28,2026-07-13 14:18:15,,Đang trên bãi,16.68,Shuttle,FC,Forecast
530846940104,SG NHƠN ĐỨC,SG HIỆP BÌNH,SG HIỆP BÌNH,SG NHƠN ĐỨC,2026-07-13 19:02:31,2026-07-13 17:06:38,2026-07-13 15:18:00,,Đang trên bãi,13.9,Shuttle,FC,Forecast
530991930104,SG NHƠN ĐỨC,SG HIỆP BÌNH,SG HIỆP BÌNH,SG NHƠN ĐỨC,2026-07-13 19:02:30,2026-07-13 17:07:48,2026-07-13 14:18:19,,Đang trên bãi,13.9,Shuttle,FC,Forecast
530612610104,SG NHƠN ĐỨC,SG BÌNH TÂN,SG BÌNH TÂN,SG NHƠN ĐỨC,2026-07-13 19:02:27,2026-07-13 16:53:46,2026-07-13 10:23:01,,Đang trên bãi,36.04,Shuttle,FC,Forecast
530203020104,SG NHƠN ĐỨC,SG CỦ CHI,SG CỦ CHI,SG NHƠN ĐỨC,2026-07-13 19:02:25,2026-07-13 17:05:06,2026-07-13 14:48:02,,Đang trên bãi,5.52,Shuttle,FC,Forecast
530502820104,SG NHƠN ĐỨC,SG HIỆP BÌNH,SG HIỆP BÌNH,SG NHƠN ĐỨC,2026-07-13 19:02:24,2026-07-13 17:06:43,2026-07-13 14:27:58,,Đang trên bãi,13.9,Shuttle,FC,Forecast
530213130104,SG NHƠN ĐỨC,SG TÂN HƯNG,SG TÂN HƯNG,SG NHƠN ĐỨC,2026-07-13 19:02:20,2026-07-13 16:53:43,2026-07-13 09:53:00,,Đang trên bãi,18.02,Shuttle,FC,Forecast
530404130104,SG CỦ CHI,SG NHƠN ĐỨC,SG NHƠN ĐỨC,SG CỦ CHI,2026-07-13 16:59:48,2026-07-13 13:58:11,2026-07-13 09:19:36,,Đang trên bãi,8.49,Shuttle,FC,Forecast
530787510104,SG CỦ CHI,SG BÀ ĐIỂM,SG BÀ ĐIỂM,SG CỦ CHI,2026-07-13 16:57:20,2026-07-13 11:23:45,2026-07-13 06:09:08,,Đang trên bãi,5.2,Shuttle,FC,Forecast
530478490103,SG CỦ CHI,SG AN LẠC,SG AN LẠC,SG CỦ CHI,2026-07-13 16:57:18,2026-07-13 11:23:04,2026-07-13 05:48:20,,Đang trên bãi,5.2,Shuttle,FC,Forecast
530795110104,SG CỦ CHI,BD BÌNH HÒA,BD BÌNH HÒA,SG CỦ CHI,2026-07-13 16:57:16,2026-07-13 11:23:50,2026-07-13 06:09:40,,Đang trên bãi,5.4,Shuttle,FC,Forecast
530108330104,SG CỦ CHI,SG CHỢ LỚN,SG CHỢ LỚN,SG CỦ CHI,2026-07-13 16:57:12,2026-07-13 11:24:28,2026-07-13 08:42:17,,Đang trên bãi,5.08,Shuttle,FC,Forecast
530878320104,SG CỦ CHI,BD BÌNH HÒA,BD BÌNH HÒA,SG CỦ CHI,2026-07-13 16:57:10,2026-07-13 11:24:08,2026-07-13 08:55:48,,Đang trên bãi,5.08,Shuttle,FC,Forecast
530405410104,SG CỦ CHI,BD BÌNH HÒA,BD BÌNH HÒA,SG CỦ CHI,2026-07-13 16:57:06,2026-07-13 11:24:50,2026-07-13 09:10:13,,Đang trên bãi,5.08,Shuttle,FC,Forecast
530500330104,SG CỦ CHI,SG TÂN THỚI HIỆP,SG TÂN THỚI HIỆP,SG CỦ CHI,2026-07-13 16:57:05,2026-07-13 11:24:55,2026-07-13 09:10:22,,Đang trên bãi,5.08,Shuttle,FC,Forecast
530645690103,SG CỦ CHI,CT NINH KIỀU,CT NINH KIỀU,SG CỦ CHI,2026-07-13 16:57:03,2026-07-13 11:22:51,2026-07-13 05:54:56,,Đang trên bãi,5.2,Shuttle,FC,Forecast
530954890103,SG CỦ CHI,VT VŨNG TÀU,VT VŨNG TÀU,SG CỦ CHI,2026-07-13 16:57:00,2026-07-13 11:23:12,2026-07-13 05:50:19,,Đang trên bãi,5.2,Shuttle,FC,Forecast
530003520104,SG CỦ CHI,VL CHỢ LÁCH,VL CHỢ LÁCH,SG CỦ CHI,2026-07-13 16:56:57,2026-07-13 11:23:51,2026-07-13 06:09:40,,Đang trên bãi,5.2,Shuttle,FC,Forecast
530108720104,SG CỦ CHI,VL VĨNH LONG,VL VĨNH LONG,SG CỦ CHI,2026-07-13 16:56:57,2026-07-13 11:23:36,2026-07-13 06:03:47,,Đang trên bãi,5.2,Shuttle,FC,Forecast
530208520104,SG CỦ CHI,SG CHỢ LỚN,SG CHỢ LỚN,SG CỦ CHI,2026-07-13 16:56:50,2026-07-13 11:23:41,2026-07-13 06:08:01,,Đang trên bãi,5.4,Shuttle,FC,Forecast
530391710104,SG CỦ CHI,AG TỊNH BIÊN,AG TỊNH BIÊN,SG CỦ CHI,2026-07-13 16:56:47,2026-07-13 11:23:27,2026-07-13 06:01:00,,Đang trên bãi,5.4,Shuttle,FC,Forecast
530658690103,SG CỦ CHI,BD BẾN CÁT,BD BẾN CÁT,SG CỦ CHI,2026-07-13 16:56:44,2026-07-13 11:23:21,2026-07-13 05:57:59,,Đang trên bãi,5.4,Shuttle,FC,Forecast
530055890103,SG CỦ CHI,SG TÂN SƠN NHÌ,SG TÂN SƠN NHÌ,SG CỦ CHI,2026-07-13 16:56:43,2026-07-13 11:23:22,2026-07-13 05:58:32,,Đang trên bãi,5.4,Shuttle,FC,Forecast
530773600104,SG CỦ CHI,SG TÂN HƯNG,SG TÂN HƯNG,SG CỦ CHI,2026-07-13 16:56:36,2026-07-13 11:26:53,2026-07-13 09:11:11,,Đang trên bãi,5.08,Shuttle,FC,Forecast
530128610104,SG CỦ CHI,VT XUYÊN MỘC,VT XUYÊN MỘC,SG CỦ CHI,2026-07-13 16:56:35,2026-07-13 11:26:26,2026-07-13 09:15:59,,Đang trên bãi,5.08,Shuttle,FC,Forecast
530191910104,SG CỦ CHI,SG TÂN HƯNG,SG TÂN HƯNG,SG CỦ CHI,2026-07-13 16:56:29,2026-07-13 11:23:08,2026-07-13 05:48:19,,Đang trên bãi,5.2,Shuttle,FC,Forecast
530500720104,SG CỦ CHI,SG BÌNH LỢI,SG BÌNH LỢI,SG CỦ CHI,2026-07-13 16:56:22,2026-07-13 11:23:02,2026-07-13 05:47:27,,Đang trên bãi,5.4,Shuttle,FC,Forecast
530175320104,SG CỦ CHI,SG TÂN SƠN NHÌ,SG TÂN SƠN NHÌ,SG CỦ CHI,2026-07-13 16:56:18,2026-07-13 11:26:54,2026-07-13 09:10:57,,Đang trên bãi,5.08,Shuttle,FC,Forecast
530805810104,SG CỦ CHI,VT XUYÊN MỘC,VT XUYÊN MỘC,SG CỦ CHI,2026-07-13 16:56:17,2026-07-13 11:26:33,2026-07-13 09:13:20,,Đang trên bãi,5.08,Shuttle,FC,Forecast
530403400104,SG CỦ CHI,SG TÂN HƯNG,SG TÂN HƯNG,SG CỦ CHI,2026-07-13 16:56:12,2026-07-13 11:23:42,2026-07-13 06:09:08,,Đang trên bãi,5.4,Shuttle,FC,Forecast
530376890103,SG CỦ CHI,SG TÂN HƯNG,SG TÂN HƯNG,SG CỦ CHI,2026-07-13 16:56:09,2026-07-13 11:23:07,2026-07-13 05:48:19,,Đang trên bãi,5.2,Shuttle,FC,Forecast
530878520104,SG CỦ CHI,SG CHỢ LỚN,SG CHỢ LỚN,SG CỦ CHI,2026-07-13 16:56:08,2026-07-13 11:24:05,2026-07-13 08:56:29,,Đang trên bãi,5.08,Shuttle,FC,Forecast
530586920104,SG CỦ CHI,DT SA ĐÉC,DT SA ĐÉC,SG CỦ CHI,2026-07-13 16:56:04,2026-07-13 13:36:26,2026-07-13 09:01:48,,Đang trên bãi,5.08,Shuttle,FC,Forecast
530175800104,SG CỦ CHI,SG GÒ VẤP,SG GÒ VẤP,SG CỦ CHI,2026-07-13 16:56:02,2026-07-13 11:24:01,2026-07-13 08:56:58,,Đang trên bãi,5.08,Shuttle,FC,Forecast
530878920104,SG CỦ CHI,SG HÓC MÔN,SG HÓC MÔN,SG CỦ CHI,2026-07-13 16:56:01,2026-07-13 11:24:00,2026-07-13 08:56:59,,Đang trên bãi,5.08,Shuttle,FC,Forecast
530008520104,SG CỦ CHI,SG PHÚ NHUẬN,SG PHÚ NHUẬN,SG CỦ CHI,2026-07-13 16:55:54,2026-07-13 11:23:11,2026-07-13 05:50:19,,Đang trên bãi,5.2,Shuttle,FC,Forecast
530964890103,SG CỦ CHI,SG GÒ VẤP,SG GÒ VẤP,SG CỦ CHI,2026-07-13 16:55:53,2026-07-13 11:23:23,2026-07-13 05:59:02,,Đang trên bãi,5.2,Shuttle,FC,Forecast
530285310104,SG CỦ CHI,SG THỦ ĐỨC,SG THỦ ĐỨC,SG CỦ CHI,2026-07-13 16:55:46,2026-07-13 11:23:26,2026-07-13 05:59:02,,Đang trên bãi,5.2,Shuttle,FC,Forecast
530983910104,SG CỦ CHI,AG LONG XUYÊN,AG LONG XUYÊN,SG CỦ CHI,2026-07-13 16:55:45,2026-07-13 11:23:18,2026-07-13 05:54:56,,Đang trên bãi,5.4,Shuttle,FC,Forecast
530467000104,SG CỦ CHI,3PL,SETN,SG CỦ CHI,2026-07-13 16:55:43,2026-07-13 11:24:24,2026-07-13 08:42:17,,Đang trên bãi,5.08,Shuttle,3PL,Forecast
530773000104,SG CỦ CHI,SG THỦ ĐỨC,SG THỦ ĐỨC,SG CỦ CHI,2026-07-13 16:55:40,2026-07-13 11:24:53,2026-07-13 09:09:37,,Đang trên bãi,5.08,Shuttle,FC,Forecast
530951490103,SG CỦ CHI,DT SA ĐÉC,DT SA ĐÉC,SG CỦ CHI,2026-07-13 16:55:33,2026-07-13 11:22:48,2026-07-13 05:55:57,,Đang trên bãi,5.2,Shuttle,FC,Forecast
530876690103,SG CỦ CHI,SG TÂN THỚI HIỆP,SG TÂN THỚI HIỆP,SG CỦ CHI,2026-07-13 16:55:32,2026-07-13 11:23:48,2026-07-13 06:14:14,,Đang trên bãi,5.4,Shuttle,FC,Forecast
530900520104,SG CỦ CHI,SG KHÁNH HỘI,SG KHÁNH HỘI,SG CỦ CHI,2026-07-13 16:55:29,2026-07-13 11:23:44,2026-07-13 06:09:08,,Đang trên bãi,5.4,Shuttle,FC,Forecast
530291910104,SG CỦ CHI,SG GÒ VẤP,SG GÒ VẤP,SG CỦ CHI,2026-07-13 16:55:24,2026-07-13 11:23:20,2026-07-13 05:55:57,,Đang trên bãi,5.4,Shuttle,FC,Forecast
530676690103,SG CỦ CHI,VT LONG ĐẤT,VT LONG ĐẤT,SG CỦ CHI,2026-07-13 16:55:23,2026-07-13 11:23:25,2026-07-13 05:59:59,,Đang trên bãi,5.4,Shuttle,FC,Forecast
530832120104,SG CỦ CHI,BD BÌNH HÒA,BD BÌNH HÒA,SG CỦ CHI,2026-07-13 16:55:20,2026-07-13 11:23:52,2026-07-13 06:09:08,,Đang trên bãi,5.4,Shuttle,FC,Forecast
530393310104,SG CỦ CHI,SG BÌNH TÂN,SG BÌNH TÂN,SG CỦ CHI,2026-07-13 16:55:19,2026-07-13 11:23:01,2026-07-13 05:48:19,,Đang trên bãi,5.2,Shuttle,FC,Forecast
530595110104,SG CỦ CHI,SG CHỢ LỚN,SG CHỢ LỚN,SG CỦ CHI,2026-07-13 16:55:14,2026-07-13 11:23:30,2026-07-13 06:02:07,,Đang trên bãi,5.2,Shuttle,FC,Forecast
530678090103,SG CỦ CHI,SG CHỢ LỚN,SG CHỢ LỚN,SG CỦ CHI,2026-07-13 16:55:13,2026-07-13 11:23:29,2026-07-13 06:01:45,,Đang trên bãi,5.2,Shuttle,FC,Forecast
530802600104,SG CỦ CHI,AG AN PHÚ,AG AN PHÚ,SG CỦ CHI,2026-07-13 16:55:04,2026-07-13 11:22:50,2026-07-13 05:53:58,,Đang trên bãi,5.2,Shuttle,FC,Forecast
530022520104,SG CỦ CHI,TG GÒ CÔNG,TG GÒ CÔNG,SG CỦ CHI,2026-07-13 16:55:04,2026-07-13 11:23:31,2026-07-13 06:02:07,,Đang trên bãi,5.2,Shuttle,FC,Forecast
530332520104,SG CỦ CHI,LA HẬU NGHĨA,LA HẬU NGHĨA,SG CỦ CHI,2026-07-13 16:55:01,2026-07-13 11:23:10,2026-07-13 05:49:16,,Đang trên bãi,5.4,Shuttle,FC,Forecast
530022120104,SG CỦ CHI,TG GÒ CÔNG,TG GÒ CÔNG,SG CỦ CHI,2026-07-13 16:55:00,2026-07-13 11:22:49,2026-07-13 05:57:27,,Đang trên bãi,5.2,Shuttle,FC,Forecast
530180890103,SG CỦ CHI,SG XUÂN HÒA,SG XUÂN HÒA,SG CỦ CHI,2026-07-13 16:54:54,2026-07-13 11:23:24,2026-07-13 05:59:59,,Đang trên bãi,5.4,Shuttle,FC,Forecast
530365090103,SG CỦ CHI,VT LONG ĐẤT,VT LONG ĐẤT,SG CỦ CHI,2026-07-13 16:54:54,2026-07-13 11:23:48,2026-07-13 06:13:07,,Đang trên bãi,5.2,Shuttle,FC,Forecast
530676200104,SG CỦ CHI,CT NINH KIỀU,CT NINH KIỀU,SG CỦ CHI,2026-07-13 16:54:50,2026-07-13 11:23:56,2026-07-13 08:57:37,,Đang trên bãi,5.08,Shuttle,FC,Forecast
530474320104,SG CỦ CHI,BD BÌNH HÒA,BD BÌNH HÒA,SG CỦ CHI,2026-07-13 16:54:49,2026-07-13 11:24:04,2026-07-13 08:56:28,,Đang trên bãi,5.08,Shuttle,FC,Forecast
530103400104,SG CỦ CHI,SG CỦ CHI,SG CỦ CHI,SG CỦ CHI,2026-07-13 16:54:45,2026-07-13 11:23:32,2026-07-13 06:03:47,,Đang trên bãi,5.2,Shuttle,FC,Forecast
530851890103,SG CỦ CHI,DT SA ĐÉC,DT SA ĐÉC,SG CỦ CHI,2026-07-13 16:54:44,2026-07-13 11:22:56,2026-07-13 05:51:56,,Đang trên bãi,5.2,Shuttle,FC,Forecast
530298320104,SG CỦ CHI,LA ĐỨC HÒA,LA ĐỨC HÒA,SG CỦ CHI,2026-07-13 16:54:42,2026-07-13 11:24:51,2026-07-13 09:10:22,,Đang trên bãi,5.08,Shuttle,FC,Forecast
530772400104,SG CỦ CHI,BD BÌNH HÒA,BD BÌNH HÒA,SG CỦ CHI,2026-07-13 16:54:40,2026-07-13 11:24:26,2026-07-13 08:42:17,,Đang trên bãi,5.08,Shuttle,FC,Forecast
530055290103,SG CỦ CHI,SG NHƠN ĐỨC,SG NHƠN ĐỨC,SG CỦ CHI,2026-07-13 16:54:36,2026-07-13 11:22:55,2026-07-13 05:53:34,,Đang trên bãi,5.2,Shuttle,FC,Forecast
530778690103,SG CỦ CHI,SG TÂN HƯNG,SG TÂN HƯNG,SG CỦ CHI,2026-07-13 16:54:34,2026-07-13 11:23:49,2026-07-13 06:13:07,,Đang trên bãi,5.4,Shuttle,FC,Forecast
530180920104,SG CỦ CHI,SG BÌNH TÂN,SG BÌNH TÂN,SG CỦ CHI,2026-07-13 16:54:31,2026-07-13 11:24:06,2026-07-13 08:56:59,,Đang trên bãi,5.08,Shuttle,FC,Forecast
530106120104,SG CỦ CHI,ST PHÚ LỢI,ST PHÚ LỢI,SG CỦ CHI,2026-07-13 16:54:28,2026-07-13 11:23:13,2026-07-13 05:50:50,,Đang trên bãi,5.4,Shuttle,FC,Forecast
530971520104,SG CỦ CHI,SG TÂN HƯNG,SG TÂN HƯNG,SG CỦ CHI,2026-07-13 16:54:24,2026-07-13 11:23:59,2026-07-13 08:57:37,,Đang trên bãi,5.08,Shuttle,FC,Forecast
530645490103,SG CỦ CHI,CT BÌNH THỦY,CT BÌNH THỦY,SG CỦ CHI,2026-07-13 16:54:22,2026-07-13 11:23:15,2026-07-13 05:54:26,,Đang trên bãi,5.4,Shuttle,FC,Forecast
530491110104,SG CỦ CHI,VL CHỢ LÁCH,VL CHỢ LÁCH,SG CỦ CHI,2026-07-13 16:54:20,2026-07-13 11:23:33,2026-07-13 06:04:12,,Đang trên bãi,5.2,Shuttle,FC,Forecast
530902720104,SG CỦ CHI,AG AN PHÚ,AG AN PHÚ,SG CỦ CHI,2026-07-13 16:54:17,2026-07-13 11:23:38,2026-07-13 06:05:57,,Đang trên bãi,5.2,Shuttle,FC,Forecast
530902320104,SG CỦ CHI,LA ĐỨC HÒA,LA ĐỨC HÒA,SG CỦ CHI,2026-07-13 16:54:16,2026-07-13 11:23:37,2026-07-13 06:04:11,,Đang trên bãi,5.2,Shuttle,FC,Forecast
530065290103,SG CỦ CHI,LA ĐỨC HÒA,LA ĐỨC HÒA,SG CỦ CHI,2026-07-13 16:54:12,2026-07-13 11:22:50,2026-07-13 05:59:59,,Đang trên bãi,5.2,Shuttle,FC,Forecast
530951090103,SG CỦ CHI,CT BÌNH THỦY,CT BÌNH THỦY,SG CỦ CHI,2026-07-13 16:54:12,2026-07-13 11:22:57,2026-07-13 05:54:36,,Đang trên bãi,5.2,Shuttle,FC,Forecast
530986200104,SG CỦ CHI,TG TRUNG AN,TG TRUNG AN,SG CỦ CHI,2026-07-13 16:54:08,2026-07-13 11:24:56,2026-07-13 09:10:30,,Đang trên bãi,5.08,Shuttle,FC,Forecast
530278120104,SG CỦ CHI,SG CHỢ LỚN,SG CHỢ LỚN,SG CỦ CHI,2026-07-13 16:54:05,2026-07-13 11:24:27,2026-07-13 08:42:17,,Đang trên bãi,5.08,Shuttle,FC,Forecast
530180120104,SG CỦ CHI,TG TRUNG AN,TG TRUNG AN,SG CỦ CHI,2026-07-13 16:54:01,2026-07-13 11:24:07,2026-07-13 08:55:48,,Đang trên bãi,5.08,Shuttle,FC,Forecast
530697000104,SG CỦ CHI,SG CHỢ LỚN,SG CHỢ LỚN,SG CỦ CHI,2026-07-13 16:54:01,2026-07-13 11:24:25,2026-07-13 08:42:17,,Đang trên bãi,5.08,Shuttle,FC,Forecast
530584120104,SG CỦ CHI,SG TÂN HƯNG,SG TÂN HƯNG,SG CỦ CHI,2026-07-13 16:53:58,2026-07-13 11:24:57,2026-07-13 09:09:20,,Đang trên bãi,5.08,Shuttle,FC,Forecast
530979000104,SG CỦ CHI,SG HÓC MÔN,SG HÓC MÔN,SG CỦ CHI,2026-07-13 16:53:56,2026-07-13 11:25:03,2026-07-13 09:09:07,,Đang trên bãi,5.08,Shuttle,FC,Forecast
530495510104,SG CỦ CHI,BD BÌNH HÒA,BD BÌNH HÒA,SG CỦ CHI,2026-07-13 16:53:54,2026-07-13 11:22:53,2026-07-13 05:55:36,,Đang trên bãi,5.2,Shuttle,FC,Forecast
530971800104,SG CỦ CHI,SG PHÚ NHUẬN,SG PHÚ NHUẬN,SG CỦ CHI,2026-07-13 16:53:52,2026-07-13 11:24:52,2026-07-13 09:09:37,,Đang trên bãi,5.08,Shuttle,FC,Forecast
530484520104,SG CỦ CHI,BD DĨ AN,BD DĨ AN,SG CỦ CHI,2026-07-13 16:53:50,2026-07-13 11:25:01,2026-07-13 09:09:07,,Đang trên bãi,5.08,Shuttle,FC,Forecast
530558690103,SG CỦ CHI,SG PHÚ NHUẬN,SG PHÚ NHUẬN,SG CỦ CHI,2026-07-13 16:53:49,2026-07-13 11:22:52,2026-07-13 05:55:36,,Đang trên bãi,5.2,Shuttle,FC,Forecast
530305010104,SG CỦ CHI,SG CỦ CHI,SG CỦ CHI,SG CỦ CHI,2026-07-13 16:53:46,2026-07-13 11:24:58,2026-07-13 09:09:06,,Đang trên bãi,5.08,Shuttle,FC,Forecast
530393710104,SG CỦ CHI,SG GÒ VẤP,SG GÒ VẤP,SG CỦ CHI,2026-07-13 16:53:42,2026-07-13 11:22:54,2026-07-13 05:53:58,,Đang trên bãi,5.2,Shuttle,FC,Forecast
530964090103,SG CỦ CHI,SG BÀ ĐIỂM,SG BÀ ĐIỂM,SG CỦ CHI,2026-07-13 16:53:40,2026-07-13 11:22:59,2026-07-13 05:49:48,,Đang trên bãi,5.2,Shuttle,FC,Forecast
530185110104,SG CỦ CHI,SG BÌNH TÂN,SG BÌNH TÂN,SG CỦ CHI,2026-07-13 16:53:37,2026-07-13 11:23:06,2026-07-13 05:47:55,,Đang trên bãi,5.2,Shuttle,FC,Forecast
530864690103,SG CỦ CHI,DT SA ĐÉC,DT SA ĐÉC,SG CỦ CHI,2026-07-13 16:53:37,2026-07-13 11:23:05,2026-07-13 05:46:59,,Đang trên bãi,5.2,Shuttle,FC,Forecast
530467600104,SG CỦ CHI,VL VĨNH LONG,VL VĨNH LONG,SG CỦ CHI,2026-07-13 16:53:34,2026-07-13 11:24:28,2026-07-13 08:42:17,,Đang trên bãi,5.08,Shuttle,FC,Forecast
530576800104,SG CỦ CHI,3PL,SETN,SG CỦ CHI,2026-07-13 16:53:33,2026-07-13 11:24:22,2026-07-13 08:55:47,,Đang trên bãi,5.08,Shuttle,3PL,Forecast
530090600104,SG CỦ CHI,LA ĐỨC HÒA,LA ĐỨC HÒA,SG CỦ CHI,2026-07-13 16:53:30,2026-07-13 11:24:17,2026-07-13 08:55:08,,Đang trên bãi,5.08,Shuttle,FC,Forecast
530802810104,SG CỦ CHI,VT CHÂU ĐỨC,VT CHÂU ĐỨC,SG CỦ CHI,2026-07-13 16:53:30,2026-07-13 11:24:16,2026-07-13 08:55:08,,Đang trên bãi,5.08,Shuttle,FC,Forecast
530482090103,SG CỦ CHI,SG BÌNH LỢI,SG BÌNH LỢI,SG CỦ CHI,2026-07-13 16:53:23,2026-07-13 11:22:47,2026-07-13 05:59:59,,Đang trên bãi,5.2,Shuttle,FC,Forecast
530678290103,SG CỦ CHI,SG KHÁNH HỘI,SG KHÁNH HỘI,SG CỦ CHI,2026-07-13 16:53:23,2026-07-13 11:23:32,2026-07-13 06:02:38,,Đang trên bãi,5.4,Shuttle,FC,Forecast
530180520104,SG CỦ CHI,SG GÒ VẤP,SG GÒ VẤP,SG CỦ CHI,2026-07-13 16:53:18,2026-07-13 11:24:03,2026-07-13 08:56:28,,Đang trên bãi,5.08,Shuttle,FC,Forecast
530504010104,SG CỦ CHI,LA BẾN LỨC,LA BẾN LỨC,SG CỦ CHI,2026-07-13 16:53:18,2026-07-13 11:23:58,2026-07-13 08:57:37,,Đang trên bãi,5.08,Shuttle,FC,Forecast
530006320104,SG CỦ CHI,AG TÂN CHÂU,AG TÂN CHÂU,SG CỦ CHI,2026-07-13 16:53:13,2026-07-13 11:22:59,2026-07-13 05:48:46,,Đang trên bãi,5.2,Shuttle,FC,Forecast
530332120104,SG CỦ CHI,SG BẢY HIỀN,SG BẢY HIỀN,SG CỦ CHI,2026-07-13 16:53:13,2026-07-13 11:22:58,2026-07-13 05:48:19,,Đang trên bãi,5.2,Shuttle,FC,Forecast
530055090103,SG CỦ CHI,AG LONG XUYÊN,AG LONG XUYÊN,SG CỦ CHI,2026-07-13 16:53:11,2026-07-13 11:23:00,2026-07-13 05:51:17,,Đang trên bãi,5.2,Shuttle,FC,Forecast
530404210104,SG CỦ CHI,SG TÂN HƯNG,SG TÂN HƯNG,SG CỦ CHI,2026-07-13 16:53:08,2026-07-13 11:24:11,2026-07-13 08:55:48,,Đang trên bãi,5.08,Shuttle,FC,Forecast
530769200104,SG CỦ CHI,SG THỦ ĐỨC,SG THỦ ĐỨC,SG CỦ CHI,2026-07-13 16:53:05,2026-07-13 11:24:40,2026-07-13 08:59:54,,Đang trên bãi,5.08,Shuttle,FC,Forecast
530697600104,SG CỦ CHI,TG GÒ CÔNG,TG GÒ CÔNG,SG CỦ CHI,2026-07-13 16:53:02,2026-07-13 11:24:29,2026-07-13 08:42:17,,Đang trên bãi,5.08,Shuttle,FC,Forecast
530549690103,SG CỦ CHI,SG TÂN THỚI HIỆP,SG TÂN THỚI HIỆP,SG CỦ CHI,2026-07-13 16:52:59,2026-07-13 11:23:03,2026-07-13 05:48:20,,Đang trên bãi,5.4,Shuttle,FC,Forecast
530399890103,SG CỦ CHI,SG PHÚ NHUẬN,SG PHÚ NHUẬN,SG CỦ CHI,2026-07-13 16:52:57,2026-07-13 11:23:14,2026-07-13 05:53:03,,Đang trên bãi,5.2,Shuttle,FC,Forecast
530687910104,SG CỦ CHI,BD BÌNH HÒA,BD BÌNH HÒA,SG CỦ CHI,2026-07-13 16:52:53,2026-07-13 11:23:40,2026-07-13 06:08:01,,Đang trên bãi,5.4,Shuttle,FC,Forecast
530900120104,SG CỦ CHI,AG THOẠI SƠN,AG THOẠI SƠN,SG CỦ CHI,2026-07-13 16:52:50,2026-07-13 11:23:39,2026-07-13 06:07:38,,Đang trên bãi,5.2,Shuttle,FC,Forecast
530092920104,SG CỦ CHI,CT NINH KIỀU,CT NINH KIỀU,SG CỦ CHI,2026-07-13 16:52:47,2026-07-13 11:25:00,2026-07-13 09:09:37,,Đang trên bãi,5.08,Shuttle,FC,Forecast
530369200104,SG CỦ CHI,SG THỦ ĐỨC,SG THỦ ĐỨC,SG CỦ CHI,2026-07-13 16:52:45,2026-07-13 11:24:20,2026-07-13 08:42:17,,Đang trên bãi,5.08,Shuttle,FC,Forecast
530379400104,SG CỦ CHI,SG CỦ CHI,SG CỦ CHI,SG CỦ CHI,2026-07-13 16:52:43,2026-07-13 11:24:02,2026-07-13 08:56:58,,Đang trên bãi,5.08,Shuttle,FC,Forecast
530003210104,SG CỦ CHI,BD BẾN CÁT,BD BẾN CÁT,SG CỦ CHI,2026-07-13 16:52:41,2026-07-13 11:24:42,2026-07-13 08:58:12,,Đang trên bãi,5.08,Shuttle,FC,Forecast
530381000104,SG CỦ CHI,SG PHÚ LÂM,SG PHÚ LÂM,SG CỦ CHI,2026-07-13 16:52:38,2026-07-13 11:24:45,2026-07-13 08:57:37,,Đang trên bãi,5.08,Shuttle,FC,Forecast
530775400104,SG CỦ CHI,DT TN,DT TN,SG CỦ CHI,2026-07-13 16:52:36,2026-07-13 11:24:54,2026-07-13 09:09:37,,Đang trên bãi,5.08,Shuttle,FC,Forecast
530675000104,SG CỦ CHI,DT SA ĐÉC,DT SA ĐÉC,SG CỦ CHI,2026-07-13 16:52:34,2026-07-13 11:25:08,2026-07-13 09:08:30,,Đang trên bãi,5.08,Shuttle,FC,Forecast
530479800104,SG CỦ CHI,SG HIỆP BÌNH,SG HIỆP BÌNH,SG CỦ CHI,2026-07-13 16:52:32,2026-07-13 11:24:41,2026-07-13 09:00:50,,Đang trên bãi,5.08,Shuttle,FC,Forecast
530180320104,SG CỦ CHI,SG BÌNH TRỊ ĐÔNG,SG BÌNH TRỊ ĐÔNG,SG CỦ CHI,2026-07-13 16:52:30,2026-07-13 11:24:21,2026-07-13 08:55:48,,Đang trên bãi,5.08,Shuttle,FC,Forecast
530009930104,SG CỦ CHI,SG TÂN SƠN NHÌ,SG TÂN SƠN NHÌ,SG CỦ CHI,2026-07-13 16:52:27,2026-07-13 11:23:56,2026-07-13 08:57:37,,Đang trên bãi,5.08,Shuttle,FC,Forecast
530669320104,SG CỦ CHI,SG BÌNH LỢI TRUNG,SG BÌNH LỢI TRUNG,SG CỦ CHI,2026-07-13 16:52:24,2026-07-13 11:24:13,2026-07-13 08:55:08,,Đang trên bãi,5.08,Shuttle,FC,Forecast
530572920104,SG CỦ CHI,SG BÀ ĐIỂM,SG BÀ ĐIỂM,SG CỦ CHI,2026-07-13 16:52:22,2026-07-13 11:24:12,2026-07-13 08:55:08,,Đang trên bãi,5.08,Shuttle,FC,Forecast
530281800104,SG CỦ CHI,VL VĨNH LONG,VL VĨNH LONG,SG CỦ CHI,2026-07-13 16:52:20,2026-07-13 11:24:15,2026-07-13 08:56:03,,Đang trên bãi,5.08,Shuttle,FC,Forecast
530269720104,SG CỦ CHI,VT CHÂU ĐỨC,VT CHÂU ĐỨC,SG CỦ CHI,2026-07-13 16:52:18,2026-07-13 11:24:18,2026-07-13 08:42:17,,Đang trên bãi,5.08,Shuttle,FC,Forecast
530765520104,SG CỦ CHI,SG CỦ CHI,SG CỦ CHI,SG CỦ CHI,2026-07-13 16:52:16,2026-07-13 11:24:14,2026-07-13 08:55:08,,Đang trên bãi,5.08,Shuttle,FC,Forecast
530672120104,SG CỦ CHI,SG HƯNG LONG,SG HƯNG LONG,SG CỦ CHI,2026-07-13 16:52:14,2026-07-13 11:24:18,2026-07-13 08:55:08,,Đang trên bãi,5.08,Shuttle,FC,Forecast
530504210104,SG CỦ CHI,LA TÂN AN,LA TÂN AN,SG CỦ CHI,2026-07-13 16:52:12,2026-07-13 11:24:44,2026-07-13 08:57:38,,Đang trên bãi,5.08,Shuttle,FC,Forecast
530404010104,SG CỦ CHI,BD BÌNH HÒA,BD BÌNH HÒA,SG CỦ CHI,2026-07-13 16:52:09,2026-07-13 11:24:09,2026-07-13 08:55:47,,Đang trên bãi,5.08,Shuttle,FC,Forecast
530703210104,SG CỦ CHI,SG BẢY HIỀN,SG BẢY HIỀN,SG CỦ CHI,2026-07-13 16:51:54,2026-07-13 11:25:04,2026-07-13 09:09:07,,Đang trên bãi,5.08,Shuttle,FC,Forecast
530273400104,SG CỦ CHI,SG PHÚ LÂM,SG PHÚ LÂM,SG CỦ CHI,2026-07-13 16:51:51,2026-07-13 11:24:46,2026-07-13 08:57:37,,Đang trên bãi,5.08,Shuttle,FC,Forecast
530895400104,SG CỦ CHI,AG THOẠI SƠN,AG THOẠI SƠN,SG CỦ CHI,2026-07-13 16:51:47,2026-07-13 11:24:30,2026-07-13 08:42:17,,Đang trên bãi,5.08,Shuttle,FC,Forecast
530581600104,SG CỦ CHI,SG BÌNH TÂN,SG BÌNH TÂN,SG CỦ CHI,2026-07-13 16:51:36,2026-07-13 11:25:09,2026-07-13 09:03:39,,Đang trên bãi,5.08,Shuttle,FC,Forecast
530479320104,SG CỦ CHI,SG TÂN TẠO,SG TÂN TẠO,SG CỦ CHI,2026-07-13 16:51:34,2026-07-13 11:24:59,2026-07-13 09:09:21,,Đang trên bãi,5.08,Shuttle,FC,Forecast
530786600104,SG CỦ CHI,SG THỦ ĐỨC,SG THỦ ĐỨC,SG CỦ CHI,2026-07-13 16:51:31,2026-07-13 11:25:07,2026-07-13 09:07:55,,Đang trên bãi,5.08,Shuttle,FC,Forecast
530688320104,SG CỦ CHI,CT NINH KIỀU,CT NINH KIỀU,SG CỦ CHI,2026-07-13 16:51:29,2026-07-13 11:24:55,2026-07-13 09:10:13,,Đang trên bãi,5.08,Shuttle,FC,Forecast
530662400104,SG CỦ CHI,DT CAO LÃNH,DT CAO LÃNH,SG CỦ CHI,2026-07-13 16:51:27,2026-07-13 11:24:19,2026-07-13 08:42:17,,Đang trên bãi,5.08,Shuttle,FC,Forecast
530978120104,SG CỦ CHI,SG BÌNH LỢI TRUNG,SG BÌNH LỢI TRUNG,SG CỦ CHI,2026-07-13 16:51:25,2026-07-13 11:24:43,2026-07-13 08:57:37,,Đang trên bãi,5.08,Shuttle,FC,Forecast
530386320104,SG CỦ CHI,SG ĐÔNG HƯNG THUẬN,SG ĐÔNG HƯNG THUẬN,SG CỦ CHI,2026-07-13 16:51:21,2026-07-13 11:24:45,2026-07-13 08:57:37,,Đang trên bãi,5.08,Shuttle,FC,Forecast
530020610104,SG CỦ CHI,SG PHÚ LÂM,SG PHÚ LÂM,SG CỦ CHI,2026-07-13 16:51:19,2026-07-13 11:25:02,2026-07-13 09:09:06,,Đang trên bãi,5.08,Shuttle,FC,Forecast
530586720104,SG CỦ CHI,SG PHÚ NHUẬN,SG PHÚ NHUẬN,SG CỦ CHI,2026-07-13 16:51:17,2026-07-13 11:25:10,2026-07-13 09:01:48,,Đang trên bãi,5.08,Shuttle,FC,Forecast
530872720104,SG CỦ CHI,SG PHÚ LÂM,SG PHÚ LÂM,SG CỦ CHI,2026-07-13 16:51:13,2026-07-13 11:25:09,2026-07-13 09:02:51,,Đang trên bãi,5.08,Shuttle,FC,Forecast
530098320104,SG CỦ CHI,CT NINH KIỀU,CT NINH KIỀU,SG CỦ CHI,2026-07-13 16:51:11,2026-07-13 11:25:06,2026-07-13 09:07:37,,Đang trên bãi,5.08,Shuttle,FC,Forecast
530493710104,SG CỦ CHI,BD BÌNH HÒA,BD BÌNH HÒA,SG CỦ CHI,2026-07-13 16:50:58,2026-07-13 13:36:54,2026-07-13 05:59:09,,Đang trên bãi,5.2,Shuttle,FC,Forecast
530300530104,SG CỦ CHI,SG PHÚ LÂM,SG PHÚ LÂM,SG CỦ CHI,2026-07-13 16:50:55,2026-07-13 13:42:03,2026-07-13 09:07:25,,Đang trên bãi,7.8,Shuttle,FC,Forecast
530687110104,SG CỦ CHI,SG CỦ CHI,SG CỦ CHI,SG CỦ CHI,2026-07-13 16:50:52,2026-07-13 13:35:26,2026-07-13 06:04:12,,Đang trên bãi,5.89,Shuttle,FC,Forecast
530799090103,SG CỦ CHI,SG NHƠN ĐỨC,SG NHƠN ĐỨC,SG CỦ CHI,2026-07-13 16:50:50,2026-07-13 13:35:33,2026-07-13 06:04:43,,Đang trên bãi,5.89,Shuttle,FC,Forecast
530769920104,SG CỦ CHI,SG BẢY HIỀN,SG BẢY HIỀN,SG CỦ CHI,2026-07-13 16:50:48,2026-07-13 13:36:59,2026-07-13 09:01:57,,Đang trên bãi,5.2,Shuttle,FC,Forecast
530008320104,SG CỦ CHI,SG HÓC MÔN,SG HÓC MÔN,SG CỦ CHI,2026-07-13 16:50:46,2026-07-13 13:36:56,2026-07-13 05:47:56,,Đang trên bãi,5.2,Shuttle,FC,Forecast
530954490103,SG CỦ CHI,BD DĨ AN,BD DĨ AN,SG CỦ CHI,2026-07-13 16:50:44,2026-07-13 13:36:57,2026-07-13 05:48:46,,Đang trên bãi,5.2,Shuttle,FC,Forecast
530379600104,SG CỦ CHI,SG GÒ VẤP,SG GÒ VẤP,SG CỦ CHI,2026-07-13 16:50:42,2026-07-13 13:36:19,2026-07-13 08:56:59,,Đang trên bãi,5.2,Shuttle,FC,Forecast
530203800104,SG CỦ CHI,SG THỦ ĐỨC,SG THỦ ĐỨC,SG CỦ CHI,2026-07-13 16:50:40,2026-07-13 13:36:03,2026-07-13 06:05:57,,Đang trên bãi,5.89,Shuttle,FC,Forecast
530902000104,SG CỦ CHI,SG BÌNH TRỊ ĐÔNG,SG BÌNH TRỊ ĐÔNG,SG CỦ CHI,2026-07-13 16:50:38,2026-07-13 13:35:54,2026-07-13 05:54:56,,Đang trên bãi,5.89,Shuttle,FC,Forecast
530700720104,SG CỦ CHI,SG THỦ ĐỨC,SG THỦ ĐỨC,SG CỦ CHI,2026-07-13 16:50:36,2026-07-13 13:36:54,2026-07-13 06:00:28,,Đang trên bãi,5.2,Shuttle,FC,Forecast
530458890103,SG CỦ CHI,DT SA ĐÉC,DT SA ĐÉC,SG CỦ CHI,2026-07-13 16:50:33,2026-07-13 13:36:55,2026-07-13 05:49:16,,Đang trên bãi,5.2,Shuttle,FC,Forecast
530003200104,SG CỦ CHI,SG AN LẠC,SG AN LẠC,SG CỦ CHI,2026-07-13 16:50:31,2026-07-13 13:36:52,2026-07-13 05:58:30,,Đang trên bãi,5.2,Shuttle,FC,Forecast
530802120104,SG CỦ CHI,LA TÂN AN,LA TÂN AN,SG CỦ CHI,2026-07-13 16:50:29,2026-07-13 13:36:53,2026-07-13 05:49:16,,Đang trên bãi,5.2,Shuttle,FC,Forecast
530375000104,SG CỦ CHI,SG BÌNH LỢI,SG BÌNH LỢI,SG CỦ CHI,2026-07-13 16:50:21,2026-07-13 13:36:21,2026-07-13 09:01:20,,Đang trên bãi,5.2,Shuttle,FC,Forecast
530363400104,SG CỦ CHI,SG BÌNH TÂN,SG BÌNH TÂN,SG CỦ CHI,2026-07-13 16:50:20,2026-07-13 13:36:20,2026-07-13 09:01:21,,Đang trên bãi,5.2,Shuttle,FC,Forecast
530390320104,SG CỦ CHI,BD DĨ AN,BD DĨ AN,SG CỦ CHI,2026-07-13 16:50:13,2026-07-13 13:36:22,2026-07-13 09:08:31,,Đang trên bãi,5.2,Shuttle,FC,Forecast
530592320104,SG CỦ CHI,AG AN PHÚ,AG AN PHÚ,SG CỦ CHI,2026-07-13 16:50:11,2026-07-13 13:41:28,2026-07-13 09:17:41,,Đang trên bãi,5.2,Shuttle,FC,Forecast
530990320104,SG CỦ CHI,SG CỦ CHI,SG CỦ CHI,SG CỦ CHI,2026-07-13 16:50:09,2026-07-13 13:37:00,2026-07-13 09:19:00,,Đang trên bãi,5.2,Shuttle,FC,Forecast
530940530104,SG CỦ CHI,AG TỊNH BIÊN,AG TỊNH BIÊN,SG CỦ CHI,2026-07-13 16:50:06,2026-07-13 13:37:02,2026-07-13 11:56:44,,Đang trên bãi,7.8,Shuttle,FC,Forecast
530902800104,SG CỦ CHI,SG PHÚ LÂM,SG PHÚ LÂM,SG CỦ CHI,2026-07-13 16:50:02,2026-07-13 13:42:04,2026-07-13 05:57:27,,Đang trên bãi,13.82,Shuttle,FC,Forecast
530291600104,SG CỦ CHI,SG PHÚ LÂM,SG PHÚ LÂM,SG CỦ CHI,2026-07-13 16:49:58,2026-07-13 13:37:01,2026-07-13 09:18:59,,Đang trên bãi,5.2,Shuttle,FC,Forecast
530085520104,SG CỦ CHI,SG CHỢ LỚN,SG CHỢ LỚN,SG CỦ CHI,2026-07-13 16:49:56,2026-07-13 13:42:41,2026-07-13 09:19:36,,Đang trên bãi,7.8,Shuttle,FC,Forecast
530379200104,SG CỦ CHI,AG LONG XUYÊN,AG LONG XUYÊN,SG CỦ CHI,2026-07-13 16:49:51,2026-07-13 13:42:16,2026-07-13 08:56:03,,Đang trên bãi,7.8,Shuttle,FC,Forecast
530676090103,SG CỦ CHI,CT NINH KIỀU,CT NINH KIỀU,SG CỦ CHI,2026-07-13 16:49:49,2026-07-13 13:35:57,2026-07-13 05:59:02,,Đang trên bãi,5.89,Shuttle,FC,Forecast
530758290103,SG CỦ CHI,AG TỊNH BIÊN,AG TỊNH BIÊN,SG CỦ CHI,2026-07-13 16:49:44,2026-07-13 13:35:35,2026-07-13 06:01:45,,Đang trên bãi,5.89,Shuttle,FC,Forecast
530673600104,SG CỦ CHI,SG HƯNG LONG,SG HƯNG LONG,SG CỦ CHI,2026-07-13 16:49:42,2026-07-13 13:33:59,2026-07-13 09:08:31,,Đang trên bãi,5.2,Shuttle,FC,Forecast
530502730104,SG CỦ CHI,BD DĨ AN,BD DĨ AN,SG CỦ CHI,2026-07-13 16:49:39,2026-07-13 13:36:47,2026-07-13 09:19:35,,Đang trên bãi,5.2,Shuttle,FC,Forecast
530287800104,SG CỦ CHI,BD DĨ AN,BD DĨ AN,SG CỦ CHI,2026-07-13 16:49:37,2026-07-13 13:36:50,2026-07-13 09:17:35,,Đang trên bãi,5.2,Shuttle,FC,Forecast
530001730104,SG CỦ CHI,CT NINH KIỀU,CT NINH KIỀU,SG CỦ CHI,2026-07-13 16:49:34,2026-07-13 13:36:49,2026-07-13 09:17:46,,Đang trên bãi,5.2,Shuttle,FC,Forecast
530121410104,SG CỦ CHI,SG THỦ ĐỨC,SG THỦ ĐỨC,SG CỦ CHI,2026-07-13 16:49:32,2026-07-13 13:37:21,2026-07-13 09:18:59,,Đang trên bãi,5.2,Shuttle,FC,Forecast
530003400104,SG CỦ CHI,ST VĨNH CHÂU,ST VĨNH CHÂU,SG CỦ CHI,2026-07-13 16:49:27,2026-07-13 13:35:24,2026-07-13 05:59:02,,Đang trên bãi,5.89,Shuttle,FC,Forecast
530194120104,SG CỦ CHI,SG TÂN THỚI HIỆP,SG TÂN THỚI HIỆP,SG CỦ CHI,2026-07-13 16:49:25,2026-07-13 13:37:37,2026-07-13 09:16:38,,Đang trên bãi,8.5,Shuttle,FC,Forecast
530381200104,SG CỦ CHI,CT NINH KIỀU,CT NINH KIỀU,SG CỦ CHI,2026-07-13 16:49:18,2026-07-13 11:23:58,2026-07-13 08:57:37,,Đang trên bãi,5.08,Shuttle,FC,Forecast
530386600104,SG CỦ CHI,BD DĨ AN,BD DĨ AN,SG CỦ CHI,2026-07-13 16:49:11,2026-07-13 11:25:11,2026-07-13 09:01:49,,Đang trên bãi,5.08,Shuttle,FC,Forecast
530579600104,SG CỦ CHI,SG GÒ VẤP,SG GÒ VẤP,SG CỦ CHI,2026-07-13 16:49:06,2026-07-13 11:24:37,2026-07-13 09:01:48,,Đang trên bãi,5.08,Shuttle,FC,Forecast
530488320104,SG CỦ CHI,SG GÒ VẤP,SG GÒ VẤP,SG CỦ CHI,2026-07-13 16:48:59,2026-07-13 11:25:05,2026-07-13 09:06:55,,Đang trên bãi,5.08,Shuttle,FC,Forecast
530320210104,SG CỦ CHI,VT VŨNG TÀU,VT VŨNG TÀU,SG CỦ CHI,2026-07-13 16:48:56,2026-07-13 13:41:32,2026-07-13 09:11:30,,Đang trên bãi,5.58,Shuttle,FC,Forecast
530890320104,SG CỦ CHI,VL VĨNH LONG,VL VĨNH LONG,SG CỦ CHI,2026-07-13 16:48:49,2026-07-13 13:37:06,2026-07-13 09:17:10,,Đang trên bãi,5.2,Shuttle,FC,Forecast
530228810104,SG CỦ CHI,TG HÒA KHÁNH,TG HÒA KHÁNH,SG CỦ CHI,2026-07-13 16:48:47,2026-07-13 13:37:05,2026-07-13 09:17:09,,Đang trên bãi,5.2,Shuttle,FC,Forecast
530080520104,SG CỦ CHI,SG THỦ ĐỨC,SG THỦ ĐỨC,SG CỦ CHI,2026-07-13 16:48:43,2026-07-13 13:34:19,2026-07-13 08:55:08,,Đang trên bãi,5.2,Shuttle,FC,Forecast
530474920104,SG CỦ CHI,SG BÌNH TÂN,SG BÌNH TÂN,SG CỦ CHI,2026-07-13 16:48:40,2026-07-13 13:34:01,2026-07-13 08:57:37,,Đang trên bãi,5.2,Shuttle,FC,Forecast
530865120104,SG CỦ CHI,TG AN HỮU,TG AN HỮU,SG CỦ CHI,2026-07-13 16:48:37,2026-07-13 13:34:02,2026-07-13 08:57:37,,Đang trên bãi,5.2,Shuttle,FC,Forecast
530751400104,SG CỦ CHI,SG THỦ ĐỨC,SG THỦ ĐỨC,SG CỦ CHI,2026-07-13 16:48:34,2026-07-13 13:34:08,2026-07-13 08:57:36,,Đang trên bãi,5.2,Shuttle,FC,Forecast
530575600104,SG CỦ CHI,AG TÂN CHÂU,AG TÂN CHÂU,SG CỦ CHI,2026-07-13 16:48:32,2026-07-13 13:34:28,2026-07-13 09:07:25,,Đang trên bãi,5.2,Shuttle,FC,Forecast
530089920104,SG CỦ CHI,SG NHƠN ĐỨC,SG NHƠN ĐỨC,SG CỦ CHI,2026-07-13 16:48:30,2026-07-13 13:34:59,2026-07-13 09:16:38,,Đang trên bãi,5.2,Shuttle,FC,Forecast
530887310104,SG CỦ CHI,SG TÂN HƯNG,SG TÂN HƯNG,SG CỦ CHI,2026-07-13 16:48:26,2026-07-13 13:35:40,2026-07-13 06:11:52,,Đang trên bãi,5.89,Shuttle,FC,Forecast
530603610104,SG CỦ CHI,SG HIỆP BÌNH,SG HIỆP BÌNH,SG CỦ CHI,2026-07-13 16:48:23,2026-07-13 13:34:29,2026-07-13 09:09:06,,Đang trên bãi,5.2,Shuttle,FC,Forecast
530477400104,SG CỦ CHI,SG GÒ VẤP,SG GÒ VẤP,SG CỦ CHI,2026-07-13 16:48:21,2026-07-13 13:34:37,2026-07-13 09:14:42,,Đang trên bãi,5.2,Shuttle,FC,Forecast
530672920104,SG CỦ CHI,DT TN,DT TN,SG CỦ CHI,2026-07-13 16:48:19,2026-07-13 13:34:07,2026-07-13 08:57:36,,Đang trên bãi,5.2,Shuttle,FC,Forecast
530001530104,SG CỦ CHI,AG LONG XUYÊN,AG LONG XUYÊN,SG CỦ CHI,2026-07-13 16:48:16,2026-07-13 13:40:25,2026-07-13 09:17:38,,Đang trên bãi,5.2,Shuttle,FC,Forecast
530184720104,SG CỦ CHI,SG XUÂN HÒA,SG XUÂN HÒA,SG CỦ CHI,2026-07-13 16:48:13,2026-07-13 13:34:32,2026-07-13 09:03:14,,Đang trên bãi,5.2,Shuttle,FC,Forecast
530576600104,SG CỦ CHI,BD BÌNH HÒA,BD BÌNH HÒA,SG CỦ CHI,2026-07-13 16:48:11,2026-07-13 13:34:20,2026-07-13 08:55:09,,Đang trên bãi,5.2,Shuttle,FC,Forecast
530079320104,SG CỦ CHI,VT CHÂU ĐỨC,VT CHÂU ĐỨC,SG CỦ CHI,2026-07-13 16:48:07,2026-07-13 13:59:01,2026-07-13 09:02:22,,Đang trên bãi,8.49,Shuttle,FC,Forecast
530803610104,SG CỦ CHI,3PL,SETN,SG CỦ CHI,2026-07-13 16:48:04,2026-07-13 13:58:21,2026-07-13 09:10:49,,Đang trên bãi,8.49,Shuttle,3PL,Forecast
530463000104,SG CỦ CHI,SG PHÚ LÂM,SG PHÚ LÂM,SG CỦ CHI,2026-07-13 16:48:02,2026-07-13 13:49:58,2026-07-13 09:02:51,,Đang trên bãi,10.66,Shuttle,FC,Forecast
530979400104,SG CỦ CHI,SG GÒ VẤP,SG GÒ VẤP,SG CỦ CHI,2026-07-13 16:47:59,2026-07-13 13:50:04,2026-07-13 09:10:49,,Đang trên bãi,10.66,Shuttle,FC,Forecast
530851800104,SG CỦ CHI,BD DĨ AN,BD DĨ AN,SG CỦ CHI,2026-07-13 16:47:54,2026-07-13 13:34:26,2026-07-13 09:02:22,,Đang trên bãi,5.2,Shuttle,FC,Forecast
530996310104,SG CỦ CHI,SG TÂN HƯNG,SG TÂN HƯNG,SG CỦ CHI,2026-07-13 16:47:51,2026-07-13 13:35:44,2026-07-13 05:49:16,,Đang trên bãi,5.89,Shuttle,FC,Forecast
530404410104,SG CỦ CHI,SG BÌNH TÂN,SG BÌNH TÂN,SG CỦ CHI,2026-07-13 16:47:47,2026-07-13 13:34:21,2026-07-13 08:56:03,,Đang trên bãi,5.2,Shuttle,FC,Forecast
530203810104,SG CỦ CHI,SG PHÚ NHUẬN,SG PHÚ NHUẬN,SG CỦ CHI,2026-07-13 16:47:44,2026-07-13 13:34:11,2026-07-13 09:01:49,,Đang trên bãi,5.2,Shuttle,FC,Forecast
530381600104,SG CỦ CHI,SG BÌNH LỢI TRUNG,SG BÌNH LỢI TRUNG,SG CỦ CHI,2026-07-13 16:47:40,2026-07-13 13:34:03,2026-07-13 08:59:18,,Đang trên bãi,5.2,Shuttle,FC,Forecast
530197110104,SG CỦ CHI,SG THỦ ĐỨC,SG THỦ ĐỨC,SG CỦ CHI,2026-07-13 16:47:37,2026-07-13 13:35:15,2026-07-13 05:59:01,,Đang trên bãi,5.89,Shuttle,FC,Forecast
530704010104,SG CỦ CHI,TG GÒ CÔNG,TG GÒ CÔNG,SG CỦ CHI,2026-07-13 16:47:33,2026-07-13 13:34:04,2026-07-13 08:59:18,,Đang trên bãi,5.2,Shuttle,FC,Forecast
530492120104,SG CỦ CHI,BN HUB,ND GIAO THỦY,SG CỦ CHI,2026-07-13 16:47:20,2026-07-13 13:42:21,2026-07-13 09:15:52,,Đang trên bãi,6.5,Linehaul,BN HUB,Forecast
530573600104,SG CỦ CHI,DT SA ĐÉC,DT SA ĐÉC,SG CỦ CHI,2026-07-13 16:47:13,2026-07-13 13:34:30,2026-07-13 09:06:11,,Đang trên bãi,5.2,Shuttle,FC,Forecast
530969200104,SG CỦ CHI,SG CHỢ LỚN,SG CHỢ LỚN,SG CỦ CHI,2026-07-13 16:47:09,2026-07-13 13:34:31,2026-07-13 09:04:54,,Đang trên bãi,5.2,Shuttle,FC,Forecast
530288320104,SG CỦ CHI,AG LONG XUYÊN,AG LONG XUYÊN,SG CỦ CHI,2026-07-13 16:47:07,2026-07-13 13:35:28,2026-07-13 09:02:22,,Đang trên bãi,5.2,Shuttle,FC,Forecast
530758690103,SG CỦ CHI,BD BÌNH HÒA,BD BÌNH HÒA,SG CỦ CHI,2026-07-13 16:47:03,2026-07-13 13:34:34,2026-07-13 06:04:43,,Đang trên bãi,5.2,Shuttle,FC,Forecast
530682120104,SG CỦ CHI,SG HƯNG LONG,SG HƯNG LONG,SG CỦ CHI,2026-07-13 16:47:00,2026-07-13 13:34:41,2026-07-13 09:06:02,,Đang trên bãi,5.2,Shuttle,FC,Forecast
530490000104,SG CỦ CHI,VT CHÂU ĐỨC,VT CHÂU ĐỨC,SG CỦ CHI,2026-07-13 16:46:56,2026-07-13 13:34:40,2026-07-13 09:06:02,,Đang trên bãi,5.2,Shuttle,FC,Forecast
530080920104,SG CỦ CHI,CT Ô MÔN,CT Ô MÔN,SG CỦ CHI,2026-07-13 16:46:47,2026-07-13 13:40:11,2026-07-13 08:55:48,,Đang trên bãi,10.16,Shuttle,FC,Forecast
530673800104,SG CỦ CHI,SG AN PHÚ ĐÔNG,SG AN PHÚ ĐÔNG,SG CỦ CHI,2026-07-13 16:46:44,2026-07-13 13:39:57,2026-07-13 09:09:07,,Đang trên bãi,10.16,Shuttle,FC,Forecast
530487120104,SG CỦ CHI,SG GÒ VẤP,SG GÒ VẤP,SG CỦ CHI,2026-07-13 16:46:40,2026-07-13 13:39:53,2026-07-13 09:17:15,,Đang trên bãi,10.16,Shuttle,FC,Forecast
530986400104,SG CỦ CHI,SG THỦ ĐỨC,SG THỦ ĐỨC,SG CỦ CHI,2026-07-13 16:46:36,2026-07-13 13:52:47,2026-07-13 09:10:50,,Đang trên bãi,10.16,Shuttle,FC,Forecast
530474120104,SG CỦ CHI,3PL,SETN,SG CỦ CHI,2026-07-13 16:46:31,2026-07-13 13:39:59,2026-07-13 08:56:03,,Đang trên bãi,10.16,Shuttle,3PL,Forecast
530884120104,SG CỦ CHI,CT LONG MỸ,CT LONG MỸ,SG CỦ CHI,2026-07-13 16:46:28,2026-07-13 13:39:54,2026-07-13 09:15:17,,Đang trên bãi,10.16,Shuttle,FC,Forecast
530673120104,SG CỦ CHI,VT LONG ĐẤT,VT LONG ĐẤT,SG CỦ CHI,2026-07-13 16:46:25,2026-07-13 13:39:54,2026-07-13 09:15:17,,Đang trên bãi,10.16,Shuttle,FC,Forecast
530290200104,SG CỦ CHI,SG ĐÔNG HƯNG THUẬN,SG ĐÔNG HƯNG THUẬN,SG CỦ CHI,2026-07-13 16:46:22,2026-07-13 13:34:06,2026-07-13 08:59:54,,Đang trên bãi,5.2,Shuttle,FC,Forecast
530103210104,SG CỦ CHI,SG PHÚ LÂM,SG PHÚ LÂM,SG CỦ CHI,2026-07-13 16:46:17,2026-07-13 13:34:05,2026-07-13 08:59:54,,Đang trên bãi,5.2,Shuttle,FC,Forecast
530571400104,SG CỦ CHI,SG TÂN HƯNG,SG TÂN HƯNG,SG CỦ CHI,2026-07-13 16:46:13,2026-07-13 13:34:11,2026-07-13 09:01:48,,Đang trên bãi,5.2,Shuttle,FC,Forecast
530309730104,SG CỦ CHI,SG PHÚ NHUẬN,SG PHÚ NHUẬN,SG CỦ CHI,2026-07-13 16:46:10,2026-07-13 13:34:10,2026-07-13 09:01:20,,Đang trên bãi,5.2,Shuttle,FC,Forecast
530179720104,SG CỦ CHI,SG BÌNH TRỊ ĐÔNG,SG BÌNH TRỊ ĐÔNG,SG CỦ CHI,2026-07-13 16:46:07,2026-07-13 13:34:13,2026-07-13 09:05:26,,Đang trên bãi,5.2,Shuttle,FC,Forecast
530290800104,SG CỦ CHI,SG PHÚ NHUẬN,SG PHÚ NHUẬN,SG CỦ CHI,2026-07-13 16:46:01,2026-07-13 13:35:31,2026-07-13 09:02:51,,Đang trên bãi,5.2,Shuttle,FC,Forecast
530686120104,SG CỦ CHI,LA BẾN LỨC,LA BẾN LỨC,SG CỦ CHI,2026-07-13 16:45:58,2026-07-13 13:34:16,2026-07-13 09:01:49,,Đang trên bãi,5.2,Shuttle,FC,Forecast
530288520104,SG CỦ CHI,TG TRUNG AN,TG TRUNG AN,SG CỦ CHI,2026-07-13 16:45:52,2026-07-13 13:34:15,2026-07-13 09:02:22,,Đang trên bãi,5.2,Shuttle,FC,Forecast
530681400104,SG CỦ CHI,SG NHƠN ĐỨC,SG NHƠN ĐỨC,SG CỦ CHI,2026-07-13 16:45:48,2026-07-13 13:34:14,2026-07-13 09:06:34,,Đang trên bãi,5.2,Shuttle,FC,Forecast
530851600104,SG CỦ CHI,SG ĐÔNG HƯNG THUẬN,SG ĐÔNG HƯNG THUẬN,SG CỦ CHI,2026-07-13 16:45:44,2026-07-13 13:34:13,2026-07-13 09:01:30,,Đang trên bãi,5.2,Shuttle,FC,Forecast
530765720104,SG CỦ CHI,SG BÌNH LỢI,SG BÌNH LỢI,SG CỦ CHI,2026-07-13 16:45:40,2026-07-13 13:34:22,2026-07-13 08:55:47,,Đang trên bãi,5.2,Shuttle,FC,Forecast
530786320104,SG CỦ CHI,BD DĨ AN,BD DĨ AN,SG CỦ CHI,2026-07-13 16:45:35,2026-07-13 13:34:45,2026-07-13 09:03:39,,Đang trên bãi,5.2,Shuttle,FC,Forecast
530886120104,SG CỦ CHI,AG TÂN CHÂU,AG TÂN CHÂU,SG CỦ CHI,2026-07-13 16:45:30,2026-07-13 13:34:46,2026-07-13 09:04:16,,Đang trên bãi,5.2,Shuttle,FC,Forecast
530390000104,SG CỦ CHI,SG NHƠN ĐỨC,SG NHƠN ĐỨC,SG CỦ CHI,2026-07-13 16:45:23,2026-07-13 13:35:31,2026-07-13 09:02:51,,Đang trên bãi,5.2,Shuttle,FC,Forecast
530298720104,SG CỦ CHI,AG LONG XUYÊN,AG LONG XUYÊN,SG CỦ CHI,2026-07-13 16:45:16,2026-07-13 13:50:13,2026-07-13 09:10:50,,Đang trên bãi,16.49,Shuttle,FC,Forecast
530302930104,SG CỦ CHI,SG TÂN TẠO,SG TÂN TẠO,SG CỦ CHI,2026-07-13 16:45:10,2026-07-13 13:40:29,2026-07-13 09:16:38,,Đang trên bãi,5.4,Shuttle,FC,Forecast
530692400104,SG CỦ CHI,LA HẬU NGHĨA,LA HẬU NGHĨA,SG CỦ CHI,2026-07-13 16:45:00,2026-07-13 13:40:24,2026-07-13 09:25:45,,Đang trên bãi,5.2,Shuttle,FC,Forecast
530428410104,SG CỦ CHI,VT VŨNG TÀU,VT VŨNG TÀU,SG CỦ CHI,2026-07-13 16:44:56,2026-07-13 13:40:27,2026-07-13 09:18:37,,Đang trên bãi,5.4,Shuttle,FC,Forecast
530291800104,SG CỦ CHI,BD BẾN CÁT,BD BẾN CÁT,SG CỦ CHI,2026-07-13 16:44:53,2026-07-13 13:37:21,2026-07-13 09:18:59,,Đang trên bãi,5.2,Shuttle,FC,Forecast
530332720104,SG CỦ CHI,CT NINH KIỀU,CT NINH KIỀU,SG CỦ CHI,2026-07-13 16:44:48,2026-07-13 13:37:38,2026-07-13 05:49:16,,Đang trên bãi,8.31,Shuttle,FC,Forecast
530964290103,SG CỦ CHI,SG GÒ VẤP,SG GÒ VẤP,SG CỦ CHI,2026-07-13 16:44:43,2026-07-13 13:36:51,2026-07-13 05:51:18,,Đang trên bãi,5.2,Shuttle,FC,Forecast
530308920104,SG CỦ CHI,VT LONG ĐẤT,VT LONG ĐẤT,SG CỦ CHI,2026-07-13 16:44:40,2026-07-13 13:37:35,2026-07-13 06:09:40,,Đang trên bãi,5.48,Shuttle,FC,Forecast
530558090103,SG CỦ CHI,SG BÀ ĐIỂM,SG BÀ ĐIỂM,SG CỦ CHI,2026-07-13 16:44:36,2026-07-13 13:35:06,2026-07-13 05:51:28,,Đang trên bãi,5.89,Shuttle,FC,Forecast
530571800104,SG CỦ CHI,CT Ô MÔN,CT Ô MÔN,SG CỦ CHI,2026-07-13 16:44:32,2026-07-13 13:34:27,2026-07-13 09:02:23,,Đang trên bãi,5.2,Shuttle,FC,Forecast
530976200104,SG CỦ CHI,BD BẾN CÁT,BD BẾN CÁT,SG CỦ CHI,2026-07-13 16:44:29,2026-07-13 13:34:25,2026-07-13 09:04:15,,Đang trên bãi,5.2,Shuttle,FC,Forecast
530663400104,SG CỦ CHI,SG GÒ VẤP,SG GÒ VẤP,SG CỦ CHI,2026-07-13 16:44:24,2026-07-13 13:34:38,2026-07-13 09:07:55,,Đang trên bãi,5.2,Shuttle,FC,Forecast
530969520104,SG CỦ CHI,SG KHÁNH HỘI,SG KHÁNH HỘI,SG CỦ CHI,2026-07-13 16:44:18,2026-07-13 13:34:43,2026-07-13 09:04:56,,Đang trên bãi,5.2,Shuttle,FC,Forecast
530563400104,SG CỦ CHI,SG PHÚ LÂM,SG PHÚ LÂM,SG CỦ CHI,2026-07-13 16:44:09,2026-07-13 13:37:03,2026-07-13 09:04:16,,Đang trên bãi,9.7,Shuttle,FC,Forecast
530409130104,SG CỦ CHI,DT CAO LÃNH,DT CAO LÃNH,SG CỦ CHI,2026-07-13 16:44:03,2026-07-13 13:42:42,2026-07-13 09:01:21,,Đang trên bãi,7.8,Shuttle,FC,Forecast
530586520104,SG CỦ CHI,AG TÂN CHÂU,AG TÂN CHÂU,SG CỦ CHI,2026-07-13 16:43:59,2026-07-13 13:42:01,2026-07-13 09:01:48,,Đang trên bãi,7.8,Shuttle,FC,Forecast
530886000104,SG CỦ CHI,BD BẾN CÁT,BD BẾN CÁT,SG CỦ CHI,2026-07-13 16:43:55,2026-07-13 13:34:00,2026-07-13 09:08:32,,Đang trên bãi,5.2,Shuttle,FC,Forecast
530376290103,SG CỦ CHI,SG CHỢ LỚN,SG CHỢ LỚN,SG CỦ CHI,2026-07-13 16:43:51,2026-07-13 13:34:49,2026-07-13 05:45:52,,Đang trên bãi,5.89,Shuttle,FC,Forecast
530878120104,SG CỦ CHI,SG HIỆP BÌNH,SG HIỆP BÌNH,SG CỦ CHI,2026-07-13 16:43:45,2026-07-13 13:34:18,2026-07-13 08:55:08,,Đang trên bãi,5.2,Shuttle,FC,Forecast
530286200104,SG CỦ CHI,SG GÒ VẤP,SG GÒ VẤP,SG CỦ CHI,2026-07-13 16:43:38,2026-07-13 13:41:39,2026-07-13 08:57:37,,Đang trên bãi,15.25,Shuttle,FC,Forecast
530600330104,SG CỦ CHI,SG CỦ CHI,SG CỦ CHI,SG CỦ CHI,2026-07-13 16:43:29,2026-07-13 13:37:39,2026-07-13 09:11:30,,Đang trên bãi,9.79,Shuttle,FC,Forecast
530480520104,SG CỦ CHI,SG PHÚ LÂM,SG PHÚ LÂM,SG CỦ CHI,2026-07-13 16:43:22,2026-07-13 13:34:44,2026-07-13 09:03:39,,Đang trên bãi,5.2,Shuttle,FC,Forecast
530196120104,SG CỦ CHI,SG THỦ ĐỨC,SG THỦ ĐỨC,SG CỦ CHI,2026-07-13 16:43:19,2026-07-13 13:40:34,2026-07-13 09:15:17,,Đang trên bãi,5.2,Shuttle,FC,Forecast
530296120104,SG CỦ CHI,BD DĨ AN,BD DĨ AN,SG CỦ CHI,2026-07-13 16:43:15,2026-07-13 13:40:29,2026-07-13 09:16:38,,Đang trên bãi,5.4,Shuttle,FC,Forecast
530574520104,SG CỦ CHI,SG TÂN HƯNG,SG TÂN HƯNG,SG CỦ CHI,2026-07-13 16:43:11,2026-07-13 13:35:29,2026-07-13 09:02:22,,Đang trên bãi,5.2,Shuttle,FC,Forecast
530200530104,SG CỦ CHI,BD BẾN CÁT,BD BẾN CÁT,SG CỦ CHI,2026-07-13 16:43:07,2026-07-13 13:34:33,2026-07-13 09:03:59,,Đang trên bãi,5.2,Shuttle,FC,Forecast
530872520104,SG CỦ CHI,CT NINH KIỀU,CT NINH KIỀU,SG CỦ CHI,2026-07-13 16:43:01,2026-07-13 13:35:30,2026-07-13 09:02:51,,Đang trên bãi,5.2,Shuttle,FC,Forecast
530771600104,SG CỦ CHI,LA TÂN AN,LA TÂN AN,SG CỦ CHI,2026-07-13 16:42:58,2026-07-13 13:34:39,2026-07-13 09:06:35,,Đang trên bãi,5.2,Shuttle,FC,Forecast
530790520104,SG CỦ CHI,SG GÒ VẤP,SG GÒ VẤP,SG CỦ CHI,2026-07-13 16:42:54,2026-07-13 13:40:30,2026-07-13 09:15:52,,Đang trên bãi,5.4,Shuttle,FC,Forecast
530396120104,SG CỦ CHI,SG BÌNH LỢI,SG BÌNH LỢI,SG CỦ CHI,2026-07-13 16:42:51,2026-07-13 13:40:26,2026-07-13 09:19:35,,Đang trên bãi,5.4,Shuttle,FC,Forecast
530698520104,SG CỦ CHI,SG BÀ ĐIỂM,SG BÀ ĐIỂM,SG CỦ CHI,2026-07-13 16:42:48,2026-07-13 13:40:28,2026-07-13 09:18:18,,Đang trên bãi,5.4,Shuttle,FC,Forecast
530698600104,SG CỦ CHI,VL VĨNH LONG,VL VĨNH LONG,SG CỦ CHI,2026-07-13 16:42:44,2026-07-13 13:50:58,2026-07-13 09:19:35,,Đang trên bãi,7.8,Shuttle,FC,Forecast
530769520104,SG CỦ CHI,BD BÌNH HÒA,BD BÌNH HÒA,SG CỦ CHI,2026-07-13 16:42:40,2026-07-13 13:40:02,2026-07-13 09:01:30,,Đang trên bãi,5.2,Shuttle,FC,Forecast
530742720104,SG CỦ CHI,SG TÂN HƯNG,SG TÂN HƯNG,SG CỦ CHI,2026-07-13 16:42:38,2026-07-13 13:53:15,2026-07-13 08:02:43,,Đang trên bãi,5.4,Shuttle,FC,Forecast
530763600104,SG CỦ CHI,BD BÌNH HÒA,BD BÌNH HÒA,SG CỦ CHI,2026-07-13 16:42:33,2026-07-13 13:37:04,2026-07-13 09:09:20,,Đang trên bãi,8.7,Shuttle,FC,Forecast
530532600104,SG CỦ CHI,SG BẢY HIỀN,SG BẢY HIỀN,SG CỦ CHI,2026-07-13 16:42:28,2026-07-13 13:50:16,2026-07-13 08:00:43,,Đang trên bãi,9.0,Shuttle,FC,Forecast
530776600104,SG CỦ CHI,SG GÒ VẤP,SG GÒ VẤP,SG CỦ CHI,2026-07-13 16:42:16,2026-07-13 13:40:03,2026-07-13 09:00:11,,Đang trên bãi,5.2,Shuttle,FC,Forecast
530604010104,SG CỦ CHI,SG NHƠN ĐỨC,SG NHƠN ĐỨC,SG CỦ CHI,2026-07-13 16:42:14,2026-07-13 13:40:05,2026-07-13 08:58:19,,Đang trên bãi,5.2,Shuttle,FC,Forecast
530320010104,SG CỦ CHI,LA BẾN LỨC,LA BẾN LỨC,SG CỦ CHI,2026-07-13 16:42:09,2026-07-13 13:50:00,2026-07-13 09:11:30,,Đang trên bãi,10.66,Shuttle,FC,Forecast
530090120104,SG CỦ CHI,BD DĨ AN,BD DĨ AN,SG CỦ CHI,2026-07-13 16:42:06,2026-07-13 13:50:02,2026-07-13 09:02:51,,Đang trên bãi,10.66,Shuttle,FC,Forecast
530177200104,SG CỦ CHI,CT LONG MỸ,CT LONG MỸ,SG CỦ CHI,2026-07-13 16:42:02,2026-07-13 13:50:01,2026-07-13 09:10:13,,Đang trên bãi,10.66,Shuttle,FC,Forecast
530490600104,SG CỦ CHI,SG THỦ ĐỨC,SG THỦ ĐỨC,SG CỦ CHI,2026-07-13 16:41:53,2026-07-13 13:50:12,2026-07-13 09:07:17,,Đang trên bãi,16.49,Shuttle,FC,Forecast
530094920104,SG CỦ CHI,SG CỦ CHI,SG CỦ CHI,SG CỦ CHI,2026-07-13 16:41:41,2026-07-13 13:50:00,2026-07-13 09:15:17,,Đang trên bãi,10.66,Shuttle,FC,Forecast
530463200104,SG CỦ CHI,SG THỦ ĐỨC,SG THỦ ĐỨC,SG CỦ CHI,2026-07-13 16:41:37,2026-07-13 13:50:03,2026-07-13 09:02:51,,Đang trên bãi,10.66,Shuttle,FC,Forecast
530880520104,SG CỦ CHI,VT XUYÊN MỘC,VT XUYÊN MỘC,SG CỦ CHI,2026-07-13 16:41:33,2026-07-13 13:50:05,2026-07-13 09:11:30,,Đang trên bãi,10.66,Shuttle,FC,Forecast
530000130104,SG CỦ CHI,VT VŨNG TÀU,VT VŨNG TÀU,SG CỦ CHI,2026-07-13 16:41:29,2026-07-13 13:49:59,2026-07-13 08:58:45,,Đang trên bãi,10.66,Shuttle,FC,Forecast
530788920104,SG CỦ CHI,SG XUÂN HÒA,SG XUÂN HÒA,SG CỦ CHI,2026-07-13 16:41:22,2026-07-13 13:50:05,2026-07-13 09:12:05,,Đang trên bãi,10.66,Shuttle,FC,Forecast
530769400104,SG CỦ CHI,SG ĐÔNG HƯNG THUẬN,SG ĐÔNG HƯNG THUẬN,SG CỦ CHI,2026-07-13 16:41:17,2026-07-13 13:40:06,2026-07-13 09:00:12,,Đang trên bãi,5.2,Shuttle,FC,Forecast
530842720104,SG CỦ CHI,VT VŨNG TÀU,VT VŨNG TÀU,SG CỦ CHI,2026-07-13 16:41:14,2026-07-13 13:40:36,2026-07-13 08:03:21,,Đang trên bãi,5.4,Shuttle,FC,Forecast
530379720104,SG CỦ CHI,LA ĐỨC HÒA,LA ĐỨC HÒA,SG CỦ CHI,2026-07-13 16:41:10,2026-07-13 13:59:06,2026-07-13 09:09:06,,Đang trên bãi,8.49,Shuttle,FC,Forecast
530498400104,SG CỦ CHI,VL CHỢ LÁCH,VL CHỢ LÁCH,SG CỦ CHI,2026-07-13 16:41:07,2026-07-13 13:59:09,2026-07-13 09:16:13,,Đang trên bãi,8.49,Shuttle,FC,Forecast
530473320104,SG CỦ CHI,BD BẾN CÁT,BD BẾN CÁT,SG CỦ CHI,2026-07-13 16:41:04,2026-07-13 13:58:48,2026-07-13 09:12:05,,Đang trên bãi,8.49,Shuttle,FC,Forecast
530199690103,SG CỦ CHI,AG TÂN CHÂU,AG TÂN CHÂU,SG CỦ CHI,2026-07-13 16:41:01,2026-07-13 11:18:02,2026-07-13 05:45:11,,Đang trên bãi,7.8,Shuttle,FC,Forecast
530085710104,SG CỦ CHI,VT LONG ĐẤT,VT LONG ĐẤT,SG CỦ CHI,2026-07-13 16:40:45,2026-07-13 11:17:48,2026-07-13 05:45:11,,Đang trên bãi,9.8,Shuttle,FC,Forecast
530871600104,SG CỦ CHI,SG CỦ CHI,SG CỦ CHI,SG CỦ CHI,2026-07-13 16:40:38,2026-07-13 13:59:07,2026-07-13 09:09:06,,Đang trên bãi,8.49,Shuttle,FC,Forecast
530378890103,SG CỦ CHI,SG BÌNH LỢI,SG BÌNH LỢI,SG CỦ CHI,2026-07-13 16:40:35,2026-07-13 11:17:47,2026-07-13 05:45:11,,Đang trên bãi,9.8,Shuttle,FC,Forecast
530273520104,SG CỦ CHI,SG THỦ ĐỨC,SG THỦ ĐỨC,SG CỦ CHI,2026-07-13 16:40:27,2026-07-13 13:59:05,2026-07-13 09:08:31,,Đang trên bãi,8.49,Shuttle,FC,Forecast
530769600104,SG CỦ CHI,SG BÌNH LỢI,SG BÌNH LỢI,SG CỦ CHI,2026-07-13 16:40:19,2026-07-13 13:59:01,2026-07-13 09:01:48,,Đang trên bãi,8.49,Shuttle,FC,Forecast
530092400104,SG CỦ CHI,BD DĨ AN,BD DĨ AN,SG CỦ CHI,2026-07-13 16:40:16,2026-07-13 13:40:35,2026-07-13 09:14:43,,Đang trên bãi,5.4,Shuttle,FC,Forecast
530090520104,SG CỦ CHI,SG HÓC MÔN,SG HÓC MÔN,SG CỦ CHI,2026-07-13 16:40:11,2026-07-13 13:59:03,2026-07-13 09:03:39,,Đang trên bãi,8.49,Shuttle,FC,Forecast
530582120104,SG CỦ CHI,SG CHỢ LỚN,SG CHỢ LỚN,SG CỦ CHI,2026-07-13 16:40:08,2026-07-13 13:59:00,2026-07-13 09:01:48,,Đang trên bãi,8.49,Shuttle,FC,Forecast
530745290103,SG CỦ CHI,SG TÂN HƯNG,SG TÂN HƯNG,SG CỦ CHI,2026-07-13 16:40:05,2026-07-13 11:17:49,2026-07-13 06:00:52,,Đang trên bãi,9.8,Shuttle,FC,Forecast
530910520104,SG CỦ CHI,SG BÌNH TRỊ ĐÔNG,SG BÌNH TRỊ ĐÔNG,SG CỦ CHI,2026-07-13 16:40:00,2026-07-13 13:40:38,2026-07-13 07:01:05,,Đang trên bãi,5.2,Shuttle,FC,Forecast
530598320104,SG CỦ CHI,SG PHÚ NHUẬN,SG PHÚ NHUẬN,SG CỦ CHI,2026-07-13 16:39:57,2026-07-13 13:40:32,2026-07-13 09:15:17,,Đang trên bãi,5.4,Shuttle,FC,Forecast
530008120104,SG CỦ CHI,SG TÂN THỚI HIỆP,SG TÂN THỚI HIỆP,SG CỦ CHI,2026-07-13 16:39:54,2026-07-13 11:17:56,2026-07-13 05:45:11,,Đang trên bãi,7.8,Shuttle,FC,Forecast
530089120104,SG CỦ CHI,SG BÌNH LỢI TRUNG,SG BÌNH LỢI TRUNG,SG CỦ CHI,2026-07-13 16:39:48,2026-07-13 13:40:33,2026-07-13 09:15:17,,Đang trên bãi,5.2,Shuttle,FC,Forecast
530128810104,SG CỦ CHI,SG XUÂN HÒA,SG XUÂN HÒA,SG CỦ CHI,2026-07-13 16:39:44,2026-07-13 13:40:31,2026-07-13 09:16:13,,Đang trên bãi,5.4,Shuttle,FC,Forecast
530290400104,SG CỦ CHI,SG CHỢ LỚN,SG CHỢ LỚN,SG CỦ CHI,2026-07-13 16:39:39,2026-07-13 13:42:34,2026-07-13 09:02:22,,Đang trên bãi,15.25,Shuttle,FC,Forecast
530376090103,SG CỦ CHI,SG CHỢ LỚN,SG CHỢ LỚN,SG CỦ CHI,2026-07-13 16:39:34,2026-07-13 11:17:44,2026-07-13 05:45:11,,Đang trên bãi,9.8,Shuttle,FC,Forecast
530276890103,SG CỦ CHI,SG BÌNH TRỊ ĐÔNG,SG BÌNH TRỊ ĐÔNG,SG CỦ CHI,2026-07-13 16:39:30,2026-07-13 11:17:58,2026-07-13 05:45:10,,Đang trên bãi,7.8,Shuttle,FC,Forecast
530809530104,SG CỦ CHI,DT CAO LÃNH,DT CAO LÃNH,SG CỦ CHI,2026-07-13 16:39:26,2026-07-13 13:59:05,2026-07-13 09:06:34,,Đang trên bãi,8.49,Shuttle,FC,Forecast
530404810104,SG CỦ CHI,SG TÂN SƠN NHÌ,SG TÂN SƠN NHÌ,SG CỦ CHI,2026-07-13 16:39:20,2026-07-13 13:39:58,2026-07-13 08:56:58,,Đang trên bãi,10.16,Shuttle,FC,Forecast
530598200104,SG CỦ CHI,CT BÌNH THỦY,CT BÌNH THỦY,SG CỦ CHI,2026-07-13 16:39:17,2026-07-13 13:59:17,2026-07-13 09:17:10,,Đang trên bãi,8.49,Shuttle,FC,Forecast
530478090103,SG CỦ CHI,SG TÂN HƯNG,SG TÂN HƯNG,SG CỦ CHI,2026-07-13 16:39:13,2026-07-13 11:17:43,2026-07-13 05:45:11,,Đang trên bãi,9.8,Shuttle,FC,Forecast
530175120104,SG CỦ CHI,VT VŨNG TÀU,VT VŨNG TÀU,SG CỦ CHI,2026-07-13 16:39:10,2026-07-13 13:50:14,2026-07-13 09:10:50,,Đang trên bãi,16.49,Shuttle,FC,Forecast
530458490103,SG CỦ CHI,SG TÂN HƯNG,SG TÂN HƯNG,SG CỦ CHI,2026-07-13 16:39:07,2026-07-13 11:18:00,2026-07-13 05:45:11,,Đang trên bãi,10.9,Shuttle,FC,Forecast
530971000104,SG CỦ CHI,BD BÌNH HÒA,BD BÌNH HÒA,SG CỦ CHI,2026-07-13 16:38:59,2026-07-13 13:59:16,2026-07-13 09:09:07,,Đang trên bãi,8.49,Shuttle,FC,Forecast
530275400104,SG CỦ CHI,SG THỦ ĐỨC,SG THỦ ĐỨC,SG CỦ CHI,2026-07-13 16:38:56,2026-07-13 13:40:04,2026-07-13 08:58:44,,Đang trên bãi,5.2,Shuttle,FC,Forecast
530579720104,SG CỦ CHI,DT TN,DT TN,SG CỦ CHI,2026-07-13 16:38:51,2026-07-13 13:58:44,2026-07-13 09:10:50,,Đang trên bãi,8.49,Shuttle,FC,Forecast
530896910104,SG CỦ CHI,ST PHÚ LỢI,ST PHÚ LỢI,SG CỦ CHI,2026-07-13 16:38:48,2026-07-13 11:17:57,2026-07-13 05:45:11,,Đang trên bãi,7.8,Shuttle,FC,Forecast
530376120104,SG CỦ CHI,SG PHÚ NHUẬN,SG PHÚ NHUẬN,SG CỦ CHI,2026-07-13 16:38:45,2026-07-13 13:58:47,2026-07-13 09:10:50,,Đang trên bãi,8.49,Shuttle,FC,Forecast
530305710104,SG CỦ CHI,SG THỦ ĐỨC,SG THỦ ĐỨC,SG CỦ CHI,2026-07-13 16:38:41,2026-07-13 13:58:57,2026-07-12 10:57:06,,Đang trên bãi,8.49,Shuttle,FC,Forecast
530391510104,SG CỦ CHI,VL VĨNH LONG,VL VĨNH LONG,SG CỦ CHI,2026-07-13 16:38:36,2026-07-13 11:17:51,2026-07-13 06:00:52,,Đang trên bãi,9.8,Shuttle,FC,Forecast
530880720104,SG CỦ CHI,SG THỦ ĐỨC,SG THỦ ĐỨC,SG CỦ CHI,2026-07-13 16:38:31,2026-07-13 13:58:18,2026-07-13 09:11:30,,Đang trên bãi,8.49,Shuttle,FC,Forecast
530148720104,SG CỦ CHI,SG TÂN HƯNG,SG TÂN HƯNG,SG CỦ CHI,2026-07-13 16:38:28,2026-07-13 13:40:37,2026-07-13 08:02:43,,Đang trên bãi,5.4,Shuttle,FC,Forecast
530478290103,SG CỦ CHI,SG BẢY HIỀN,SG BẢY HIỀN,SG CỦ CHI,2026-07-13 16:38:22,2026-07-13 11:17:45,2026-07-13 05:45:11,,Đang trên bãi,9.7,Shuttle,FC,Forecast
530506920104,SG CỦ CHI,AG THOẠI SƠN,AG THOẠI SƠN,SG CỦ CHI,2026-07-13 16:38:18,2026-07-13 13:40:49,2026-07-13 06:09:08,,Đang trên bãi,9.51,Shuttle,FC,Forecast
530197710104,SG CỦ CHI,SG KHÁNH HỘI,SG KHÁNH HỘI,SG CỦ CHI,2026-07-13 16:38:12,2026-07-13 13:40:49,2026-07-13 06:01:00,,Đang trên bãi,9.51,Shuttle,FC,Forecast
530282090103,SG CỦ CHI,SG BÌNH LỢI,SG BÌNH LỢI,SG CỦ CHI,2026-07-13 16:38:06,2026-07-13 11:17:46,2026-07-13 05:45:11,,Đang trên bãi,9.8,Shuttle,FC,Forecast
530781320104,SG CỦ CHI,SG BÀ ĐIỂM,SG BÀ ĐIỂM,SG CỦ CHI,2026-07-13 16:38:03,2026-07-13 13:58:12,2026-07-13 09:25:45,,Đang trên bãi,8.49,Shuttle,FC,Forecast
530184920104,SG CỦ CHI,CT NINH KIỀU,CT NINH KIỀU,SG CỦ CHI,2026-07-13 16:37:59,2026-07-13 13:59:04,2026-07-13 09:04:16,,Đang trên bãi,8.49,Shuttle,FC,Forecast
530684320104,SG CỦ CHI,SG BÌNH TRỊ ĐÔNG,SG BÌNH TRỊ ĐÔNG,SG CỦ CHI,2026-07-13 16:37:55,2026-07-13 13:58:19,2026-07-13 09:11:30,,Đang trên bãi,8.49,Shuttle,FC,Forecast
530103720104,SG CỦ CHI,BD DĨ AN,BD DĨ AN,SG CỦ CHI,2026-07-13 16:37:49,2026-07-13 13:42:00,2026-07-13 06:13:48,,Đang trên bãi,9.49,Shuttle,FC,Forecast
530210320104,SG CỦ CHI,SG ĐÔNG HƯNG THUẬN,SG ĐÔNG HƯNG THUẬN,SG CỦ CHI,2026-07-13 16:37:45,2026-07-13 13:44:14,2026-07-13 06:10:12,,Đang trên bãi,9.51,Shuttle,FC,Forecast
530932600104,SG CỦ CHI,VL VĨNH LONG,VL VĨNH LONG,SG CỦ CHI,2026-07-13 16:37:01,2026-07-13 13:43:58,2026-07-13 08:03:56,,Đang trên bãi,9.51,Shuttle,FC,Forecast
530845890103,SG CỦ CHI,SG BẢY HIỀN,SG BẢY HIỀN,SG CỦ CHI,2026-07-13 16:36:58,2026-07-13 13:44:12,2026-07-13 06:11:18,,Đang trên bãi,9.51,Shuttle,FC,Forecast
530744120104,SG CỦ CHI,SG BÌNH TRỊ ĐÔNG,SG BÌNH TRỊ ĐÔNG,SG CỦ CHI,2026-07-13 16:36:53,2026-07-13 13:44:00,2026-07-13 08:03:56,,Đang trên bãi,9.51,Shuttle,FC,Forecast
530582690103,SG CỦ CHI,SG TÂN HƯNG,SG TÂN HƯNG,SG CỦ CHI,2026-07-13 16:36:50,2026-07-13 13:40:50,2026-07-13 06:08:01,,Đang trên bãi,9.51,Shuttle,FC,Forecast
530776490103,SG CỦ CHI,TG TRUNG AN,TG TRUNG AN,SG CỦ CHI,2026-07-13 16:36:47,2026-07-13 13:40:56,2026-07-13 06:06:35,,Đang trên bãi,9.51,Shuttle,FC,Forecast
530502930104,SG CỦ CHI,VT VŨNG TÀU,VT VŨNG TÀU,SG CỦ CHI,2026-07-13 16:36:43,2026-07-13 13:45:59,2026-07-13 09:19:35,,Đang trên bãi,7.8,Shuttle,FC,Forecast
530103600104,SG CỦ CHI,SG CỦ CHI,SG CỦ CHI,SG CỦ CHI,2026-07-13 16:36:40,2026-07-13 13:40:57,2026-07-13 06:04:43,,Đang trên bãi,9.51,Shuttle,FC,Forecast
530240400104,SG CỦ CHI,SG HIỆP BÌNH,SG HIỆP BÌNH,SG CỦ CHI,2026-07-13 16:36:23,2026-07-13 13:57:15,2026-07-13 08:03:21,,Đang trên bãi,8.0,Shuttle,FC,Forecast
530676890103,SG CỦ CHI,BD DĨ AN,BD DĨ AN,SG CỦ CHI,2026-07-13 16:36:19,2026-07-13 13:40:52,2026-07-13 06:00:27,,Đang trên bãi,9.51,Shuttle,FC,Forecast
530065490103,SG CỦ CHI,SG CỦ CHI,SG CỦ CHI,SG CỦ CHI,2026-07-13 16:36:15,2026-07-13 13:40:48,2026-07-13 06:00:35,,Đang trên bãi,9.51,Shuttle,FC,Forecast
530487710104,SG CỦ CHI,SG BÀ ĐIỂM,SG BÀ ĐIỂM,SG CỦ CHI,2026-07-13 16:36:11,2026-07-13 13:40:47,2026-07-13 05:49:48,,Đang trên bãi,9.51,Shuttle,FC,Forecast
530558490103,SG CỦ CHI,DT TN,DT TN,SG CỦ CHI,2026-07-13 16:36:09,2026-07-13 13:40:53,2026-07-13 05:53:24,,Đang trên bãi,9.51,Shuttle,FC,Forecast
530003600104,SG CỦ CHI,SG PHÚ LÂM,SG PHÚ LÂM,SG CỦ CHI,2026-07-13 16:36:06,2026-07-13 13:40:54,2026-07-13 05:59:09,,Đang trên bãi,9.51,Shuttle,FC,Forecast
530272520104,SG CỦ CHI,SG PHÚ NHUẬN,SG PHÚ NHUẬN,SG CỦ CHI,2026-07-13 16:36:02,2026-07-13 13:43:56,2026-07-13 08:42:16,,Đang trên bãi,10.16,Shuttle,FC,Forecast
530288120104,SG CỦ CHI,SG HÓC MÔN,SG HÓC MÔN,SG CỦ CHI,2026-07-13 16:35:57,2026-07-13 13:46:00,2026-07-13 09:01:21,,Đang trên bãi,7.8,Shuttle,FC,Forecast
530129330104,SG CỦ CHI,VT CHÂU ĐỨC,VT CHÂU ĐỨC,SG CỦ CHI,2026-07-13 16:35:53,2026-07-13 13:43:52,2026-07-13 10:50:11,,Đang trên bãi,9.8,Shuttle,FC,Forecast
530320730104,SG CỦ CHI,SG BÌNH LỢI,SG BÌNH LỢI,SG CỦ CHI,2026-07-13 16:35:48,2026-07-13 13:43:57,2026-07-13 09:14:42,,Đang trên bãi,9.51,Shuttle,FC,Forecast
530130000104,SG CỦ CHI,SG CỦ CHI,SG CỦ CHI,SG CỦ CHI,2026-07-13 16:35:43,2026-07-13 13:44:04,2026-07-13 08:00:37,,Đang trên bãi,9.51,Shuttle,FC,Forecast
530338000104,SG CỦ CHI,VT LONG ĐẤT,VT LONG ĐẤT,SG CỦ CHI,2026-07-13 16:35:39,2026-07-13 13:50:36,2026-07-13 08:03:26,,Đang trên bãi,9.51,Shuttle,FC,Forecast
530790800104,SG CỦ CHI,SG PHÚ LÂM,SG PHÚ LÂM,SG CỦ CHI,2026-07-13 16:35:35,2026-07-13 13:46:55,2026-07-13 09:12:44,,Đang trên bãi,15.75,Shuttle,FC,Forecast
530158610104,SG CỦ CHI,LA ĐỨC HÒA,LA ĐỨC HÒA,SG CỦ CHI,2026-07-13 16:35:32,2026-07-13 13:43:51,2026-07-13 13:00:46,,Đang trên bãi,9.8,Shuttle,FC,Forecast
530486120104,SG CỦ CHI,SG TÂN HƯNG,SG TÂN HƯNG,SG CỦ CHI,2026-07-13 16:35:29,2026-07-13 13:37:46,2026-07-13 08:58:13,,Đang trên bãi,8.18,Shuttle,FC,Forecast
530331610104,SG CỦ CHI,SG GÒ VẤP,SG GÒ VẤP,SG CỦ CHI,2026-07-13 16:35:25,2026-07-13 13:43:55,2026-07-13 11:56:44,,Đang trên bãi,9.8,Shuttle,FC,Forecast
530500410104,SG CỦ CHI,TG AN HỮU,TG AN HỮU,SG CỦ CHI,2026-07-13 16:35:22,2026-07-13 13:43:54,2026-07-13 09:57:05,,Đang trên bãi,9.7,Shuttle,FC,Forecast
530547130104,SG CỦ CHI,VT VŨNG TÀU,VT VŨNG TÀU,SG CỦ CHI,2026-07-13 16:35:19,2026-07-13 13:43:54,2026-07-13 13:00:46,,Đang trên bãi,9.8,Shuttle,FC,Forecast
530044730104,SG CỦ CHI,SG HƯNG LONG,SG HƯNG LONG,SG CỦ CHI,2026-07-13 16:35:16,2026-07-13 13:43:53,2026-07-13 11:11:42,,Đang trên bãi,9.7,Shuttle,FC,Forecast
530026720104,SG CỦ CHI,SG TÂN HƯNG,SG TÂN HƯNG,SG CỦ CHI,2026-07-13 16:35:10,2026-07-13 13:57:07,2026-07-13 07:01:05,,Đang trên bãi,8.0,Shuttle,FC,Forecast
530036000104,SG CỦ CHI,SG GÒ VẤP,SG GÒ VẤP,SG CỦ CHI,2026-07-13 16:35:08,2026-07-13 13:57:16,2026-07-13 08:00:37,,Đang trên bãi,8.0,Shuttle,FC,Forecast
530248920104,SG CỦ CHI,SG PHÚ NHUẬN,SG PHÚ NHUẬN,SG CỦ CHI,2026-07-13 16:35:04,2026-07-13 13:46:41,2026-07-13 08:04:01,,Đang trên bãi,19.2,Shuttle,FC,Forecast
530395310104,SG CỦ CHI,DT SA ĐÉC,DT SA ĐÉC,SG CỦ CHI,2026-07-13 16:34:58,2026-07-13 11:17:40,2026-07-13 05:45:11,,Đang trên bãi,9.8,Shuttle,FC,Forecast
530698200104,SG CỦ CHI,DT CAO LÃNH,DT CAO LÃNH,SG CỦ CHI,2026-07-13 16:34:55,2026-07-13 13:57:09,2026-07-13 09:18:53,,Đang trên bãi,8.0,Shuttle,FC,Forecast
530108520104,SG CỦ CHI,SG VĨNH LỘC,SG VĨNH LỘC,SG CỦ CHI,2026-07-13 16:34:51,2026-07-13 13:40:51,2026-07-13 06:01:00,,Đang trên bãi,9.51,Shuttle,FC,Forecast
530902600104,SG CỦ CHI,SG HƯNG LONG,SG HƯNG LONG,SG CỦ CHI,2026-07-13 16:34:47,2026-07-13 13:41:06,2026-07-13 05:56:56,,Đang trên bãi,9.51,Shuttle,FC,Forecast
530328410104,SG CỦ CHI,VL VĨNH LONG,VL VĨNH LONG,SG CỦ CHI,2026-07-13 16:34:44,2026-07-13 13:37:34,2026-07-13 09:18:16,,Đang trên bãi,8.5,Shuttle,FC,Forecast
530586000104,SG CỦ CHI,SG BÌNH LỢI,SG BÌNH LỢI,SG CỦ CHI,2026-07-13 16:34:41,2026-07-13 13:42:32,2026-07-13 09:03:40,,Đang trên bãi,9.56,Shuttle,FC,Forecast
530983710104,SG CỦ CHI,SG PHÚ LÂM,SG PHÚ LÂM,SG CỦ CHI,2026-07-13 16:34:37,2026-07-13 13:40:54,2026-07-13 05:54:26,,Đang trên bãi,9.51,Shuttle,FC,Forecast
530449890103,SG CỦ CHI,VT CHÂU ĐỨC,VT CHÂU ĐỨC,SG CỦ CHI,2026-07-13 16:34:33,2026-07-13 11:17:55,2026-07-13 05:45:02,,Đang trên bãi,6.2,Shuttle,FC,Forecast
530900920104,SG CỦ CHI,SG TÂN HƯNG,SG TÂN HƯNG,SG CỦ CHI,2026-07-13 16:34:30,2026-07-13 13:44:12,2026-07-13 06:10:44,,Đang trên bãi,9.51,Shuttle,FC,Forecast
530678690103,SG CỦ CHI,BD DĨ AN,BD DĨ AN,SG CỦ CHI,2026-07-13 16:34:26,2026-07-13 13:47:36,2026-07-13 06:04:43,,Đang trên bãi,5.1,Shuttle,FC,Forecast
530180090103,SG CỦ CHI,SG TÂN HƯNG,SG TÂN HƯNG,SG CỦ CHI,2026-07-13 16:34:21,2026-07-13 13:41:09,2026-07-13 05:56:57,,Đang trên bãi,9.51,Shuttle,FC,Forecast
530001330104,SG CỦ CHI,SG TÂN THỚI HIỆP,SG TÂN THỚI HIỆP,SG CỦ CHI,2026-07-13 16:34:18,2026-07-13 13:47:37,2026-07-13 09:17:29,,Đang trên bãi,9.0,Shuttle,FC,Forecast
530595310104,SG CỦ CHI,SG NHƠN ĐỨC,SG NHƠN ĐỨC,SG CỦ CHI,2026-07-13 16:34:13,2026-07-13 13:40:55,2026-07-13 06:02:07,,Đang trên bãi,9.51,Shuttle,FC,Forecast
530599800104,SG CỦ CHI,BN HUB,HN THUẬN AN,SG CỦ CHI,2026-07-13 16:34:09,2026-07-13 13:37:54,2026-07-13 09:50:51,,Đang trên bãi,15.6,Linehaul,BN HUB,Forecast
530482890103,SG CỦ CHI,SG TÂN THỚI HIỆP,SG TÂN THỚI HIỆP,SG CỦ CHI,2026-07-13 16:34:06,2026-07-13 13:41:04,2026-07-13 06:04:43,,Đang trên bãi,9.51,Shuttle,FC,Forecast
530476890103,SG CỦ CHI,SG THỦ ĐỨC,SG THỦ ĐỨC,SG CỦ CHI,2026-07-13 16:34:02,2026-07-13 14:17:17,2026-07-13 05:52:17,,Đang trên bãi,6.5,Shuttle,FC,Forecast
530693110104,SG CỦ CHI,SG TÂN HƯNG,SG TÂN HƯNG,SG CỦ CHI,2026-07-13 16:33:57,2026-07-13 14:17:16,2026-07-13 06:08:32,,Đang trên bãi,8.9,Shuttle,FC,Forecast
530820410104,SG CỦ CHI,CT Ô MÔN,CT Ô MÔN,SG CỦ CHI,2026-07-13 16:33:54,2026-07-13 13:46:34,2026-07-13 09:15:52,,Đang trên bãi,10.1,Shuttle,FC,Forecast
530332920104,SG CỦ CHI,SG ĐÔNG HƯNG THUẬN,SG ĐÔNG HƯNG THUẬN,SG CỦ CHI,2026-07-13 16:33:52,2026-07-13 13:38:27,2026-07-13 05:50:20,,Đang trên bãi,11.02,Shuttle,FC,Forecast
530624730104,SG CỦ CHI,BN HUB,THN THÁI NGUYÊN,SG CỦ CHI,2026-07-13 16:33:48,2026-07-13 13:37:55,2026-07-13 10:50:11,,Đang trên bãi,7.8,Linehaul,BN HUB,Forecast
530180290103,SG CỦ CHI,SG THỦ ĐỨC,SG THỦ ĐỨC,SG CỦ CHI,2026-07-13 16:33:44,2026-07-13 13:38:23,2026-07-13 05:58:30,,Đang trên bãi,11.02,Shuttle,FC,Forecast
530299290103,SG CỦ CHI,SG THỦ ĐỨC,SG THỦ ĐỨC,SG CỦ CHI,2026-07-13 16:33:42,2026-07-13 13:37:53,2026-07-13 05:48:20,,Đang trên bãi,15.5,Shuttle,FC,Forecast
530851290103,SG CỦ CHI,SG TÂN THỚI HIỆP,SG TÂN THỚI HIỆP,SG CỦ CHI,2026-07-13 16:33:39,2026-07-13 13:38:56,2026-07-13 05:47:56,,Đang trên bãi,6.0,Shuttle,FC,Forecast
530387120104,SG CỦ CHI,SG HƯNG LONG,SG HƯNG LONG,SG CỦ CHI,2026-07-13 16:33:37,2026-07-13 13:46:31,2026-07-13 09:14:43,,Đang trên bãi,10.1,Shuttle,FC,Forecast
530800120104,SG TÂN TẠO,TG HÒA KHÁNH,TG HÒA KHÁNH,SG CỦ CHI,2026-07-13 16:33:34,2026-07-13 09:46:34,2026-07-13 06:02:38,,Đang trên bãi,6.0,Shuttle,FC,Forecast
530782920104,SG CỦ CHI,VL VĨNH LONG,VL VĨNH LONG,SG CỦ CHI,2026-07-13 16:33:30,2026-07-13 13:47:00,2026-07-13 09:09:37,,Đang trên bãi,15.75,Shuttle,FC,Forecast
530996910104,SG CỦ CHI,SG BÌNH TRỊ ĐÔNG,SG BÌNH TRỊ ĐÔNG,SG CỦ CHI,2026-07-13 16:33:27,2026-07-13 13:39:04,2026-07-13 05:53:25,,Đang trên bãi,5.12,Shuttle,FC,Forecast
530996710104,SG CỦ CHI,DT TN,DT TN,SG CỦ CHI,2026-07-13 16:33:26,2026-07-13 13:39:10,2026-07-13 05:52:16,,Đang trên bãi,5.12,Shuttle,FC,Forecast
530656600104,SG CỦ CHI,SG HIỆP BÌNH,SG HIỆP BÌNH,SG CỦ CHI,2026-07-13 16:33:17,2026-07-13 13:46:37,2026-07-13 08:00:44,,Đang trên bãi,6.08,Shuttle,FC,Forecast
530549090103,SG CỦ CHI,SG PHÚ LÂM,SG PHÚ LÂM,SG CỦ CHI,2026-07-13 16:33:15,2026-07-13 11:17:41,2026-07-13 05:45:11,,Đang trên bãi,9.7,Shuttle,FC,Forecast
530480120104,SG CỦ CHI,LA TÂN AN,LA TÂN AN,SG CỦ CHI,2026-07-13 16:33:11,2026-07-13 13:47:40,2026-07-13 09:02:07,,Đang trên bãi,18.58,Shuttle,FC,Forecast
530098600104,SG CỦ CHI,SG PHÚ LÂM,SG PHÚ LÂM,SG CỦ CHI,2026-07-13 16:33:08,2026-07-13 13:58:51,2026-07-13 09:12:04,,Đang trên bãi,8.49,Shuttle,FC,Forecast
530922320104,SG CỦ CHI,LA HẬU NGHĨA,LA HẬU NGHĨA,SG CỦ CHI,2026-07-13 16:33:04,2026-07-13 13:46:16,2026-07-13 07:01:05,,Đang trên bãi,10.41,Shuttle,FC,Forecast
530705410104,SG CỦ CHI,SG BÌNH TÂN,SG BÌNH TÂN,SG CỦ CHI,2026-07-13 16:33:01,2026-07-13 14:04:52,2026-07-13 09:12:05,,Đang trên bãi,17.58,Shuttle,FC,Forecast
530691600104,SG CỦ CHI,TG GÒ CÔNG,TG GÒ CÔNG,SG CỦ CHI,2026-07-13 16:32:57,2026-07-13 13:43:13,2026-07-13 09:25:45,,Đang trên bãi,7.61,Shuttle,FC,Forecast
530375200104,SG CỦ CHI,SG THỦ ĐỨC,SG THỦ ĐỨC,SG CỦ CHI,2026-07-13 16:32:53,2026-07-13 13:37:56,2026-07-13 09:01:21,,Đang trên bãi,8.18,Shuttle,FC,Forecast
530096920104,SG CỦ CHI,3PL,SETN,SG CỦ CHI,2026-07-13 16:32:51,2026-07-13 13:37:33,2026-07-13 09:14:43,,Đang trên bãi,6.89,Shuttle,3PL,Forecast
530931320104,SG CỦ CHI,LA ĐỨC HÒA,LA ĐỨC HÒA,SG CỦ CHI,2026-07-13 16:32:48,2026-07-13 13:57:13,2026-07-13 08:03:55,,Đang trên bãi,8.0,Shuttle,FC,Forecast
530479520104,SG CỦ CHI,CT NINH KIỀU,CT NINH KIỀU,SG CỦ CHI,2026-07-13 16:32:45,2026-07-13 14:05:53,2026-07-13 09:09:37,,Đang trên bãi,8.62,Shuttle,FC,Forecast
530109130104,SG CỦ CHI,VL CHỢ LÁCH,VL CHỢ LÁCH,SG CỦ CHI,2026-07-13 16:32:41,2026-07-13 13:43:28,2026-07-13 08:57:37,,Đang trên bãi,7.8,Shuttle,FC,Forecast
530493510104,SG CỦ CHI,AG LONG XUYÊN,AG LONG XUYÊN,SG CỦ CHI,2026-07-13 16:32:37,2026-07-13 14:16:54,2026-07-13 05:59:02,,Đang trên bãi,11.0,Shuttle,FC,Forecast
530649490103,SG CỦ CHI,SG THỦ ĐỨC,SG THỦ ĐỨC,SG CỦ CHI,2026-07-13 16:32:35,2026-07-13 14:17:10,2026-07-13 05:53:35,,Đang trên bãi,9.0,Shuttle,FC,Forecast
530682090103,SG CỦ CHI,SG TÂN SƠN NHÌ,SG TÂN SƠN NHÌ,SG CỦ CHI,2026-07-13 16:32:33,2026-07-13 13:38:54,2026-07-13 06:09:08,,Đang trên bãi,6.0,Shuttle,FC,Forecast
530002130104,SG CỦ CHI,SG PHÚ LÂM,SG PHÚ LÂM,SG CỦ CHI,2026-07-13 16:32:30,2026-07-13 14:05:52,2026-07-13 09:09:37,,Đang trên bãi,6.0,Shuttle,FC,Forecast
530406320104,SG CỦ CHI,SG NHƠN ĐỨC,SG NHƠN ĐỨC,SG CỦ CHI,2026-07-13 16:32:27,2026-07-13 13:38:53,2026-07-13 06:05:57,,Đang trên bãi,6.0,Shuttle,FC,Forecast
530387920104,SG CỦ CHI,VT VŨNG TÀU,VT VŨNG TÀU,SG CỦ CHI,2026-07-13 16:32:24,2026-07-13 13:57:10,2026-07-13 09:16:13,,Đang trên bãi,8.0,Shuttle,FC,Forecast
530558290103,SG CỦ CHI,SG CHỢ LỚN,SG CHỢ LỚN,SG CỦ CHI,2026-07-13 16:32:20,2026-07-13 13:39:09,2026-07-13 05:52:16,,Đang trên bãi,5.12,Shuttle,FC,Forecast
530003800104,SG CỦ CHI,SG BÌNH TRỊ ĐÔNG,SG BÌNH TRỊ ĐÔNG,SG CỦ CHI,2026-07-13 16:32:18,2026-07-13 14:17:21,2026-07-13 06:01:00,,Đang trên bãi,6.5,Shuttle,FC,Forecast
530800920104,SG CỦ CHI,SG PHÚ NHUẬN,SG PHÚ NHUẬN,SG CỦ CHI,2026-07-13 16:32:15,2026-07-13 13:39:13,2026-07-13 06:06:27,,Đang trên bãi,5.12,Shuttle,FC,Forecast
530578090103,SG CỦ CHI,SG CHỢ LỚN,SG CHỢ LỚN,SG CỦ CHI,2026-07-13 16:32:12,2026-07-13 14:17:20,2026-07-13 05:57:27,,Đang trên bãi,6.5,Shuttle,FC,Forecast
530122120104,SG CỦ CHI,SG NHƠN ĐỨC,SG NHƠN ĐỨC,SG CỦ CHI,2026-07-13 16:32:10,2026-07-13 14:15:42,2026-07-13 06:05:24,,Đang trên bãi,5.12,Shuttle,FC,Forecast
530532120104,SG CỦ CHI,SG TÂN HƯNG,SG TÂN HƯNG,SG CỦ CHI,2026-07-13 16:32:08,2026-07-13 13:39:11,2026-07-13 05:57:28,,Đang trên bãi,5.12,Shuttle,FC,Forecast
530574690103,SG CỦ CHI,AG LONG XUYÊN,AG LONG XUYÊN,SG CỦ CHI,2026-07-13 16:32:04,2026-07-13 13:39:16,2026-07-13 06:02:07,,Đang trên bãi,5.12,Shuttle,FC,Forecast
530574290103,SG CỦ CHI,VT LONG ĐẤT,VT LONG ĐẤT,SG CỦ CHI,2026-07-13 16:32:03,2026-07-13 13:39:18,2026-07-13 05:56:56,,Đang trên bãi,5.12,Shuttle,FC,Forecast
530355490103,SG CỦ CHI,SG BÌNH LỢI TRUNG,SG BÌNH LỢI TRUNG,SG CỦ CHI,2026-07-13 16:31:57,2026-07-13 13:39:41,2026-07-13 06:13:07,,Đang trên bãi,7.82,Shuttle,FC,Forecast
530297510104,SG CỦ CHI,BD DĨ AN,BD DĨ AN,SG CỦ CHI,2026-07-13 16:31:55,2026-07-13 13:39:12,2026-07-13 06:06:57,,Đang trên bãi,5.12,Shuttle,FC,Forecast
530091600104,SG CỦ CHI,CT NINH KIỀU,CT NINH KIỀU,SG CỦ CHI,2026-07-13 16:31:54,2026-07-13 13:39:06,2026-07-13 09:16:38,,Đang trên bãi,5.12,Shuttle,FC,Forecast
530080690103,SG CỦ CHI,SG HƯNG LONG,SG HƯNG LONG,SG CỦ CHI,2026-07-13 16:31:49,2026-07-13 14:17:22,2026-07-13 05:54:37,,Đang trên bãi,7.0,Shuttle,FC,Forecast
530732120104,SG CỦ CHI,SG PHÚ NHUẬN,SG PHÚ NHUẬN,SG CỦ CHI,2026-07-13 16:31:45,2026-07-13 13:39:08,2026-07-13 06:07:30,,Đang trên bãi,5.12,Shuttle,FC,Forecast
530280490103,SG CỦ CHI,SG AN LẠC,SG AN LẠC,SG CỦ CHI,2026-07-13 16:31:42,2026-07-13 13:39:14,2026-07-13 06:05:57,,Đang trên bãi,5.42,Shuttle,FC,Forecast
530155490103,SG CỦ CHI,ST PHÚ LỢI,ST PHÚ LỢI,SG CỦ CHI,2026-07-13 16:31:40,2026-07-13 13:39:05,2026-07-13 06:02:07,,Đang trên bãi,5.12,Shuttle,FC,Forecast
530632920104,SG CỦ CHI,SG PHÚ LÂM,SG PHÚ LÂM,SG CỦ CHI,2026-07-13 16:31:38,2026-07-13 13:38:55,2026-07-13 06:06:27,,Đang trên bãi,6.0,Shuttle,FC,Forecast
530973800104,SG CỦ CHI,BD BÌNH HÒA,BD BÌNH HÒA,SG CỦ CHI,2026-07-13 16:31:35,2026-07-13 13:57:11,2026-07-13 09:14:43,,Đang trên bãi,8.0,Shuttle,FC,Forecast
530006920104,SG CỦ CHI,SG VĨNH LỘC,SG VĨNH LỘC,SG CỦ CHI,2026-07-13 16:31:31,2026-07-13 13:38:26,2026-07-13 05:50:20,,Đang trên bãi,11.02,Shuttle,FC,Forecast
530802720104,SG CỦ CHI,VT CHÂU ĐỨC,VT CHÂU ĐỨC,SG CỦ CHI,2026-07-13 16:31:27,2026-07-13 13:43:33,2026-07-13 05:53:59,,Đang trên bãi,5.2,Shuttle,FC,Forecast
530432320104,SG CỦ CHI,SG THỦ ĐỨC,SG THỦ ĐỨC,SG CỦ CHI,2026-07-13 16:31:24,2026-07-13 13:38:56,2026-07-13 05:53:59,,Đang trên bãi,6.0,Shuttle,FC,Forecast
530585320104,SG CỦ CHI,DT CAO LÃNH,DT CAO LÃNH,SG CỦ CHI,2026-07-13 16:31:22,2026-07-13 13:57:08,2026-07-13 09:25:45,,Đang trên bãi,8.0,Shuttle,FC,Forecast
530549290103,SG CỦ CHI,SG AN LẠC,SG AN LẠC,SG CỦ CHI,2026-07-13 16:31:20,2026-07-13 13:38:58,2026-07-13 05:47:56,,Đang trên bãi,6.0,Shuttle,FC,Forecast
530609800104,SG CỦ CHI,VT XUYÊN MỘC,VT XUYÊN MỘC,SG CỦ CHI,2026-07-13 16:31:17,2026-07-13 13:57:14,2026-07-13 08:03:56,,Đang trên bãi,8.0,Shuttle,FC,Forecast
530196720104,SG CỦ CHI,DT SA ĐÉC,DT SA ĐÉC,SG CỦ CHI,2026-07-13 16:31:16,2026-07-13 13:57:10,2026-07-13 09:16:17,,Đang trên bãi,8.0,Shuttle,FC,Forecast
530197910104,SG CỦ CHI,SG CHỢ LỚN,SG CHỢ LỚN,SG CỦ CHI,2026-07-13 16:31:12,2026-07-13 13:39:43,2026-07-13 06:04:12,,Đang trên bãi,7.82,Shuttle,FC,Forecast
530148520104,SG CỦ CHI,SG TÂN HƯNG,SG TÂN HƯNG,SG CỦ CHI,2026-07-13 16:31:08,2026-07-13 13:39:40,2026-07-13 08:02:42,,Đang trên bãi,7.82,Shuttle,FC,Forecast
530486000104,SG CỦ CHI,SG BÌNH TÂN,SG BÌNH TÂN,SG CỦ CHI,2026-07-13 16:31:06,2026-07-13 12:06:10,2026-07-13 09:02:37,,Đang trên bãi,6.62,Shuttle,FC,Forecast
530065690103,SG CỦ CHI,BD BÌNH HÒA,BD BÌNH HÒA,SG CỦ CHI,2026-07-13 16:31:04,2026-07-13 14:17:23,2026-07-13 06:01:00,,Đang trên bãi,6.5,Shuttle,FC,Forecast
530487910104,SG CỦ CHI,AG THOẠI SƠN,AG THOẠI SƠN,SG CỦ CHI,2026-07-13 16:31:02,2026-07-13 13:38:27,2026-07-13 05:52:54,,Đang trên bãi,11.02,Shuttle,FC,Forecast
530355290103,SG CỦ CHI,SG NHƠN ĐỨC,SG NHƠN ĐỨC,SG CỦ CHI,2026-07-13 16:31:00,2026-07-13 14:17:24,2026-07-13 06:13:07,,Đang trên bãi,6.5,Shuttle,FC,Forecast
530495910104,SG CỦ CHI,SG GÒ VẤP,SG GÒ VẤP,SG CỦ CHI,2026-07-13 16:30:58,2026-07-13 13:38:19,2026-07-13 06:01:36,,Đang trên bãi,11.02,Shuttle,FC,Forecast
530194320104,SG CỦ CHI,TG TRUNG AN,TG TRUNG AN,SG CỦ CHI,2026-07-13 16:30:55,2026-07-13 14:17:10,2026-07-13 09:16:54,,Đang trên bãi,8.9,Shuttle,FC,Forecast
530097910104,SG CỦ CHI,DT TN,DT TN,SG CỦ CHI,2026-07-13 16:30:53,2026-07-13 13:38:22,2026-07-13 05:55:57,,Đang trên bãi,11.02,Shuttle,FC,Forecast
530864490103,SG CỦ CHI,SG HIỆP BÌNH,SG HIỆP BÌNH,SG CỦ CHI,2026-07-13 16:30:51,2026-07-13 14:16:55,2026-07-13 05:46:20,,Đang trên bãi,11.0,Shuttle,FC,Forecast
530509130104,SG CỦ CHI,SG KHÁNH HỘI,SG KHÁNH HỘI,SG CỦ CHI,2026-07-13 16:30:49,2026-07-13 12:06:31,2026-07-13 09:02:37,,Đang trên bãi,9.12,Shuttle,FC,Forecast
530872320104,SG CỦ CHI,SG THỦ ĐỨC,SG THỦ ĐỨC,SG CỦ CHI,2026-07-13 16:30:46,2026-07-13 12:06:23,2026-07-13 09:02:38,,Đang trên bãi,6.62,Shuttle,FC,Forecast
530191310104,SG CỦ CHI,TG GÒ CÔNG,TG GÒ CÔNG,SG CỦ CHI,2026-07-13 16:30:44,2026-07-13 11:17:51,2026-07-13 05:45:11,,Đang trên bãi,19.6,Shuttle,FC,Forecast
530363600104,SG CỦ CHI,SG GÒ VẤP,SG GÒ VẤP,SG CỦ CHI,2026-07-13 16:30:42,2026-07-13 12:06:26,2026-07-13 09:02:37,,Đang trên bãi,6.62,Shuttle,FC,Forecast
530197310104,SG CỦ CHI,CT NINH KIỀU,CT NINH KIỀU,SG CỦ CHI,2026-07-13 16:30:38,2026-07-13 13:39:08,2026-07-13 05:59:09,,Đang trên bãi,5.42,Shuttle,FC,Forecast
530699690103,SG CỦ CHI,SG GÒ VẤP,SG GÒ VẤP,SG CỦ CHI,2026-07-13 16:30:36,2026-07-13 13:39:17,2026-07-13 06:04:12,,Đang trên bãi,5.12,Shuttle,FC,Forecast
530787110104,SG CỦ CHI,LA TÂN AN,LA TÂN AN,SG CỦ CHI,2026-07-13 16:30:31,2026-07-13 13:39:07,2026-07-13 06:08:32,,Đang trên bãi,5.12,Shuttle,FC,Forecast
530432520104,SG CỦ CHI,VL VĨNH LONG,VL VĨNH LONG,SG CỦ CHI,2026-07-13 16:30:21,2026-07-13 13:39:19,2026-07-13 05:54:26,,Đang trên bãi,5.12,Shuttle,FC,Forecast
530382090103,SG CỦ CHI,BD BÌNH HÒA,BD BÌNH HÒA,SG CỦ CHI,2026-07-13 16:30:18,2026-07-13 13:39:20,2026-07-13 05:53:58,,Đang trên bãi,5.12,Shuttle,FC,Forecast
530499090103,SG CỦ CHI,BD DĨ AN,BD DĨ AN,SG CỦ CHI,2026-07-13 16:30:14,2026-07-13 13:39:21,2026-07-13 05:53:25,,Đang trên bãi,5.12,Shuttle,FC,Forecast
530373600104,SG CỦ CHI,SG PHÚ LÂM,SG PHÚ LÂM,SG CỦ CHI,2026-07-13 16:30:10,2026-07-13 12:06:08,2026-07-13 09:02:37,,Đang trên bãi,6.62,Shuttle,FC,Forecast
530486200104,SG CỦ CHI,SG TÂN HƯNG,SG TÂN HƯNG,SG CỦ CHI,2026-07-13 16:30:10,2026-07-13 12:06:12,2026-07-13 09:02:37,,Đang trên bãi,6.62,Shuttle,FC,Forecast
530980120104,SG CỦ CHI,SG TÂN HƯNG,SG TÂN HƯNG,SG CỦ CHI,2026-07-13 16:30:05,2026-07-13 13:58:49,2026-07-13 09:12:05,,Đang trên bãi,8.49,Shuttle,FC,Forecast
530228610104,SG CỦ CHI,SG GÒ VẤP,SG GÒ VẤP,SG CỦ CHI,2026-07-13 16:30:00,2026-07-13 13:59:13,2026-07-13 09:17:09,,Đang trên bãi,8.49,Shuttle,FC,Forecast
530220010104,SG CỦ CHI,SG KHÁNH HỘI,SG KHÁNH HỘI,SG CỦ CHI,2026-07-13 16:29:54,2026-07-13 13:59:09,2026-07-13 09:10:13,,Đang trên bãi,8.49,Shuttle,FC,Forecast
530779720104,SG CỦ CHI,SG GÒ VẤP,SG GÒ VẤP,SG CỦ CHI,2026-07-13 16:29:52,2026-07-13 13:58:50,2026-07-13 09:12:45,,Đang trên bãi,8.49,Shuttle,FC,Forecast
530981200104,SG CỦ CHI,SG GÒ VẤP,SG GÒ VẤP,SG CỦ CHI,2026-07-13 16:29:41,2026-07-13 13:58:13,2026-07-13 09:10:50,,Đang trên bãi,8.49,Shuttle,FC,Forecast
530255490103,SG CỦ CHI,SG PHÚ LÂM,SG PHÚ LÂM,SG CỦ CHI,2026-07-13 16:29:37,2026-07-13 14:17:09,2026-07-13 06:06:57,,Đang trên bãi,10.5,Shuttle,FC,Forecast
530492320104,SG CỦ CHI,BD BẾN CÁT,BD BẾN CÁT,SG CỦ CHI,2026-07-13 16:29:32,2026-07-13 13:38:31,2026-07-13 09:15:52,,Đang trên bãi,11.02,Shuttle,FC,Forecast
530081120104,SG CỦ CHI,SG CỦ CHI,SG CỦ CHI,SG CỦ CHI,2026-07-13 16:29:28,2026-07-13 13:58:53,2026-07-13 09:13:22,,Đang trên bãi,8.49,Shuttle,FC,Forecast
530398720104,SG CỦ CHI,SG BÌNH TRỊ ĐÔNG,SG BÌNH TRỊ ĐÔNG,SG CỦ CHI,2026-07-13 16:29:24,2026-07-13 13:58:54,2026-07-13 09:13:43,,Đang trên bãi,8.49,Shuttle,FC,Forecast
530821010104,SG CỦ CHI,SG GÒ VẤP,SG GÒ VẤP,SG CỦ CHI,2026-07-13 16:29:22,2026-07-13 13:58:16,2026-07-13 09:28:59,,Đang trên bãi,8.49,Shuttle,FC,Forecast
530879920104,SG CỦ CHI,LA TÂN AN,LA TÂN AN,SG CỦ CHI,2026-07-13 16:29:20,2026-07-13 13:59:12,2026-07-13 09:15:59,,Đang trên bãi,8.49,Shuttle,FC,Forecast
530779920104,SG CỦ CHI,SG CỦ CHI,SG CỦ CHI,SG CỦ CHI,2026-07-13 16:29:17,2026-07-13 13:58:55,2026-07-13 09:13:43,,Đang trên bãi,8.49,Shuttle,FC,Forecast
530319400104,SG CỦ CHI,VT XUYÊN MỘC,VT XUYÊN MỘC,SG CỦ CHI,2026-07-13 16:29:02,2026-07-13 13:38:32,2026-07-13 08:03:56,,Đang trên bãi,11.02,Shuttle,FC,Forecast
530645890103,SG CỦ CHI,DT TN,DT TN,SG CỦ CHI,2026-07-13 16:28:59,2026-07-13 13:38:21,2026-07-13 05:55:57,,Đang trên bãi,11.02,Shuttle,FC,Forecast
530155290103,SG CỦ CHI,SG BÀ ĐIỂM,SG BÀ ĐIỂM,SG CỦ CHI,2026-07-13 16:28:56,2026-07-13 13:38:24,2026-07-13 06:01:36,,Đang trên bãi,11.02,Shuttle,FC,Forecast
530712690103,SG CỦ CHI,LA BẾN LỨC,LA BẾN LỨC,SG CỦ CHI,2026-07-13 16:28:53,2026-07-12 16:55:50,2026-07-12 14:40:20,,Đang trên bãi,11.02,Shuttle,FC,Forecast
530208120104,SG CỦ CHI,BD DĨ AN,BD DĨ AN,SG CỦ CHI,2026-07-13 16:28:50,2026-07-13 13:38:16,2026-07-13 06:05:57,,Đang trên bãi,11.02,Shuttle,FC,Forecast
530380290103,SG CỦ CHI,VT LONG ĐẤT,VT LONG ĐẤT,SG CỦ CHI,2026-07-13 16:28:47,2026-07-13 13:38:17,2026-07-13 06:10:22,,Đang trên bãi,11.02,Shuttle,FC,Forecast
530077400104,SG CỦ CHI,SG GÒ VẤP,SG GÒ VẤP,SG CỦ CHI,2026-07-13 16:28:42,2026-07-13 13:59:10,2026-07-13 09:09:37,,Đang trên bãi,8.49,Shuttle,FC,Forecast
530387520104,SG CỦ CHI,SG BÌNH TÂN,SG BÌNH TÂN,SG CỦ CHI,2026-07-13 16:28:38,2026-07-13 13:59:11,2026-07-13 09:15:59,,Đang trên bãi,8.49,Shuttle,FC,Forecast
530028610104,SG CỦ CHI,BD DĨ AN,BD DĨ AN,SG CỦ CHI,2026-07-13 16:28:36,2026-07-13 14:04:54,2026-07-13 09:14:43,,Đang trên bãi,14.35,Shuttle,FC,Forecast
530340600104,SG CỦ CHI,AG TÂN CHÂU,AG TÂN CHÂU,SG CỦ CHI,2026-07-13 16:28:29,2026-07-13 13:57:12,2026-07-13 08:04:27,,Đang trên bãi,8.0,Shuttle,FC,Forecast
530821530104,SG CỦ CHI,CT Ô MÔN,CT Ô MÔN,SG CỦ CHI,2026-07-13 16:28:23,2026-07-13 10:41:16,2026-07-13 09:31:46,,Đang trên bãi,5.2,Shuttle,FC,Forecast
530821330104,SG CỦ CHI,CT Ô MÔN,CT Ô MÔN,SG CỦ CHI,2026-07-13 16:28:21,2026-07-13 10:41:33,2026-07-13 09:31:45,,Đang trên bãi,5.2,Shuttle,FC,Forecast
530499320104,SG CỦ CHI,CT Ô MÔN,CT Ô MÔN,SG CỦ CHI,2026-07-13 16:28:18,2026-07-13 10:42:02,2026-07-13 09:31:47,,Đang trên bãi,5.2,Shuttle,FC,Forecast
530304880103,SG CỦ CHI,SG CỦ CHI,SG CỦ CHI,SG CỦ CHI,2026-07-13 16:28:16,2026-07-13 12:06:37,2026-07-11 17:18:45,,Đang trên bãi,6.62,Shuttle,FC,Forecast
530991400104,SG CỦ CHI,VL VĨNH LONG,VL VĨNH LONG,SG CỦ CHI,2026-07-13 16:28:12,2026-07-13 10:48:17,2026-07-13 09:31:46,,Đang trên bãi,5.2,Shuttle,FC,Forecast
530932720104,SG CỦ CHI,BD BÌNH HÒA,BD BÌNH HÒA,SG CỦ CHI,2026-07-13 16:28:08,2026-07-13 13:38:40,2026-07-13 06:13:41,,Đang trên bãi,6.82,Shuttle,FC,Forecast
530380090103,SG CỦ CHI,SG GÒ VẤP,SG GÒ VẤP,SG CỦ CHI,2026-07-13 16:28:05,2026-07-13 13:39:42,2026-07-13 06:09:40,,Đang trên bãi,7.82,Shuttle,FC,Forecast
530887720104,SG CỦ CHI,TG AN HỮU,TG AN HỮU,SG CỦ CHI,2026-07-13 16:28:02,2026-07-13 10:41:27,2026-07-13 09:31:45,,Đang trên bãi,5.2,Shuttle,FC,Forecast
530887920104,SG CỦ CHI,AG LONG XUYÊN,AG LONG XUYÊN,SG CỦ CHI,2026-07-13 16:28:00,2026-07-13 10:41:20,2026-07-13 09:31:46,,Đang trên bãi,5.2,Shuttle,FC,Forecast
530992520104,SG CỦ CHI,TG AN HỮU,TG AN HỮU,SG CỦ CHI,2026-07-13 16:27:57,2026-07-13 10:41:45,2026-07-13 09:31:46,,Đang trên bãi,5.2,Shuttle,FC,Forecast
530310730104,SG CỦ CHI,TG AN HỮU,TG AN HỮU,SG CỦ CHI,2026-07-13 16:27:55,2026-07-13 10:41:53,2026-07-13 09:31:47,,Đang trên bãi,5.2,Shuttle,FC,Forecast
530103530104,SG CỦ CHI,CT Ô MÔN,CT Ô MÔN,SG CỦ CHI,2026-07-13 16:27:52,2026-07-13 10:41:49,2026-07-13 09:31:46,,Đang trên bãi,5.2,Shuttle,FC,Forecast
530991800104,SG CỦ CHI,CT Ô MÔN,CT Ô MÔN,SG CỦ CHI,2026-07-13 16:27:50,2026-07-13 10:42:05,2026-07-13 09:31:45,,Đang trên bãi,5.2,Shuttle,FC,Forecast
530079520104,SG CỦ CHI,SG VĨNH LỘC,SG VĨNH LỘC,SG CỦ CHI,2026-07-13 16:27:46,2026-07-13 12:06:45,2026-07-13 09:02:37,,Đang trên bãi,6.12,Shuttle,FC,Forecast
530902920104,SG CỦ CHI,LA BẾN LỨC,LA BẾN LỨC,SG CỦ CHI,2026-07-13 16:27:41,2026-07-13 13:38:20,2026-07-13 06:05:57,,Đang trên bãi,11.0,Shuttle,FC,Forecast
530499690103,SG CỦ CHI,SG KHÁNH HỘI,SG KHÁNH HỘI,SG CỦ CHI,2026-07-13 16:27:38,2026-07-13 13:38:28,2026-07-13 05:55:25,,Đang trên bãi,11.02,Shuttle,FC,Forecast
530701330104,SG CỦ CHI,LA BẾN LỨC,LA BẾN LỨC,SG CỦ CHI,2026-07-13 16:27:34,2026-07-13 10:41:24,2026-07-13 09:31:47,,Đang trên bãi,5.2,Shuttle,FC,Forecast
530991600104,SG CỦ CHI,BN HUB,HY VĂN GIANG,SG CỦ CHI,2026-07-13 16:27:32,2026-07-13 10:41:35,2026-07-13 09:31:47,,Đang trên bãi,5.2,Linehaul,BN HUB,Forecast
530686320104,SG CỦ CHI,BD BÌNH HÒA,BD BÌNH HÒA,SG CỦ CHI,2026-07-13 16:27:28,2026-07-13 12:06:02,2026-07-13 09:02:38,,Đang trên bãi,8.02,Shuttle,FC,Forecast
530100730104,SG CỦ CHI,SG NHƠN ĐỨC,SG NHƠN ĐỨC,SG CỦ CHI,2026-07-13 16:27:26,2026-07-13 12:06:28,2026-07-13 09:02:37,,Đang trên bãi,6.62,Shuttle,FC,Forecast
530813100104,SG CỦ CHI,SG BẢY HIỀN,SG BẢY HIỀN,SG CỦ CHI,2026-07-13 16:27:24,2026-07-13 12:06:41,2026-07-11 17:59:08,,Đang trên bãi,6.62,Shuttle,FC,Forecast
530869320104,SG CỦ CHI,DT TN,DT TN,SG CỦ CHI,2026-07-13 16:27:22,2026-07-13 12:06:14,2026-07-13 09:02:38,,Đang trên bãi,6.62,Shuttle,FC,Forecast
530303410104,SG CỦ CHI,LA HẬU NGHĨA,LA HẬU NGHĨA,SG CỦ CHI,2026-07-13 16:27:20,2026-07-13 12:06:47,2026-07-13 09:02:37,,Đang trên bãi,6.12,Shuttle,FC,Forecast
530363800104,SG CỦ CHI,SG CHỢ LỚN,SG CHỢ LỚN,SG CỦ CHI,2026-07-13 16:27:17,2026-07-13 12:06:54,2026-07-13 09:02:37,,Đang trên bãi,6.12,Shuttle,FC,Forecast
530375400104,SG CỦ CHI,SG BÌNH LỢI TRUNG,SG BÌNH LỢI TRUNG,SG CỦ CHI,2026-07-13 16:27:16,2026-07-13 12:06:56,2026-07-13 09:02:37,,Đang trên bãi,6.12,Shuttle,FC,Forecast
530107080103,SG CỦ CHI,SG BÀ ĐIỂM,SG BÀ ĐIỂM,SG CỦ CHI,2026-07-13 16:27:14,2026-07-13 12:06:39,2026-07-11 17:18:45,,Đang trên bãi,6.12,Shuttle,FC,Forecast
530499120104,SG CỦ CHI,AG TÂN CHÂU,AG TÂN CHÂU,SG CỦ CHI,2026-07-13 16:27:10,2026-07-13 10:41:10,2026-07-13 09:31:47,,Đang trên bãi,5.2,Shuttle,FC,Forecast
530687800104,SG CỦ CHI,VL VĨNH LONG,VL VĨNH LONG,SG CỦ CHI,2026-07-13 16:27:08,2026-07-13 10:41:58,2026-07-13 09:31:45,,Đang trên bãi,5.2,Shuttle,FC,Forecast
530896320104,SG CỦ CHI,TG AN HỮU,TG AN HỮU,SG CỦ CHI,2026-07-13 16:27:06,2026-07-13 10:41:13,2026-07-13 09:31:47,,Đang trên bãi,5.2,Shuttle,FC,Forecast
530014130104,SG CỦ CHI,AG TÂN CHÂU,AG TÂN CHÂU,SG CỦ CHI,2026-07-13 16:27:04,2026-07-13 10:42:09,2026-07-13 09:31:47,,Đang trên bãi,5.2,Shuttle,FC,Forecast
530310530104,SG CỦ CHI,VT XUYÊN MỘC,VT XUYÊN MỘC,SG CỦ CHI,2026-07-13 16:27:00,2026-07-13 10:41:06,2026-07-13 09:31:46,,Đang trên bãi,10.7,Shuttle,FC,Forecast
530869000104,SG CỦ CHI,SG CHỢ LỚN,SG CHỢ LỚN,SG CỦ CHI,2026-07-13 16:26:59,2026-07-13 12:06:00,2026-07-13 09:02:37,,Đang trên bãi,5.02,Shuttle,FC,Forecast
530388720104,SG CỦ CHI,SG ĐÔNG HƯNG THUẬN,SG ĐÔNG HƯNG THUẬN,SG CỦ CHI,2026-07-13 16:26:56,2026-07-13 12:31:54,2026-07-13 09:05:40,,Đang trên bãi,6.9,Shuttle,FC,Forecast
530679800104,SG CỦ CHI,BN HUB,ND NAM ĐỊNH,SG CỦ CHI,2026-07-13 16:26:52,2026-07-13 12:31:18,2026-07-13 09:05:40,,Đang trên bãi,6.9,Linehaul,BN HUB,Forecast
530573400104,SG CỦ CHI,AG TÂN CHÂU,AG TÂN CHÂU,SG CỦ CHI,2026-07-13 16:26:50,2026-07-13 12:31:26,2026-07-13 09:05:40,,Đang trên bãi,6.9,Shuttle,FC,Forecast
530403210104,SG CỦ CHI,SG THỦ ĐỨC,SG THỦ ĐỨC,SG CỦ CHI,2026-07-13 16:26:48,2026-07-13 12:31:03,2026-07-13 09:05:41,,Đang trên bãi,6.9,Shuttle,FC,Forecast
530681000104,SG CỦ CHI,LA BẾN LỨC,LA BẾN LỨC,SG CỦ CHI,2026-07-13 16:26:45,2026-07-13 12:31:10,2026-07-13 09:05:40,,Đang trên bãi,6.9,Shuttle,FC,Forecast
530481800104,SG CỦ CHI,AG LONG XUYÊN,AG LONG XUYÊN,SG CỦ CHI,2026-07-13 16:26:42,2026-07-13 12:06:50,2026-07-13 09:02:38,,Đang trên bãi,8.07,Shuttle,FC,Forecast
530303210104,SG CỦ CHI,SG CHỢ LỚN,SG CHỢ LỚN,SG CỦ CHI,2026-07-13 16:26:41,2026-07-13 12:06:07,2026-07-13 09:02:37,,Đang trên bãi,6.62,Shuttle,FC,Forecast
530031100104,SG CỦ CHI,SG THỦ ĐỨC,SG THỦ ĐỨC,SG CỦ CHI,2026-07-13 16:26:37,2026-07-13 12:06:34,2026-07-11 17:59:08,,Đang trên bãi,6.62,Shuttle,FC,Forecast
530869200104,SG CỦ CHI,DT TN,DT TN,SG CỦ CHI,2026-07-13 16:26:34,2026-07-13 12:06:30,2026-07-13 09:02:37,,Đang trên bãi,9.12,Shuttle,FC,Forecast
530486400104,SG CỦ CHI,SG KHÁNH HỘI,SG KHÁNH HỘI,SG CỦ CHI,2026-07-13 16:26:30,2026-07-13 12:06:18,2026-07-13 09:02:37,,Đang trên bãi,6.62,Shuttle,FC,Forecast
530100530104,SG CỦ CHI,TG TRUNG AN,TG TRUNG AN,SG CỦ CHI,2026-07-13 16:26:28,2026-07-13 12:06:04,2026-07-13 09:02:38,,Đang trên bãi,6.12,Shuttle,FC,Forecast
530679400104,SG CỦ CHI,SG BẢY HIỀN,SG BẢY HIỀN,SG CỦ CHI,2026-07-13 16:26:26,2026-07-13 12:06:16,2026-07-13 09:02:38,,Đang trên bãi,6.62,Shuttle,FC,Forecast
530586400104,SG CỦ CHI,AG TÂN CHÂU,AG TÂN CHÂU,SG CỦ CHI,2026-07-13 16:26:21,2026-07-13 12:32:12,2026-07-13 09:05:40,,Đang trên bãi,6.9,Shuttle,FC,Forecast
530579000104,SG CỦ CHI,SG HÓC MÔN,SG HÓC MÔN,SG CỦ CHI,2026-07-13 16:26:16,2026-07-13 12:31:42,2026-07-13 09:01:12,,Đang trên bãi,11.32,Shuttle,FC,Forecast
530363200104,SG CỦ CHI,BN HUB,HN AN KHÁNH,SG CỦ CHI,2026-07-13 16:26:10,2026-07-13 12:32:21,2026-07-13 09:01:12,,Đang trên bãi,11.32,Linehaul,BN HUB,Forecast
530969720104,SG CỦ CHI,VT VŨNG TÀU,VT VŨNG TÀU,SG CỦ CHI,2026-07-13 16:26:04,2026-07-13 12:32:02,2026-07-13 09:05:41,,Đang trên bãi,6.9,Shuttle,FC,Forecast
530586320104,SG CỦ CHI,BN HUB,HN PHỦ LÝ,SG CỦ CHI,2026-07-13 16:26:00,2026-07-13 12:31:38,2026-07-13 09:01:12,,Đang trên bãi,11.32,Linehaul,BN HUB,Forecast
530321100104,SG CỦ CHI,SG ĐÔNG HƯNG THUẬN,SG ĐÔNG HƯNG THUẬN,SG CỦ CHI,2026-07-13 16:25:55,2026-07-13 12:06:42,2026-07-11 17:59:08,,Đang trên bãi,6.62,Shuttle,FC,Forecast
530571200104,SG CỦ CHI,SG NHƠN ĐỨC,SG NHƠN ĐỨC,SG CỦ CHI,2026-07-13 16:25:52,2026-07-13 12:31:31,2026-07-13 09:01:12,,Đang trên bãi,11.32,Shuttle,FC,Forecast
530590000104,SG CỦ CHI,SG BÌNH TÂN,SG BÌNH TÂN,SG CỦ CHI,2026-07-13 16:00:13,2026-07-13 10:50:53,2026-07-13 09:08:31,,Đang trên bãi,5.58,Shuttle,FC,Forecast
530936410104,SG VĨNH LỘC,3PL,SETN,SG VĨNH LỘC,2026-07-13 15:50:34,2026-07-13 13:44:27,2026-07-13 10:00:12,,Đang trên bãi,80.0,Shuttle,3PL,Forecast
530010930104,SG VĨNH LỘC,SG TÂN HƯNG,SG TÂN HƯNG,SG BÌNH LỢI,2026-07-13 15:49:46,2026-07-13 13:22:23,2026-07-13 09:24:12,,Đang trên bãi,15.0,Shuttle,FC,Forecast
530621410104,SG VĨNH LỘC,SG BÌNH LỢI TRUNG,SG BÌNH LỢI TRUNG,SG BÌNH LỢI,2026-07-13 15:49:45,2026-07-13 13:22:37,2026-07-13 09:25:24,,Đang trên bãi,12.0,Shuttle,FC,Forecast
530913530104,SG VĨNH LỘC,AG TÂN CHÂU,AG TÂN CHÂU,SG VĨNH LỘC,2026-07-13 15:49:35,2026-07-13 11:36:57,2026-07-13 10:25:32,,Đang trên bãi,10.0,Shuttle,FC,Forecast
530510810104,SG VĨNH LỘC,BD DĨ AN,BD DĨ AN,SG VĨNH LỘC,2026-07-13 15:49:28,2026-07-13 11:36:53,2026-07-13 10:25:32,,Đang trên bãi,10.0,Shuttle,FC,Forecast
530005940104,SG VĨNH LỘC,BD DĨ AN,BD DĨ AN,SG VĨNH LỘC,2026-07-13 15:49:18,2026-07-13 14:14:27,2026-07-13 14:08:18,,Đang trên bãi,36.75,Shuttle,FC,Forecast
530499930104,SG VĨNH LỘC,AG AN PHÚ,AG AN PHÚ,SG VĨNH LỘC,2026-07-13 15:49:12,2026-07-13 14:14:58,2026-07-13 14:08:18,,Đang trên bãi,36.75,Shuttle,FC,Forecast
530001540104,SG VĨNH LỘC,CT BÌNH THỦY,CT BÌNH THỦY,SG VĨNH LỘC,2026-07-13 15:49:02,2026-07-13 14:14:52,2026-07-13 14:08:19,,Đang trên bãi,36.75,Shuttle,FC,Forecast
530299810104,SG VĨNH LỘC,BD BÌNH HÒA,BD BÌNH HÒA,SG VĨNH LỘC,2026-07-13 15:48:53,2026-07-13 14:15:08,2026-07-13 14:10:23,,Đang trên bãi,36.75,Shuttle,FC,Forecast
530312530104,SG VĨNH LỘC,SG THỦ ĐỨC,SG THỦ ĐỨC,SG BÌNH LỢI,2026-07-13 15:48:45,2026-07-13 13:22:27,2026-07-13 09:24:13,,Đang trên bãi,8.33,Shuttle,FC,Forecast
530312330104,SG VĨNH LỘC,BD BẾN CÁT,BD BẾN CÁT,SG BÌNH LỢI,2026-07-13 15:48:44,2026-07-13 13:22:08,2026-07-13 09:24:12,,Đang trên bãi,8.33,Shuttle,FC,Forecast
530491210104,SG VĨNH LỘC,TG GÒ CÔNG,TG GÒ CÔNG,SG VĨNH LỘC,2026-07-13 15:48:34,2026-07-13 14:16:23,2026-07-13 14:10:23,,Đang trên bãi,36.75,Shuttle,FC,Forecast
530775320104,SG VĨNH LỘC,SG HIỆP BÌNH,SG HIỆP BÌNH,SG BÌNH LỢI,2026-07-13 15:48:23,2026-07-13 13:22:12,2026-07-13 09:24:12,,Đang trên bãi,12.0,Shuttle,FC,Forecast
530293530104,SG VĨNH LỘC,AG TÂN CHÂU,AG TÂN CHÂU,SG VĨNH LỘC,2026-07-13 15:48:17,2026-07-13 14:14:56,2026-07-13 14:08:18,,Đang trên bãi,36.75,Shuttle,FC,Forecast
530491010104,SG VĨNH LỘC,BD BÌNH HÒA,BD BÌNH HÒA,SG VĨNH LỘC,2026-07-13 15:48:06,2026-07-13 14:14:45,2026-07-13 14:08:18,,Đang trên bãi,36.75,Shuttle,FC,Forecast
530702940104,SG VĨNH LỘC,SG ĐÔNG HƯNG THUẬN,SG ĐÔNG HƯNG THUẬN,SG VĨNH LỘC,2026-07-13 15:47:58,2026-07-13 14:14:49,2026-07-13 14:08:18,,Đang trên bãi,36.75,Shuttle,FC,Forecast
530696120104,SG VĨNH LỘC,VT XUYÊN MỘC,VT XUYÊN MỘC,SG BÌNH LỢI,2026-07-13 15:47:45,2026-07-13 13:22:15,2026-07-13 09:24:13,,Đang trên bãi,18.33,Shuttle,FC,Forecast
530696320104,SG VĨNH LỘC,VL VĨNH LONG,VL VĨNH LONG,SG BÌNH LỢI,2026-07-13 15:47:39,2026-07-13 13:22:53,2026-07-13 09:24:13,,Đang trên bãi,8.33,Shuttle,FC,Forecast
530485720104,SG VĨNH LỘC,SG NHƠN ĐỨC,SG NHƠN ĐỨC,SG BÌNH LỢI,2026-07-13 15:47:37,2026-07-13 13:22:47,2026-07-13 09:24:12,,Đang trên bãi,8.33,Shuttle,FC,Forecast
530806220104,SG VĨNH LỘC,CT NINH KIỀU,CT NINH KIỀU,SG VĨNH LỘC,2026-07-13 15:47:32,2026-07-13 14:14:38,2026-07-13 14:08:18,,Đang trên bãi,36.75,Shuttle,FC,Forecast
530412540104,SG VĨNH LỘC,CT Ô MÔN,CT Ô MÔN,SG VĨNH LỘC,2026-07-13 15:47:22,2026-07-13 14:14:48,2026-07-13 14:08:19,,Đang trên bãi,36.75,Shuttle,FC,Forecast
530105340104,SG VĨNH LỘC,CT NINH KIỀU,CT NINH KIỀU,SG VĨNH LỘC,2026-07-13 15:47:16,2026-07-13 14:14:34,2026-07-13 14:08:18,,Đang trên bãi,36.75,Shuttle,FC,Forecast
530397730104,SG VĨNH LỘC,AG TÂN CHÂU,AG TÂN CHÂU,SG VĨNH LỘC,2026-07-13 15:47:09,2026-07-13 14:14:41,2026-07-13 14:08:18,,Đang trên bãi,36.75,Shuttle,FC,Forecast
530881930104,SG VĨNH LỘC,AG TÂN CHÂU,AG TÂN CHÂU,SG VĨNH LỘC,2026-07-13 15:46:59,2026-07-13 14:14:39,2026-07-13 14:08:18,,Đang trên bãi,36.75,Shuttle,FC,Forecast
530791130104,SG VĨNH LỘC,BD DĨ AN,BD DĨ AN,SG VĨNH LỘC,2026-07-13 15:46:46,2026-07-13 14:14:36,2026-07-13 14:08:19,,Đang trên bãi,36.75,Shuttle,FC,Forecast
530791330104,SG VĨNH LỘC,VL VĨNH LONG,VL VĨNH LONG,SG VĨNH LỘC,2026-07-13 15:46:37,2026-07-13 14:16:30,2026-07-13 14:10:23,,Đang trên bãi,36.75,Shuttle,FC,Forecast
530795130104,SG VĨNH LỘC,SG BÌNH TÂN,SG BÌNH TÂN,SG VĨNH LỘC,2026-07-13 15:46:30,2026-07-13 14:14:23,2026-07-13 14:08:19,,Đang trên bãi,36.75,Shuttle,FC,Forecast
530001340104,SG VĨNH LỘC,SG CỦ CHI,SG CỦ CHI,SG VĨNH LỘC,2026-07-13 15:46:22,2026-07-13 14:14:33,2026-07-13 14:08:18,,Đang trên bãi,36.75,Shuttle,FC,Forecast
530599130104,SG VĨNH LỘC,CT Ô MÔN,CT Ô MÔN,SG VĨNH LỘC,2026-07-13 15:46:16,2026-07-13 14:14:29,2026-07-13 14:08:18,,Đang trên bãi,36.75,Shuttle,FC,Forecast
530806020104,SG VĨNH LỘC,BD BÌNH HÒA,BD BÌNH HÒA,SG VĨNH LỘC,2026-07-13 15:46:09,2026-07-13 14:14:30,2026-07-13 14:08:18,,Đang trên bãi,36.75,Shuttle,FC,Forecast
530702740104,SG VĨNH LỘC,SG HÓC MÔN,SG HÓC MÔN,SG VĨNH LỘC,2026-07-13 15:46:01,2026-07-13 14:14:21,2026-07-13 14:08:18,,Đang trên bãi,36.75,Shuttle,FC,Forecast
530497130104,SG VĨNH LỘC,VL VĨNH LONG,VL VĨNH LONG,SG VĨNH LỘC,2026-07-13 15:45:58,2026-07-13 14:14:17,2026-07-13 14:08:18,,Đang trên bãi,36.75,Shuttle,FC,Forecast
530587730104,SG VĨNH LỘC,SG TÂN THỚI HIỆP,SG TÂN THỚI HIỆP,SG VĨNH LỘC,2026-07-13 15:45:55,2026-07-13 14:14:19,2026-07-13 14:08:18,,Đang trên bãi,36.75,Shuttle,FC,Forecast
530489930104,SG VĨNH LỘC,BN HUB,HN CẦU GIẤY,SG VĨNH LỘC,2026-07-13 15:45:38,2026-07-13 14:14:13,2026-07-13 14:08:18,,Đang trên bãi,36.75,Linehaul,BN HUB,Forecast
530397930104,SG VĨNH LỘC,CT NINH KIỀU,CT NINH KIỀU,SG VĨNH LỘC,2026-07-13 15:45:31,2026-07-13 14:14:54,2026-07-13 14:08:18,,Đang trên bãi,36.75,Shuttle,FC,Forecast
530624340104,SG VĨNH LỘC,BN HUB,HN TÂY HỒ,SG VĨNH LỘC,2026-07-13 15:45:21,2026-07-13 14:14:10,2026-07-13 14:08:19,,Đang trên bãi,36.75,Linehaul,BN HUB,Forecast
530027720104,SG VĨNH LỘC,VT LONG ĐẤT,VT LONG ĐẤT,SG VĨNH LỘC,2026-07-13 15:45:05,2026-07-13 13:59:23,2026-07-13 07:30:38,,Đang trên bãi,95.79,Shuttle,FC,Forecast
530589130104,SG VĨNH LỘC,BN HUB,HN CẦU GIẤY,SG VĨNH LỘC,2026-07-13 15:44:33,2026-07-13 14:14:11,2026-07-13 14:08:19,,Đang trên bãi,36.75,Linehaul,BN HUB,Forecast
530105140104,SG VĨNH LỘC,SG GÒ VẤP,SG GÒ VẤP,SG VĨNH LỘC,2026-07-13 15:44:26,2026-07-13 14:14:07,2026-07-13 14:08:19,,Đang trên bãi,36.75,Shuttle,FC,Forecast
530785330104,SG VĨNH LỘC,BD BÌNH HÒA,BD BÌNH HÒA,SG VĨNH LỘC,2026-07-13 15:44:18,2026-07-13 14:14:09,2026-07-13 14:08:18,,Đang trên bãi,36.75,Shuttle,FC,Forecast
530441740104,SG VĨNH LỘC,CT Ô MÔN,CT Ô MÔN,SG VĨNH LỘC,2026-07-13 15:44:10,2026-07-13 14:13:55,2026-07-13 14:08:18,,Đang trên bãi,36.75,Shuttle,FC,Forecast
530218540104,SG VĨNH LỘC,AG TỊNH BIÊN,AG TỊNH BIÊN,SG VĨNH LỘC,2026-07-13 15:44:07,2026-07-13 14:16:27,2026-07-13 14:10:23,,Đang trên bãi,36.75,Shuttle,FC,Forecast
530806620104,SG VĨNH LỘC,SG BẢY HIỀN,SG BẢY HIỀN,SG VĨNH LỘC,2026-07-13 15:44:01,2026-07-13 14:16:29,2026-07-13 14:10:23,,Đang trên bãi,36.75,Shuttle,FC,Forecast
530355120104,SG VĨNH LỘC,VL VĨNH LONG,VL VĨNH LONG,SG VĨNH LỘC,2026-07-13 15:43:46,2026-07-13 11:38:11,2026-07-13 08:19:46,,Đang trên bãi,36.75,Shuttle,FC,Forecast
530488000104,SG VĨNH LỘC,CT NINH KIỀU,CT NINH KIỀU,SG VĨNH LỘC,2026-07-13 15:43:26,2026-07-13 11:38:15,2026-07-13 08:19:46,,Đang trên bãi,36.75,Shuttle,FC,Forecast
530688000104,SG VĨNH LỘC,BD BÌNH HÒA,BD BÌNH HÒA,SG VĨNH LỘC,2026-07-13 15:43:22,2026-07-13 11:39:11,2026-07-13 08:20:59,,Đang trên bãi,36.75,Shuttle,FC,Forecast
530178400104,SG VĨNH LỘC,LA TÂN AN,LA TÂN AN,SG VĨNH LỘC,2026-07-13 15:43:11,2026-07-13 11:39:06,2026-07-13 08:20:59,,Đang trên bãi,36.75,Shuttle,FC,Forecast
530557320104,SG VĨNH LỘC,SG THỦ ĐỨC,SG THỦ ĐỨC,SG VĨNH LỘC,2026-07-13 15:43:08,2026-07-13 11:38:58,2026-07-13 08:20:59,,Đang trên bãi,36.75,Shuttle,FC,Forecast
530163920104,SG VĨNH LỘC,CT Ô MÔN,CT Ô MÔN,SG VĨNH LỘC,2026-07-13 15:43:04,2026-07-13 11:38:19,2026-07-13 08:20:59,,Đang trên bãi,36.75,Shuttle,FC,Forecast
530758800104,SG VĨNH LỘC,CT Ô MÔN,CT Ô MÔN,SG VĨNH LỘC,2026-07-13 15:43:00,2026-07-13 11:38:26,2026-07-13 08:20:59,,Đang trên bãi,36.75,Shuttle,FC,Forecast
530256730104,SG TÂN NHỰT,SG CỦ CHI,SG CỦ CHI,SG TÂN NHỰT,2026-07-13 15:14:47,2026-07-13 12:12:39,2026-07-13 11:54:27,,Đang trên bãi,10.0,Shuttle,FC,Forecast
530438120104,SG TÂN NHỰT,SG BÌNH TRỊ ĐÔNG,SG BÌNH TRỊ ĐÔNG,SG TÂN NHỰT,2026-07-13 15:13:38,2026-07-13 09:48:12,2026-07-13 07:48:13,,Đang trên bãi,5.9,Shuttle,FC,Forecast
530517690103,SG HƯNG LONG,BN HUB,HN SÓC SƠN,SG HƯNG LONG,2026-07-13 15:12:00,2026-07-13 11:56:49,2026-07-12 17:01:32,,Đang trên bãi,7.01,Linehaul,BN HUB,Forecast
530163690103,SG HƯNG LONG,BN HUB,HY VĂN GIANG,SG HƯNG LONG,2026-07-13 15:11:55,2026-07-13 11:56:53,2026-07-12 17:01:08,,Đang trên bãi,7.01,Linehaul,BN HUB,Forecast
530832090103,SG HƯNG LONG,BD DĨ AN,BD DĨ AN,SG HƯNG LONG,2026-07-13 15:11:49,2026-07-13 11:57:29,2026-07-12 17:01:57,,Đang trên bãi,5.67,Shuttle,FC,Forecast
530559110104,SG HƯNG LONG,BN HUB,HN AN KHÁNH,SG HƯNG LONG,2026-07-13 15:11:43,2026-07-13 11:57:25,2026-07-12 17:01:20,,Đang trên bãi,10.61,Linehaul,BN HUB,Forecast
530071710104,SG HƯNG LONG,BN HUB,HN PHÚ DIỄN,SG HƯNG LONG,2026-07-13 15:11:39,2026-07-13 11:57:32,2026-07-12 17:01:26,,Đang trên bãi,12.26,Linehaul,BN HUB,Forecast
530071510104,SG HƯNG LONG,SG PHÚ NHUẬN,SG PHÚ NHUẬN,SG HƯNG LONG,2026-07-13 15:11:26,2026-07-13 11:58:17,2026-07-12 17:01:08,,Đang trên bãi,14.71,Shuttle,FC,Forecast
530493390103,SG HƯNG LONG,BN HUB,HN THANH LIỆT,SG HƯNG LONG,2026-07-13 15:11:17,2026-07-13 07:49:46,2026-07-11 15:30:34,,Đang trên bãi,12.26,Linehaul,BN HUB,Forecast
530823090103,SG HƯNG LONG,SG TÂN SƠN NHÌ,SG TÂN SƠN NHÌ,SG HƯNG LONG,2026-07-13 15:11:12,2026-07-13 11:57:56,2026-07-12 17:01:16,,Đang trên bãi,11.38,Shuttle,FC,Forecast
530446280103,SG HƯNG LONG,SG PHÚ LÂM,SG PHÚ LÂM,SG HƯNG LONG,2026-07-13 15:11:05,2026-07-13 07:49:39,2026-07-11 15:30:40,,Đang trên bãi,5.91,Shuttle,FC,Forecast
530351910104,SG HƯNG LONG,VL CHỢ LÁCH,VL CHỢ LÁCH,SG HƯNG LONG,2026-07-13 15:10:59,2026-07-13 12:06:33,2026-07-12 14:53:23,,Đang trên bãi,8.63,Shuttle,FC,Forecast
530994090103,SG HƯNG LONG,SG TÂN NHỰT,SG TÂN NHỰT,SG HƯNG LONG,2026-07-13 15:10:53,2026-07-13 12:06:39,2026-07-13 07:32:41,,Đang trên bãi,14.64,Shuttle,FC,Forecast
530361710104,SG HƯNG LONG,BN HUB,HY PHỐ HIẾN,SG HƯNG LONG,2026-07-13 15:10:49,2026-07-13 11:57:27,2026-07-12 17:01:26,,Đang trên bãi,19.36,Linehaul,BN HUB,Forecast
530121890103,SG HƯNG LONG,TG GÒ CÔNG,TG GÒ CÔNG,SG HƯNG LONG,2026-07-13 15:10:41,2026-07-13 11:57:58,2026-07-12 17:01:08,,Đang trên bãi,10.43,Shuttle,FC,Forecast
530340490103,SG HƯNG LONG,SG CHỢ LỚN,SG CHỢ LỚN,SG HƯNG LONG,2026-07-13 15:10:34,2026-07-13 11:56:56,2026-07-12 17:01:21,,Đang trên bãi,8.31,Shuttle,FC,Forecast
530957310104,SG HƯNG LONG,SG HÓC MÔN,SG HÓC MÔN,SG HƯNG LONG,2026-07-13 15:10:23,2026-07-13 11:58:13,2026-07-12 17:01:54,,Đang trên bãi,19.71,Shuttle,FC,Forecast
530957110104,SG HƯNG LONG,BD DĨ AN,BD DĨ AN,SG HƯNG LONG,2026-07-13 15:10:17,2026-07-13 11:58:51,2026-07-12 17:01:08,,Đang trên bãi,5.61,Shuttle,FC,Forecast
530446080103,SG HƯNG LONG,AG TÂN CHÂU,AG TÂN CHÂU,SG HƯNG LONG,2026-07-13 15:10:12,2026-07-13 07:49:37,2026-07-11 15:30:39,,Đang trên bãi,12.56,Shuttle,FC,Forecast
530971070103,SG HƯNG LONG,BN HUB,HN NAM TỪ LIÊM,SG HƯNG LONG,2026-07-13 15:10:06,2026-07-13 07:49:44,2026-07-11 15:30:39,,Đang trên bãi,7.51,Linehaul,BN HUB,Forecast
530982790103,SG HƯNG LONG,BN HUB,HN NAM TỪ LIÊM,SG HƯNG LONG,2026-07-13 15:10:03,2026-07-13 07:49:41,2026-07-11 13:28:53,,Đang trên bãi,7.51,Linehaul,BN HUB,Forecast
530230900104,SG HƯNG LONG,VT XUYÊN MỘC,VT XUYÊN MỘC,SG HƯNG LONG,2026-07-13 15:09:59,2026-07-13 12:07:03,2026-07-11 16:26:37,,Đang trên bãi,7.85,Shuttle,FC,Forecast
530556690103,SG HƯNG LONG,SG BÌNH TÂN,SG BÌNH TÂN,SG HƯNG LONG,2026-07-13 15:09:53,2026-07-13 12:07:09,2026-07-12 14:53:02,,Đang trên bãi,14.63,Shuttle,FC,Forecast
530967490103,SG HƯNG LONG,BN HUB,BG BẮC GIANG,SG HƯNG LONG,2026-07-13 15:09:48,2026-07-13 12:08:48,2026-07-12 14:53:52,,Đang trên bãi,11.37,Linehaul,BN HUB,Forecast
530984870103,SG HƯNG LONG,BN HUB,HN CẦU GIẤY,SG HƯNG LONG,2026-07-13 15:09:43,2026-07-13 07:49:43,2026-07-11 13:28:53,,Đang trên bãi,8.61,Linehaul,BN HUB,Forecast
530615690103,SG HƯNG LONG,VT VŨNG TÀU,VT VŨNG TÀU,SG HƯNG LONG,2026-07-13 15:09:35,2026-07-13 12:07:51,2026-07-12 14:52:56,,Đang trên bãi,10.97,Shuttle,FC,Forecast
530470510104,SG HƯNG LONG,SG BẢY HIỀN,SG BẢY HIỀN,SG HƯNG LONG,2026-07-13 15:09:33,2026-07-13 12:06:42,2026-07-12 14:54:01,,Đang trên bãi,13.81,Shuttle,FC,Forecast
530413480103,SG HƯNG LONG,AG TÂN CHÂU,AG TÂN CHÂU,SG HƯNG LONG,2026-07-13 15:09:24,2026-07-13 12:08:56,2026-07-11 14:51:09,,Đang trên bãi,6.09,Shuttle,FC,Forecast
530556290103,SG HƯNG LONG,SG BÀ ĐIỂM,SG BÀ ĐIỂM,SG HƯNG LONG,2026-07-13 15:09:19,2026-07-13 12:07:24,2026-07-12 14:52:45,,Đang trên bãi,11.37,Shuttle,FC,Forecast
530101800104,SG HƯNG LONG,BD BÌNH HÒA,BD BÌNH HÒA,SG HƯNG LONG,2026-07-13 15:09:12,2026-07-13 12:08:16,2026-07-13 07:32:41,,Đang trên bãi,7.51,Shuttle,FC,Forecast
530689290103,SG HƯNG LONG,SG XUÂN HÒA,SG XUÂN HÒA,SG HƯNG LONG,2026-07-13 15:09:07,2026-07-13 12:07:42,2026-07-13 07:32:42,,Đang trên bãi,13.81,Shuttle,FC,Forecast
530871690103,SG HƯNG LONG,SG BÌNH TRỊ ĐÔNG,SG BÌNH TRỊ ĐÔNG,SG HƯNG LONG,2026-07-13 15:09:01,2026-07-13 12:08:25,2026-07-12 14:52:57,,Đang trên bãi,10.16,Shuttle,FC,Forecast
530716490103,SG HƯNG LONG,VL VĨNH LONG,VL VĨNH LONG,SG HƯNG LONG,2026-07-13 15:08:56,2026-07-13 12:08:34,2026-07-12 14:52:45,,Đang trên bãi,12.79,Shuttle,FC,Forecast
530601120104,SG HƯNG LONG,BD BÌNH HÒA,BD BÌNH HÒA,SG HƯNG LONG,2026-07-13 15:08:50,2026-07-13 12:14:04,2026-07-13 06:54:32,,Đang trên bãi,5.5,Shuttle,FC,Forecast
530822520104,SG HƯNG LONG,SG GÒ VẤP,SG GÒ VẤP,SG HƯNG LONG,2026-07-13 15:08:49,2026-07-13 12:14:35,2026-07-13 06:54:32,,Đang trên bãi,5.5,Shuttle,FC,Forecast
530803720104,SG HƯNG LONG,CT LONG MỸ,CT LONG MỸ,SG HƯNG LONG,2026-07-13 15:08:41,2026-07-13 12:14:03,2026-07-13 06:54:32,,Đang trên bãi,5.5,Shuttle,FC,Forecast
530883490103,SG HƯNG LONG,SG TÂN NHỰT,SG TÂN NHỰT,SG HƯNG LONG,2026-07-13 15:08:36,2026-07-13 12:14:43,2026-07-13 07:07:32,,Đang trên bãi,5.7,Shuttle,FC,Forecast
530822720104,SG HƯNG LONG,VL VĨNH LONG,VL VĨNH LONG,SG HƯNG LONG,2026-07-13 15:08:30,2026-07-13 12:13:54,2026-07-13 06:54:32,,Đang trên bãi,5.5,Shuttle,FC,Forecast
530451320104,SG HƯNG LONG,SG BÀ ĐIỂM,SG BÀ ĐIỂM,SG HƯNG LONG,2026-07-13 15:08:27,2026-07-13 12:15:09,2026-07-13 07:33:11,,Đang trên bãi,9.33,Shuttle,FC,Forecast
530257510104,SG HƯNG LONG,SG PHÚ LÂM,SG PHÚ LÂM,SG HƯNG LONG,2026-07-13 15:08:19,2026-07-13 12:07:34,2026-07-12 14:52:49,,Đang trên bãi,14.63,Shuttle,FC,Forecast
530992190103,SG HƯNG LONG,BN HUB,HN LONG BIÊN,SG HƯNG LONG,2026-07-13 15:08:15,2026-07-13 12:09:06,2026-07-11 14:52:13,,Đang trên bãi,10.07,Linehaul,BN HUB,Forecast
530393890103,SG HƯNG LONG,LA TÂN AN,LA TÂN AN,SG HƯNG LONG,2026-07-13 15:08:09,2026-07-13 12:06:55,2026-07-13 07:32:41,,Đang trên bãi,13.81,Shuttle,FC,Forecast
530162490103,SG HƯNG LONG,CT NINH KIỀU,CT NINH KIỀU,SG HƯNG LONG,2026-07-13 15:08:04,2026-07-13 12:08:00,2026-07-12 14:52:50,,Đang trên bãi,11.11,Shuttle,FC,Forecast
530892990103,SG HƯNG LONG,BN HUB,HN HẠ BẰNG,SG HƯNG LONG,2026-07-13 15:07:59,2026-07-13 12:09:04,2026-07-11 14:51:20,,Đang trên bãi,7.85,Linehaul,BN HUB,Forecast
530379090103,SG HƯNG LONG,BN HUB,BG BẮC GIANG,SG HƯNG LONG,2026-07-13 15:07:55,2026-07-13 12:14:00,2026-07-13 06:54:32,,Đang trên bãi,5.5,Linehaul,BN HUB,Forecast
530424720104,SG HƯNG LONG,LA ĐỨC HÒA,LA ĐỨC HÒA,SG HƯNG LONG,2026-07-13 15:07:50,2026-07-13 12:14:06,2026-07-13 06:54:32,,Đang trên bãi,5.5,Shuttle,FC,Forecast
530522500104,SG HƯNG LONG,ST VĨNH CHÂU,ST VĨNH CHÂU,SG HƯNG LONG,2026-07-13 15:07:44,2026-07-13 12:15:17,2026-07-11 16:02:36,,Đang trên bãi,11.0,Shuttle,FC,Forecast
530483870103,SG HƯNG LONG,BD BÌNH HÒA,BD BÌNH HÒA,SG HƯNG LONG,2026-07-13 15:07:39,2026-07-13 12:09:16,2026-07-11 14:51:08,,Đang trên bãi,10.07,Shuttle,FC,Forecast
530514320104,SG HƯNG LONG,SG BÌNH TÂN,SG BÌNH TÂN,SG HƯNG LONG,2026-07-13 15:07:33,2026-07-13 12:15:02,2026-07-13 06:54:32,,Đang trên bãi,5.5,Shuttle,FC,Forecast
530434920104,SG HƯNG LONG,VT LONG ĐẤT,VT LONG ĐẤT,SG HƯNG LONG,2026-07-13 15:07:27,2026-07-13 12:15:08,2026-07-13 07:33:12,,Đang trên bãi,5.1,Shuttle,FC,Forecast
530181090103,SG HƯNG LONG,TG TRUNG AN,TG TRUNG AN,SG HƯNG LONG,2026-07-13 15:07:21,2026-07-13 12:14:53,2026-07-13 06:54:32,,Đang trên bãi,8.5,Shuttle,FC,Forecast
530424920104,SG HƯNG LONG,LA ĐỨC HÒA,LA ĐỨC HÒA,SG HƯNG LONG,2026-07-13 15:07:16,2026-07-13 12:14:36,2026-07-13 06:54:32,,Đang trên bãi,5.5,Shuttle,FC,Forecast
530883690103,SG HƯNG LONG,BN HUB,BG BẮC GIANG,SG HƯNG LONG,2026-07-13 15:07:12,2026-07-13 12:14:47,2026-07-13 07:07:38,,Đang trên bãi,5.7,Linehaul,BN HUB,Forecast
530896690103,SG HƯNG LONG,SG CỦ CHI,SG CỦ CHI,SG HƯNG LONG,2026-07-13 15:07:05,2026-07-13 12:15:05,2026-07-13 07:33:11,,Đang trên bãi,9.33,Shuttle,FC,Forecast
530597790103,SG HƯNG LONG,SG NHƠN ĐỨC,SG NHƠN ĐỨC,SG HƯNG LONG,2026-07-13 15:07:00,2026-07-13 12:09:05,2026-07-11 14:51:08,,Đang trên bãi,8.28,Shuttle,FC,Forecast
530123000104,SG HƯNG LONG,BN HUB,HN THANH TRÌ,SG HƯNG LONG,2026-07-13 15:06:57,2026-07-13 12:14:45,2026-07-13 07:07:32,,Đang trên bãi,5.7,Linehaul,BN HUB,Forecast
530226800104,SG HƯNG LONG,DT TN,DT TN,SG HƯNG LONG,2026-07-13 15:06:23,2026-07-13 12:13:57,2026-07-13 06:54:32,,Đang trên bãi,5.5,Shuttle,FC,Forecast
530501920104,SG HƯNG LONG,BN HUB,HN ĐỐNG ĐA,SG HƯNG LONG,2026-07-13 15:06:21,2026-07-13 12:14:38,2026-07-13 06:54:32,,Đang trên bãi,5.5,Linehaul,BN HUB,Forecast
530093890103,SG HƯNG LONG,LA ĐỨC HÒA,LA ĐỨC HÒA,SG HƯNG LONG,2026-07-13 15:05:54,2026-07-13 11:13:10,2026-07-13 07:26:52,,Đang trên bãi,5.1,Shuttle,FC,Forecast
530601130104,SG HƯNG LONG,SG TÂN THỚI HIỆP,SG TÂN THỚI HIỆP,SG HƯNG LONG,2026-07-13 15:05:50,2026-07-13 11:16:23,2026-07-13 09:29:53,,Đang trên bãi,15.0,Shuttle,FC,Forecast
530823600104,SG HƯNG LONG,SG TÂN THỚI HIỆP,SG TÂN THỚI HIỆP,SG HƯNG LONG,2026-07-13 15:05:47,2026-07-13 11:13:00,2026-07-13 07:26:52,,Đang trên bãi,5.1,Shuttle,FC,Forecast
530319720104,SG HƯNG LONG,BD DĨ AN,BD DĨ AN,SG HƯNG LONG,2026-07-13 15:05:43,2026-07-13 11:12:51,2026-07-13 07:26:52,,Đang trên bãi,5.1,Shuttle,FC,Forecast
530687000104,SG HƯNG LONG,SG PHÚ LÂM,SG PHÚ LÂM,SG HƯNG LONG,2026-07-13 15:05:38,2026-07-13 11:16:03,2026-07-13 09:29:53,,Đang trên bãi,6.5,Shuttle,FC,Forecast
530629610104,SG HƯNG LONG,BD DĨ AN,BD DĨ AN,SG HƯNG LONG,2026-07-13 15:05:35,2026-07-13 11:16:19,2026-07-13 09:31:09,,Đang trên bãi,15.0,Shuttle,FC,Forecast
530429210104,SG HƯNG LONG,BD BÌNH HÒA,BD BÌNH HÒA,SG HƯNG LONG,2026-07-13 15:05:30,2026-07-13 11:12:10,2026-07-13 09:29:53,,Đang trên bãi,6.0,Shuttle,FC,Forecast
530792600104,SG HƯNG LONG,SG CỦ CHI,SG CỦ CHI,SG HƯNG LONG,2026-07-13 15:05:29,2026-07-13 11:15:34,2026-07-13 09:31:09,,Đang trên bãi,16.0,Shuttle,FC,Forecast
530961890103,SG HƯNG LONG,SG THỦ ĐỨC,SG THỦ ĐỨC,SG HƯNG LONG,2026-07-13 15:05:23,2026-07-13 11:14:16,2026-07-12 14:44:22,,Đang trên bãi,11.0,Shuttle,FC,Forecast
530103130104,SG HƯNG LONG,BD DĨ AN,BD DĨ AN,SG HƯNG LONG,2026-07-13 15:05:18,2026-07-13 11:16:14,2026-07-13 09:31:09,,Đang trên bãi,15.0,Shuttle,FC,Forecast
530711920104,SG HƯNG LONG,SG HIỆP BÌNH,SG HIỆP BÌNH,SG HƯNG LONG,2026-07-13 15:05:15,2026-07-13 11:14:05,2026-07-13 07:26:52,,Đang trên bãi,16.0,Shuttle,FC,Forecast
530506800104,SG HƯNG LONG,AG TÂN CHÂU,AG TÂN CHÂU,SG HƯNG LONG,2026-07-13 15:05:12,2026-07-13 11:13:17,2026-07-13 07:26:52,,Đang trên bãi,5.1,Shuttle,FC,Forecast
530319920104,SG HƯNG LONG,LA ĐỨC HÒA,LA ĐỨC HÒA,SG HƯNG LONG,2026-07-13 15:05:09,2026-07-13 11:13:25,2026-07-13 07:26:52,,Đang trên bãi,5.1,Shuttle,FC,Forecast
530601330104,SG HƯNG LONG,BN HUB,HN SÓC SƠN,SG HƯNG LONG,2026-07-13 15:05:03,2026-07-13 11:15:55,2026-07-13 09:29:53,,Đang trên bãi,17.5,Linehaul,BN HUB,Forecast
530256890103,SG HƯNG LONG,SG BÌNH TRỊ ĐÔNG,SG BÌNH TRỊ ĐÔNG,SG HƯNG LONG,2026-07-13 15:04:57,2026-07-13 11:13:44,2026-07-12 14:44:22,,Đang trên bãi,10.0,Shuttle,FC,Forecast
530902930104,SG HƯNG LONG,SG THỦ ĐỨC,SG THỦ ĐỨC,SG HƯNG LONG,2026-07-13 15:04:53,2026-07-13 11:12:15,2026-07-13 09:29:53,,Đang trên bãi,5.5,Shuttle,FC,Forecast
530850520104,SG HƯNG LONG,LA TÂN AN,LA TÂN AN,SG HƯNG LONG,2026-07-13 15:04:10,2026-07-13 11:12:36,2026-07-13 07:26:52,,Đang trên bãi,11.0,Shuttle,FC,Forecast
530370710104,SG HƯNG LONG,SG THỦ ĐỨC,SG THỦ ĐỨC,SG HƯNG LONG,2026-07-13 15:03:56,2026-07-13 11:14:35,2026-07-12 14:44:22,,Đang trên bãi,15.0,Shuttle,FC,Forecast
530429010104,SG HƯNG LONG,BN HUB,HN SÓC SƠN,SG HƯNG LONG,2026-07-13 15:03:49,2026-07-13 11:15:16,2026-07-13 09:29:53,,Đang trên bãi,8.0,Linehaul,BN HUB,Forecast
530177520104,SG HƯNG LONG,BN HUB,HN ĐÔNG ANH,SG HƯNG LONG,2026-07-13 15:03:46,2026-07-13 11:15:25,2026-07-13 09:29:54,,Đang trên bãi,10.0,Linehaul,BN HUB,Forecast
530727400104,SG HƯNG LONG,SG TÂN THỚI HIỆP,SG TÂN THỚI HIỆP,SG HƯNG LONG,2026-07-13 15:03:36,2026-07-13 11:15:08,2026-07-13 07:26:52,,Đang trên bãi,8.0,Shuttle,FC,Forecast
530210130104,SG HƯNG LONG,SG THỦ ĐỨC,SG THỦ ĐỨC,SG HƯNG LONG,2026-07-13 15:03:33,2026-07-13 11:15:40,2026-07-13 09:29:53,,Đang trên bãi,9.0,Shuttle,FC,Forecast
530034490103,SG HƯNG LONG,SG CỦ CHI,SG CỦ CHI,SG HƯNG LONG,2026-07-13 15:03:30,2026-07-13 11:13:36,2026-07-12 14:44:22,,Đang trên bãi,11.0,Shuttle,FC,Forecast
530875120104,SG HƯNG LONG,SG GÒ VẤP,SG GÒ VẤP,SG HƯNG LONG,2026-07-13 15:03:27,2026-07-13 11:12:44,2026-07-13 09:29:53,,Đang trên bãi,6.5,Shuttle,FC,Forecast
530629410104,SG HƯNG LONG,BD BÌNH HÒA,BD BÌNH HÒA,SG HƯNG LONG,2026-07-13 15:03:24,2026-07-13 11:13:51,2026-07-13 09:31:09,,Đang trên bãi,6.0,Shuttle,FC,Forecast
530236890103,SG HƯNG LONG,SG HIỆP BÌNH,SG HIỆP BÌNH,SG HƯNG LONG,2026-07-13 15:03:21,2026-07-13 11:14:51,2026-07-12 14:44:22,,Đang trên bãi,15.0,Shuttle,FC,Forecast
530370910104,SG HƯNG LONG,CT NINH KIỀU,CT NINH KIỀU,SG HƯNG LONG,2026-07-13 15:03:19,2026-07-13 11:14:25,2026-07-12 14:44:22,,Đang trên bãi,8.1,Shuttle,FC,Forecast
530961690103,SG HƯNG LONG,BD DĨ AN,BD DĨ AN,SG HƯNG LONG,2026-07-13 15:03:13,2026-07-13 11:14:56,2026-07-12 14:44:22,,Đang trên bãi,15.0,Shuttle,FC,Forecast
530509120104,SG HƯNG LONG,AG AN PHÚ,AG AN PHÚ,SG HƯNG LONG,2026-07-13 15:03:05,2026-07-13 12:16:11,2026-07-13 07:07:32,,Đang trên bãi,7.2,Shuttle,FC,Forecast
530387870103,SG HƯNG LONG,SG PHÚ LÂM,SG PHÚ LÂM,SG HƯNG LONG,2026-07-13 15:03:03,2026-07-13 12:16:08,2026-07-11 16:26:45,,Đang trên bãi,7.2,Shuttle,FC,Forecast
530028720104,SG HƯNG LONG,AG THOẠI SƠN,AG THOẠI SƠN,SG HƯNG LONG,2026-07-13 15:03:00,2026-07-13 12:16:04,2026-07-13 07:07:37,,Đang trên bãi,7.2,Shuttle,FC,Forecast
530326720104,SG HƯNG LONG,VT XUYÊN MỘC,VT XUYÊN MỘC,SG HƯNG LONG,2026-07-13 15:02:49,2026-07-13 12:16:02,2026-07-13 07:07:35,,Đang trên bãi,7.2,Shuttle,FC,Forecast
530928920104,SG HƯNG LONG,DT SA ĐÉC,DT SA ĐÉC,SG HƯNG LONG,2026-07-13 15:02:23,2026-07-13 11:21:48,2026-07-13 07:33:56,,Đang trên bãi,129.6,Shuttle,FC,Forecast
530106130104,SG BÌNH LỢI,VT LONG ĐẤT,VT LONG ĐẤT,SG BÌNH LỢI,2026-07-13 14:58:16,2026-07-13 13:22:29,2026-07-13 09:36:15,,Đang trên bãi,11.0,Shuttle,FC,Forecast
530421690103,SG BÌNH LỢI,SG BÌNH LỢI,SG BÌNH LỢI,SG BÌNH LỢI,2026-07-13 14:57:43,2026-07-13 11:20:05,2026-07-12 18:19:21,,Đang trên bãi,5.09,Shuttle,FC,Forecast
530950690103,SG BÌNH LỢI,SG ĐÔNG HƯNG THUẬN,SG ĐÔNG HƯNG THUẬN,SG BÌNH LỢI,2026-07-13 14:57:39,2026-07-13 11:21:34,2026-07-12 22:12:14,,Đang trên bãi,12.13,Shuttle,FC,Forecast
530932890103,SG BÌNH LỢI,SG CỦ CHI,SG CỦ CHI,SG BÌNH LỢI,2026-07-13 14:57:37,2026-07-13 11:24:22,2026-07-12 18:08:35,,Đang trên bãi,10.08,Shuttle,FC,Forecast
530592800104,SG BÌNH LỢI,BD BÌNH HÒA,BD BÌNH HÒA,SG BÌNH LỢI,2026-07-13 14:57:32,2026-07-13 11:25:20,2026-07-13 09:24:20,,Đang trên bãi,13.0,Shuttle,FC,Forecast
530344290103,SG BÌNH LỢI,SG TÂN HƯNG,SG TÂN HƯNG,SG BÌNH LỢI,2026-07-13 14:57:29,2026-07-13 11:21:30,2026-07-12 20:15:45,,Đang trên bãi,12.13,Shuttle,FC,Forecast
530991000104,SG BÌNH LỢI,VT VŨNG TÀU,VT VŨNG TÀU,SG BÌNH LỢI,2026-07-13 14:57:27,2026-07-13 11:25:56,2026-07-13 09:30:49,,Đang trên bãi,10.18,Shuttle,FC,Forecast
530767310104,SG BÌNH LỢI,SG ĐÔNG HƯNG THUẬN,SG ĐÔNG HƯNG THUẬN,SG BÌNH LỢI,2026-07-13 14:57:23,2026-07-13 11:21:09,2026-07-12 22:35:08,,Đang trên bãi,6.24,Shuttle,FC,Forecast
530912520104,SG BÌNH LỢI,SG THỦ ĐỨC,SG THỦ ĐỨC,SG BÌNH LỢI,2026-07-13 14:57:17,2026-07-13 11:21:15,2026-07-12 21:03:28,,Đang trên bãi,9.5,Shuttle,FC,Forecast
530484910104,SG BÌNH LỢI,SG BÌNH TRỊ ĐÔNG,SG BÌNH TRỊ ĐÔNG,SG BÌNH LỢI,2026-07-13 14:57:14,2026-07-13 11:21:20,2026-07-12 22:30:15,,Đang trên bãi,12.48,Shuttle,FC,Forecast
530237690103,SG BÌNH LỢI,SG TÂN TẠO,SG TÂN TẠO,SG BÌNH LỢI,2026-07-13 14:57:09,2026-07-13 11:21:28,2026-07-12 20:17:27,,Đang trên bãi,12.48,Shuttle,FC,Forecast
530712320104,SG BÌNH LỢI,ST VĨNH CHÂU,ST VĨNH CHÂU,SG BÌNH LỢI,2026-07-13 14:57:05,2026-07-13 11:21:33,2026-07-12 20:33:07,,Đang trên bãi,10.01,Shuttle,FC,Forecast
530976310104,SG BÌNH LỢI,CT LONG MỸ,CT LONG MỸ,SG BÌNH LỢI,2026-07-13 14:57:03,2026-07-13 11:21:32,2026-07-12 19:23:49,,Đang trên bãi,15.99,Shuttle,FC,Forecast
530337290103,SG BÌNH LỢI,AG LONG XUYÊN,AG LONG XUYÊN,SG BÌNH LỢI,2026-07-13 14:56:55,2026-07-13 11:21:29,2026-07-12 20:26:23,,Đang trên bãi,10.01,Shuttle,FC,Forecast
530861510104,SG BÌNH LỢI,BD BÌNH HÒA,BD BÌNH HÒA,SG BÌNH LỢI,2026-07-13 14:56:52,2026-07-13 11:21:31,2026-07-12 18:40:26,,Đang trên bãi,10.0,Shuttle,FC,Forecast
530017120104,SG BÌNH LỢI,TG TRUNG AN,TG TRUNG AN,SG BÌNH LỢI,2026-07-13 14:56:50,2026-07-13 11:21:18,2026-07-12 21:54:49,,Đang trên bãi,12.48,Shuttle,FC,Forecast
530189710104,SG BÌNH LỢI,SG HÓC MÔN,SG HÓC MÔN,SG BÌNH LỢI,2026-07-13 14:56:47,2026-07-13 11:21:10,2026-07-12 21:58:16,,Đang trên bãi,12.48,Shuttle,FC,Forecast
530416520104,SG BÌNH LỢI,LA BẾN LỨC,LA BẾN LỨC,SG BÌNH LỢI,2026-07-13 14:56:44,2026-07-13 11:21:17,2026-07-12 21:12:24,,Đang trên bãi,7.0,Shuttle,FC,Forecast
530064490103,SG BÌNH LỢI,SG THỦ ĐỨC,SG THỦ ĐỨC,SG BÌNH LỢI,2026-07-13 14:56:41,2026-07-13 11:21:08,2026-07-12 22:34:31,,Đang trên bãi,6.24,Shuttle,FC,Forecast
530621890103,SG BÌNH LỢI,SG VĨNH LỘC,SG VĨNH LỘC,SG BÌNH LỢI,2026-07-13 14:56:39,2026-07-13 11:21:10,2026-07-12 19:20:38,,Đang trên bãi,12.48,Shuttle,FC,Forecast
530854090103,SG BÌNH LỢI,SG GÒ VẤP,SG GÒ VẤP,SG BÌNH LỢI,2026-07-13 14:56:34,2026-07-13 11:21:43,2026-07-13 01:11:58,,Đang trên bãi,11.0,Shuttle,FC,Forecast
530355890103,SG BÌNH LỢI,LA BẾN LỨC,LA BẾN LỨC,SG BÌNH LỢI,2026-07-13 14:56:32,2026-07-13 09:25:29,2026-07-13 06:13:28,,Đang trên bãi,5.2,Shuttle,FC,Forecast
530466310104,SG BÌNH LỢI,CT NINH KIỀU,CT NINH KIỀU,SG BÌNH LỢI,2026-07-13 14:56:29,2026-07-13 09:25:43,2026-07-12 15:52:36,,Đang trên bãi,5.2,Shuttle,FC,Forecast
530388510104,SG BÌNH LỢI,SG VĨNH LỘC,SG VĨNH LỘC,SG BÌNH LỢI,2026-07-13 14:56:27,2026-07-13 09:27:26,2026-07-12 19:14:15,,Đang trên bãi,5.2,Shuttle,FC,Forecast
530851510104,SG BÌNH LỢI,LA ĐỨC HÒA,LA ĐỨC HÒA,SG BÌNH LỢI,2026-07-13 14:56:25,2026-07-13 09:25:38,2026-07-12 16:13:44,,Đang trên bãi,5.2,Shuttle,FC,Forecast
530116520104,SG BÌNH LỢI,CT BÌNH THỦY,CT BÌNH THỦY,SG BÌNH LỢI,2026-07-13 14:56:22,2026-07-13 11:21:13,2026-07-12 20:20:51,,Đang trên bãi,7.0,Shuttle,FC,Forecast
530977310104,SG BÌNH LỢI,SG PHÚ LÂM,SG PHÚ LÂM,SG BÌNH LỢI,2026-07-13 14:56:18,2026-07-13 11:21:18,2026-07-12 23:27:53,,Đang trên bãi,12.48,Shuttle,FC,Forecast
530233490103,SG BÌNH LỢI,SG PHÚ LÂM,SG PHÚ LÂM,SG BÌNH LỢI,2026-07-13 14:56:16,2026-07-13 11:21:16,2026-07-12 19:53:29,,Đang trên bãi,12.13,Shuttle,FC,Forecast
530100520104,SG BÌNH LỢI,SG NHƠN ĐỨC,SG NHƠN ĐỨC,SG BÌNH LỢI,2026-07-13 14:56:11,2026-07-13 11:21:14,2026-07-12 23:28:07,,Đang trên bãi,7.0,Shuttle,FC,Forecast
530671910104,SG BÌNH LỢI,LA BẾN LỨC,LA BẾN LỨC,SG BÌNH LỢI,2026-07-13 14:56:09,2026-07-13 11:20:04,2026-07-12 20:59:07,,Đang trên bãi,5.09,Shuttle,FC,Forecast
530194310104,SG BÌNH LỢI,SG NHƠN ĐỨC,SG NHƠN ĐỨC,SG BÌNH LỢI,2026-07-13 14:56:06,2026-07-13 11:21:11,2026-07-12 20:16:44,,Đang trên bãi,7.0,Shuttle,FC,Forecast
530290110104,SG BÌNH LỢI,SG HIỆP BÌNH,SG HIỆP BÌNH,SG BÌNH LỢI,2026-07-13 14:56:04,2026-07-13 11:20:31,2026-07-12 21:40:08,,Đang trên bãi,12.5,Shuttle,FC,Forecast
530391320104,SG BÌNH LỢI,BN HUB,BN TỪ SƠN,SG BÌNH LỢI,2026-07-13 14:56:01,2026-07-13 11:25:52,2026-07-13 09:24:30,,Đang trên bãi,6.81,Linehaul,BN HUB,Forecast
530134210104,SG BÌNH LỢI,SG HIỆP BÌNH,SG HIỆP BÌNH,SG BÌNH LỢI,2026-07-13 14:55:58,2026-07-13 11:25:17,2026-07-13 09:31:48,,Đang trên bãi,13.0,Shuttle,FC,Forecast
530410610104,SG BÌNH LỢI,SG KHÁNH HỘI,SG KHÁNH HỘI,SG BÌNH LỢI,2026-07-13 14:55:54,2026-07-13 11:25:46,2026-07-13 10:21:14,,Đang trên bãi,10.08,Shuttle,FC,Forecast
530521210104,SG BÌNH LỢI,BN HUB,HN NAM TỪ LIÊM,SG BÌNH LỢI,2026-07-13 14:55:52,2026-07-13 11:25:54,2026-07-13 09:22:01,,Đang trên bãi,6.81,Linehaul,BN HUB,Forecast
530593920104,SG BÌNH LỢI,3PL,SETN,SG BÌNH LỢI,2026-07-13 14:55:47,2026-07-13 11:25:57,2026-07-13 10:05:19,,Đang trên bãi,6.24,Shuttle,3PL,Forecast
530521610104,SG BÌNH LỢI,BN HUB,HN LONG BIÊN,SG BÌNH LỢI,2026-07-13 14:55:45,2026-07-13 11:25:53,2026-07-13 09:23:43,,Đang trên bãi,6.81,Linehaul,BN HUB,Forecast
530637610104,SG BÌNH LỢI,SG TÂN TẠO,SG TÂN TẠO,SG BÌNH LỢI,2026-07-13 14:55:43,2026-07-13 11:26:02,2026-07-13 10:16:55,,Đang trên bãi,10.18,Shuttle,FC,Forecast
530014330104,SG BÌNH LỢI,DT SA ĐÉC,DT SA ĐÉC,SG BÌNH LỢI,2026-07-13 14:55:41,2026-07-13 11:25:18,2026-07-13 09:31:46,,Đang trên bãi,5.09,Shuttle,FC,Forecast
530999600104,SG BÌNH LỢI,SG HIỆP BÌNH,SG HIỆP BÌNH,SG BÌNH LỢI,2026-07-13 14:55:39,2026-07-13 11:25:59,2026-07-13 10:07:14,,Đang trên bãi,10.18,Shuttle,FC,Forecast
530637490103,SG BÌNH LỢI,SG TÂN SƠN NHÌ,SG TÂN SƠN NHÌ,SG BÌNH LỢI,2026-07-13 14:55:37,2026-07-13 11:20:06,2026-07-12 21:43:25,,Đang trên bãi,5.09,Shuttle,FC,Forecast
530608010104,SG BÌNH LỢI,3PL,SETN,SG BÌNH LỢI,2026-07-13 14:55:34,2026-07-13 11:26:00,2026-07-13 10:04:07,,Đang trên bãi,10.6,Shuttle,3PL,Forecast
530705920104,SG BÌNH LỢI,SG BÌNH LỢI TRUNG,SG BÌNH LỢI TRUNG,SG BÌNH LỢI,2026-07-13 14:55:30,2026-07-13 11:24:21,2026-07-12 19:36:28,,Đang trên bãi,10.08,Shuttle,FC,Forecast
530405290103,SG BÌNH LỢI,SG TÂN TẠO,SG TÂN TẠO,SG BÌNH LỢI,2026-07-13 14:55:25,2026-07-13 09:25:39,2026-07-12 13:14:12,,Đang trên bãi,5.2,Shuttle,FC,Forecast
530429710104,SG BÌNH LỢI,CT Ô MÔN,CT Ô MÔN,SG BÌNH LỢI,2026-07-13 14:55:24,2026-07-13 09:25:33,2026-07-12 13:27:16,,Đang trên bãi,5.2,Shuttle,FC,Forecast
530217490103,SG BÌNH LỢI,CT NINH KIỀU,CT NINH KIỀU,SG BÌNH LỢI,2026-07-13 14:55:23,2026-07-13 09:25:44,2026-07-12 15:52:36,,Đang trên bãi,5.2,Shuttle,FC,Forecast
530481280103,SG BÌNH LỢI,SG TÂN HƯNG,SG TÂN HƯNG,SG BÌNH LỢI,2026-07-13 14:55:21,2026-07-13 09:25:31,2026-07-12 13:00:54,,Đang trên bãi,5.2,Shuttle,FC,Forecast
530722710104,SG BÌNH LỢI,VL VĨNH LONG,VL VĨNH LONG,SG BÌNH LỢI,2026-07-13 14:55:12,2026-07-13 09:25:40,2026-07-12 12:27:05,,Đang trên bãi,5.2,Shuttle,FC,Forecast
530852490103,SG BÌNH LỢI,SG VĨNH LỘC,SG VĨNH LỘC,SG BÌNH LỢI,2026-07-13 14:55:10,2026-07-13 11:19:34,2026-07-12 21:26:28,,Đang trên bãi,6.24,Shuttle,FC,Forecast
530113710104,SG BÌNH LỢI,CT Ô MÔN,CT Ô MÔN,SG BÌNH LỢI,2026-07-13 14:55:09,2026-07-13 09:25:32,2026-07-12 11:40:19,,Đang trên bãi,5.2,Shuttle,FC,Forecast
530271690103,SG BÌNH LỢI,AG TÂN CHÂU,AG TÂN CHÂU,SG BÌNH LỢI,2026-07-13 14:55:05,2026-07-13 09:25:45,2026-07-12 14:00:45,,Đang trên bãi,5.2,Shuttle,FC,Forecast
530173890103,SG BÌNH LỢI,SG BÌNH TRỊ ĐÔNG,SG BÌNH TRỊ ĐÔNG,SG BÌNH LỢI,2026-07-13 14:55:03,2026-07-13 09:25:41,2026-07-12 20:40:55,,Đang trên bãi,5.2,Shuttle,FC,Forecast
530022690103,SG BÌNH LỢI,SG CỦ CHI,SG CỦ CHI,SG BÌNH LỢI,2026-07-13 14:55:00,2026-07-13 09:25:35,2026-07-12 13:00:54,,Đang trên bãi,5.2,Shuttle,FC,Forecast
530406210104,SG BÌNH LỢI,SG CHỢ LỚN,SG CHỢ LỚN,SG BÌNH LỢI,2026-07-13 14:54:58,2026-07-13 11:32:19,2026-07-13 09:45:50,,Đang trên bãi,7.0,Shuttle,FC,Forecast
530843290103,SG BÌNH LỢI,SG TÂN NHỰT,SG TÂN NHỰT,SG BÌNH LỢI,2026-07-13 14:54:56,2026-07-13 09:25:36,2026-07-12 22:39:57,,Đang trên bãi,5.2,Shuttle,FC,Forecast
530587290103,SG BÌNH LỢI,SG CHỢ LỚN,SG CHỢ LỚN,SG BÌNH LỢI,2026-07-13 14:54:54,2026-07-13 11:19:52,2026-07-12 23:24:37,,Đang trên bãi,7.0,Shuttle,FC,Forecast
530276690103,SG BÌNH LỢI,SG HƯNG LONG,SG HƯNG LONG,SG BÌNH LỢI,2026-07-13 14:54:52,2026-07-13 11:21:48,2026-07-13 05:17:59,,Đang trên bãi,15.62,Shuttle,FC,Forecast
530116920104,SG BÌNH LỢI,SG TÂN TẠO,SG TÂN TẠO,SG BÌNH LỢI,2026-07-13 14:54:48,2026-07-13 11:24:25,2026-07-12 20:24:33,,Đang trên bãi,7.0,Shuttle,FC,Forecast
530936210104,SG BÌNH LỢI,SG AN PHÚ ĐÔNG,SG AN PHÚ ĐÔNG,SG BÌNH LỢI,2026-07-13 14:54:45,2026-07-13 11:32:03,2026-07-13 10:00:05,,Đang trên bãi,5.09,Shuttle,FC,Forecast
530742090103,SG BÌNH LỢI,CT Ô MÔN,CT Ô MÔN,SG BÌNH LỢI,2026-07-13 14:54:40,2026-07-13 11:22:10,2026-07-12 19:20:16,,Đang trên bãi,6.9,Shuttle,FC,Forecast
530892710104,SG BÌNH LỢI,SG CHỢ LỚN,SG CHỢ LỚN,SG BÌNH LỢI,2026-07-13 14:54:38,2026-07-13 11:20:28,2026-07-12 23:04:08,,Đang trên bãi,6.0,Shuttle,FC,Forecast
530971310104,SG BÌNH LỢI,LA BẾN LỨC,LA BẾN LỨC,SG BÌNH LỢI,2026-07-13 14:54:35,2026-07-13 11:20:50,2026-07-12 21:53:46,,Đang trên bãi,5.9,Shuttle,FC,Forecast
530753690103,SG BÌNH LỢI,SG TÂN HƯNG,SG TÂN HƯNG,SG BÌNH LỢI,2026-07-13 14:54:32,2026-07-13 11:24:28,2026-07-13 04:10:09,,Đang trên bãi,6.9,Shuttle,FC,Forecast
530994310104,SG BÌNH LỢI,VL CHỢ LÁCH,VL CHỢ LÁCH,SG BÌNH LỢI,2026-07-13 14:54:29,2026-07-13 11:22:36,2026-07-12 23:24:36,,Đang trên bãi,8.03,Shuttle,FC,Forecast
530765310104,SG BÌNH LỢI,SG PHÚ LÂM,SG PHÚ LÂM,SG BÌNH LỢI,2026-07-13 14:54:28,2026-07-13 11:19:24,2026-07-12 21:33:15,,Đang trên bãi,8.0,Shuttle,FC,Forecast
530516920104,SG BÌNH LỢI,SG THỦ ĐỨC,SG THỦ ĐỨC,SG BÌNH LỢI,2026-07-13 14:54:24,2026-07-13 11:19:25,2026-07-12 21:18:49,,Đang trên bãi,9.82,Shuttle,FC,Forecast
530392510104,SG BÌNH LỢI,SG AN LẠC,SG AN LẠC,SG BÌNH LỢI,2026-07-13 14:54:22,2026-07-13 11:20:18,2026-07-12 21:30:34,,Đang trên bãi,6.3,Shuttle,FC,Forecast
530912720104,SG BÌNH LỢI,SG TÂN NHỰT,SG TÂN NHỰT,SG BÌNH LỢI,2026-07-13 14:54:20,2026-07-13 11:20:15,2026-07-12 21:04:24,,Đang trên bãi,5.1,Shuttle,FC,Forecast
530913690103,SG BÌNH LỢI,CT Ô MÔN,CT Ô MÔN,SG BÌNH LỢI,2026-07-13 14:54:18,2026-07-13 11:19:40,2026-07-12 19:31:04,,Đang trên bãi,9.9,Shuttle,FC,Forecast
530550490103,SG BÌNH LỢI,SG BÌNH TÂN,SG BÌNH TÂN,SG BÌNH LỢI,2026-07-13 14:54:16,2026-07-13 11:20:55,2026-07-12 21:15:49,,Đang trên bãi,7.7,Shuttle,FC,Forecast
530465110104,SG BÌNH LỢI,SG THỦ ĐỨC,SG THỦ ĐỨC,SG BÌNH LỢI,2026-07-13 14:54:15,2026-07-13 11:19:33,2026-07-12 19:25:03,,Đang trên bãi,6.3,Shuttle,FC,Forecast
530942690103,SG BÌNH LỢI,SG HIỆP BÌNH,SG HIỆP BÌNH,SG BÌNH LỢI,2026-07-13 14:54:11,2026-07-13 11:21:02,2026-07-12 20:15:43,,Đang trên bãi,7.7,Shuttle,FC,Forecast
530886490103,SG BÌNH LỢI,SG HÓC MÔN,SG HÓC MÔN,SG BÌNH LỢI,2026-07-13 14:54:09,2026-07-13 11:19:46,2026-07-12 22:02:26,,Đang trên bãi,6.3,Shuttle,FC,Forecast
530705320104,SG BÌNH LỢI,VT VŨNG TÀU,VT VŨNG TÀU,SG BÌNH LỢI,2026-07-13 14:54:07,2026-07-13 11:19:30,2026-07-12 19:25:56,,Đang trên bãi,9.82,Shuttle,FC,Forecast
530812920104,SG BÌNH LỢI,AG AN PHÚ,AG AN PHÚ,SG BÌNH LỢI,2026-07-13 14:54:04,2026-07-13 11:19:37,2026-07-12 20:49:45,,Đang trên bãi,6.24,Shuttle,FC,Forecast
530235010104,SG BÌNH LỢI,SG PHÚ LÂM,SG PHÚ LÂM,SG BÌNH LỢI,2026-07-13 14:54:00,2026-07-13 11:25:58,2026-07-13 09:53:23,,Đang trên bãi,5.09,Shuttle,FC,Forecast
530210930104,SG BÌNH LỢI,VT CHÂU ĐỨC,VT CHÂU ĐỨC,SG BÌNH LỢI,2026-07-13 14:53:58,2026-07-13 11:25:50,2026-07-13 09:30:53,,Đang trên bãi,5.09,Shuttle,FC,Forecast
530102200104,SG BÌNH LỢI,SG AN PHÚ ĐÔNG,SG AN PHÚ ĐÔNG,SG BÌNH LỢI,2026-07-13 14:53:56,2026-07-13 11:25:45,2026-07-13 00:42:57,,Đang trên bãi,20.0,Shuttle,FC,Forecast
530816410104,SG BÌNH LỢI,BD DĨ AN,BD DĨ AN,SG BÌNH LỢI,2026-07-13 14:53:52,2026-07-13 11:25:25,2026-07-13 10:20:20,,Đang trên bãi,10.18,Shuttle,FC,Forecast
530654490103,SG BÌNH LỢI,LA TÂN AN,LA TÂN AN,SG BÌNH LỢI,2026-07-13 14:53:49,2026-07-13 11:20:53,2026-07-13 00:17:05,,Đang trên bãi,9.82,Shuttle,FC,Forecast
530524010104,SG BÌNH LỢI,SG TÂN TẠO,SG TÂN TẠO,SG BÌNH LỢI,2026-07-13 14:53:46,2026-07-13 11:25:26,2026-07-13 10:19:48,,Đang trên bãi,10.18,Shuttle,FC,Forecast
530393400104,SG BÌNH LỢI,SG CHỢ LỚN,SG CHỢ LỚN,SG BÌNH LỢI,2026-07-13 14:53:42,2026-07-13 11:25:55,2026-07-13 10:04:12,,Đang trên bãi,13.0,Shuttle,FC,Forecast
530802330104,SG BÌNH LỢI,SG AN PHÚ ĐÔNG,SG AN PHÚ ĐÔNG,SG BÌNH LỢI,2026-07-13 14:53:40,2026-07-13 11:25:19,2026-07-13 09:24:03,,Đang trên bãi,10.18,Shuttle,FC,Forecast
530410210104,SG BÌNH LỢI,SG CỦ CHI,SG CỦ CHI,SG BÌNH LỢI,2026-07-13 14:53:37,2026-07-13 11:31:38,2026-07-13 10:20:50,,Đang trên bãi,7.7,Shuttle,FC,Forecast
530984510104,SG BÌNH LỢI,TG TRUNG AN,TG TRUNG AN,SG BÌNH LỢI,2026-07-13 14:53:35,2026-07-13 11:22:05,2026-07-13 01:14:08,,Đang trên bãi,7.0,Shuttle,FC,Forecast
530497120104,SG BÌNH LỢI,SG AN LẠC,SG AN LẠC,SG BÌNH LỢI,2026-07-13 14:53:34,2026-07-13 11:31:45,2026-07-13 09:59:49,,Đang trên bãi,5.09,Shuttle,FC,Forecast
530889110104,SG BÌNH LỢI,SG BÌNH TRỊ ĐÔNG,SG BÌNH TRỊ ĐÔNG,SG BÌNH LỢI,2026-07-13 14:53:33,2026-07-13 11:22:12,2026-07-12 23:45:33,,Đang trên bãi,5.2,Shuttle,FC,Forecast
530789710104,SG BÌNH LỢI,BD BÌNH HÒA,BD BÌNH HÒA,SG BÌNH LỢI,2026-07-13 14:53:31,2026-07-13 11:21:58,2026-07-12 23:25:25,,Đang trên bãi,7.0,Shuttle,FC,Forecast
530006010104,SG BÌNH LỢI,VT VŨNG TÀU,VT VŨNG TÀU,SG BÌNH LỢI,2026-07-13 14:53:30,2026-07-13 11:25:24,2026-07-13 09:30:52,,Đang trên bãi,6.24,Shuttle,FC,Forecast
530137090103,SG BÌNH LỢI,SG HIỆP BÌNH,SG HIỆP BÌNH,SG BÌNH LỢI,2026-07-13 14:53:27,2026-07-13 11:21:54,2026-07-12 18:59:53,,Đang trên bãi,6.9,Shuttle,FC,Forecast
530391400104,SG BÌNH LỢI,TG GÒ CÔNG,TG GÒ CÔNG,SG BÌNH LỢI,2026-07-13 14:53:25,2026-07-13 11:25:33,2026-07-13 09:19:30,,Đang trên bãi,6.24,Shuttle,FC,Forecast
530290510104,SG BÌNH LỢI,SG BẢY HIỀN,SG BẢY HIỀN,SG BÌNH LỢI,2026-07-13 14:53:23,2026-07-13 11:21:52,2026-07-12 21:52:43,,Đang trên bãi,7.0,Shuttle,FC,Forecast
530637010104,SG BÌNH LỢI,BD DĨ AN,BD DĨ AN,SG BÌNH LỢI,2026-07-13 14:53:22,2026-07-13 11:26:01,2026-07-13 10:16:30,,Đang trên bãi,6.24,Shuttle,FC,Forecast
530540890103,SG BÌNH LỢI,SG AN PHÚ ĐÔNG,SG AN PHÚ ĐÔNG,SG BÌNH LỢI,2026-07-13 14:53:20,2026-07-13 11:19:43,2026-07-12 19:01:13,,Đang trên bãi,7.7,Shuttle,FC,Forecast
530604130104,SG BÌNH LỢI,SG BẢY HIỀN,SG BẢY HIỀN,SG BÌNH LỢI,2026-07-13 14:53:18,2026-07-13 11:25:32,2026-07-13 09:23:29,,Đang trên bãi,6.24,Shuttle,FC,Forecast
530290310104,SG BÌNH LỢI,TG GÒ CÔNG,TG GÒ CÔNG,SG BÌNH LỢI,2026-07-13 14:53:15,2026-07-13 11:24:19,2026-07-12 21:43:55,,Đang trên bãi,10.08,Shuttle,FC,Forecast
530895720104,SG BÌNH LỢI,SG KHÁNH HỘI,SG KHÁNH HỘI,SG BÌNH LỢI,2026-07-13 14:53:12,2026-07-13 11:32:14,2026-07-13 10:28:52,,Đang trên bãi,10.08,Shuttle,FC,Forecast
530603930104,SG BÌNH LỢI,VT XUYÊN MỘC,VT XUYÊN MỘC,SG BÌNH LỢI,2026-07-13 14:53:09,2026-07-13 11:31:57,2026-07-13 09:52:41,,Đang trên bãi,8.12,Shuttle,FC,Forecast
530291920104,SG BÌNH LỢI,SG HIỆP BÌNH,SG HIỆP BÌNH,SG BÌNH LỢI,2026-07-13 14:53:06,2026-07-13 11:25:32,2026-07-13 09:22:10,,Đang trên bãi,10.08,Shuttle,FC,Forecast
530576000104,SG BÌNH LỢI,SG BÌNH TÂN,SG BÌNH TÂN,SG BÌNH LỢI,2026-07-13 14:53:02,2026-07-13 11:33:01,2026-07-13 08:54:52,,Đang trên bãi,12.33,Shuttle,FC,Forecast
530405930104,SG BÌNH LỢI,SG BÌNH LỢI TRUNG,SG BÌNH LỢI TRUNG,SG BÌNH LỢI,2026-07-13 14:52:59,2026-07-13 11:31:42,2026-07-13 09:54:06,,Đang trên bãi,10.08,Shuttle,FC,Forecast
530775120104,SG BÌNH LỢI,CT BÌNH THỦY,CT BÌNH THỦY,SG BÌNH LỢI,2026-07-13 14:52:55,2026-07-13 11:25:23,2026-07-13 09:23:40,,Đang trên bãi,6.24,Shuttle,FC,Forecast
530686890103,SG BÌNH LỢI,SG CỦ CHI,SG CỦ CHI,SG BÌNH LỢI,2026-07-13 14:52:52,2026-07-13 11:24:25,2026-07-12 21:51:55,,Đang trên bãi,10.08,Shuttle,FC,Forecast
530586710104,SG BÌNH LỢI,SG HƯNG LONG,SG HƯNG LONG,SG BÌNH LỢI,2026-07-13 14:52:46,2026-07-13 11:27:38,2026-07-12 21:10:32,,Đang trên bãi,10.08,Shuttle,FC,Forecast
530763910104,SG BÌNH LỢI,CT Ô MÔN,CT Ô MÔN,SG BÌNH LỢI,2026-07-13 14:52:43,2026-07-13 11:27:38,2026-07-12 19:38:44,,Đang trên bãi,6.24,Shuttle,FC,Forecast
530465710104,SG BÌNH LỢI,LA ĐỨC HÒA,LA ĐỨC HÒA,SG BÌNH LỢI,2026-07-13 14:52:40,2026-07-13 11:24:22,2026-07-12 19:51:23,,Đang trên bãi,10.08,Shuttle,FC,Forecast
530129610104,SG BÌNH LỢI,LA BẾN LỨC,LA BẾN LỨC,SG BÌNH LỢI,2026-07-13 14:52:37,2026-07-13 11:25:43,2026-07-13 09:24:40,,Đang trên bãi,6.24,Shuttle,FC,Forecast
530633290103,SG BÌNH LỢI,LA ĐỨC HÒA,LA ĐỨC HÒA,SG BÌNH LỢI,2026-07-13 14:52:33,2026-07-13 11:22:23,2026-07-12 21:55:04,,Đang trên bãi,12.48,Shuttle,FC,Forecast
530184290103,SG BÌNH LỢI,AG LONG XUYÊN,AG LONG XUYÊN,SG BÌNH LỢI,2026-07-13 14:52:30,2026-07-13 11:25:44,2026-07-13 06:24:22,,Đang trên bãi,10.0,Shuttle,FC,Forecast
530475090103,SG BÌNH LỢI,AG LONG XUYÊN,AG LONG XUYÊN,SG BÌNH LỢI,2026-07-13 14:52:20,2026-07-13 11:25:21,2026-07-13 06:55:25,,Đang trên bãi,10.0,Shuttle,FC,Forecast
530693400104,SG BÌNH LỢI,SG TÂN TẠO,SG TÂN TẠO,SG BÌNH LỢI,2026-07-13 14:52:18,2026-07-13 11:25:37,2026-07-13 10:18:27,,Đang trên bãi,6.24,Shuttle,FC,Forecast
530422010104,SG BÌNH LỢI,SG TÂN THỚI HIỆP,SG TÂN THỚI HIỆP,SG BÌNH LỢI,2026-07-13 14:52:13,2026-07-13 11:25:36,2026-07-13 10:15:46,,Đang trên bãi,6.24,Shuttle,FC,Forecast
530770600104,SG BÌNH LỢI,LA ĐỨC HÒA,LA ĐỨC HÒA,SG BÌNH LỢI,2026-07-13 14:52:10,2026-07-13 11:31:43,2026-07-13 08:36:38,,Đang trên bãi,6.24,Shuttle,FC,Forecast
530043490103,SG BÌNH LỢI,SG TÂN NHỰT,SG TÂN NHỰT,SG BÌNH LỢI,2026-07-13 14:52:08,2026-07-13 11:27:31,2026-07-12 20:34:35,,Đang trên bãi,10.08,Shuttle,FC,Forecast
530977510104,SG BÌNH LỢI,SG BÌNH TRỊ ĐÔNG,SG BÌNH TRỊ ĐÔNG,SG BÌNH LỢI,2026-07-13 14:52:05,2026-07-13 11:24:24,2026-07-12 23:31:24,,Đang trên bãi,10.11,Shuttle,FC,Forecast
530797920104,SG BÌNH LỢI,SG KHÁNH HỘI,SG KHÁNH HỘI,SG BÌNH LỢI,2026-07-13 14:52:01,2026-07-13 11:25:28,2026-07-13 10:21:30,,Đang trên bãi,10.08,Shuttle,FC,Forecast
530048690103,SG BÌNH LỢI,SG BÀ ĐIỂM,SG BÀ ĐIỂM,SG BÌNH LỢI,2026-07-13 14:51:57,2026-07-13 11:24:20,2026-07-12 20:18:55,,Đang trên bãi,10.08,Shuttle,FC,Forecast
530914610104,SG BÌNH LỢI,SG PHÚ LÂM,SG PHÚ LÂM,SG BÌNH LỢI,2026-07-13 14:51:55,2026-07-13 11:25:30,2026-07-13 10:17:12,,Đang trên bãi,6.24,Shuttle,FC,Forecast
530286000104,SG BÌNH LỢI,ST PHÚ LỢI,ST PHÚ LỢI,SG BÌNH LỢI,2026-07-13 14:51:51,2026-07-13 11:25:29,2026-07-13 08:57:26,,Đang trên bãi,6.24,Shuttle,FC,Forecast
530603400104,SG BÌNH LỢI,SG GÒ VẤP,SG GÒ VẤP,SG BÌNH LỢI,2026-07-13 14:51:46,2026-07-13 11:25:22,2026-07-13 06:14:01,,Đang trên bãi,10.0,Shuttle,FC,Forecast
530485520104,SG BÌNH LỢI,LA BẾN LỨC,LA BẾN LỨC,SG BÌNH LỢI,2026-07-13 14:51:43,2026-07-13 11:31:59,2026-07-13 09:24:04,,Đang trên bãi,6.24,Shuttle,FC,Forecast
530735400104,SG BÌNH LỢI,DT TN,DT TN,SG BÌNH LỢI,2026-07-13 14:51:42,2026-07-13 11:31:55,2026-07-13 08:17:53,,Đang trên bãi,6.81,Shuttle,FC,Forecast
530568930104,SG BÌNH LỢI,SG NHƠN ĐỨC,SG NHƠN ĐỨC,SG BÌNH LỢI,2026-07-13 14:51:40,2026-07-13 11:32:04,2026-07-13 10:55:45,,Đang trên bãi,6.0,Shuttle,FC,Forecast
530307330104,SG BÌNH LỢI,BN HUB,HN PHÚ XUYÊN,SG BÌNH LỢI,2026-07-13 14:51:33,2026-07-13 11:31:56,2026-07-13 10:25:49,,Đang trên bãi,16.4,Linehaul,BN HUB,Forecast
530084710104,SG BÌNH LỢI,SG BẢY HIỀN,SG BẢY HIỀN,SG BÌNH LỢI,2026-07-13 14:51:25,2026-07-13 11:32:51,2026-07-12 21:31:18,,Đang trên bãi,13.62,Shuttle,FC,Forecast
530412320104,SG BÌNH LỢI,TG TRUNG AN,TG TRUNG AN,SG BÌNH LỢI,2026-07-13 14:51:23,2026-07-13 11:22:38,2026-07-12 19:41:44,,Đang trên bãi,8.03,Shuttle,FC,Forecast
530952490103,SG BÌNH LỢI,SG CHỢ LỚN,SG CHỢ LỚN,SG BÌNH LỢI,2026-07-13 14:51:23,2026-07-13 11:19:02,2026-07-12 21:50:24,,Đang trên bãi,6.81,Shuttle,FC,Forecast
530337720104,SG BÌNH LỢI,CT LONG MỸ,CT LONG MỸ,SG BÌNH LỢI,2026-07-13 14:51:21,2026-07-13 11:33:44,2026-07-13 07:50:22,,Đang trên bãi,5.2,Shuttle,FC,Forecast
530323530104,SG BÌNH LỢI,SG HIỆP BÌNH,SG HIỆP BÌNH,SG BÌNH LỢI,2026-07-13 14:51:19,2026-07-13 11:32:00,2026-07-13 11:04:43,,Đang trên bãi,5.09,Shuttle,FC,Forecast
530751520104,SG BÌNH LỢI,3PL,SETN,SG BÌNH LỢI,2026-07-13 14:51:14,2026-07-13 11:18:28,2026-07-13 07:41:30,,Đang trên bãi,18.0,Shuttle,3PL,Forecast
530579120104,SG BÌNH LỢI,SG AN LẠC,SG AN LẠC,SG BÌNH LỢI,2026-07-13 14:51:08,2026-07-13 11:25:35,2026-07-13 09:10:11,,Đang trên bãi,13.0,Shuttle,FC,Forecast
530210410104,SG BÌNH LỢI,LA HẬU NGHĨA,LA HẬU NGHĨA,SG BÌNH LỢI,2026-07-13 14:51:05,2026-07-13 11:25:31,2026-07-13 10:15:56,,Đang trên bãi,10.6,Shuttle,FC,Forecast
530669920104,SG BÌNH LỢI,BN HUB,HN HÀ NAM,SG BÌNH LỢI,2026-07-13 14:51:01,2026-07-13 11:31:52,2026-07-13 08:58:49,,Đang trên bãi,6.81,Linehaul,BN HUB,Forecast
530868320104,SG BÌNH LỢI,SG TÂN THỚI HIỆP,SG TÂN THỚI HIỆP,SG BÌNH LỢI,2026-07-13 14:50:57,2026-07-13 11:18:55,2026-07-13 08:35:55,,Đang trên bãi,10.0,Shuttle,FC,Forecast
530908810104,SG BÌNH LỢI,SG TÂN HƯNG,SG TÂN HƯNG,SG BÌNH LỢI,2026-07-13 14:50:54,2026-07-13 11:31:35,2026-07-13 10:25:46,,Đang trên bãi,9.9,Shuttle,FC,Forecast
530439520104,SG BÌNH LỢI,SG THỦ ĐỨC,SG THỦ ĐỨC,SG BÌNH LỢI,2026-07-13 14:50:49,2026-07-13 11:31:54,2026-07-13 08:04:40,,Đang trên bãi,6.81,Shuttle,FC,Forecast
530895120104,SG BÌNH LỢI,LA BẾN LỨC,LA BẾN LỨC,SG BÌNH LỢI,2026-07-13 14:50:45,2026-07-13 11:31:41,2026-07-13 10:22:00,,Đang trên bãi,6.24,Shuttle,FC,Forecast
530361400104,SG BÌNH LỢI,LA ĐỨC HÒA,LA ĐỨC HÒA,SG BÌNH LỢI,2026-07-13 14:50:41,2026-07-13 11:32:15,2026-07-13 08:37:18,,Đang trên bãi,6.24,Shuttle,FC,Forecast
530905930104,SG BÌNH LỢI,SG KHÁNH HỘI,SG KHÁNH HỘI,SG BÌNH LỢI,2026-07-13 14:50:38,2026-07-13 11:31:34,2026-07-13 10:11:05,,Đang trên bãi,9.82,Shuttle,FC,Forecast
530967800104,SG BÌNH LỢI,BN HUB,HN CHÚC SƠN,SG BÌNH LỢI,2026-07-13 14:50:33,2026-07-13 11:32:25,2026-07-13 08:54:24,,Đang trên bãi,12.5,Linehaul,BN HUB,Forecast
530777800104,SG BÌNH LỢI,SG PHÚ LÂM,SG PHÚ LÂM,SG BÌNH LỢI,2026-07-13 14:50:29,2026-07-13 11:32:14,2026-07-13 09:20:19,,Đang trên bãi,20.0,Shuttle,FC,Forecast
530416210104,SG BÌNH LỢI,VT LONG ĐẤT,VT LONG ĐẤT,SG BÌNH LỢI,2026-07-13 14:50:24,2026-07-13 11:31:48,2026-07-13 10:01:33,,Đang trên bãi,13.0,Shuttle,FC,Forecast
530009810104,SG BÌNH LỢI,SG VĨNH LỘC,SG VĨNH LỘC,SG BÌNH LỢI,2026-07-13 14:50:20,2026-07-13 11:32:08,2026-07-13 10:30:47,,Đang trên bãi,19.24,Shuttle,FC,Forecast
530894120104,SG BÌNH LỢI,SG HÓC MÔN,SG HÓC MÔN,SG BÌNH LỢI,2026-07-13 14:50:16,2026-07-13 11:32:10,2026-07-13 09:35:42,,Đang trên bãi,10.0,Shuttle,FC,Forecast
530434610104,SG BÌNH LỢI,SG PHÚ LÂM,SG PHÚ LÂM,SG BÌNH LỢI,2026-07-13 14:50:13,2026-07-13 11:32:09,2026-07-13 09:35:42,,Đang trên bãi,10.0,Shuttle,FC,Forecast
530752490103,SG BÌNH LỢI,VT VŨNG TÀU,VT VŨNG TÀU,SG BÌNH LỢI,2026-07-13 14:50:10,2026-07-13 11:18:47,2026-07-12 21:00:52,,Đang trên bãi,10.51,Shuttle,FC,Forecast
530328130104,SG BÌNH LỢI,LA HẬU NGHĨA,LA HẬU NGHĨA,SG BÌNH LỢI,2026-07-13 14:50:04,2026-07-13 11:32:12,2026-07-13 10:28:57,,Đang trên bãi,6.24,Shuttle,FC,Forecast
530529210104,SG BÌNH LỢI,SG TÂN THỚI HIỆP,SG TÂN THỚI HIỆP,SG BÌNH LỢI,2026-07-13 14:50:00,2026-07-13 11:32:11,2026-07-13 09:30:31,,Đang trên bãi,10.0,Shuttle,FC,Forecast
530870800104,SG BÌNH LỢI,SG BÌNH TÂN,SG BÌNH TÂN,SG BÌNH LỢI,2026-07-13 14:49:57,2026-07-13 11:18:58,2026-07-13 08:38:53,,Đang trên bãi,10.0,Shuttle,FC,Forecast
530713520104,SG BÌNH LỢI,LA ĐỨC HÒA,LA ĐỨC HÒA,SG BÌNH LỢI,2026-07-13 14:49:53,2026-07-13 11:18:41,2026-07-12 22:27:46,,Đang trên bãi,12.48,Shuttle,FC,Forecast
530935890103,SG BÌNH LỢI,SG PHÚ LÂM,SG PHÚ LÂM,SG BÌNH LỢI,2026-07-13 14:49:50,2026-07-13 11:18:44,2026-07-12 22:24:34,,Đang trên bãi,7.0,Shuttle,FC,Forecast
530986710104,SG BÌNH LỢI,SG PHÚ LÂM,SG PHÚ LÂM,SG BÌNH LỢI,2026-07-13 14:49:44,2026-07-13 11:18:43,2026-07-12 22:49:16,,Đang trên bãi,7.0,Shuttle,FC,Forecast
530512010104,SG BÌNH LỢI,BD DĨ AN,BD DĨ AN,SG BÌNH LỢI,2026-07-13 14:49:40,2026-07-13 11:32:05,2026-07-13 10:13:10,,Đang trên bãi,10.18,Shuttle,FC,Forecast
530792710104,SG BÌNH LỢI,SG BẢY HIỀN,SG BẢY HIỀN,SG BÌNH LỢI,2026-07-13 14:49:35,2026-07-13 11:19:00,2026-07-12 22:56:04,,Đang trên bãi,6.81,Shuttle,FC,Forecast
530512210104,SG BÌNH LỢI,BD DĨ AN,BD DĨ AN,SG BÌNH LỢI,2026-07-13 14:49:31,2026-07-13 11:31:46,2026-07-13 10:14:30,,Đang trên bãi,13.0,Shuttle,FC,Forecast
530814810104,SG BÌNH LỢI,SG TÂN THỚI HIỆP,SG TÂN THỚI HIỆP,SG BÌNH LỢI,2026-07-13 14:49:25,2026-07-13 11:31:47,2026-07-13 10:14:06,,Đang trên bãi,10.08,Shuttle,FC,Forecast
530198290103,SG BÌNH LỢI,BN HUB,HN THUẬN AN,SG BÌNH LỢI,2026-07-13 14:49:20,2026-07-13 11:19:03,2026-07-12 23:26:10,,Đang trên bãi,6.81,Linehaul,BN HUB,Forecast
530622210104,SG BÌNH LỢI,SG BÀ ĐIỂM,SG BÀ ĐIỂM,SG BÌNH LỢI,2026-07-13 14:49:16,2026-07-13 11:31:58,2026-07-13 10:20:12,,Đang trên bãi,8.2,Shuttle,FC,Forecast
530527320104,SG BÌNH LỢI,LA TÂN AN,LA TÂN AN,SG BÌNH LỢI,2026-07-13 14:49:10,2026-07-13 11:33:46,2026-07-13 07:47:02,,Đang trên bãi,6.0,Shuttle,FC,Forecast
530712410104,SG BÌNH LỢI,CT Ô MÔN,CT Ô MÔN,SG BÌNH LỢI,2026-07-13 14:49:07,2026-07-13 11:31:40,2026-07-13 10:32:40,,Đang trên bãi,5.2,Shuttle,FC,Forecast
530596510104,SG BÌNH LỢI,SG PHÚ LÂM,SG PHÚ LÂM,SG BÌNH LỢI,2026-07-13 14:49:04,2026-07-13 11:18:20,2026-07-13 01:51:59,,Đang trên bãi,10.6,Shuttle,FC,Forecast
530627720104,SG TÂN NHỰT,SG CỦ CHI,SG CỦ CHI,SG TÂN NHỰT,2026-07-13 14:48:59,2026-07-13 09:45:50,2026-07-13 07:50:13,,Đang trên bãi,5.9,Shuttle,FC,Forecast
530090310104,SG BÌNH LỢI,LA ĐỨC HÒA,LA ĐỨC HÒA,SG BÌNH LỢI,2026-07-13 14:48:57,2026-07-13 11:18:56,2026-07-12 20:49:43,,Đang trên bãi,12.48,Shuttle,FC,Forecast
530028800104,SG TÂN NHỰT,VT VŨNG TÀU,VT VŨNG TÀU,SG TÂN NHỰT,2026-07-13 14:48:57,2026-07-13 09:48:30,2026-07-13 07:48:12,,Đang trên bãi,5.9,Shuttle,FC,Forecast
530337320104,SG TÂN NHỰT,SG BẢY HIỀN,SG BẢY HIỀN,SG TÂN NHỰT,2026-07-13 14:48:54,2026-07-13 09:46:13,2026-07-13 07:49:31,,Đang trên bãi,5.9,Shuttle,FC,Forecast
530606330104,SG BÌNH LỢI,DT TN,DT TN,SG BÌNH LỢI,2026-07-13 14:48:52,2026-07-13 11:48:52,2026-07-13 09:59:12,,Đang trên bãi,7.7,Shuttle,FC,Forecast
530904200104,SG TÂN NHỰT,SG PHÚ LÂM,SG PHÚ LÂM,SG TÂN NHỰT,2026-07-13 14:48:49,2026-07-13 09:47:16,2026-07-13 07:48:49,,Đang trên bãi,5.9,Shuttle,FC,Forecast
530153120104,SG TÂN NHỰT,SG THỦ ĐỨC,SG THỦ ĐỨC,SG TÂN NHỰT,2026-07-13 14:48:47,2026-07-13 09:47:27,2026-07-13 07:48:49,,Đang trên bãi,5.9,Shuttle,FC,Forecast
530693520104,SG BÌNH LỢI,SG GÒ VẤP,SG GÒ VẤP,SG BÌNH LỢI,2026-07-13 14:48:47,2026-07-13 11:32:31,2026-07-13 10:07:46,,Đang trên bãi,13.2,Shuttle,FC,Forecast
530891490103,SG TÂN NHỰT,SG PHÚ LÂM,SG PHÚ LÂM,SG TÂN NHỰT,2026-07-13 14:48:45,2026-07-13 09:47:19,2026-07-13 07:48:49,,Đang trên bãi,5.9,Shuttle,FC,Forecast
530087490103,SG BÌNH LỢI,DT TN,DT TN,SG BÌNH LỢI,2026-07-13 14:48:43,2026-07-13 11:18:48,2026-07-12 22:07:14,,Đang trên bãi,6.81,Shuttle,FC,Forecast
530608200104,SG TÂN NHỰT,SG TÂN THỚI HIỆP,SG TÂN THỚI HIỆP,SG TÂN NHỰT,2026-07-13 14:48:43,2026-07-13 09:48:33,2026-07-13 07:48:13,,Đang trên bãi,5.9,Shuttle,FC,Forecast
530153920104,SG TÂN NHỰT,BD BÌNH HÒA,BD BÌNH HÒA,SG TÂN NHỰT,2026-07-13 14:48:42,2026-07-13 09:46:28,2026-07-13 07:49:31,,Đang trên bãi,5.9,Shuttle,FC,Forecast
530413600104,SG TÂN NHỰT,BD DĨ AN,BD DĨ AN,SG TÂN NHỰT,2026-07-13 14:48:39,2026-07-13 09:45:57,2026-07-13 07:50:14,,Đang trên bãi,11.8,Shuttle,FC,Forecast
530944400104,SG BÌNH LỢI,LA TÂN AN,LA TÂN AN,SG BÌNH LỢI,2026-07-13 14:48:39,2026-07-13 11:18:22,2026-07-13 08:09:20,,Đang trên bãi,10.6,Shuttle,FC,Forecast
530107600104,SG TÂN NHỰT,SG THỦ ĐỨC,SG THỦ ĐỨC,SG TÂN NHỰT,2026-07-13 14:48:37,2026-07-13 09:46:04,2026-07-13 07:49:31,,Đang trên bãi,11.8,Shuttle,FC,Forecast
530237920104,SG TÂN NHỰT,SG VĨNH LỘC,SG VĨNH LỘC,SG TÂN NHỰT,2026-07-13 14:48:34,2026-07-13 09:47:51,2026-07-13 07:48:49,,Đang trên bãi,11.8,Shuttle,FC,Forecast
530329120104,SG TÂN NHỰT,ST PHÚ LỢI,ST PHÚ LỢI,SG TÂN NHỰT,2026-07-13 14:48:32,2026-07-13 09:48:02,2026-07-13 07:48:49,,Đang trên bãi,5.9,Shuttle,FC,Forecast
530158320104,SG TÂN NHỰT,SG THỦ ĐỨC,SG THỦ ĐỨC,SG TÂN NHỰT,2026-07-13 14:48:30,2026-07-13 09:48:05,2026-07-13 07:48:49,,Đang trên bãi,5.9,Shuttle,FC,Forecast
530904400104,SG TÂN NHỰT,SG PHÚ LÂM,SG PHÚ LÂM,SG TÂN NHỰT,2026-07-13 14:48:28,2026-07-13 09:47:53,2026-07-13 07:48:49,,Đang trên bãi,5.9,Shuttle,FC,Forecast
530821120104,SG TÂN NHỰT,SG TÂN HƯNG,SG TÂN HƯNG,SG TÂN NHỰT,2026-07-13 14:48:25,2026-07-13 09:46:58,2026-07-13 07:49:31,,Đang trên bãi,5.9,Shuttle,FC,Forecast
530510600104,SG TÂN NHỰT,VT XUYÊN MỘC,VT XUYÊN MỘC,SG TÂN NHỰT,2026-07-13 14:48:23,2026-07-13 09:48:26,2026-07-13 07:48:13,,Đang trên bãi,5.9,Shuttle,FC,Forecast
530053920104,SG TÂN NHỰT,SG THỦ ĐỨC,SG THỦ ĐỨC,SG TÂN NHỰT,2026-07-13 14:48:21,2026-07-13 09:47:47,2026-07-13 07:48:49,,Đang trên bãi,5.9,Shuttle,FC,Forecast
530295690103,SG TÂN NHỰT,SG PHÚ LÂM,SG PHÚ LÂM,SG TÂN NHỰT,2026-07-13 14:48:19,2026-07-13 09:48:47,2026-07-13 07:48:13,,Đang trên bãi,5.9,Shuttle,FC,Forecast
530742290103,SG BÌNH LỢI,SG BÌNH TRỊ ĐÔNG,SG BÌNH TRỊ ĐÔNG,SG BÌNH LỢI,2026-07-13 14:48:17,2026-07-13 11:18:30,2026-07-12 19:24:44,,Đang trên bãi,6.81,Shuttle,FC,Forecast
530218000104,SG TÂN NHỰT,SG BÌNH TRỊ ĐÔNG,SG BÌNH TRỊ ĐÔNG,SG TÂN NHỰT,2026-07-13 14:48:17,2026-07-13 09:49:00,2026-07-13 07:48:13,,Đang trên bãi,5.9,Shuttle,FC,Forecast
530120400104,SG TÂN NHỰT,DT TN,DT TN,SG TÂN NHỰT,2026-07-13 14:48:15,2026-07-13 09:47:48,2026-07-13 07:48:49,,Đang trên bãi,5.9,Shuttle,FC,Forecast
530433920104,SG BÌNH LỢI,VL VĨNH LONG,VL VĨNH LONG,SG BÌNH LỢI,2026-07-13 14:48:13,2026-07-13 11:18:46,2026-07-13 06:26:18,,Đang trên bãi,6.81,Shuttle,FC,Forecast
530158720104,SG TÂN NHỰT,SG KHÁNH HỘI,SG KHÁNH HỘI,SG TÂN NHỰT,2026-07-13 14:48:13,2026-07-13 09:47:55,2026-07-13 07:48:49,,Đang trên bãi,5.9,Shuttle,FC,Forecast
530343600104,SG TÂN NHỰT,SG BÌNH TRỊ ĐÔNG,SG BÌNH TRỊ ĐÔNG,SG TÂN NHỰT,2026-07-13 14:48:11,2026-07-13 09:46:00,2026-07-13 07:49:31,,Đang trên bãi,5.9,Shuttle,FC,Forecast
530877600104,SG BÌNH LỢI,SG BÌNH TRỊ ĐÔNG,SG BÌNH TRỊ ĐÔNG,SG BÌNH LỢI,2026-07-13 14:48:10,2026-07-13 11:34:16,2026-07-13 09:21:59,,Đang trên bãi,6.24,Shuttle,FC,Forecast
530237320104,SG TÂN NHỰT,SG TÂN THỚI HIỆP,SG TÂN THỚI HIỆP,SG TÂN NHỰT,2026-07-13 14:48:09,2026-07-13 09:48:45,2026-07-13 07:48:13,,Đang trên bãi,5.9,Shuttle,FC,Forecast
530218600104,SG TÂN NHỰT,SG PHÚ LÂM,SG PHÚ LÂM,SG TÂN NHỰT,2026-07-13 14:48:06,2026-07-13 09:46:49,2026-07-13 07:49:31,,Đang trên bãi,5.9,Shuttle,FC,Forecast
530487800104,SG BÌNH LỢI,3PL,SETN,SG BÌNH LỢI,2026-07-13 14:48:06,2026-07-13 11:34:06,2026-07-13 09:23:20,,Đang trên bãi,5.09,Shuttle,3PL,Forecast
530158520104,SG TÂN NHỰT,BD BÌNH HÒA,BD BÌNH HÒA,SG TÂN NHỰT,2026-07-13 14:48:04,2026-07-13 09:47:29,2026-07-13 07:48:49,,Đang trên bãi,5.9,Shuttle,FC,Forecast
530610000104,SG TÂN NHỰT,LA TÂN AN,LA TÂN AN,SG TÂN NHỰT,2026-07-13 14:48:02,2026-07-13 09:47:58,2026-07-13 07:48:49,,Đang trên bãi,5.9,Shuttle,FC,Forecast
530329320104,SG TÂN NHỰT,SG PHÚ LÂM,SG PHÚ LÂM,SG TÂN NHỰT,2026-07-13 14:48:00,2026-07-13 09:46:20,2026-07-13 07:49:31,,Đang trên bãi,5.9,Shuttle,FC,Forecast
530199120104,SG BÌNH LỢI,VL VĨNH LONG,VL VĨNH LONG,SG BÌNH LỢI,2026-07-13 14:47:59,2026-07-13 11:34:15,2026-07-13 09:22:04,,Đang trên bãi,10.08,Shuttle,FC,Forecast
530721520104,SG TÂN NHỰT,LA TÂN AN,LA TÂN AN,SG TÂN NHỰT,2026-07-13 14:47:58,2026-07-13 09:48:35,2026-07-13 07:48:12,,Đang trên bãi,5.9,Shuttle,FC,Forecast
530107400104,SG TÂN NHỰT,SG PHÚ LÂM,SG PHÚ LÂM,SG TÂN NHỰT,2026-07-13 14:47:55,2026-07-13 09:47:35,2026-07-13 07:48:49,,Đang trên bãi,5.9,Shuttle,FC,Forecast
530128000104,SG TÂN NHỰT,AG TÂN CHÂU,AG TÂN CHÂU,SG TÂN NHỰT,2026-07-13 14:47:54,2026-07-13 09:47:11,2026-07-13 07:48:49,,Đang trên bãi,5.9,Shuttle,FC,Forecast
530316010104,SG BÌNH LỢI,BD BÌNH HÒA,BD BÌNH HÒA,SG BÌNH LỢI,2026-07-13 14:47:52,2026-07-13 11:48:15,2026-07-13 09:53:13,,Đang trên bãi,12.33,Shuttle,FC,Forecast
530627120104,SG TÂN NHỰT,DT TN,DT TN,SG TÂN NHỰT,2026-07-13 14:47:51,2026-07-13 09:47:12,2026-07-13 07:48:49,,Đang trên bãi,5.9,Shuttle,FC,Forecast
530437090103,SG BÌNH LỢI,AG THOẠI SƠN,AG THOẠI SƠN,SG BÌNH LỢI,2026-07-13 14:47:49,2026-07-13 11:48:23,2026-07-12 20:32:44,,Đang trên bãi,7.04,Shuttle,FC,Forecast
530877800104,SG BÌNH LỢI,SG TÂN TẠO,SG TÂN TẠO,SG BÌNH LỢI,2026-07-13 14:47:43,2026-07-13 11:33:23,2026-07-13 09:23:11,,Đang trên bãi,10.18,Shuttle,FC,Forecast
530730520104,SG TÂN NHỰT,SG HÓC MÔN,SG HÓC MÔN,SG TÂN NHỰT,2026-07-13 14:47:40,2026-07-13 09:47:32,2026-07-13 07:48:49,,Đang trên bãi,5.9,Shuttle,FC,Forecast
530250490103,SG BÌNH LỢI,SG TÂN THỚI HIỆP,SG TÂN THỚI HIỆP,SG BÌNH LỢI,2026-07-13 14:47:39,2026-07-13 11:18:31,2026-07-12 19:46:18,,Đang trên bãi,6.81,Shuttle,FC,Forecast
530501400104,SG TÂN NHỰT,VL VĨNH LONG,VL VĨNH LONG,SG TÂN NHỰT,2026-07-13 14:47:38,2026-07-13 09:48:53,2026-07-13 07:48:12,,Đang trên bãi,5.9,Shuttle,FC,Forecast
530253120104,SG TÂN NHỰT,SG BÌNH LỢI TRUNG,SG BÌNH LỢI TRUNG,SG TÂN NHỰT,2026-07-13 14:47:36,2026-07-13 09:46:53,2026-07-13 07:49:31,,Đang trên bãi,11.8,Shuttle,FC,Forecast
530053520104,SG TÂN NHỰT,SG CHỢ LỚN,SG CHỢ LỚN,SG TÂN NHỰT,2026-07-13 14:47:34,2026-07-13 09:48:39,2026-07-13 07:48:13,,Đang trên bãi,5.9,Shuttle,FC,Forecast
530905720104,SG BÌNH LỢI,BN HUB,BG BẮC GIANG,SG BÌNH LỢI,2026-07-13 14:47:32,2026-07-13 11:34:13,2026-07-12 20:21:16,,Đang trên bãi,6.81,Linehaul,BN HUB,Forecast
530331200104,SG BÌNH LỢI,CT NINH KIỀU,CT NINH KIỀU,SG BÌNH LỢI,2026-07-13 14:47:28,2026-07-13 11:33:07,2026-07-13 08:12:19,,Đang trên bãi,7.7,Shuttle,FC,Forecast
530416000104,SG TÂN NHỰT,LA ĐỨC HÒA,LA ĐỨC HÒA,SG TÂN NHỰT,2026-07-13 14:47:27,2026-07-13 09:45:53,2026-07-13 07:50:14,,Đang trên bãi,5.9,Shuttle,FC,Forecast
530343200104,SG TÂN NHỰT,BD DĨ AN,BD DĨ AN,SG TÂN NHỰT,2026-07-13 14:47:25,2026-07-13 09:48:54,2026-07-13 07:48:13,,Đang trên bãi,5.9,Shuttle,FC,Forecast
530682600104,SG BÌNH LỢI,SG AN PHÚ ĐÔNG,SG AN PHÚ ĐÔNG,SG BÌNH LỢI,2026-07-13 14:47:24,2026-07-13 11:18:39,2026-07-13 08:13:05,,Đang trên bãi,6.24,Shuttle,FC,Forecast
530237520104,SG TÂN NHỰT,SG NHƠN ĐỨC,SG NHƠN ĐỨC,SG TÂN NHỰT,2026-07-13 14:47:22,2026-07-13 09:49:03,2026-07-13 07:48:12,,Đang trên bãi,5.9,Shuttle,FC,Forecast
530337120104,SG TÂN NHỰT,SG CHỢ LỚN,SG CHỢ LỚN,SG TÂN NHỰT,2026-07-13 14:47:16,2026-07-13 09:46:34,2026-07-13 07:49:31,,Đang trên bãi,5.9,Shuttle,FC,Forecast
530053320104,SG TÂN NHỰT,SG THỦ ĐỨC,SG THỦ ĐỨC,SG TÂN NHỰT,2026-07-13 14:47:15,2026-07-13 09:48:24,2026-07-13 07:48:13,,Đang trên bãi,5.9,Shuttle,FC,Forecast
530891690103,SG TÂN NHỰT,SG PHÚ LÂM,SG PHÚ LÂM,SG TÂN NHỰT,2026-07-13 14:47:14,2026-07-13 09:46:31,2026-07-13 07:49:31,,Đang trên bãi,5.9,Shuttle,FC,Forecast
530730720104,SG TÂN NHỰT,SG HIỆP BÌNH,SG HIỆP BÌNH,SG TÂN NHỰT,2026-07-13 14:47:13,2026-07-13 09:46:06,2026-07-13 07:49:31,,Đang trên bãi,5.9,Shuttle,FC,Forecast
530893090103,SG TÂN NHỰT,LA ĐỨC HÒA,LA ĐỨC HÒA,SG TÂN NHỰT,2026-07-13 14:47:11,2026-07-13 09:45:47,2026-07-13 07:50:13,,Đang trên bãi,5.9,Shuttle,FC,Forecast
530120600104,SG TÂN NHỰT,SG CỦ CHI,SG CỦ CHI,SG TÂN NHỰT,2026-07-13 14:47:09,2026-07-13 09:45:44,2026-07-13 07:50:14,,Đang trên bãi,5.9,Shuttle,FC,Forecast
530793690103,SG TÂN NHỰT,SG CHỢ LỚN,SG CHỢ LỚN,SG TÂN NHỰT,2026-07-13 14:47:08,2026-07-13 09:47:42,2026-07-13 07:48:49,,Đang trên bãi,5.9,Shuttle,FC,Forecast
530129210104,SG BÌNH LỢI,SG TÂN TẠO,SG TÂN TẠO,SG BÌNH LỢI,2026-07-13 14:47:07,2026-07-13 11:33:24,2026-07-13 09:23:40,,Đang trên bãi,10.18,Shuttle,FC,Forecast
530008130104,SG TÂN NHỰT,SG HIỆP BÌNH,SG HIỆP BÌNH,SG TÂN NHỰT,2026-07-13 14:47:05,2026-07-13 11:38:23,2026-07-13 08:40:31,,Đang trên bãi,10.0,Shuttle,FC,Forecast
530401730104,SG BÌNH LỢI,SG TÂN TẠO,SG TÂN TẠO,SG BÌNH LỢI,2026-07-13 14:47:03,2026-07-13 11:34:11,2026-07-13 09:23:14,,Đang trên bãi,10.18,Shuttle,FC,Forecast
530593600104,SG TÂN NHỰT,SG PHÚ LÂM,SG PHÚ LÂM,SG TÂN NHỰT,2026-07-13 14:47:00,2026-07-13 11:38:27,2026-07-13 10:11:51,,Đang trên bãi,7.0,Shuttle,FC,Forecast
530262200104,SG BÌNH LỢI,LA ĐỨC HÒA,LA ĐỨC HÒA,SG BÌNH LỢI,2026-07-13 14:46:59,2026-07-13 11:18:57,2026-07-13 08:28:31,,Đang trên bãi,10.0,Shuttle,FC,Forecast
530551690103,SG BÌNH LỢI,CT Ô MÔN,CT Ô MÔN,SG BÌNH LỢI,2026-07-13 14:46:53,2026-07-13 11:18:54,2026-07-13 01:03:38,,Đang trên bãi,17.2,Shuttle,FC,Forecast
530339320104,SG TÂN NHỰT,SG GÒ VẤP,SG GÒ VẤP,SG TÂN NHỰT,2026-07-13 14:46:52,2026-07-13 11:38:13,2026-07-13 08:03:00,,Đang trên bãi,10.0,Shuttle,FC,Forecast
530229720104,SG TÂN NHỰT,BD DĨ AN,BD DĨ AN,SG TÂN NHỰT,2026-07-13 14:46:50,2026-07-13 09:49:08,2026-07-13 07:48:12,,Đang trên bãi,5.9,Shuttle,FC,Forecast
530904600104,SG TÂN NHỰT,SG CHỢ LỚN,SG CHỢ LỚN,SG TÂN NHỰT,2026-07-13 14:46:48,2026-07-13 09:45:45,2026-07-13 07:50:13,,Đang trên bãi,5.9,Shuttle,FC,Forecast
530413400104,SG TÂN NHỰT,AG LONG XUYÊN,AG LONG XUYÊN,SG TÂN NHỰT,2026-07-13 14:46:47,2026-07-13 09:46:10,2026-07-13 07:49:31,,Đang trên bãi,5.9,Shuttle,FC,Forecast
530627520104,SG TÂN NHỰT,VT VŨNG TÀU,VT VŨNG TÀU,SG TÂN NHỰT,2026-07-13 14:46:47,2026-07-13 09:46:08,2026-07-13 07:49:31,,Đang trên bãi,5.9,Shuttle,FC,Forecast
530597520104,SG BÌNH LỢI,SG GÒ VẤP,SG GÒ VẤP,SG BÌNH LỢI,2026-07-13 14:46:47,2026-07-13 11:59:56,2026-07-13 10:07:29,,Đang trên bãi,6.6,Shuttle,FC,Forecast
530107200104,SG TÂN NHỰT,TG HÒA KHÁNH,TG HÒA KHÁNH,SG TÂN NHỰT,2026-07-13 14:46:45,2026-07-13 09:48:49,2026-07-13 07:48:13,,Đang trên bãi,5.9,Shuttle,FC,Forecast
530188490103,SG BÌNH LỢI,LA BẾN LỨC,LA BẾN LỨC,SG BÌNH LỢI,2026-07-13 14:46:42,2026-07-13 11:33:09,2026-07-13 06:39:53,,Đang trên bãi,9.0,Shuttle,FC,Forecast
530731520104,SG TÂN NHỰT,SG HƯNG LONG,SG HƯNG LONG,SG TÂN NHỰT,2026-07-13 14:46:41,2026-07-13 11:38:12,2026-07-13 08:03:00,,Đang trên bãi,10.0,Shuttle,FC,Forecast
530339120104,SG TÂN NHỰT,AG TÂN CHÂU,AG TÂN CHÂU,SG TÂN NHỰT,2026-07-13 14:46:38,2026-07-13 11:38:19,2026-07-13 08:03:00,,Đang trên bãi,10.0,Shuttle,FC,Forecast
530842290103,SG BÌNH LỢI,SG AN LẠC,SG AN LẠC,SG BÌNH LỢI,2026-07-13 14:46:36,2026-07-13 11:23:05,2026-07-12 19:56:13,,Đang trên bãi,8.03,Shuttle,FC,Forecast
530835520104,SG TÂN NHỰT,VT CHÂU ĐỨC,VT CHÂU ĐỨC,SG TÂN NHỰT,2026-07-13 14:46:35,2026-07-13 11:38:18,2026-07-13 08:03:00,,Đang trên bãi,10.0,Shuttle,FC,Forecast
530219800104,SG TÂN NHỰT,SG CHỢ LỚN,SG CHỢ LỚN,SG TÂN NHỰT,2026-07-13 14:46:32,2026-07-13 11:38:15,2026-07-13 08:03:00,,Đang trên bãi,10.0,Shuttle,FC,Forecast
530444490103,SG BÌNH LỢI,SG THỦ ĐỨC,SG THỦ ĐỨC,SG BÌNH LỢI,2026-07-13 14:46:28,2026-07-13 11:33:41,2026-07-12 21:06:16,,Đang trên bãi,6.81,Shuttle,FC,Forecast
530731320104,SG TÂN NHỰT,SG AN PHÚ ĐÔNG,SG AN PHÚ ĐÔNG,SG TÂN NHỰT,2026-07-13 14:46:26,2026-07-13 11:38:16,2026-07-13 08:03:00,,Đang trên bãi,10.0,Shuttle,FC,Forecast
530430400104,SG TÂN NHỰT,SG BÌNH LỢI,SG BÌNH LỢI,SG TÂN NHỰT,2026-07-13 14:46:21,2026-07-13 11:38:10,2026-07-13 08:03:00,,Đang trên bãi,10.0,Shuttle,FC,Forecast
530618930104,SG BÌNH LỢI,BD BÌNH HÒA,BD BÌNH HÒA,SG BÌNH LỢI,2026-07-13 14:46:20,2026-07-13 11:48:07,2026-07-13 10:39:17,,Đang trên bãi,6.06,Shuttle,FC,Forecast
530467930104,SG TÂN NHỰT,BN HUB,THN THÁI NGUYÊN,SG TÂN NHỰT,2026-07-13 14:46:17,2026-07-13 11:38:29,2026-07-13 10:33:43,,Đang trên bãi,10.0,Linehaul,BN HUB,Forecast
530664890103,SG BÌNH LỢI,VL VĨNH LONG,VL VĨNH LONG,SG BÌNH LỢI,2026-07-13 14:46:12,2026-07-13 11:59:54,2026-07-13 04:48:58,,Đang trên bãi,10.0,Shuttle,FC,Forecast
530360930104,SG TÂN NHỰT,BN HUB,THN THÁI NGUYÊN,SG TÂN NHỰT,2026-07-13 14:46:12,2026-07-13 11:38:31,2026-07-13 10:33:43,,Đang trên bãi,10.0,Linehaul,BN HUB,Forecast
530832600104,SG TÂN NHỰT,DT TN,DT TN,SG TÂN NHỰT,2026-07-13 14:46:09,2026-07-13 11:38:08,2026-07-13 08:03:00,,Đang trên bãi,10.0,Shuttle,FC,Forecast
530741090103,SG BÌNH LỢI,SG BÌNH LỢI,SG BÌNH LỢI,SG BÌNH LỢI,2026-07-13 14:46:03,2026-07-13 11:59:53,2026-07-13 01:35:29,,Đang trên bãi,12.13,Shuttle,FC,Forecast
530358090103,SG BÌNH LỢI,SG BÌNH LỢI,SG BÌNH LỢI,SG BÌNH LỢI,2026-07-13 14:45:55,2026-07-13 11:18:19,2026-07-13 00:50:18,,Đang trên bãi,10.08,Shuttle,FC,Forecast
530065920104,SG BÌNH LỢI,SG GÒ VẤP,SG GÒ VẤP,SG BÌNH LỢI,2026-07-13 14:45:50,2026-07-13 11:18:56,2026-07-13 08:36:52,,Đang trên bãi,9.5,Shuttle,FC,Forecast
530734520104,SG BÌNH LỢI,VL CHỢ LÁCH,VL CHỢ LÁCH,SG BÌNH LỢI,2026-07-13 14:45:47,2026-07-13 11:18:34,2026-07-13 07:40:56,,Đang trên bãi,6.9,Shuttle,FC,Forecast
530253690103,SG BÌNH LỢI,SG HIỆP BÌNH,SG HIỆP BÌNH,SG BÌNH LỢI,2026-07-13 14:45:42,2026-07-13 11:18:33,2026-07-12 22:50:55,,Đang trên bãi,10.08,Shuttle,FC,Forecast
530409930104,SG BÌNH LỢI,SG KHÁNH HỘI,SG KHÁNH HỘI,SG BÌNH LỢI,2026-07-13 14:45:35,2026-07-13 11:48:47,2026-07-13 09:02:00,,Đang trên bãi,7.0,Shuttle,FC,Forecast
530112210104,SG BÌNH LỢI,CT NINH KIỀU,CT NINH KIỀU,SG BÌNH LỢI,2026-07-13 14:45:30,2026-07-13 11:48:49,2026-07-13 09:53:50,,Đang trên bãi,12.2,Shuttle,FC,Forecast
530650890103,SG BÌNH LỢI,SG PHÚ LÂM,SG PHÚ LÂM,SG BÌNH LỢI,2026-07-13 14:45:27,2026-07-13 11:22:01,2026-07-12 21:35:03,,Đang trên bãi,7.0,Shuttle,FC,Forecast
530354800104,SG BÌNH LỢI,VT VŨNG TÀU,VT VŨNG TÀU,SG BÌNH LỢI,2026-07-13 14:45:22,2026-07-13 11:18:29,2026-07-13 08:17:22,,Đang trên bãi,6.24,Shuttle,FC,Forecast
530185510104,SG BÌNH LỢI,TG HÒA KHÁNH,TG HÒA KHÁNH,SG BÌNH LỢI,2026-07-13 14:45:14,2026-07-13 11:18:18,2026-07-13 05:54:04,,Đang trên bãi,10.08,Shuttle,FC,Forecast
530617800104,SG BÌNH LỢI,SG BÌNH LỢI,SG BÌNH LỢI,SG BÌNH LỢI,2026-07-13 14:45:04,2026-07-13 11:18:38,2026-07-13 08:09:20,,Đang trên bãi,10.08,Shuttle,FC,Forecast
530813130104,SG BÌNH LỢI,BD DĨ AN,BD DĨ AN,SG BÌNH LỢI,2026-07-13 14:44:57,2026-07-13 11:48:05,2026-07-13 10:21:51,,Đang trên bãi,6.24,Shuttle,FC,Forecast
530510930104,SG BÌNH LỢI,AG THOẠI SƠN,AG THOẠI SƠN,SG BÌNH LỢI,2026-07-13 14:44:53,2026-07-13 11:33:10,2026-07-13 09:37:20,,Đang trên bãi,7.0,Shuttle,FC,Forecast
530975200104,SG BÌNH LỢI,SG PHÚ LÂM,SG PHÚ LÂM,SG BÌNH LỢI,2026-07-13 14:44:46,2026-07-13 11:34:18,2026-07-13 09:11:34,,Đang trên bãi,10.08,Shuttle,FC,Forecast
530092000104,SG BÌNH LỢI,LA TÂN AN,LA TÂN AN,SG BÌNH LỢI,2026-07-13 14:44:41,2026-07-13 11:34:17,2026-07-13 09:14:36,,Đang trên bãi,6.24,Shuttle,FC,Forecast
530901930104,SG BÌNH LỢI,BD BẾN CÁT,BD BẾN CÁT,SG BÌNH LỢI,2026-07-13 14:44:28,2026-07-13 11:33:15,2026-07-13 09:41:44,,Đang trên bãi,9.5,Shuttle,FC,Forecast
530357800104,SG BÌNH LỢI,SG ĐÔNG HƯNG THUẬN,SG ĐÔNG HƯNG THUẬN,SG BÌNH LỢI,2026-07-13 14:44:23,2026-07-13 11:18:37,2026-07-13 08:05:50,,Đang trên bãi,10.08,Shuttle,FC,Forecast
530199920104,SG BÌNH LỢI,SG ĐÔNG HƯNG THUẬN,SG ĐÔNG HƯNG THUẬN,SG BÌNH LỢI,2026-07-13 14:44:18,2026-07-13 11:34:14,2026-07-13 09:22:30,,Đang trên bãi,10.08,Shuttle,FC,Forecast
530377710104,SG BÌNH LỢI,SG THỦ ĐỨC,SG THỦ ĐỨC,SG BÌNH LỢI,2026-07-13 14:44:02,2026-07-13 11:18:32,2026-07-12 21:06:24,,Đang trên bãi,10.08,Shuttle,FC,Forecast
530215410104,SG BÌNH LỢI,SG PHÚ NHUẬN,SG PHÚ NHUẬN,SG BÌNH LỢI,2026-07-13 14:43:55,2026-07-13 11:48:06,2026-07-13 10:25:47,,Đang trên bãi,5.09,Shuttle,FC,Forecast
530084510104,SG BÌNH LỢI,LA BẾN LỨC,LA BẾN LỨC,SG BÌNH LỢI,2026-07-13 14:43:49,2026-07-13 11:28:23,2026-07-12 21:31:00,,Đang trên bãi,12.33,Shuttle,FC,Forecast
530704330104,SG BÌNH LỢI,SG AN LẠC,SG AN LẠC,SG BÌNH LỢI,2026-07-13 14:43:42,2026-07-13 11:48:19,2026-07-13 09:28:40,,Đang trên bãi,17.2,Shuttle,FC,Forecast
530119730104,SG BÌNH LỢI,SG TÂN THỚI HIỆP,SG TÂN THỚI HIỆP,SG BÌNH LỢI,2026-07-13 14:43:32,2026-07-13 11:48:07,2026-07-13 10:52:44,,Đang trên bãi,6.06,Shuttle,FC,Forecast
530857600104,SG BÌNH LỢI,TG TRUNG AN,TG TRUNG AN,SG BÌNH LỢI,2026-07-13 14:43:12,2026-07-13 11:32:50,2026-07-13 08:07:52,,Đang trên bãi,20.0,Shuttle,FC,Forecast
530834210104,SG BÌNH LỢI,BD BẾN CÁT,BD BẾN CÁT,SG BÌNH LỢI,2026-07-13 14:43:05,2026-07-13 11:33:18,2026-07-13 09:39:53,,Đang trên bãi,9.5,Shuttle,FC,Forecast
530683120104,SG BÌNH LỢI,SG TÂN THỚI HIỆP,SG TÂN THỚI HIỆP,SG BÌNH LỢI,2026-07-13 14:42:56,2026-07-13 11:33:31,2026-07-13 09:22:18,,Đang trên bãi,5.09,Shuttle,FC,Forecast
530821890103,SG BÌNH LỢI,SG ĐÔNG HƯNG THUẬN,SG ĐÔNG HƯNG THUẬN,SG BÌNH LỢI,2026-07-13 14:42:51,2026-07-13 11:34:12,2026-07-12 20:59:27,,Đang trên bãi,6.81,Shuttle,FC,Forecast
530406010104,SG BÌNH LỢI,BD BẾN CÁT,BD BẾN CÁT,SG BÌNH LỢI,2026-07-13 14:42:39,2026-07-13 11:48:12,2026-07-13 09:44:45,,Đang trên bãi,12.33,Shuttle,FC,Forecast
530813120104,SG BÌNH LỢI,BD BÌNH HÒA,BD BÌNH HÒA,SG BÌNH LỢI,2026-07-13 14:42:01,2026-07-13 11:48:27,2026-07-12 22:34:59,,Đang trên bãi,12.33,Shuttle,FC,Forecast
530516410104,SG BÌNH LỢI,SG GÒ VẤP,SG GÒ VẤP,SG BÌNH LỢI,2026-07-13 14:41:56,2026-07-13 11:59:58,2026-07-13 10:07:12,,Đang trên bãi,6.6,Shuttle,FC,Forecast
530884310104,SG BÌNH LỢI,SG TÂN HƯNG,SG TÂN HƯNG,SG BÌNH LỢI,2026-07-13 14:41:52,2026-07-13 11:22:33,2026-07-13 00:05:46,,Đang trên bãi,6.9,Shuttle,FC,Forecast
530771310104,SG BÌNH LỢI,BN HUB,HN ĐỐNG ĐA,SG BÌNH LỢI,2026-07-13 14:41:49,2026-07-13 11:22:07,2026-07-12 21:25:57,,Đang trên bãi,7.0,Linehaul,BN HUB,Forecast
530903530104,SG BÌNH LỢI,SG CHỢ LỚN,SG CHỢ LỚN,SG BÌNH LỢI,2026-07-13 14:41:47,2026-07-13 11:59:57,2026-07-13 10:07:50,,Đang trên bãi,6.6,Shuttle,FC,Forecast
530199320104,SG BÌNH LỢI,SG CHỢ LỚN,SG CHỢ LỚN,SG BÌNH LỢI,2026-07-13 14:41:44,2026-07-13 11:33:17,2026-07-13 09:22:06,,Đang trên bãi,10.08,Shuttle,FC,Forecast
530315610104,SG BÌNH LỢI,SG CỦ CHI,SG CỦ CHI,SG BÌNH LỢI,2026-07-13 14:41:39,2026-07-13 11:48:01,2026-07-13 10:36:40,,Đang trên bãi,12.33,Shuttle,FC,Forecast
530504930104,SG BÌNH LỢI,SG CHỢ LỚN,SG CHỢ LỚN,SG BÌNH LỢI,2026-07-13 14:41:34,2026-07-13 11:33:19,2026-07-13 09:22:24,,Đang trên bãi,10.08,Shuttle,FC,Forecast
530378090103,SG BÌNH LỢI,BN HUB,BG BẮC GIANG,SG BÌNH LỢI,2026-07-13 14:41:22,2026-07-13 11:21:46,2026-07-13 04:04:19,,Đang trên bãi,7.0,Linehaul,BN HUB,Forecast
530767530104,SG BÌNH LỢI,BD BÌNH HÒA,BD BÌNH HÒA,SG BÌNH LỢI,2026-07-13 14:41:19,2026-07-13 11:48:11,2026-07-13 10:42:12,,Đang trên bãi,13.0,Shuttle,FC,Forecast
530615130104,SG BÌNH LỢI,SG BÌNH TÂN,SG BÌNH TÂN,SG BÌNH LỢI,2026-07-13 14:41:16,2026-07-13 11:47:53,2026-07-13 10:43:45,,Đang trên bãi,10.08,Shuttle,FC,Forecast
530326330104,SG BÌNH LỢI,BD DĨ AN,BD DĨ AN,SG BÌNH LỢI,2026-07-13 14:41:14,2026-07-13 11:48:01,2026-07-13 10:41:23,,Đang trên bãi,6.24,Shuttle,FC,Forecast
530207730104,SG BÌNH LỢI,BD DĨ AN,BD DĨ AN,SG BÌNH LỢI,2026-07-13 14:41:11,2026-07-13 11:48:08,2026-07-13 10:22:13,,Đang trên bãi,6.24,Shuttle,FC,Forecast
530462730104,SG BÌNH LỢI,LA TÂN AN,LA TÂN AN,SG BÌNH LỢI,2026-07-13 14:41:08,2026-07-13 11:47:55,2026-07-13 10:41:43,,Đang trên bãi,12.68,Shuttle,FC,Forecast
530177310104,SG BÌNH LỢI,VT VŨNG TÀU,VT VŨNG TÀU,SG BÌNH LỢI,2026-07-13 14:40:57,2026-07-13 11:23:42,2026-07-12 20:20:06,,Đang trên bãi,12.33,Shuttle,FC,Forecast
530190910104,SG BÌNH LỢI,SG CỦ CHI,SG CỦ CHI,SG BÌNH LỢI,2026-07-13 14:40:54,2026-07-13 11:23:00,2026-07-12 21:33:43,,Đang trên bãi,6.79,Shuttle,FC,Forecast
530277710104,SG BÌNH LỢI,SG BÌNH TÂN,SG BÌNH TÂN,SG BÌNH LỢI,2026-07-13 14:40:52,2026-07-13 11:21:57,2026-07-12 20:54:39,,Đang trên bãi,5.2,Shuttle,FC,Forecast
530942890103,SG BÌNH LỢI,SG NHƠN ĐỨC,SG NHƠN ĐỨC,SG BÌNH LỢI,2026-07-13 14:40:49,2026-07-13 11:22:49,2026-07-12 20:24:04,,Đang trên bãi,5.2,Shuttle,FC,Forecast
530573920104,SG BÌNH LỢI,SG AN PHÚ ĐÔNG,SG AN PHÚ ĐÔNG,SG BÌNH LỢI,2026-07-13 14:40:46,2026-07-13 11:31:05,2026-07-13 09:15:08,,Đang trên bãi,14.8,Shuttle,FC,Forecast
530688710104,SG BÌNH LỢI,BD BÌNH HÒA,BD BÌNH HÒA,SG BÌNH LỢI,2026-07-13 14:40:44,2026-07-13 11:23:11,2026-07-12 20:53:04,,Đang trên bãi,5.2,Shuttle,FC,Forecast
530942490103,SG BÌNH LỢI,LA ĐỨC HÒA,LA ĐỨC HÒA,SG BÌNH LỢI,2026-07-13 14:40:42,2026-07-13 11:23:17,2026-07-12 20:11:59,,Đang trên bãi,5.09,Shuttle,FC,Forecast
530615210104,SG BÌNH LỢI,SG HIỆP BÌNH,SG HIỆP BÌNH,SG BÌNH LỢI,2026-07-13 14:40:39,2026-07-13 11:48:09,2026-07-13 10:38:14,,Đang trên bãi,9.36,Shuttle,FC,Forecast
530842090103,SG BÌNH LỢI,TG AN HỮU,TG AN HỮU,SG BÌNH LỢI,2026-07-13 14:38:14,2026-07-13 11:23:25,2026-07-12 19:52:33,,Đang trên bãi,5.09,Shuttle,FC,Forecast
530335410104,SG BÌNH LỢI,SG TÂN THỚI HIỆP,SG TÂN THỚI HIỆP,SG BÌNH LỢI,2026-07-13 14:38:11,2026-07-13 11:48:34,2026-07-13 09:56:23,,Đang trên bãi,10.0,Shuttle,FC,Forecast
530226930104,SG BÌNH LỢI,BD DĨ AN,BD DĨ AN,SG BÌNH LỢI,2026-07-13 14:38:06,2026-07-13 11:47:56,2026-07-13 10:39:43,,Đang trên bãi,10.18,Shuttle,FC,Forecast
530628530104,SG BÌNH LỢI,SG THỦ ĐỨC,SG THỦ ĐỨC,SG BÌNH LỢI,2026-07-13 14:38:05,2026-07-13 11:47:59,2026-07-13 10:39:42,,Đang trên bãi,13.0,Shuttle,FC,Forecast
530512930104,SG BÌNH LỢI,SG ĐÔNG HƯNG THUẬN,SG ĐÔNG HƯNG THUẬN,SG BÌNH LỢI,2026-07-13 14:38:01,2026-07-13 11:48:35,2026-07-13 09:30:31,,Đang trên bãi,10.0,Shuttle,FC,Forecast
530436210104,SG BÌNH LỢI,TG HÒA KHÁNH,TG HÒA KHÁNH,SG BÌNH LỢI,2026-07-13 14:37:58,2026-07-13 11:48:35,2026-07-13 09:40:52,,Đang trên bãi,10.0,Shuttle,FC,Forecast
530076290103,SG BÌNH LỢI,SG TÂN THỚI HIỆP,SG TÂN THỚI HIỆP,SG BÌNH LỢI,2026-07-13 14:37:55,2026-07-13 11:59:55,2026-07-13 00:10:48,,Đang trên bãi,10.0,Shuttle,FC,Forecast
530587200104,SG BÌNH LỢI,BN HUB,HN THANH OAI,SG BÌNH LỢI,2026-07-13 14:37:53,2026-07-13 11:48:28,2026-07-13 09:26:13,,Đang trên bãi,8.2,Linehaul,BN HUB,Forecast
530093920104,SG BÌNH LỢI,DT SA ĐÉC,DT SA ĐÉC,SG BÌNH LỢI,2026-07-13 14:37:51,2026-07-13 11:48:31,2026-07-13 09:43:34,,Đang trên bãi,6.06,Shuttle,FC,Forecast
530913490103,SG BÌNH LỢI,SG TÂN THỚI HIỆP,SG TÂN THỚI HIỆP,SG BÌNH LỢI,2026-07-13 14:37:49,2026-07-13 11:22:46,2026-07-12 19:06:48,,Đang trên bãi,10.0,Shuttle,FC,Forecast
530952690103,SG BÌNH LỢI,SG AN LẠC,SG AN LẠC,SG BÌNH LỢI,2026-07-13 14:37:47,2026-07-13 11:22:57,2026-07-12 21:51:34,,Đang trên bãi,5.2,Shuttle,FC,Forecast
530649600104,SG BÌNH LỢI,TG HÒA KHÁNH,TG HÒA KHÁNH,SG BÌNH LỢI,2026-07-13 14:37:46,2026-07-13 11:31:01,2026-07-13 08:41:29,,Đang trên bãi,5.09,Shuttle,FC,Forecast
530483510104,SG BÌNH LỢI,SG ĐÔNG HƯNG THUẬN,SG ĐÔNG HƯNG THUẬN,SG BÌNH LỢI,2026-07-13 14:37:42,2026-07-13 11:23:26,2026-07-12 23:06:04,,Đang trên bãi,10.18,Shuttle,FC,Forecast
530089910104,SG BÌNH LỢI,SG NHƠN ĐỨC,SG NHƠN ĐỨC,SG BÌNH LỢI,2026-07-13 14:37:38,2026-07-13 11:22:04,2026-07-12 21:47:35,,Đang trên bãi,6.9,Shuttle,FC,Forecast
530198090103,SG BÌNH LỢI,BN HUB,HN PHÚC THỌ,SG BÌNH LỢI,2026-07-13 14:37:31,2026-07-13 11:23:35,2026-07-12 23:13:49,,Đang trên bãi,14.0,Linehaul,BN HUB,Forecast
530248090103,SG BÌNH LỢI,AG TỊNH BIÊN,AG TỊNH BIÊN,SG BÌNH LỢI,2026-07-13 14:37:23,2026-07-13 11:22:17,2026-07-12 20:50:25,,Đang trên bãi,6.8,Shuttle,FC,Forecast
530498290103,SG BÌNH LỢI,SG TÂN SƠN NHÌ,SG TÂN SƠN NHÌ,SG BÌNH LỢI,2026-07-13 14:37:21,2026-07-13 11:30:54,2026-07-13 00:43:28,,Đang trên bãi,8.57,Shuttle,FC,Forecast
530950890103,SG BÌNH LỢI,SG AN LẠC,SG AN LẠC,SG BÌNH LỢI,2026-07-13 14:37:18,2026-07-13 11:22:15,2026-07-12 22:12:53,,Đang trên bãi,8.03,Shuttle,FC,Forecast
530712520104,SG BÌNH LỢI,LA ĐỨC HÒA,LA ĐỨC HÒA,SG BÌNH LỢI,2026-07-13 14:37:17,2026-07-13 11:23:09,2026-07-12 20:40:53,,Đang trên bãi,5.2,Shuttle,FC,Forecast
530554890103,SG BÌNH LỢI,SG BÀ ĐIỂM,SG BÀ ĐIỂM,SG BÌNH LỢI,2026-07-13 14:37:14,2026-07-13 11:22:16,2026-07-13 00:01:24,,Đang trên bãi,12.77,Shuttle,FC,Forecast
530610120104,SG BÌNH LỢI,SG PHÚ NHUẬN,SG PHÚ NHUẬN,SG BÌNH LỢI,2026-07-13 14:37:12,2026-07-13 11:27:08,2026-07-13 06:31:21,,Đang trên bãi,6.3,Shuttle,FC,Forecast
530294710104,SG BÌNH LỢI,BN HUB,HN CHƯƠNG MỸ,SG BÌNH LỢI,2026-07-13 14:37:10,2026-07-13 11:27:45,2026-07-12 21:10:57,,Đang trên bãi,13.5,Linehaul,BN HUB,Forecast
530441890103,SG BÌNH LỢI,SG CỦ CHI,SG CỦ CHI,SG BÌNH LỢI,2026-07-13 14:37:08,2026-07-13 11:20:23,2026-07-12 23:13:04,,Đang trên bãi,6.24,Shuttle,FC,Forecast
530511130104,SG BÌNH LỢI,3PL,SETN,SG BÌNH LỢI,2026-07-13 14:35:48,2026-07-13 11:48:16,2026-07-13 10:27:30,,Đang trên bãi,20.0,Shuttle,3PL,Forecast
530815010104,SG BÌNH LỢI,SG HÓC MÔN,SG HÓC MÔN,SG BÌNH LỢI,2026-07-13 14:35:42,2026-07-13 11:47:54,2026-07-13 10:45:31,,Đang trên bãi,10.08,Shuttle,FC,Forecast
530638730104,SG BÌNH LỢI,BD DĨ AN,BD DĨ AN,SG BÌNH LỢI,2026-07-13 14:35:36,2026-07-13 11:48:32,2026-07-13 09:57:24,,Đang trên bãi,6.06,Shuttle,FC,Forecast
530606730104,SG BÌNH LỢI,SG HÓC MÔN,SG HÓC MÔN,SG BÌNH LỢI,2026-07-13 14:35:32,2026-07-13 11:48:30,2026-07-13 10:00:49,,Đang trên bãi,12.13,Shuttle,FC,Forecast
530197200104,SG BÌNH LỢI,BD BÌNH HÒA,BD BÌNH HÒA,SG BÌNH LỢI,2026-07-13 14:35:29,2026-07-13 11:31:26,2026-07-13 08:36:37,,Đang trên bãi,5.9,Shuttle,FC,Forecast
530687320104,SG BÌNH LỢI,SG CỦ CHI,SG CỦ CHI,SG BÌNH LỢI,2026-07-13 14:35:25,2026-07-13 11:24:43,2026-07-13 09:20:51,,Đang trên bãi,9.82,Shuttle,FC,Forecast
530740690103,SG BÌNH LỢI,SG BÀ ĐIỂM,SG BÀ ĐIỂM,SG BÌNH LỢI,2026-07-13 14:35:22,2026-07-13 11:23:43,2026-07-12 19:49:46,,Đang trên bãi,12.33,Shuttle,FC,Forecast
530736120104,SG BÌNH LỢI,SG HIỆP BÌNH,SG HIỆP BÌNH,SG BÌNH LỢI,2026-07-13 14:35:14,2026-07-13 11:24:30,2026-07-13 07:32:13,,Đang trên bãi,10.0,Shuttle,FC,Forecast
530503730104,SG BÌNH LỢI,AG TÂN CHÂU,AG TÂN CHÂU,SG BÌNH LỢI,2026-07-13 14:35:08,2026-07-13 11:48:33,2026-07-13 09:46:03,,Đang trên bãi,10.0,Shuttle,FC,Forecast
530978720104,SG BÌNH LỢI,BD DĨ AN,BD DĨ AN,SG BÌNH LỢI,2026-07-13 14:35:02,2026-07-13 11:48:29,2026-07-13 09:00:14,,Đang trên bãi,7.0,Shuttle,FC,Forecast
530419200104,SG BÌNH LỢI,SG TÂN SƠN NHÌ,SG TÂN SƠN NHÌ,SG BÌNH LỢI,2026-07-13 14:34:58,2026-07-13 11:23:32,2026-07-13 08:05:59,,Đang trên bãi,8.16,Shuttle,FC,Forecast
530401610104,SG BÌNH LỢI,SG TÂN HƯNG,SG TÂN HƯNG,SG BÌNH LỢI,2026-07-13 14:34:54,2026-07-13 11:47:52,2026-07-13 10:42:03,,Đang trên bãi,6.24,Shuttle,FC,Forecast
530728330104,SG BÌNH LỢI,BD DĨ AN,BD DĨ AN,SG BÌNH LỢI,2026-07-13 14:34:49,2026-07-13 11:48:10,2026-07-13 10:42:02,,Đang trên bãi,6.24,Shuttle,FC,Forecast
530352690103,SG BÌNH LỢI,LA ĐỨC HÒA,LA ĐỨC HÒA,SG BÌNH LỢI,2026-07-13 14:34:44,2026-07-13 11:23:31,2026-07-12 19:05:07,,Đang trên bãi,7.39,Shuttle,FC,Forecast
530577910104,SG BÌNH LỢI,AG TỊNH BIÊN,AG TỊNH BIÊN,SG BÌNH LỢI,2026-07-13 14:34:40,2026-07-13 11:23:30,2026-07-12 22:02:35,,Đang trên bãi,6.37,Shuttle,FC,Forecast
530344890103,SG BÌNH LỢI,SG HIỆP BÌNH,SG HIỆP BÌNH,SG BÌNH LỢI,2026-07-13 14:34:36,2026-07-13 11:23:29,2026-07-12 20:33:28,,Đang trên bãi,10.0,Shuttle,FC,Forecast
530988310104,SG BÌNH LỢI,SG TÂN HƯNG,SG TÂN HƯNG,SG BÌNH LỢI,2026-07-13 14:34:32,2026-07-13 11:20:12,2026-07-12 21:26:42,,Đang trên bãi,5.09,Shuttle,FC,Forecast
530248890103,SG BÌNH LỢI,CT NINH KIỀU,CT NINH KIỀU,SG BÌNH LỢI,2026-07-13 14:34:27,2026-07-13 11:20:03,2026-07-12 21:18:55,,Đang trên bãi,6.24,Shuttle,FC,Forecast
530521290103,SG BÌNH LỢI,CT NINH KIỀU,CT NINH KIỀU,SG BÌNH LỢI,2026-07-13 14:34:23,2026-07-13 11:20:02,2026-07-12 18:37:23,,Đang trên bãi,6.24,Shuttle,FC,Forecast
530496310104,SG BÌNH LỢI,CT NINH KIỀU,CT NINH KIỀU,SG BÌNH LỢI,2026-07-13 14:34:20,2026-07-13 11:31:06,2026-07-13 00:46:14,,Đang trên bãi,5.09,Shuttle,FC,Forecast
530410530104,SG BÌNH LỢI,SG PHÚ LÂM,SG PHÚ LÂM,SG BÌNH LỢI,2026-07-13 14:34:16,2026-07-13 11:24:45,2026-07-13 09:33:50,,Đang trên bãi,7.7,Shuttle,FC,Forecast
530692600104,SG BÌNH LỢI,SG BÌNH TRỊ ĐÔNG,SG BÌNH TRỊ ĐÔNG,SG BÌNH LỢI,2026-07-13 14:34:13,2026-07-13 11:24:46,2026-07-13 09:25:50,,Đang trên bãi,7.0,Shuttle,FC,Forecast
530416720104,SG BÌNH LỢI,TG HÒA KHÁNH,TG HÒA KHÁNH,SG BÌNH LỢI,2026-07-13 14:34:07,2026-07-13 11:23:45,2026-07-12 21:12:48,,Đang trên bãi,12.33,Shuttle,FC,Forecast
530317930104,SG BÌNH LỢI,BD DĨ AN,BD DĨ AN,SG BÌNH LỢI,2026-07-13 14:34:00,2026-07-13 11:47:51,2026-07-13 11:09:23,,Đang trên bãi,12.5,Shuttle,FC,Forecast
530669290103,SG BÌNH LỢI,SG BÌNH TRỊ ĐÔNG,SG BÌNH TRỊ ĐÔNG,SG BÌNH LỢI,2026-07-13 14:32:42,2026-07-13 11:23:24,2026-07-12 23:36:34,,Đang trên bãi,10.18,Shuttle,FC,Forecast
530899520104,SG BÌNH LỢI,SG AN PHÚ ĐÔNG,SG AN PHÚ ĐÔNG,SG BÌNH LỢI,2026-07-13 14:32:32,2026-07-13 11:31:15,2026-07-13 09:57:05,,Đang trên bãi,5.09,Shuttle,FC,Forecast
530813890103,SG BÌNH LỢI,DT TN,DT TN,SG BÌNH LỢI,2026-07-13 14:32:27,2026-07-13 11:23:35,2026-07-12 18:28:44,,Đang trên bãi,10.0,Shuttle,FC,Forecast
530126800104,SG BÌNH LỢI,LA BẾN LỨC,LA BẾN LỨC,SG BÌNH LỢI,2026-07-13 14:32:23,2026-07-13 11:31:08,2026-07-13 06:53:48,,Đang trên bãi,8.0,Shuttle,FC,Forecast
530499600104,SG BÌNH LỢI,SG THỦ ĐỨC,SG THỦ ĐỨC,SG BÌNH LỢI,2026-07-13 14:32:16,2026-07-13 14:27:16,2026-07-13 09:46:06,,Đang trên bãi,9.82,Shuttle,FC,Forecast
530343690103,SG BÌNH LỢI,SG TÂN SƠN NHÌ,SG TÂN SƠN NHÌ,SG BÌNH LỢI,2026-07-13 14:32:11,2026-07-13 12:25:44,2026-07-12 21:21:05,,Đang trên bãi,10.0,Shuttle,FC,Forecast
530987090103,SG BÌNH LỢI,SG TÂN SƠN NHÌ,SG TÂN SƠN NHÌ,SG BÌNH LỢI,2026-07-13 14:32:06,2026-07-13 11:27:11,2026-07-13 02:57:29,,Đang trên bãi,9.82,Shuttle,FC,Forecast
530028520104,SG BÌNH LỢI,SG XUÂN HÒA,SG XUÂN HÒA,SG BÌNH LỢI,2026-07-13 14:32:01,2026-07-13 11:24:35,2026-07-13 07:07:26,,Đang trên bãi,7.0,Shuttle,FC,Forecast
530384710104,SG BÌNH LỢI,BD DĨ AN,BD DĨ AN,SG BÌNH LỢI,2026-07-13 14:31:57,2026-07-13 11:23:44,2026-07-12 22:05:14,,Đang trên bãi,12.33,Shuttle,FC,Forecast
530085490103,SG BÌNH LỢI,SG TÂN SƠN NHÌ,SG TÂN SƠN NHÌ,SG BÌNH LỢI,2026-07-13 14:31:52,2026-07-13 11:28:04,2026-07-13 07:19:18,,Đang trên bãi,6.24,Shuttle,FC,Forecast
530386520104,SG BÌNH LỢI,LA TÂN AN,LA TÂN AN,SG BÌNH LỢI,2026-07-13 14:31:49,2026-07-13 11:31:16,2026-07-13 08:57:51,,Đang trên bãi,6.06,Shuttle,FC,Forecast
530144890103,SG BÌNH LỢI,SG XUÂN HÒA,SG XUÂN HÒA,SG BÌNH LỢI,2026-07-13 14:31:46,2026-07-13 11:23:28,2026-07-12 19:03:33,,Đang trên bãi,8.12,Shuttle,FC,Forecast
530729210104,SG BÌNH LỢI,SG ĐÔNG HƯNG THUẬN,SG ĐÔNG HƯNG THUẬN,SG BÌNH LỢI,2026-07-13 14:31:44,2026-07-13 11:28:07,2026-07-13 09:31:46,,Đang trên bãi,6.0,Shuttle,FC,Forecast
530606400104,SG BÌNH LỢI,SG BÀ ĐIỂM,SG BÀ ĐIỂM,SG BÌNH LỢI,2026-07-13 14:31:39,2026-07-13 11:27:59,2026-07-13 07:27:20,,Đang trên bãi,13.62,Shuttle,FC,Forecast
530836410104,SG BÌNH LỢI,AG TỊNH BIÊN,AG TỊNH BIÊN,SG BÌNH LỢI,2026-07-13 14:31:36,2026-07-13 11:28:08,2026-07-13 09:56:48,,Đang trên bãi,10.08,Shuttle,FC,Forecast
530274090103,SG BÌNH LỢI,TG TRUNG AN,TG TRUNG AN,SG BÌNH LỢI,2026-07-13 14:31:33,2026-07-13 11:31:09,2026-07-13 04:35:40,,Đang trên bãi,20.0,Shuttle,FC,Forecast
530963310104,SG BÌNH LỢI,VT VŨNG TÀU,VT VŨNG TÀU,SG BÌNH LỢI,2026-07-13 14:31:28,2026-07-13 11:22:20,2026-07-12 20:27:46,,Đang trên bãi,6.06,Shuttle,FC,Forecast
530664690103,SG BÌNH LỢI,TG TRUNG AN,TG TRUNG AN,SG BÌNH LỢI,2026-07-13 14:31:25,2026-07-13 11:31:10,2026-07-13 04:30:30,,Đang trên bãi,20.0,Shuttle,FC,Forecast
530173490103,SG BÌNH LỢI,DT CAO LÃNH,DT CAO LÃNH,SG BÌNH LỢI,2026-07-13 14:31:22,2026-07-13 11:23:33,2026-07-12 20:33:44,,Đang trên bãi,10.2,Shuttle,FC,Forecast
530976910104,SG BÌNH LỢI,AG TÂN CHÂU,AG TÂN CHÂU,SG BÌNH LỢI,2026-07-13 14:31:18,2026-07-13 11:19:57,2026-07-12 19:37:23,,Đang trên bãi,9.36,Shuttle,FC,Forecast
530664290103,SG BÌNH LỢI,AG TỊNH BIÊN,AG TỊNH BIÊN,SG BÌNH LỢI,2026-07-13 14:30:40,2026-07-13 11:28:05,2026-07-13 03:47:28,,Đang trên bãi,10.08,Shuttle,FC,Forecast
530213930104,SG BÌNH LỢI,SG BÀ ĐIỂM,SG BÀ ĐIỂM,SG BÌNH LỢI,2026-07-13 14:30:39,2026-07-13 11:30:52,2026-07-13 09:58:11,,Đang trên bãi,5.09,Shuttle,FC,Forecast
530721610104,SG BÌNH LỢI,CT NINH KIỀU,CT NINH KIỀU,SG BÌNH LỢI,2026-07-13 14:30:30,2026-07-13 11:28:40,2026-07-13 09:27:11,,Đang trên bãi,16.05,Shuttle,FC,Forecast
530371110104,SG BÌNH LỢI,CT NINH KIỀU,CT NINH KIỀU,SG BÌNH LỢI,2026-07-13 14:30:25,2026-07-13 11:31:07,2026-07-12 18:40:54,,Đang trên bãi,10.08,Shuttle,FC,Forecast
530276490103,SG BÌNH LỢI,ST VĨNH CHÂU,ST VĨNH CHÂU,SG BÌNH LỢI,2026-07-13 14:30:22,2026-07-13 11:28:02,2026-07-13 05:17:05,,Đang trên bãi,7.0,Shuttle,FC,Forecast
530535290103,SG BÌNH LỢI,VT LONG ĐẤT,VT LONG ĐẤT,SG BÌNH LỢI,2026-07-13 14:30:19,2026-07-13 11:23:56,2026-07-12 20:32:33,,Đang trên bãi,8.0,Shuttle,FC,Forecast
530195710104,SG BÌNH LỢI,SG ĐÔNG HƯNG THUẬN,SG ĐÔNG HƯNG THUẬN,SG BÌNH LỢI,2026-07-13 14:30:14,2026-07-13 11:28:01,2026-07-13 02:31:37,,Đang trên bãi,10.0,Shuttle,FC,Forecast
530955720104,SG BÌNH LỢI,LA ĐỨC HÒA,LA ĐỨC HÒA,SG BÌNH LỢI,2026-07-13 14:30:12,2026-07-13 11:28:57,2026-07-13 08:36:28,,Đang trên bãi,6.24,Shuttle,FC,Forecast
530988690103,SG BÌNH LỢI,SG AN LẠC,SG AN LẠC,SG BÌNH LỢI,2026-07-13 14:30:10,2026-07-13 11:28:00,2026-07-13 07:21:18,,Đang trên bãi,10.0,Shuttle,FC,Forecast
530753090103,SG BÌNH LỢI,SG BÌNH TÂN,SG BÌNH TÂN,SG BÌNH LỢI,2026-07-13 14:30:05,2026-07-13 11:28:03,2026-07-13 01:19:08,,Đang trên bãi,6.24,Shuttle,FC,Forecast
530141290103,SG BÌNH LỢI,SG TÂN SƠN NHÌ,SG TÂN SƠN NHÌ,SG BÌNH LỢI,2026-07-13 14:30:01,2026-07-13 11:24:34,2026-07-12 21:40:07,,Đang trên bãi,5.09,Shuttle,FC,Forecast
530621120104,SG BÌNH LỢI,SG BÌNH TÂN,SG BÌNH TÂN,SG BÌNH LỢI,2026-07-13 14:29:58,2026-07-13 11:27:56,2026-07-13 07:43:54,,Đang trên bãi,13.0,Shuttle,FC,Forecast
530113120104,SG BÌNH LỢI,BN HUB,HN HÀ ĐÔNG,SG BÌNH LỢI,2026-07-13 14:29:54,2026-07-13 11:27:51,2026-07-12 21:16:07,,Đang trên bãi,10.0,Linehaul,BN HUB,Forecast
530690510104,SG BÌNH LỢI,SG PHÚ LÂM,SG PHÚ LÂM,SG BÌNH LỢI,2026-07-13 14:29:51,2026-07-13 11:27:43,2026-07-12 23:04:47,,Đang trên bãi,7.0,Shuttle,FC,Forecast
530783310104,SG BÌNH LỢI,VL VĨNH LONG,VL VĨNH LONG,SG BÌNH LỢI,2026-07-13 14:29:48,2026-07-13 11:30:59,2026-07-13 04:56:48,,Đang trên bãi,6.37,Shuttle,FC,Forecast
530502520104,SG BÌNH LỢI,SG KHÁNH HỘI,SG KHÁNH HỘI,SG BÌNH LỢI,2026-07-13 14:29:46,2026-07-13 11:30:58,2026-07-13 02:00:39,,Đang trên bãi,7.0,Shuttle,FC,Forecast
530188910104,SG BÌNH LỢI,TG TRUNG AN,TG TRUNG AN,SG BÌNH LỢI,2026-07-13 14:29:42,2026-07-13 11:24:53,2026-07-12 18:12:13,,Đang trên bãi,8.2,Shuttle,FC,Forecast
530851400104,SG BÌNH LỢI,SG HƯNG LONG,SG HƯNG LONG,SG BÌNH LỢI,2026-07-13 14:29:39,2026-07-13 11:31:02,2026-07-13 08:59:35,,Đang trên bãi,10.0,Shuttle,FC,Forecast
530151000104,SG BÌNH LỢI,SG ĐÔNG HƯNG THUẬN,SG ĐÔNG HƯNG THUẬN,SG BÌNH LỢI,2026-07-13 14:29:36,2026-07-13 11:24:48,2026-07-13 08:36:47,,Đang trên bãi,8.2,Shuttle,FC,Forecast
530245690103,SG BÌNH LỢI,SG HIỆP BÌNH,SG HIỆP BÌNH,SG BÌNH LỢI,2026-07-13 14:29:33,2026-07-13 12:25:50,2026-07-13 00:32:49,,Đang trên bãi,12.5,Shuttle,FC,Forecast
530202600104,SG BÌNH LỢI,SG HIỆP BÌNH,SG HIỆP BÌNH,SG BÌNH LỢI,2026-07-13 14:29:30,2026-07-13 12:25:45,2026-07-13 02:00:58,,Đang trên bãi,6.9,Shuttle,FC,Forecast
530008010104,SG BÌNH LỢI,SG THỦ ĐỨC,SG THỦ ĐỨC,SG BÌNH LỢI,2026-07-13 14:29:27,2026-07-13 13:09:16,2026-07-13 09:36:47,,Đang trên bãi,5.03,Shuttle,FC,Forecast
530634410104,SG BÌNH LỢI,AG TỊNH BIÊN,AG TỊNH BIÊN,SG BÌNH LỢI,2026-07-13 14:29:25,2026-07-13 13:10:27,2026-07-13 09:36:14,,Đang trên bãi,6.1,Shuttle,FC,Forecast
530812330104,SG BÌNH LỢI,VL VĨNH LONG,VL VĨNH LONG,SG BÌNH LỢI,2026-07-13 14:29:22,2026-07-13 13:10:24,2026-07-13 09:36:47,,Đang trên bãi,5.03,Shuttle,FC,Forecast
530736720104,SG BÌNH LỢI,TG GÒ CÔNG,TG GÒ CÔNG,SG BÌNH LỢI,2026-07-13 14:29:20,2026-07-13 11:27:58,2026-07-13 07:33:19,,Đang trên bãi,6.24,Shuttle,FC,Forecast
530143090103,SG BÌNH LỢI,TG TRUNG AN,TG TRUNG AN,SG BÌNH LỢI,2026-07-13 14:29:17,2026-07-13 11:23:59,2026-07-12 20:42:50,,Đang trên bãi,10.08,Shuttle,FC,Forecast
530698690103,SG BÌNH LỢI,VT LONG ĐẤT,VT LONG ĐẤT,SG BÌNH LỢI,2026-07-13 14:29:14,2026-07-13 12:25:48,2026-07-13 01:59:59,,Đang trên bãi,6.24,Shuttle,FC,Forecast
530116120104,SG BÌNH LỢI,LA ĐỨC HÒA,LA ĐỨC HÒA,SG BÌNH LỢI,2026-07-13 14:29:12,2026-07-13 11:23:46,2026-07-12 20:16:53,,Đang trên bãi,6.24,Shuttle,FC,Forecast
530069800104,SG BÌNH LỢI,CT Ô MÔN,CT Ô MÔN,SG BÌNH LỢI,2026-07-13 14:29:10,2026-07-13 11:31:00,2026-07-13 08:36:55,,Đang trên bãi,13.0,Shuttle,FC,Forecast
530686710104,SG BÌNH LỢI,BN HUB,HN ỨNG HÒA,SG BÌNH LỢI,2026-07-13 14:29:08,2026-07-13 11:27:50,2026-07-12 21:52:20,,Đang trên bãi,10.0,Linehaul,BN HUB,Forecast
530271310104,SG BÌNH LỢI,BN HUB,HN PHÚ DIỄN,SG BÌNH LỢI,2026-07-13 14:29:06,2026-07-13 11:28:52,2026-07-12 18:15:13,,Đang trên bãi,8.2,Linehaul,BN HUB,Forecast
530103010104,SG BÌNH LỢI,SG CHỢ LỚN,SG CHỢ LỚN,SG BÌNH LỢI,2026-07-13 14:29:03,2026-07-13 11:31:03,2026-07-13 08:59:35,,Đang trên bãi,10.0,Shuttle,FC,Forecast
530350690103,SG BÌNH LỢI,BD BÌNH HÒA,BD BÌNH HÒA,SG BÌNH LỢI,2026-07-13 14:29:02,2026-07-13 11:27:49,2026-07-12 20:24:33,,Đang trên bãi,10.0,Shuttle,FC,Forecast
530648090103,SG BÌNH LỢI,LA BẾN LỨC,LA BẾN LỨC,SG BÌNH LỢI,2026-07-13 14:28:59,2026-07-13 11:23:54,2026-07-12 22:33:58,,Đang trên bãi,12.0,Shuttle,FC,Forecast
530913890103,SG BÌNH LỢI,VT VŨNG TÀU,VT VŨNG TÀU,SG BÌNH LỢI,2026-07-13 14:28:35,2026-07-13 11:24:03,2026-07-12 19:36:15,,Đang trên bãi,17.2,Shuttle,FC,Forecast
530377920104,SG BÌNH LỢI,VT VŨNG TÀU,VT VŨNG TÀU,SG BÌNH LỢI,2026-07-13 14:28:24,2026-07-13 13:09:53,2026-07-13 09:36:14,,Đang trên bãi,11.0,Shuttle,FC,Forecast
530894320104,SG BÌNH LỢI,BD BẾN CÁT,BD BẾN CÁT,SG BÌNH LỢI,2026-07-13 14:28:21,2026-07-13 13:09:51,2026-07-13 09:36:15,,Đang trên bãi,11.0,Shuttle,FC,Forecast
530929410104,SG BÌNH LỢI,SG BÌNH LỢI,SG BÌNH LỢI,SG BÌNH LỢI,2026-07-13 14:28:19,2026-07-13 13:09:50,2026-07-13 09:36:14,,Đang trên bãi,11.0,Shuttle,FC,Forecast
530038930104,SG BÌNH LỢI,LA BẾN LỨC,LA BẾN LỨC,SG BÌNH LỢI,2026-07-13 14:28:16,2026-07-13 13:06:16,2026-07-13 09:38:08,,Đang trên bãi,11.0,Shuttle,FC,Forecast
530014730104,SG BÌNH LỢI,AG TÂN CHÂU,AG TÂN CHÂU,SG BÌNH LỢI,2026-07-13 14:28:10,2026-07-13 13:06:15,2026-07-13 09:36:14,,Đang trên bãi,11.0,Shuttle,FC,Forecast
530591920104,SG BÌNH LỢI,SG HÓC MÔN,SG HÓC MÔN,SG BÌNH LỢI,2026-07-13 14:28:08,2026-07-13 13:06:14,2026-07-13 09:36:15,,Đang trên bãi,11.0,Shuttle,FC,Forecast
530206010104,SG BÌNH LỢI,BN HUB,HN HÀ ĐÔNG,SG BÌNH LỢI,2026-07-13 14:28:05,2026-07-13 13:09:22,2026-07-13 09:36:15,,Đang trên bãi,11.0,Linehaul,BN HUB,Forecast
530242090103,SG BÌNH LỢI,VL VĨNH LONG,VL VĨNH LONG,SG BÌNH LỢI,2026-07-13 14:28:01,2026-07-13 13:09:17,2026-07-12 16:25:30,,Đang trên bãi,11.0,Shuttle,FC,Forecast
530499720104,SG BÌNH LỢI,BD BẾN CÁT,BD BẾN CÁT,SG BÌNH LỢI,2026-07-13 14:27:58,2026-07-13 13:09:18,2026-07-13 09:36:47,,Đang trên bãi,11.0,Shuttle,FC,Forecast
530510330104,SG BÌNH LỢI,BN HUB,HN PHÚ XUYÊN,SG BÌNH LỢI,2026-07-13 14:27:55,2026-07-13 13:16:31,2026-07-13 09:36:15,,Đang trên bãi,5.5,Linehaul,BN HUB,Forecast
530987000104,SG BÌNH LỢI,SG CHỢ LỚN,SG CHỢ LỚN,SG BÌNH LỢI,2026-07-13 14:27:52,2026-07-13 13:06:11,2026-07-13 09:36:15,,Đang trên bãi,11.0,Shuttle,FC,Forecast
530894920104,SG BÌNH LỢI,SG THỦ ĐỨC,SG THỦ ĐỨC,SG BÌNH LỢI,2026-07-13 14:27:48,2026-07-13 13:06:12,2026-07-13 09:36:14,,Đang trên bãi,11.0,Shuttle,FC,Forecast
530006730104,SG BÌNH LỢI,SG CỦ CHI,SG CỦ CHI,SG BÌNH LỢI,2026-07-13 14:27:43,2026-07-13 13:09:21,2026-07-13 09:36:14,,Đang trên bãi,11.0,Shuttle,FC,Forecast
530206210104,SG BÌNH LỢI,BN HUB,HN HẠ BẰNG,SG BÌNH LỢI,2026-07-13 14:27:39,2026-07-13 13:25:29,2026-07-13 09:36:15,,Đang trên bãi,5.5,Linehaul,BN HUB,Forecast
530987800104,SG BÌNH LỢI,BN HUB,BG BẮC GIANG,SG BÌNH LỢI,2026-07-13 14:27:36,2026-07-13 13:09:19,2026-07-13 09:36:15,,Đang trên bãi,11.0,Linehaul,BN HUB,Forecast
530299600104,SG BÌNH LỢI,BN HUB,HN PHÚ XUYÊN,SG BÌNH LỢI,2026-07-13 14:27:31,2026-07-13 13:16:35,2026-07-13 09:36:14,,Đang trên bãi,5.5,Linehaul,BN HUB,Forecast
530105530104,SG BÌNH LỢI,SG GÒ VẤP,SG GÒ VẤP,SG BÌNH LỢI,2026-07-13 14:27:27,2026-07-13 13:17:28,2026-07-13 09:36:46,,Đang trên bãi,5.5,Shuttle,FC,Forecast
530896920104,SG BÌNH LỢI,BD DĨ AN,BD DĨ AN,SG BÌNH LỢI,2026-07-13 14:27:24,2026-07-13 13:13:51,2026-07-13 09:36:14,,Đang trên bãi,5.5,Shuttle,FC,Forecast
530591320104,SG BÌNH LỢI,CT NINH KIỀU,CT NINH KIỀU,SG BÌNH LỢI,2026-07-13 14:27:20,2026-07-13 13:09:55,2026-07-13 09:36:14,,Đang trên bãi,11.0,Shuttle,FC,Forecast
530801330104,SG BÌNH LỢI,CT Ô MÔN,CT Ô MÔN,SG BÌNH LỢI,2026-07-13 14:27:17,2026-07-13 13:09:55,2026-07-13 09:36:15,,Đang trên bãi,11.0,Shuttle,FC,Forecast
530106810104,SG BÌNH LỢI,SG GÒ VẤP,SG GÒ VẤP,SG BÌNH LỢI,2026-07-13 14:27:12,2026-07-13 13:14:03,2026-07-13 09:36:14,,Đang trên bãi,5.5,Shuttle,FC,Forecast
530504320104,SG BÌNH LỢI,LA BẾN LỨC,LA BẾN LỨC,SG BÌNH LỢI,2026-07-13 14:27:08,2026-07-13 13:14:13,2026-07-12 16:26:05,,Đang trên bãi,5.5,Shuttle,FC,Forecast
530372290103,SG BÌNH LỢI,AG TỊNH BIÊN,AG TỊNH BIÊN,SG BÌNH LỢI,2026-07-13 14:27:05,2026-07-13 13:14:06,2026-07-12 16:26:05,,Đang trên bãi,5.5,Shuttle,FC,Forecast
530711090103,SG BÌNH LỢI,BN HUB,HN THANH XUÂN,SG BÌNH LỢI,2026-07-13 14:27:03,2026-07-13 13:17:50,2026-07-12 16:26:05,,Đang trên bãi,5.5,Linehaul,BN HUB,Forecast
530114730104,SG BÌNH LỢI,AG THOẠI SƠN,AG THOẠI SƠN,SG BÌNH LỢI,2026-07-13 14:27:01,2026-07-13 13:17:27,2026-07-13 09:36:47,,Đang trên bãi,5.5,Shuttle,FC,Forecast
530016010104,SG BÌNH LỢI,TG TRUNG AN,TG TRUNG AN,SG BÌNH LỢI,2026-07-13 14:26:58,2026-07-13 13:18:09,2026-07-13 09:36:46,,Đang trên bãi,5.5,Shuttle,FC,Forecast
530303330104,SG BÌNH LỢI,SG TÂN NHỰT,SG TÂN NHỰT,SG BÌNH LỢI,2026-07-13 14:26:57,2026-07-13 13:18:21,2026-07-13 09:36:15,,Đang trên bãi,5.5,Shuttle,FC,Forecast
530734010104,SG BÌNH LỢI,SG PHÚ NHUẬN,SG PHÚ NHUẬN,SG BÌNH LỢI,2026-07-13 14:26:54,2026-07-13 13:17:09,2026-07-13 09:36:46,,Đang trên bãi,5.5,Shuttle,FC,Forecast
530996720104,SG BÌNH LỢI,DT SA ĐÉC,DT SA ĐÉC,SG BÌNH LỢI,2026-07-13 14:26:51,2026-07-13 13:25:29,2026-07-13 09:36:14,,Đang trên bãi,5.5,Shuttle,FC,Forecast
530136410104,SG BÌNH LỢI,BD BẾN CÁT,BD BẾN CÁT,SG BÌNH LỢI,2026-07-13 14:26:46,2026-07-13 13:25:28,2026-07-13 09:36:47,,Đang trên bãi,11.03,Shuttle,FC,Forecast
530016210104,SG BÌNH LỢI,SG CỦ CHI,SG CỦ CHI,SG BÌNH LỢI,2026-07-13 14:26:43,2026-07-13 13:09:20,2026-07-13 09:36:47,,Đang trên bãi,11.0,Shuttle,FC,Forecast
530894520104,SG BÌNH LỢI,DT SA ĐÉC,DT SA ĐÉC,SG BÌNH LỢI,2026-07-13 14:26:40,2026-07-13 13:09:21,2026-07-13 09:36:14,,Đang trên bãi,11.0,Shuttle,FC,Forecast
530366330104,SG BÌNH LỢI,TG GÒ CÔNG,TG GÒ CÔNG,SG BÌNH LỢI,2026-07-13 14:26:37,2026-07-13 13:15:50,2026-07-13 09:36:14,,Đang trên bãi,5.5,Shuttle,FC,Forecast
530005730104,SG BÌNH LỢI,SG XUÂN HÒA,SG XUÂN HÒA,SG BÌNH LỢI,2026-07-13 14:26:34,2026-07-13 13:16:06,2026-07-13 09:36:14,,Đang trên bãi,5.5,Shuttle,FC,Forecast
530870710104,SG BÌNH LỢI,AG TÂN CHÂU,AG TÂN CHÂU,SG BÌNH LỢI,2026-07-13 14:26:31,2026-07-13 13:14:58,2026-07-12 16:25:30,,Đang trên bãi,6.0,Shuttle,FC,Forecast
530987600104,SG BÌNH LỢI,BD DĨ AN,BD DĨ AN,SG BÌNH LỢI,2026-07-13 14:26:29,2026-07-13 13:18:13,2026-07-13 09:36:15,,Đang trên bãi,5.5,Shuttle,FC,Forecast
530812130104,SG BÌNH LỢI,BD BÌNH HÒA,BD BÌNH HÒA,SG BÌNH LỢI,2026-07-13 14:26:27,2026-07-13 13:17:45,2026-07-13 09:36:46,,Đang trên bãi,5.5,Shuttle,FC,Forecast
530962690103,SG BÌNH LỢI,SG PHÚ LÂM,SG PHÚ LÂM,SG BÌNH LỢI,2026-07-13 14:26:24,2026-07-13 13:22:09,2026-07-12 16:26:05,,Đang trên bãi,5.5,Shuttle,FC,Forecast
530114610104,SG BÌNH LỢI,BN HUB,HN MỸ ĐỨC,SG BÌNH LỢI,2026-07-13 14:26:21,2026-07-13 13:22:07,2026-07-13 09:36:15,,Đang trên bãi,5.5,Linehaul,BN HUB,Forecast
530136210104,SG BÌNH LỢI,LA HẬU NGHĨA,LA HẬU NGHĨA,SG BÌNH LỢI,2026-07-13 14:26:18,2026-07-13 13:22:08,2026-07-13 09:36:46,,Đang trên bãi,5.5,Shuttle,FC,Forecast
530591120104,SG BÌNH LỢI,AG THOẠI SƠN,AG THOẠI SƠN,SG BÌNH LỢI,2026-07-13 14:26:16,2026-07-13 13:25:37,2026-07-13 09:36:14,,Đang trên bãi,5.5,Shuttle,FC,Forecast
530114810104,SG BÌNH LỢI,DT CAO LÃNH,DT CAO LÃNH,SG BÌNH LỢI,2026-07-13 14:26:13,2026-07-13 13:25:27,2026-07-13 09:36:15,,Đang trên bãi,11.0,Shuttle,FC,Forecast
530885720104,SG BÌNH LỢI,BN HUB,HN HOÀNG MAI,SG BÌNH LỢI,2026-07-13 14:26:12,2026-07-13 13:16:38,2026-07-13 09:36:14,,Đang trên bãi,5.5,Linehaul,BN HUB,Forecast
530176110104,SG BÌNH LỢI,BN HUB,BN YÊN PHONG,SG BÌNH LỢI,2026-07-13 14:26:06,2026-07-13 13:17:48,2026-07-12 16:25:30,,Đang trên bãi,5.5,Linehaul,BN HUB,Forecast
530885920104,SG BÌNH LỢI,LA BẾN LỨC,LA BẾN LỨC,SG BÌNH LỢI,2026-07-13 14:26:04,2026-07-13 13:25:38,2026-07-13 09:36:15,,Đang trên bãi,5.5,Shuttle,FC,Forecast
530985120104,SG BÌNH LỢI,SG NHƠN ĐỨC,SG NHƠN ĐỨC,SG BÌNH LỢI,2026-07-13 14:26:01,2026-07-13 13:17:42,2026-07-13 09:36:47,,Đang trên bãi,5.5,Shuttle,FC,Forecast
530634610104,SG BÌNH LỢI,SG BÌNH TRỊ ĐÔNG,SG BÌNH TRỊ ĐÔNG,SG BÌNH LỢI,2026-07-13 14:25:59,2026-07-13 13:16:36,2026-07-13 09:36:14,,Đang trên bãi,5.5,Shuttle,FC,Forecast
530038330104,SG BÌNH LỢI,BN HUB,HN CHÚC SƠN,SG BÌNH LỢI,2026-07-13 14:25:56,2026-07-13 13:09:54,2026-07-13 09:36:47,,Đang trên bãi,11.0,Linehaul,BN HUB,Forecast
530701930104,SG BÌNH LỢI,SG BÌNH TRỊ ĐÔNG,SG BÌNH TRỊ ĐÔNG,SG BÌNH LỢI,2026-07-13 14:24:48,2026-07-13 13:25:16,2026-07-13 09:36:15,,Đang trên bãi,11.0,Shuttle,FC,Forecast
530929010104,SG BÌNH LỢI,SG HIỆP BÌNH,SG HIỆP BÌNH,SG BÌNH LỢI,2026-07-13 14:24:41,2026-07-13 13:28:01,2026-07-13 09:36:14,,Đang trên bãi,18.3,Shuttle,FC,Forecast
530036410104,SG BÌNH LỢI,BN HUB,HN THANH TRÌ,SG BÌNH LỢI,2026-07-13 14:24:33,2026-07-13 13:18:22,2026-07-13 09:36:15,,Đang trên bãi,5.5,Linehaul,BN HUB,Forecast
530591720104,SG BÌNH LỢI,BN HUB,HN THANH XUÂN,SG BÌNH LỢI,2026-07-13 14:24:30,2026-07-13 13:18:20,2026-07-13 09:36:14,,Đang trên bãi,5.5,Linehaul,BN HUB,Forecast
530008210104,SG BÌNH LỢI,BD BÌNH HÒA,BD BÌNH HÒA,SG BÌNH LỢI,2026-07-13 14:24:27,2026-07-13 13:25:15,2026-07-13 09:36:47,,Đang trên bãi,6.0,Shuttle,FC,Forecast
530625890103,SG BÌNH LỢI,SG NHƠN ĐỨC,SG NHƠN ĐỨC,SG BÌNH LỢI,2026-07-13 14:24:25,2026-07-13 13:17:24,2026-07-12 16:26:05,,Đang trên bãi,5.5,Shuttle,FC,Forecast
530114410104,SG BÌNH LỢI,SG HƯNG LONG,SG HƯNG LONG,SG BÌNH LỢI,2026-07-13 14:24:20,2026-07-13 13:16:38,2026-07-13 09:36:15,,Đang trên bãi,5.5,Shuttle,FC,Forecast
530987920104,SG BÌNH LỢI,BN HUB,PT PHÚ THỌ,SG BÌNH LỢI,2026-07-13 14:24:18,2026-07-13 13:16:30,2026-07-13 09:36:14,,Đang trên bãi,5.5,Linehaul,BN HUB,Forecast
530105330104,SG BÌNH LỢI,VT LONG ĐẤT,VT LONG ĐẤT,SG BÌNH LỢI,2026-07-13 14:24:15,2026-07-13 13:17:23,2026-07-13 09:36:47,,Đang trên bãi,5.5,Shuttle,FC,Forecast
530504520104,SG BÌNH LỢI,BD BÌNH HÒA,BD BÌNH HÒA,SG BÌNH LỢI,2026-07-13 14:24:11,2026-07-13 13:27:47,2026-07-12 16:26:05,,Đang trên bãi,11.0,Shuttle,FC,Forecast
530006330104,SG BÌNH LỢI,AG CẦN ĐĂNG,AG CẦN ĐĂNG,SG BÌNH LỢI,2026-07-13 14:24:07,2026-07-13 13:10:31,2026-07-13 09:36:14,,Đang trên bãi,6.1,Shuttle,FC,Forecast
530996520104,SG BÌNH LỢI,BD BÌNH HÒA,BD BÌNH HÒA,SG BÌNH LỢI,2026-07-13 14:24:02,2026-07-13 13:09:56,2026-07-13 09:36:14,,Đang trên bãi,11.0,Shuttle,FC,Forecast
530105130104,SG BÌNH LỢI,BN HUB,HN HÀ ĐÔNG,SG BÌNH LỢI,2026-07-13 14:23:59,2026-07-13 13:16:01,2026-07-13 09:36:47,,Đang trên bãi,5.5,Linehaul,BN HUB,Forecast
530242290103,SG BÌNH LỢI,BN HUB,HP THỦY NGUYÊN,SG BÌNH LỢI,2026-07-13 14:23:57,2026-07-13 13:16:22,2026-07-12 16:26:05,,Đang trên bãi,5.1,Linehaul,BN HUB,Forecast
530504120104,SG BÌNH LỢI,SG NHƠN ĐỨC,SG NHƠN ĐỨC,SG BÌNH LỢI,2026-07-13 14:23:53,2026-07-13 13:16:16,2026-07-12 16:26:05,,Đang trên bãi,5.5,Shuttle,FC,Forecast
530664710104,SG BÌNH LỢI,LA TÂN AN,LA TÂN AN,SG BÌNH LỢI,2026-07-13 14:23:50,2026-07-13 13:16:16,2026-07-12 16:26:05,,Đang trên bãi,5.5,Shuttle,FC,Forecast
530036210104,SG BÌNH LỢI,LA BẾN LỨC,LA BẾN LỨC,SG BÌNH LỢI,2026-07-13 14:23:48,2026-07-13 13:15:46,2026-07-13 09:36:15,,Đang trên bãi,5.5,Shuttle,FC,Forecast
530176310104,SG BÌNH LỢI,SG BÌNH TRỊ ĐÔNG,SG BÌNH TRỊ ĐÔNG,SG BÌNH LỢI,2026-07-13 14:23:45,2026-07-13 13:14:16,2026-07-12 16:26:05,,Đang trên bãi,5.5,Shuttle,FC,Forecast
530962490103,SG BÌNH LỢI,CT Ô MÔN,CT Ô MÔN,SG BÌNH LỢI,2026-07-13 14:23:43,2026-07-13 13:15:35,2026-07-12 16:26:05,,Đang trên bãi,5.5,Shuttle,FC,Forecast
530303530104,SG BÌNH LỢI,BN HUB,HN HOÀNG MAI,SG BÌNH LỢI,2026-07-13 14:23:41,2026-07-13 13:15:36,2026-07-13 09:36:15,,Đang trên bãi,5.5,Linehaul,BN HUB,Forecast
530036810104,SG BÌNH LỢI,VT VŨNG TÀU,VT VŨNG TÀU,SG BÌNH LỢI,2026-07-13 14:23:38,2026-07-13 13:25:36,2026-07-13 09:36:14,,Đang trên bãi,5.5,Shuttle,FC,Forecast
530206410104,SG BÌNH LỢI,SG CHỢ LỚN,SG CHỢ LỚN,SG BÌNH LỢI,2026-07-13 14:23:35,2026-07-13 14:18:35,2026-07-13 09:36:47,,Đang trên bãi,6.0,Shuttle,FC,Forecast
530106330104,SG BÌNH LỢI,ST PHÚ LỢI,ST PHÚ LỢI,SG BÌNH LỢI,2026-07-13 14:23:31,2026-07-13 13:22:27,2026-07-13 09:36:14,,Đang trên bãi,11.0,Shuttle,FC,Forecast
530006530104,SG BÌNH LỢI,BN HUB,HD KINH MÔN,SG BÌNH LỢI,2026-07-13 14:23:28,2026-07-13 13:22:21,2026-07-13 09:36:14,,Đang trên bãi,5.5,Linehaul,BN HUB,Forecast
530410930104,SG BÌNH LỢI,AG CẦN ĐĂNG,AG CẦN ĐĂNG,SG BÌNH LỢI,2026-07-13 14:23:24,2026-07-13 13:22:20,2026-07-13 09:36:14,,Đang trên bãi,5.5,Shuttle,FC,Forecast
530894720104,SG BÌNH LỢI,SG TÂN THỚI HIỆP,SG TÂN THỚI HIỆP,SG BÌNH LỢI,2026-07-13 14:23:21,2026-07-13 13:22:19,2026-07-13 09:36:14,,Đang trên bãi,5.5,Shuttle,FC,Forecast
530005930104,SG BÌNH LỢI,SG PHÚ LÂM,SG PHÚ LÂM,SG BÌNH LỢI,2026-07-13 14:23:19,2026-07-13 13:22:18,2026-07-13 09:36:15,,Đang trên bãi,5.5,Shuttle,FC,Forecast
530005330104,SG BÌNH LỢI,AG TÂN CHÂU,AG TÂN CHÂU,SG BÌNH LỢI,2026-07-13 14:23:16,2026-07-13 13:22:17,2026-07-13 09:36:15,,Đang trên bãi,5.5,Shuttle,FC,Forecast
530712330104,SG BÌNH LỢI,BN HUB,HN THANH LIỆT,SG BÌNH LỢI,2026-07-13 14:23:13,2026-07-13 13:22:17,2026-07-13 09:36:14,,Đang trên bãi,5.5,Linehaul,BN HUB,Forecast
530996320104,SG BÌNH LỢI,SG GÒ VẤP,SG GÒ VẤP,SG BÌNH LỢI,2026-07-13 14:23:11,2026-07-13 13:16:34,2026-07-13 09:36:15,,Đang trên bãi,5.5,Shuttle,FC,Forecast
530014930104,SG BÌNH LỢI,SG AN LẠC,SG AN LẠC,SG BÌNH LỢI,2026-07-13 14:23:08,2026-07-13 13:06:13,2026-07-13 09:36:14,,Đang trên bãi,11.0,Shuttle,FC,Forecast
530987400104,SG BÌNH LỢI,BN HUB,HN MÊ LINH,SG BÌNH LỢI,2026-07-13 14:23:05,2026-07-13 13:15:53,2026-07-13 09:36:14,,Đang trên bãi,5.5,Linehaul,BN HUB,Forecast
530100610104,SG BÌNH LỢI,SG AN PHÚ ĐÔNG,SG AN PHÚ ĐÔNG,SG BÌNH LỢI,2026-07-13 14:23:01,2026-07-13 13:15:51,2026-07-13 09:36:15,,Đang trên bãi,5.5,Shuttle,FC,Forecast
530985320104,SG BÌNH LỢI,DT SA ĐÉC,DT SA ĐÉC,SG BÌNH LỢI,2026-07-13 14:22:59,2026-07-13 13:18:17,2026-07-13 09:36:47,,Đang trên bãi,5.5,Shuttle,FC,Forecast
530992000104,SG BÌNH LỢI,BN HUB,BG BẮC GIANG,SG BÌNH LỢI,2026-07-13 14:22:56,2026-07-13 13:22:15,2026-07-13 09:36:47,,Đang trên bãi,5.5,Linehaul,BN HUB,Forecast
530691320104,SG BÌNH LỢI,SG BÀ ĐIỂM,SG BÀ ĐIỂM,SG BÌNH LỢI,2026-07-13 14:22:53,2026-07-13 13:22:14,2026-07-13 09:36:46,,Đang trên bãi,5.5,Shuttle,FC,Forecast
530261710104,SG BÌNH LỢI,CT NINH KIỀU,CT NINH KIỀU,SG BÌNH LỢI,2026-07-13 14:22:51,2026-07-13 13:15:57,2026-07-12 16:26:05,,Đang trên bãi,5.5,Shuttle,FC,Forecast
530214210104,SG BÌNH LỢI,BD BÌNH HÒA,BD BÌNH HÒA,SG BÌNH LỢI,2026-07-13 14:22:47,2026-07-13 13:18:19,2026-07-13 09:36:47,,Đang trên bãi,5.5,Shuttle,FC,Forecast
530299800104,SG BÌNH LỢI,BN HUB,HN HOÀI ĐỨC,SG BÌNH LỢI,2026-07-13 14:22:46,2026-07-13 13:16:04,2026-07-13 09:36:14,,Đang trên bãi,5.5,Linehaul,BN HUB,Forecast
530242490103,SG BÌNH LỢI,AG TỊNH BIÊN,AG TỊNH BIÊN,SG BÌNH LỢI,2026-07-13 14:22:42,2026-07-13 13:15:58,2026-07-12 16:26:05,,Đang trên bãi,5.5,Shuttle,FC,Forecast
530534410104,SG BÌNH LỢI,SG THỦ ĐỨC,SG THỦ ĐỨC,SG BÌNH LỢI,2026-07-13 14:22:39,2026-07-13 13:25:16,2026-07-13 09:36:15,,Đang trên bãi,6.0,Shuttle,FC,Forecast
530996120104,SG BÌNH LỢI,SG GÒ VẤP,SG GÒ VẤP,SG BÌNH LỢI,2026-07-13 14:22:36,2026-07-13 13:25:31,2026-07-13 09:36:14,,Đang trên bãi,11.0,Shuttle,FC,Forecast
530929810104,SG BÌNH LỢI,SG TÂN HƯNG,SG TÂN HƯNG,SG BÌNH LỢI,2026-07-13 14:22:33,2026-07-13 13:25:17,2026-07-13 09:36:15,,Đang trên bãi,6.0,Shuttle,FC,Forecast
530929610104,SG BÌNH LỢI,BN HUB,HN NAM TỪ LIÊM,SG BÌNH LỢI,2026-07-13 14:22:31,2026-07-13 13:16:44,2026-07-13 09:36:15,,Đang trên bãi,5.5,Linehaul,BN HUB,Forecast
530801130104,SG BÌNH LỢI,SG PHÚ LÂM,SG PHÚ LÂM,SG BÌNH LỢI,2026-07-13 14:22:27,2026-07-13 13:16:45,2026-07-13 09:36:15,,Đang trên bãi,5.5,Shuttle,FC,Forecast
530987200104,SG BÌNH LỢI,SG AN LẠC,SG AN LẠC,SG BÌNH LỢI,2026-07-13 14:22:23,2026-07-13 13:22:06,2026-07-13 09:36:15,,Đang trên bãi,5.5,Shuttle,FC,Forecast
530611890103,SG BÌNH LỢI,VT XUYÊN MỘC,VT XUYÊN MỘC,SG BÌNH LỢI,2026-07-13 14:22:20,2026-07-13 13:25:34,2026-07-12 16:26:05,,Đang trên bãi,11.0,Shuttle,FC,Forecast
530623690103,SG BÌNH LỢI,SG THỦ ĐỨC,SG THỦ ĐỨC,SG BÌNH LỢI,2026-07-13 14:22:17,2026-07-13 13:25:33,2026-07-12 16:26:05,,Đang trên bãi,11.0,Shuttle,FC,Forecast
530591520104,SG BÌNH LỢI,BN HUB,HN XUÂN ĐỈNH,SG BÌNH LỢI,2026-07-13 14:22:12,2026-07-13 13:25:34,2026-07-13 09:36:14,,Đang trên bãi,5.5,Linehaul,BN HUB,Forecast
530005530104,SG BÌNH LỢI,AG THOẠI SƠN,AG THOẠI SƠN,SG BÌNH LỢI,2026-07-13 14:22:09,2026-07-13 13:25:35,2026-07-13 09:36:15,,Đang trên bãi,5.5,Shuttle,FC,Forecast
530200010104,SG BÌNH LỢI,BN HUB,HN SÓC SƠN,SG BÌNH LỢI,2026-07-13 14:22:07,2026-07-13 13:25:30,2026-07-13 09:36:14,,Đang trên bãi,6.0,Linehaul,BN HUB,Forecast
530634010104,SG BÌNH LỢI,BN HUB,HN MÊ LINH,SG BÌNH LỢI,2026-07-13 14:22:02,2026-07-13 13:27:43,2026-07-13 09:36:15,,Đang trên bãi,5.5,Linehaul,BN HUB,Forecast
530363310104,SG BÌNH LỢI,CT Ô MÔN,CT Ô MÔN,SG BÌNH LỢI,2026-07-13 14:22:00,2026-07-13 13:27:48,2026-07-12 16:26:05,,Đang trên bãi,14.4,Shuttle,FC,Forecast
530510130104,SG BÌNH LỢI,SG PHÚ LÂM,SG PHÚ LÂM,SG BÌNH LỢI,2026-07-13 14:21:59,2026-07-13 13:27:42,2026-07-13 09:36:14,,Đang trên bãi,5.5,Shuttle,FC,Forecast
530701730104,SG BÌNH LỢI,VT XUYÊN MỘC,VT XUYÊN MỘC,SG BÌNH LỢI,2026-07-13 14:21:56,2026-07-13 13:27:42,2026-07-13 09:36:14,,Đang trên bãi,5.5,Shuttle,FC,Forecast
530712730104,SG BÌNH LỢI,BN HUB,HY ÂN THI,SG BÌNH LỢI,2026-07-13 14:21:48,2026-07-13 13:27:40,2026-07-13 09:36:15,,Đang trên bãi,5.5,Linehaul,BN HUB,Forecast
530534210104,SG BÌNH LỢI,ST PHÚ LỢI,ST PHÚ LỢI,SG BÌNH LỢI,2026-07-13 14:21:46,2026-07-13 13:16:31,2026-07-13 09:36:15,,Đang trên bãi,5.5,Shuttle,FC,Forecast
530712930104,SG BÌNH LỢI,SG PHÚ NHUẬN,SG PHÚ NHUẬN,SG BÌNH LỢI,2026-07-13 14:21:43,2026-07-13 13:17:14,2026-07-13 09:36:15,,Đang trên bãi,5.5,Shuttle,FC,Forecast
530534810104,SG BÌNH LỢI,SG HIỆP BÌNH,SG HIỆP BÌNH,SG BÌNH LỢI,2026-07-13 14:21:41,2026-07-13 13:16:33,2026-07-13 09:36:14,,Đang trên bãi,5.5,Shuttle,FC,Forecast
530093120104,SG BÌNH LỢI,BN HUB,VP VĨNH YÊN,SG BÌNH LỢI,2026-07-13 14:21:38,2026-07-13 13:15:47,2026-07-13 09:36:15,,Đang trên bãi,5.5,Linehaul,BN HUB,Forecast
530712530104,SG BÌNH LỢI,VL VĨNH LONG,VL VĨNH LONG,SG BÌNH LỢI,2026-07-13 14:21:35,2026-07-13 13:17:06,2026-07-13 09:36:14,,Đang trên bãi,5.5,Shuttle,FC,Forecast
530006930104,SG BÌNH LỢI,BN HUB,HN HOÀN KIẾM,SG BÌNH LỢI,2026-07-13 14:21:33,2026-07-13 13:16:32,2026-07-13 09:36:14,,Đang trên bãi,5.5,Linehaul,BN HUB,Forecast
530812530104,SG BÌNH LỢI,SG HÓC MÔN,SG HÓC MÔN,SG BÌNH LỢI,2026-07-13 14:21:31,2026-07-13 13:16:27,2026-07-13 09:38:08,,Đang trên bãi,5.5,Shuttle,FC,Forecast
530994120104,SG BÌNH LỢI,DT CAO LÃNH,DT CAO LÃNH,SG BÌNH LỢI,2026-07-13 14:21:29,2026-07-13 13:17:15,2026-07-13 09:36:14,,Đang trên bãi,5.5,Shuttle,FC,Forecast
530691120104,SG BÌNH LỢI,BN HUB,BG BẮC GIANG,SG BÌNH LỢI,2026-07-13 14:21:26,2026-07-13 13:22:43,2026-07-13 09:36:15,,Đang trên bãi,14.4,Linehaul,BN HUB,Forecast
530008610104,SG BÌNH LỢI,BN HUB,ND NAM ĐỊNH,SG BÌNH LỢI,2026-07-13 14:21:23,2026-07-13 13:16:28,2026-07-13 09:38:08,,Đang trên bãi,5.5,Linehaul,BN HUB,Forecast
530363110104,SG BÌNH LỢI,SG HIỆP BÌNH,SG HIỆP BÌNH,SG BÌNH LỢI,2026-07-13 14:21:21,2026-07-13 13:22:44,2026-07-12 16:26:05,,Đang trên bãi,11.0,Shuttle,FC,Forecast
530114210104,SG BÌNH LỢI,SG BÌNH TÂN,SG BÌNH TÂN,SG BÌNH LỢI,2026-07-13 14:21:18,2026-07-13 13:27:41,2026-07-13 09:36:15,,Đang trên bãi,5.5,Shuttle,FC,Forecast
530734210104,SG BÌNH LỢI,SG TÂN NHỰT,SG TÂN NHỰT,SG BÌNH LỢI,2026-07-13 14:21:14,2026-07-13 13:22:26,2026-07-13 09:36:47,,Đang trên bãi,11.03,Shuttle,FC,Forecast
530303730104,SG BÌNH LỢI,SG THỦ ĐỨC,SG THỦ ĐỨC,SG BÌNH LỢI,2026-07-13 14:21:12,2026-07-13 13:22:05,2026-07-13 09:36:47,,Đang trên bãi,5.5,Shuttle,FC,Forecast
530766110104,SG BÌNH LỢI,LA TÂN AN,LA TÂN AN,SG BÌNH LỢI,2026-07-13 14:21:10,2026-07-13 13:22:45,2026-07-12 16:26:05,,Đang trên bãi,6.05,Shuttle,FC,Forecast
530176710104,SG BÌNH LỢI,SG TÂN TẠO,SG TÂN TẠO,SG BÌNH LỢI,2026-07-13 14:21:08,2026-07-13 13:27:45,2026-07-12 16:26:05,,Đang trên bãi,11.0,Shuttle,FC,Forecast
530176910104,SG BÌNH LỢI,SG CỦ CHI,SG CỦ CHI,SG BÌNH LỢI,2026-07-13 14:21:04,2026-07-13 13:14:17,2026-07-12 16:26:05,,Đang trên bãi,5.5,Shuttle,FC,Forecast
530368090103,SG BÌNH LỢI,DT CAO LÃNH,DT CAO LÃNH,SG BÌNH LỢI,2026-07-13 14:21:02,2026-07-13 13:16:00,2026-07-12 16:25:30,,Đang trên bãi,5.5,Shuttle,FC,Forecast
530105730104,SG BÌNH LỢI,SG TÂN THỚI HIỆP,SG TÂN THỚI HIỆP,SG BÌNH LỢI,2026-07-13 14:21:00,2026-07-13 13:15:59,2026-07-13 09:38:08,,Đang trên bãi,5.5,Shuttle,FC,Forecast
530114530104,SG BÌNH LỢI,BN HUB,HN ĐÔNG ANH,SG BÌNH LỢI,2026-07-13 14:20:54,2026-07-13 13:22:12,2026-07-13 09:36:46,,Đang trên bãi,5.5,Linehaul,BN HUB,Forecast
530359910104,SG BÌNH LỢI,SG THỦ ĐỨC,SG THỦ ĐỨC,SG BÌNH LỢI,2026-07-13 14:20:52,2026-07-13 13:16:22,2026-07-12 16:26:05,,Đang trên bãi,5.5,Shuttle,FC,Forecast
530459110104,SG BÌNH LỢI,BN HUB,HN BA VÌ,SG BÌNH LỢI,2026-07-13 14:20:50,2026-07-13 13:27:50,2026-07-12 16:26:05,,Đang trên bãi,11.0,Linehaul,BN HUB,Forecast
530534610104,SG BÌNH LỢI,BN HUB,HN THANH LIỆT,SG BÌNH LỢI,2026-07-13 14:20:48,2026-07-13 13:22:11,2026-07-13 09:36:14,,Đang trên bãi,5.5,Linehaul,BN HUB,Forecast
530038530104,SG BÌNH LỢI,SG BÀ ĐIỂM,SG BÀ ĐIỂM,SG BÌNH LỢI,2026-07-13 14:20:46,2026-07-13 13:18:19,2026-07-13 09:36:47,,Đang trên bãi,5.5,Shuttle,FC,Forecast
530366530104,SG BÌNH LỢI,BN HUB,HN HOÀI ĐỨC,SG BÌNH LỢI,2026-07-13 14:20:44,2026-07-13 13:25:40,2026-07-13 09:36:14,,Đang trên bãi,11.0,Linehaul,BN HUB,Forecast
530100810104,SG BÌNH LỢI,BD DĨ AN,BD DĨ AN,SG BÌNH LỢI,2026-07-13 14:20:38,2026-07-13 13:22:34,2026-07-13 09:36:14,,Đang trên bãi,6.05,Shuttle,FC,Forecast
530634810104,SG BÌNH LỢI,DT SA ĐÉC,DT SA ĐÉC,SG BÌNH LỢI,2026-07-13 14:20:36,2026-07-13 13:22:11,2026-07-13 09:36:15,,Đang trên bãi,5.5,Shuttle,FC,Forecast
530114130104,SG BÌNH LỢI,SG AN LẠC,SG AN LẠC,SG BÌNH LỢI,2026-07-13 14:20:35,2026-07-13 13:22:14,2026-07-13 09:36:47,,Đang trên bãi,5.5,Shuttle,FC,Forecast
530114330104,SG BÌNH LỢI,VT CHÂU ĐỨC,VT CHÂU ĐỨC,SG BÌNH LỢI,2026-07-13 14:20:33,2026-07-13 13:22:13,2026-07-13 09:36:46,,Đang trên bãi,5.5,Shuttle,FC,Forecast
530261510104,SG BÌNH LỢI,BD DĨ AN,BD DĨ AN,SG BÌNH LỢI,2026-07-13 14:20:31,2026-07-13 13:25:32,2026-07-12 16:25:30,,Đang trên bãi,11.0,Shuttle,FC,Forecast
530136010104,SG BÌNH LỢI,BN HUB,HN SÓC SƠN,SG BÌNH LỢI,2026-07-13 14:20:08,2026-07-13 13:17:05,2026-07-13 09:36:47,,Đang trên bãi,5.5,Linehaul,BN HUB,Forecast
530510530104,SG BÌNH LỢI,BN HUB,HN NAM TỪ LIÊM,SG BÌNH LỢI,2026-07-13 14:20:07,2026-07-13 13:17:04,2026-07-13 09:36:15,,Đang trên bãi,5.5,Linehaul,BN HUB,Forecast
530634210104,SG BÌNH LỢI,DT CAO LÃNH,DT CAO LÃNH,SG BÌNH LỢI,2026-07-13 14:20:03,2026-07-13 13:16:29,2026-07-13 09:36:15,,Đang trên bãi,5.5,Shuttle,FC,Forecast
530240290103,SG BÌNH LỢI,BN HUB,HN PHÚC THỌ,SG BÌNH LỢI,2026-07-13 14:20:00,2026-07-13 13:27:49,2026-07-12 16:25:30,,Đang trên bãi,11.0,Linehaul,BN HUB,Forecast
530477120104,SG BÌNH LỢI,BN HUB,PT PHÚ THỌ,SG BÌNH LỢI,2026-07-13 14:19:57,2026-07-13 13:27:44,2026-07-13 09:36:14,,Đang trên bãi,6.0,Linehaul,BN HUB,Forecast
530892800104,SG BÌNH LỢI,BN HUB,HN ĐÔNG ANH,SG BÌNH LỢI,2026-07-13 14:19:56,2026-07-13 13:27:39,2026-07-13 09:36:46,,Đang trên bãi,5.5,Linehaul,BN HUB,Forecast
530106730104,SG BÌNH LỢI,SG HƯNG LONG,SG HƯNG LONG,SG BÌNH LỢI,2026-07-13 14:19:55,2026-07-13 13:22:05,2026-07-13 09:38:08,,Đang trên bãi,5.5,Shuttle,FC,Forecast
530114010104,SG BÌNH LỢI,BN HUB,HN THUẬN AN,SG BÌNH LỢI,2026-07-13 14:19:54,2026-07-13 13:27:38,2026-07-13 09:36:14,,Đang trên bãi,5.5,Linehaul,BN HUB,Forecast
530929210104,SG BÌNH LỢI,BN HUB,BN TỪ SƠN,SG BÌNH LỢI,2026-07-13 14:19:52,2026-07-13 13:22:10,2026-07-13 09:36:15,,Đang trên bãi,5.5,Linehaul,BN HUB,Forecast
530036610104,SG BÌNH LỢI,BN HUB,HP AN DƯƠNG,SG BÌNH LỢI,2026-07-13 14:19:45,2026-07-13 13:27:44,2026-07-13 09:36:15,,Đang trên bãi,6.0,Linehaul,BN HUB,Forecast
530176510104,SG BÌNH LỢI,SG GÒ VẤP,SG GÒ VẤP,SG BÌNH LỢI,2026-07-13 14:19:41,2026-07-13 13:22:08,2026-07-12 16:26:05,,Đang trên bãi,5.5,Shuttle,FC,Forecast
530363510104,SG BÌNH LỢI,BN HUB,HN AN KHÁNH,SG BÌNH LỢI,2026-07-13 14:19:37,2026-07-13 13:27:46,2026-07-12 16:26:05,,Đang trên bãi,11.0,Linehaul,BN HUB,Forecast
530970400104,SG CỦ CHI,BN HUB,HY VĂN GIANG,SG CỦ CHI,2026-07-13 13:45:40,2026-07-13 09:57:56,2026-07-13 08:40:24,,Đang trên bãi,9.7,Linehaul,BN HUB,Forecast
530380320104,SG CỦ CHI,SG VĨNH LỘC,SG VĨNH LỘC,SG CỦ CHI,2026-07-13 13:45:37,2026-07-13 09:57:55,2026-07-13 09:01:04,,Đang trên bãi,14.6,Shuttle,FC,Forecast
530772920104,SG CỦ CHI,SG CHỢ LỚN,SG CHỢ LỚN,SG CỦ CHI,2026-07-13 13:45:34,2026-07-13 09:59:02,2026-07-13 09:01:04,,Đang trên bãi,15.6,Shuttle,FC,Forecast
530476690103,SG CỦ CHI,SG AN LẠC,SG AN LẠC,SG CỦ CHI,2026-07-13 13:45:28,2026-07-13 09:59:57,2026-07-13 05:49:16,,Đang trên bãi,6.39,Shuttle,FC,Forecast
530599890103,SG CỦ CHI,SG VĨNH LỘC,SG VĨNH LỘC,SG CỦ CHI,2026-07-13 13:45:24,2026-07-13 09:58:30,2026-07-13 05:59:29,,Đang trên bãi,10.1,Shuttle,FC,Forecast
530495710104,SG CỦ CHI,SG TÂN NHỰT,SG TÂN NHỰT,SG CỦ CHI,2026-07-13 13:45:18,2026-07-13 09:59:23,2026-07-13 05:57:28,,Đang trên bãi,5.2,Shuttle,FC,Forecast
530291110104,SG CỦ CHI,TG GÒ CÔNG,TG GÒ CÔNG,SG CỦ CHI,2026-07-13 13:45:14,2026-07-13 09:59:11,2026-07-13 05:48:46,,Đang trên bãi,5.2,Shuttle,FC,Forecast
530795800104,SG CỦ CHI,BD DĨ AN,BD DĨ AN,SG CỦ CHI,2026-07-13 13:45:10,2026-07-13 09:58:07,2026-07-13 08:40:24,,Đang trên bãi,9.7,Shuttle,FC,Forecast
530084520104,SG CỦ CHI,SG PHÚ LÂM,SG PHÚ LÂM,SG CỦ CHI,2026-07-13 13:45:08,2026-07-13 09:57:57,2026-07-13 09:01:04,,Đang trên bãi,9.8,Shuttle,FC,Forecast
530600320104,SG CỦ CHI,DT TN,DT TN,SG CỦ CHI,2026-07-13 13:45:02,2026-07-13 09:58:08,2026-07-13 05:51:18,,Đang trên bãi,10.1,Shuttle,FC,Forecast
530269120104,SG CỦ CHI,SG BẢY HIỀN,SG BẢY HIỀN,SG CỦ CHI,2026-07-13 13:44:59,2026-07-13 09:58:10,2026-07-13 08:40:24,,Đang trên bãi,9.7,Shuttle,FC,Forecast
530555800104,SG CỦ CHI,AG TÂN CHÂU,AG TÂN CHÂU,SG CỦ CHI,2026-07-13 13:44:56,2026-07-13 09:58:09,2026-07-13 08:40:24,,Đang trên bãi,9.7,Shuttle,FC,Forecast
530397710104,SG CỦ CHI,BD BÌNH HÒA,BD BÌNH HÒA,SG CỦ CHI,2026-07-13 13:44:50,2026-07-13 09:59:27,2026-07-13 06:09:18,,Đang trên bãi,16.32,Shuttle,FC,Forecast
530499890103,SG CỦ CHI,BD DĨ AN,BD DĨ AN,SG CỦ CHI,2026-07-13 13:44:46,2026-07-13 09:59:49,2026-07-13 05:55:57,,Đang trên bãi,15.6,Shuttle,FC,Forecast
530578890103,SG CỦ CHI,VT LONG ĐẤT,VT LONG ĐẤT,SG CỦ CHI,2026-07-13 13:44:42,2026-07-13 10:00:01,2026-07-13 05:59:59,,Đang trên bãi,7.8,Shuttle,FC,Forecast
530699890103,SG CỦ CHI,SG BÀ ĐIỂM,SG BÀ ĐIỂM,SG CỦ CHI,2026-07-13 13:44:37,2026-07-13 09:59:35,2026-07-13 06:04:43,,Đang trên bãi,6.6,Shuttle,FC,Forecast
530222510104,SG CỦ CHI,BD BÌNH HÒA,BD BÌNH HÒA,SG CỦ CHI,2026-07-13 13:44:33,2026-07-13 09:58:57,2026-07-12 11:11:30,,Đang trên bãi,5.89,Shuttle,FC,Forecast
530156510104,SG CỦ CHI,SG NHƠN ĐỨC,SG NHƠN ĐỨC,SG CỦ CHI,2026-07-13 13:44:30,2026-07-13 09:58:56,2026-07-12 13:05:18,,Đang trên bãi,5.89,Shuttle,FC,Forecast
530165690103,SG CỦ CHI,SG GÒ VẤP,SG GÒ VẤP,SG CỦ CHI,2026-07-13 13:44:28,2026-07-13 09:59:18,2026-07-13 06:08:32,,Đang trên bãi,6.28,Shuttle,FC,Forecast
530265920104,SG CỦ CHI,SG TÂN HƯNG,SG TÂN HƯNG,SG CỦ CHI,2026-07-13 13:44:25,2026-07-13 09:59:06,2026-07-13 08:40:24,,Đang trên bãi,8.35,Shuttle,FC,Forecast
530391310104,SG CỦ CHI,SG BÀ ĐIỂM,SG BÀ ĐIỂM,SG CỦ CHI,2026-07-13 13:44:21,2026-07-13 09:59:12,2026-07-13 05:56:57,,Đang trên bãi,7.8,Shuttle,FC,Forecast
530110120104,SG CỦ CHI,SG PHÚ LÂM,SG PHÚ LÂM,SG CỦ CHI,2026-07-13 13:44:18,2026-07-13 09:55:34,2026-07-13 06:06:27,,Đang trên bãi,8.58,Shuttle,FC,Forecast
530482690103,SG CỦ CHI,SG CHỢ LỚN,SG CHỢ LỚN,SG CỦ CHI,2026-07-13 13:44:12,2026-07-13 09:58:58,2026-07-13 06:04:43,,Đang trên bãi,10.5,Shuttle,FC,Forecast
530391110104,SG CỦ CHI,SG NHƠN ĐỨC,SG NHƠN ĐỨC,SG CỦ CHI,2026-07-13 13:44:10,2026-07-13 09:58:31,2026-07-13 05:56:28,,Đang trên bãi,10.1,Shuttle,FC,Forecast
530019000104,SG CỦ CHI,LA BẾN LỨC,LA BẾN LỨC,SG CỦ CHI,2026-07-13 13:44:04,2026-07-13 09:57:58,2026-07-13 08:00:12,,Đang trên bãi,9.8,Shuttle,FC,Forecast
530776090103,SG CỦ CHI,SG BÌNH LỢI,SG BÌNH LỢI,SG CỦ CHI,2026-07-13 13:44:00,2026-07-13 09:56:11,2026-07-13 06:00:27,,Đang trên bãi,5.02,Shuttle,FC,Forecast
530134890103,SG CỦ CHI,SG NHƠN ĐỨC,SG NHƠN ĐỨC,SG CỦ CHI,2026-07-13 13:43:58,2026-07-13 10:00:16,2026-07-12 14:58:33,,Đang trên bãi,5.89,Shuttle,FC,Forecast
530474890103,SG CỦ CHI,SG PHÚ LÂM,SG PHÚ LÂM,SG CỦ CHI,2026-07-13 13:43:55,2026-07-13 10:00:02,2026-07-13 05:55:06,,Đang trên bãi,7.8,Shuttle,FC,Forecast
530282690103,SG CỦ CHI,SG TÂN HƯNG,SG TÂN HƯNG,SG CỦ CHI,2026-07-13 13:43:52,2026-07-13 09:56:10,2026-07-13 05:51:17,,Đang trên bãi,10.06,Shuttle,FC,Forecast
530406520104,SG CỦ CHI,SG TÂN TẠO,SG TÂN TẠO,SG CỦ CHI,2026-07-13 13:43:47,2026-07-13 09:56:12,2026-07-13 06:06:57,,Đang trên bãi,5.4,Shuttle,FC,Forecast
530206920104,SG CỦ CHI,LA HẬU NGHĨA,LA HẬU NGHĨA,SG CỦ CHI,2026-07-13 13:43:37,2026-07-13 09:58:32,2026-07-13 06:01:36,,Đang trên bãi,10.1,Shuttle,FC,Forecast
530880690103,SG CỦ CHI,VT LONG ĐẤT,VT LONG ĐẤT,SG CỦ CHI,2026-07-13 13:43:33,2026-07-13 09:57:58,2026-07-13 06:40:19,,Đang trên bãi,9.8,Shuttle,FC,Forecast
530253600104,SG CỦ CHI,CT BÌNH THỦY,CT BÌNH THỦY,SG CỦ CHI,2026-07-13 13:43:30,2026-07-13 09:57:59,2026-07-13 08:40:23,,Đang trên bãi,9.7,Shuttle,FC,Forecast
530795600104,SG CỦ CHI,SG CHỢ LỚN,SG CHỢ LỚN,SG CỦ CHI,2026-07-13 13:43:25,2026-07-13 09:58:34,2026-07-13 08:40:24,,Đang trên bãi,9.7,Shuttle,FC,Forecast
530649890103,SG CỦ CHI,VT VŨNG TÀU,VT VŨNG TÀU,SG CỦ CHI,2026-07-13 13:43:14,2026-07-13 09:58:13,2026-07-13 05:55:25,,Đang trên bãi,10.1,Shuttle,FC,Forecast
530380120104,SG CỦ CHI,LA BẾN LỨC,LA BẾN LỨC,SG CỦ CHI,2026-07-13 13:43:11,2026-07-13 09:58:33,2026-07-13 09:01:04,,Đang trên bãi,9.8,Shuttle,FC,Forecast
530291710104,SG CỦ CHI,SG BÌNH TRỊ ĐÔNG,SG BÌNH TRỊ ĐÔNG,SG CỦ CHI,2026-07-13 13:43:07,2026-07-13 09:58:15,2026-07-13 05:51:18,,Đang trên bãi,10.1,Shuttle,FC,Forecast
530381800104,SG CỦ CHI,SG NHƠN ĐỨC,SG NHƠN ĐỨC,SG CỦ CHI,2026-07-13 13:43:03,2026-07-13 09:58:12,2026-07-13 09:01:04,,Đang trên bãi,9.8,Shuttle,FC,Forecast
530555600104,SG CỦ CHI,SG KHÁNH HỘI,SG KHÁNH HỘI,SG CỦ CHI,2026-07-13 13:42:59,2026-07-13 09:58:11,2026-07-13 08:40:24,,Đang trên bãi,9.7,Shuttle,FC,Forecast
530621810104,SG CỦ CHI,SG NHƠN ĐỨC,SG NHƠN ĐỨC,SG CỦ CHI,2026-07-13 13:42:57,2026-07-13 09:59:45,2026-07-13 09:26:11,,Đang trên bãi,7.8,Shuttle,FC,Forecast
530802800104,SG CỦ CHI,AG LONG XUYÊN,AG LONG XUYÊN,SG CỦ CHI,2026-07-13 13:42:54,2026-07-13 09:55:38,2026-07-13 05:53:59,,Đang trên bãi,16.32,Shuttle,FC,Forecast
530699090103,SG CỦ CHI,SG GÒ VẤP,SG GÒ VẤP,SG CỦ CHI,2026-07-13 13:42:49,2026-07-13 09:56:26,2026-07-13 06:00:28,,Đang trên bãi,8.16,Shuttle,FC,Forecast
530297110104,SG CỦ CHI,SG GÒ VẤP,SG GÒ VẤP,SG CỦ CHI,2026-07-13 13:42:45,2026-07-13 09:56:28,2026-07-13 06:04:43,,Đang trên bãi,8.16,Shuttle,FC,Forecast
530232920104,SG CỦ CHI,SG BÌNH LỢI,SG BÌNH LỢI,SG CỦ CHI,2026-07-13 13:42:41,2026-07-13 09:56:25,2026-07-13 05:45:17,,Đang trên bãi,8.16,Shuttle,FC,Forecast
530408120104,SG CỦ CHI,SG BÌNH LỢI,SG BÌNH LỢI,SG CỦ CHI,2026-07-13 13:42:38,2026-07-13 09:55:43,2026-07-13 06:09:48,,Đang trên bãi,8.16,Shuttle,FC,Forecast
530749090103,SG CỦ CHI,SG NHƠN ĐỨC,SG NHƠN ĐỨC,SG CỦ CHI,2026-07-13 13:42:35,2026-07-13 09:55:45,2026-07-13 05:55:57,,Đang trên bãi,8.16,Shuttle,FC,Forecast
530599090103,SG CỦ CHI,SG BÌNH LỢI TRUNG,SG BÌNH LỢI TRUNG,SG CỦ CHI,2026-07-13 13:42:29,2026-07-13 09:56:09,2026-07-13 05:55:57,,Đang trên bãi,8.5,Shuttle,FC,Forecast
530578490103,SG CỦ CHI,LA ĐỨC HÒA,LA ĐỨC HÒA,SG CỦ CHI,2026-07-13 13:42:27,2026-07-13 09:56:42,2026-07-13 05:59:29,,Đang trên bãi,8.5,Shuttle,FC,Forecast
530887110104,SG CỦ CHI,SG XUÂN HÒA,SG XUÂN HÒA,SG CỦ CHI,2026-07-13 13:42:24,2026-07-13 09:55:41,2026-07-13 06:11:52,,Đang trên bãi,8.58,Shuttle,FC,Forecast
530255290103,SG CỦ CHI,DT SA ĐÉC,DT SA ĐÉC,SG CỦ CHI,2026-07-13 13:42:20,2026-07-13 09:56:22,2026-07-13 06:05:57,,Đang trên bãi,8.16,Shuttle,FC,Forecast
530782290103,SG CỦ CHI,SG AN PHÚ ĐÔNG,SG AN PHÚ ĐÔNG,SG CỦ CHI,2026-07-13 13:42:16,2026-07-13 09:55:44,2026-07-13 06:11:52,,Đang trên bãi,8.16,Shuttle,FC,Forecast
530493110104,SG CỦ CHI,SG PHÚ LÂM,SG PHÚ LÂM,SG CỦ CHI,2026-07-13 13:42:13,2026-07-13 09:55:46,2026-07-13 05:58:30,,Đang trên bãi,8.16,Shuttle,FC,Forecast
530693510104,SG CỦ CHI,SG PHÚ NHUẬN,SG PHÚ NHUẬN,SG CỦ CHI,2026-07-13 13:42:08,2026-07-13 09:55:42,2026-07-13 06:13:07,,Đang trên bãi,8.16,Shuttle,FC,Forecast
530604610104,SG CỦ CHI,DT TN,DT TN,SG CỦ CHI,2026-07-13 13:42:04,2026-07-13 10:58:34,2026-07-13 08:58:45,,Đang trên bãi,5.58,Shuttle,FC,Forecast
530845090103,SG CỦ CHI,BD DĨ AN,BD DĨ AN,SG CỦ CHI,2026-07-13 13:42:01,2026-07-13 09:56:20,2026-07-13 06:06:27,,Đang trên bãi,6.68,Shuttle,FC,Forecast
530595510104,SG CỦ CHI,VT VŨNG TÀU,VT VŨNG TÀU,SG CỦ CHI,2026-07-13 13:41:56,2026-07-13 09:55:37,2026-07-13 06:02:38,,Đang trên bãi,8.41,Shuttle,FC,Forecast
530391910104,SG CỦ CHI,SG BẢY HIỀN,SG BẢY HIỀN,SG CỦ CHI,2026-07-13 13:41:53,2026-07-13 09:55:40,2026-07-13 06:01:07,,Đang trên bãi,5.59,Shuttle,FC,Forecast
530603000104,SG CỦ CHI,SG THỦ ĐỨC,SG THỦ ĐỨC,SG CỦ CHI,2026-07-13 13:41:51,2026-07-13 09:56:18,2026-07-13 06:13:41,,Đang trên bãi,5.2,Shuttle,FC,Forecast
530599690103,SG CỦ CHI,SG NHƠN ĐỨC,SG NHƠN ĐỨC,SG CỦ CHI,2026-07-13 13:41:47,2026-07-13 09:56:06,2026-07-13 05:57:09,,Đang trên bãi,7.14,Shuttle,FC,Forecast
530649290103,SG CỦ CHI,CT Ô MÔN,CT Ô MÔN,SG CỦ CHI,2026-07-13 13:41:45,2026-07-13 09:56:23,2026-07-13 05:51:18,,Đang trên bãi,8.16,Shuttle,FC,Forecast
530609930104,SG CỦ CHI,BD BÌNH HÒA,BD BÌNH HÒA,SG CỦ CHI,2026-07-13 13:41:42,2026-07-13 10:55:13,2026-07-13 09:03:39,,Đang trên bãi,5.58,Shuttle,FC,Forecast
530306520104,SG CỦ CHI,TG TRUNG AN,TG TRUNG AN,SG CỦ CHI,2026-07-13 13:41:39,2026-07-13 09:56:44,2026-07-13 06:04:11,,Đang trên bãi,5.1,Shuttle,FC,Forecast
530574720104,SG CỦ CHI,SG TÂN SƠN NHÌ,SG TÂN SƠN NHÌ,SG CỦ CHI,2026-07-13 13:41:38,2026-07-13 10:55:41,2026-07-13 09:02:50,,Đang trên bãi,5.58,Shuttle,FC,Forecast
530187520104,SG CỦ CHI,VT LONG ĐẤT,VT LONG ĐẤT,SG CỦ CHI,2026-07-13 13:41:35,2026-07-13 10:56:26,2026-07-13 09:12:05,,Đang trên bãi,5.58,Shuttle,FC,Forecast
530073320104,SG CỦ CHI,BD BẾN CÁT,BD BẾN CÁT,SG CỦ CHI,2026-07-13 13:41:33,2026-07-13 10:57:00,2026-07-13 09:06:02,,Đang trên bãi,5.58,Shuttle,FC,Forecast
530390800104,SG CỦ CHI,SG PHÚ LÂM,SG PHÚ LÂM,SG CỦ CHI,2026-07-13 13:41:31,2026-07-13 10:56:01,2026-07-13 09:06:02,,Đang trên bãi,5.58,Shuttle,FC,Forecast
530179320104,SG CỦ CHI,SG PHÚ LÂM,SG PHÚ LÂM,SG CỦ CHI,2026-07-13 13:41:29,2026-07-13 10:55:42,2026-07-13 09:03:39,,Đang trên bãi,5.58,Shuttle,FC,Forecast
530090720104,SG CỦ CHI,LA TÂN AN,LA TÂN AN,SG CỦ CHI,2026-07-13 13:41:27,2026-07-13 10:57:03,2026-07-13 09:04:16,,Đang trên bãi,5.58,Shuttle,FC,Forecast
530965920104,SG CỦ CHI,AG LONG XUYÊN,AG LONG XUYÊN,SG CỦ CHI,2026-07-13 13:41:22,2026-07-13 10:59:42,2026-07-13 09:02:51,,Đang trên bãi,5.58,Shuttle,FC,Forecast
530196320104,SG CỦ CHI,SG VĨNH LỘC,SG VĨNH LỘC,SG CỦ CHI,2026-07-13 13:41:20,2026-07-13 10:58:55,2026-07-13 09:15:17,,Đang trên bãi,5.58,Shuttle,FC,Forecast
530463400104,SG CỦ CHI,AG LONG XUYÊN,AG LONG XUYÊN,SG CỦ CHI,2026-07-13 13:41:17,2026-07-13 10:59:41,2026-07-13 09:02:51,,Đang trên bãi,5.58,Shuttle,FC,Forecast
530790000104,SG CỦ CHI,ST PHÚ LỢI,ST PHÚ LỢI,SG CỦ CHI,2026-07-13 13:41:14,2026-07-13 10:58:17,2026-07-13 09:12:05,,Đang trên bãi,5.58,Shuttle,FC,Forecast
530299490103,SG CỦ CHI,SG KHÁNH HỘI,SG KHÁNH HỘI,SG CỦ CHI,2026-07-13 13:41:12,2026-07-13 09:55:35,2026-07-13 05:48:31,,Đang trên bãi,8.29,Shuttle,FC,Forecast
530103200104,SG CỦ CHI,VT VŨNG TÀU,VT VŨNG TÀU,SG CỦ CHI,2026-07-13 13:41:07,2026-07-13 09:55:41,2026-07-13 06:03:11,,Đang trên bãi,8.16,Shuttle,FC,Forecast
530678890103,SG CỦ CHI,DT SA ĐÉC,DT SA ĐÉC,SG CỦ CHI,2026-07-13 13:41:03,2026-07-13 09:56:27,2026-07-13 06:05:57,,Đang trên bãi,8.16,Shuttle,FC,Forecast
530008720104,SG CỦ CHI,VL CHỢ LÁCH,VL CHỢ LÁCH,SG CỦ CHI,2026-07-13 13:41:00,2026-07-13 09:56:24,2026-07-13 05:56:27,,Đang trên bãi,8.16,Shuttle,FC,Forecast
530582490103,SG CỦ CHI,SG TÂN SƠN NHÌ,SG TÂN SƠN NHÌ,SG CỦ CHI,2026-07-13 13:40:58,2026-07-13 09:56:23,2026-07-13 06:05:57,,Đang trên bãi,8.16,Shuttle,FC,Forecast
530310320104,SG CỦ CHI,SG PHÚ NHUẬN,SG PHÚ NHUẬN,SG CỦ CHI,2026-07-13 13:40:54,2026-07-13 09:56:19,2026-07-13 06:11:59,,Đang trên bãi,7.14,Shuttle,FC,Forecast
530382290103,SG CỦ CHI,SG THỦ ĐỨC,SG THỦ ĐỨC,SG CỦ CHI,2026-07-13 13:40:50,2026-07-13 09:55:47,2026-07-13 05:54:37,,Đang trên bãi,12.82,Shuttle,FC,Forecast
530980520104,SG CỦ CHI,SG AN PHÚ ĐÔNG,SG AN PHÚ ĐÔNG,SG CỦ CHI,2026-07-13 13:40:46,2026-07-13 10:58:18,2026-07-13 09:12:05,,Đang trên bãi,5.58,Shuttle,FC,Forecast
530573000104,SG CỦ CHI,SG PHÚ NHUẬN,SG PHÚ NHUẬN,SG CỦ CHI,2026-07-13 13:40:41,2026-07-13 10:56:03,2026-07-13 09:04:16,,Đang trên bãi,5.58,Shuttle,FC,Forecast
530377000104,SG CỦ CHI,SG BÀ ĐIỂM,SG BÀ ĐIỂM,SG CỦ CHI,2026-07-13 13:40:37,2026-07-13 10:56:25,2026-07-13 09:12:05,,Đang trên bãi,5.58,Shuttle,FC,Forecast
530676800104,SG CỦ CHI,DT SA ĐÉC,DT SA ĐÉC,SG CỦ CHI,2026-07-13 13:40:36,2026-07-13 10:58:35,2026-07-13 08:59:18,,Đang trên bãi,5.58,Shuttle,FC,Forecast
530399690103,SG CỦ CHI,SG HIỆP BÌNH,SG HIỆP BÌNH,SG CỦ CHI,2026-07-13 13:40:32,2026-07-13 09:56:21,2026-07-13 05:51:17,,Đang trên bãi,6.68,Shuttle,FC,Forecast
530080490103,SG CỦ CHI,SG TÂN HƯNG,SG TÂN HƯNG,SG CỦ CHI,2026-07-13 13:40:27,2026-07-13 09:56:41,2026-07-13 05:52:54,,Đang trên bãi,7.4,Shuttle,FC,Forecast
530385310104,SG CỦ CHI,SG PHÚ LÂM,SG PHÚ LÂM,SG CỦ CHI,2026-07-13 13:40:24,2026-07-13 09:55:39,2026-07-13 06:05:57,,Đang trên bãi,6.59,Shuttle,FC,Forecast
530382890103,SG CỦ CHI,SG ĐÔNG HƯNG THUẬN,SG ĐÔNG HƯNG THUẬN,SG CỦ CHI,2026-07-13 13:40:20,2026-07-13 09:55:36,2026-07-13 05:58:10,,Đang trên bãi,6.89,Shuttle,FC,Forecast
530297710104,SG CỦ CHI,SG CỦ CHI,SG CỦ CHI,SG CỦ CHI,2026-07-13 13:40:16,2026-07-13 09:58:50,2026-07-13 06:08:01,,Đang trên bãi,6.8,Shuttle,FC,Forecast
530600920104,SG CỦ CHI,SG THỦ ĐỨC,SG THỦ ĐỨC,SG CỦ CHI,2026-07-13 13:40:10,2026-07-13 09:56:43,2026-07-13 05:56:28,,Đang trên bãi,5.1,Shuttle,FC,Forecast
530004730104,SG CỦ CHI,SG CỦ CHI,SG CỦ CHI,SG CỦ CHI,2026-07-13 13:40:08,2026-07-13 10:58:16,2026-07-13 09:12:05,,Đang trên bãi,5.58,Shuttle,FC,Forecast
530390600104,SG CỦ CHI,VT VŨNG TÀU,VT VŨNG TÀU,SG CỦ CHI,2026-07-13 13:40:05,2026-07-13 10:55:16,2026-07-13 09:03:39,,Đang trên bãi,5.58,Shuttle,FC,Forecast
530475200104,SG CỦ CHI,SG PHÚ LÂM,SG PHÚ LÂM,SG CỦ CHI,2026-07-13 13:40:03,2026-07-13 10:57:45,2026-07-13 09:04:55,,Đang trên bãi,5.58,Shuttle,FC,Forecast
530288720104,SG CỦ CHI,SG THỦ ĐỨC,SG THỦ ĐỨC,SG CỦ CHI,2026-07-13 13:40:01,2026-07-13 10:55:43,2026-07-13 09:02:52,,Đang trên bãi,5.58,Shuttle,FC,Forecast
530209930104,SG CỦ CHI,SG NHƠN ĐỨC,SG NHƠN ĐỨC,SG CỦ CHI,2026-07-13 13:39:58,2026-07-13 10:56:17,2026-07-13 08:59:32,,Đang trên bãi,5.58,Shuttle,FC,Forecast
530473800104,SG CỦ CHI,AG AN PHÚ,AG AN PHÚ,SG CỦ CHI,2026-07-13 13:39:55,2026-07-13 10:55:09,2026-07-13 09:03:39,,Đang trên bãi,5.58,Shuttle,FC,Forecast
530686920104,SG CỦ CHI,SG PHÚ LÂM,SG PHÚ LÂM,SG CỦ CHI,2026-07-13 13:39:53,2026-07-13 10:55:15,2026-07-13 09:03:39,,Đang trên bãi,5.58,Shuttle,FC,Forecast
530200730104,SG CỦ CHI,SG BÌNH TÂN,SG BÌNH TÂN,SG CỦ CHI,2026-07-13 13:39:49,2026-07-13 10:57:25,2026-07-13 09:04:55,,Đang trên bãi,5.58,Shuttle,FC,Forecast
530188520104,SG CỦ CHI,SG THỦ ĐỨC,SG THỦ ĐỨC,SG CỦ CHI,2026-07-13 13:39:46,2026-07-13 10:57:59,2026-07-13 08:59:18,,Đang trên bãi,5.58,Shuttle,FC,Forecast
530690600104,SG CỦ CHI,BD BÌNH HÒA,BD BÌNH HÒA,SG CỦ CHI,2026-07-13 13:39:43,2026-07-13 10:58:53,2026-07-13 09:12:05,,Đang trên bãi,5.58,Shuttle,FC,Forecast
530869800104,SG CỦ CHI,SG AN PHÚ ĐÔNG,SG AN PHÚ ĐÔNG,SG CỦ CHI,2026-07-13 13:39:40,2026-07-13 10:56:04,2026-07-13 09:04:16,,Đang trên bãi,5.58,Shuttle,FC,Forecast
530969320104,SG CỦ CHI,AG TÂN CHÂU,AG TÂN CHÂU,SG CỦ CHI,2026-07-13 13:39:37,2026-07-13 10:56:05,2026-07-13 09:04:17,,Đang trên bãi,5.58,Shuttle,FC,Forecast
530284120104,SG CỦ CHI,SG TÂN HƯNG,SG TÂN HƯNG,SG CỦ CHI,2026-07-13 13:39:34,2026-07-13 10:57:22,2026-07-13 09:04:55,,Đang trên bãi,5.58,Shuttle,FC,Forecast
530969120104,SG CỦ CHI,SG CHỢ LỚN,SG CHỢ LỚN,SG CỦ CHI,2026-07-13 13:39:31,2026-07-13 10:55:40,2026-07-13 09:03:39,,Đang trên bãi,5.58,Shuttle,FC,Forecast
530284520104,SG CỦ CHI,SG BẢY HIỀN,SG BẢY HIỀN,SG CỦ CHI,2026-07-13 13:39:26,2026-07-13 10:55:37,2026-07-13 09:06:02,,Đang trên bãi,5.58,Shuttle,FC,Forecast
530573200104,SG CỦ CHI,BD DĨ AN,BD DĨ AN,SG CỦ CHI,2026-07-13 13:39:21,2026-07-13 10:57:24,2026-07-13 09:04:55,,Đang trên bãi,5.58,Shuttle,FC,Forecast
530705210104,SG CỦ CHI,SG PHÚ NHUẬN,SG PHÚ NHUẬN,SG CỦ CHI,2026-07-13 13:39:20,2026-07-13 10:56:27,2026-07-13 09:12:05,,Đang trên bãi,5.58,Shuttle,FC,Forecast
530682320104,SG CỦ CHI,SG HIỆP BÌNH,SG HIỆP BÌNH,SG CỦ CHI,2026-07-13 13:39:18,2026-07-13 10:56:00,2026-07-13 09:06:01,,Đang trên bãi,5.58,Shuttle,FC,Forecast
530480920104,SG CỦ CHI,SG KHÁNH HỘI,SG KHÁNH HỘI,SG CỦ CHI,2026-07-13 13:39:16,2026-07-13 10:57:44,2026-07-13 09:04:55,,Đang trên bãi,5.58,Shuttle,FC,Forecast
530403410104,SG CỦ CHI,SG HIỆP BÌNH,SG HIỆP BÌNH,SG CỦ CHI,2026-07-13 13:39:14,2026-07-13 10:57:02,2026-07-13 09:06:01,,Đang trên bãi,5.58,Shuttle,FC,Forecast
530420530104,SG CỦ CHI,VT CHÂU ĐỨC,VT CHÂU ĐỨC,SG CỦ CHI,2026-07-13 13:39:06,2026-07-13 10:58:56,2026-07-13 09:15:17,,Đang trên bãi,5.58,Shuttle,FC,Forecast
530886520104,SG CỦ CHI,CT BÌNH THỦY,CT BÌNH THỦY,SG CỦ CHI,2026-07-13 13:39:05,2026-07-13 10:57:01,2026-07-13 09:06:03,,Đang trên bãi,5.58,Shuttle,FC,Forecast
530475000104,SG CỦ CHI,VT LONG ĐẤT,VT LONG ĐẤT,SG CỦ CHI,2026-07-13 13:39:01,2026-07-13 10:57:42,2026-07-13 09:04:54,,Đang trên bãi,5.58,Shuttle,FC,Forecast
530581800104,SG CỦ CHI,VT XUYÊN MỘC,VT XUYÊN MỘC,SG CỦ CHI,2026-07-13 13:38:59,2026-07-13 10:57:43,2026-07-13 09:04:55,,Đang trên bãi,5.58,Shuttle,FC,Forecast
530869600104,SG CỦ CHI,AG AN PHÚ,AG AN PHÚ,SG CỦ CHI,2026-07-13 13:38:57,2026-07-13 10:56:02,2026-07-13 09:03:38,,Đang trên bãi,5.58,Shuttle,FC,Forecast
530774120104,SG CỦ CHI,SG PHÚ LÂM,SG PHÚ LÂM,SG CỦ CHI,2026-07-13 13:38:56,2026-07-13 10:57:21,2026-07-13 09:06:01,,Đang trên bãi,5.58,Shuttle,FC,Forecast
530198000104,SG CỦ CHI,SG BÌNH LỢI TRUNG,SG BÌNH LỢI TRUNG,SG CỦ CHI,2026-07-13 13:38:48,2026-07-13 10:56:38,2026-07-13 09:12:05,,Đang trên bãi,5.58,Shuttle,FC,Forecast
530582920104,SG CỦ CHI,CT NINH KIỀU,CT NINH KIỀU,SG CỦ CHI,2026-07-13 13:38:45,2026-07-13 10:57:41,2026-07-13 09:04:54,,Đang trên bãi,5.58,Shuttle,FC,Forecast
530972720104,SG CỦ CHI,BD BÌNH HÒA,BD BÌNH HÒA,SG CỦ CHI,2026-07-13 13:38:42,2026-07-13 10:55:12,2026-07-13 09:03:39,,Đang trên bãi,5.58,Shuttle,FC,Forecast
530563600104,SG CỦ CHI,VT VŨNG TÀU,VT VŨNG TÀU,SG CỦ CHI,2026-07-13 13:38:40,2026-07-13 10:55:35,2026-07-13 09:06:02,,Đang trên bãi,5.58,Shuttle,FC,Forecast
530476320104,SG CỦ CHI,SG THỦ ĐỨC,SG THỦ ĐỨC,SG CỦ CHI,2026-07-13 13:38:38,2026-07-13 10:58:14,2026-07-13 09:12:05,,Đang trên bãi,5.58,Shuttle,FC,Forecast
530480720104,SG CỦ CHI,SG TÂN HƯNG,SG TÂN HƯNG,SG CỦ CHI,2026-07-13 13:38:37,2026-07-13 10:57:04,2026-07-13 09:04:16,,Đang trên bãi,5.58,Shuttle,FC,Forecast
530128210104,SG CỦ CHI,SG GÒ VẤP,SG GÒ VẤP,SG CỦ CHI,2026-07-13 13:38:34,2026-07-13 11:05:44,2026-07-13 09:15:17,,Đang trên bãi,5.58,Shuttle,FC,Forecast
530476920104,SG CỦ CHI,SG BÌNH TRỊ ĐÔNG,SG BÌNH TRỊ ĐÔNG,SG CỦ CHI,2026-07-13 13:38:32,2026-07-13 11:05:59,2026-07-13 09:12:44,,Đang trên bãi,5.58,Shuttle,FC,Forecast
530720810104,SG CỦ CHI,AG TÂN CHÂU,AG TÂN CHÂU,SG CỦ CHI,2026-07-13 13:38:29,2026-07-13 11:05:43,2026-07-13 09:15:17,,Đang trên bãi,5.58,Shuttle,FC,Forecast
530576920104,SG CỦ CHI,SG PHÚ LÂM,SG PHÚ LÂM,SG CỦ CHI,2026-07-13 13:38:27,2026-07-13 11:05:02,2026-07-13 09:13:37,,Đang trên bãi,5.58,Shuttle,FC,Forecast
530220530104,SG CỦ CHI,SG BÌNH TÂN,SG BÌNH TÂN,SG CỦ CHI,2026-07-13 13:38:24,2026-07-13 11:05:01,2026-07-13 09:13:37,,Đang trên bãi,5.58,Shuttle,FC,Forecast
530986720104,SG CỦ CHI,SG TÂN HƯNG,SG TÂN HƯNG,SG CỦ CHI,2026-07-13 13:38:22,2026-07-13 11:07:02,2026-07-13 09:09:08,,Đang trên bãi,5.58,Shuttle,FC,Forecast
530874720104,SG CỦ CHI,SG HIỆP BÌNH,SG HIỆP BÌNH,SG CỦ CHI,2026-07-13 13:38:18,2026-07-13 11:08:32,2026-07-13 09:09:07,,Đang trên bãi,5.58,Shuttle,FC,Forecast
530603810104,SG CỦ CHI,SG HIỆP BÌNH,SG HIỆP BÌNH,SG CỦ CHI,2026-07-13 13:38:16,2026-07-13 11:07:22,2026-07-13 09:09:07,,Đang trên bãi,5.58,Shuttle,FC,Forecast
530002530104,SG CỦ CHI,CT NINH KIỀU,CT NINH KIỀU,SG CỦ CHI,2026-07-13 13:38:13,2026-07-13 11:07:49,2026-07-13 09:10:13,,Đang trên bãi,5.58,Shuttle,FC,Forecast
530979600104,SG CỦ CHI,SG PHÚ LÂM,SG PHÚ LÂM,SG CỦ CHI,2026-07-13 13:38:10,2026-07-13 11:07:33,2026-07-13 09:10:50,,Đang trên bãi,5.58,Shuttle,FC,Forecast
530680920104,SG CỦ CHI,SG VĨNH LỘC,SG VĨNH LỘC,SG CỦ CHI,2026-07-13 13:38:08,2026-07-13 11:08:12,2026-07-13 09:09:37,,Đang trên bãi,5.58,Shuttle,FC,Forecast
530773200104,SG CỦ CHI,SG PHÚ LÂM,SG PHÚ LÂM,SG CỦ CHI,2026-07-13 13:38:06,2026-07-13 11:07:35,2026-07-13 09:10:50,,Đang trên bãi,5.58,Shuttle,FC,Forecast
530479120104,SG CỦ CHI,CT LONG MỸ,CT LONG MỸ,SG CỦ CHI,2026-07-13 13:38:04,2026-07-13 11:08:09,2026-07-13 09:09:07,,Đang trên bãi,5.58,Shuttle,FC,Forecast
530400730104,SG CỦ CHI,BD DĨ AN,BD DĨ AN,SG CỦ CHI,2026-07-13 13:38:02,2026-07-13 11:08:13,2026-07-13 09:09:37,,Đang trên bãi,5.58,Shuttle,FC,Forecast
530986000104,SG CỦ CHI,SG THỦ ĐỨC,SG THỦ ĐỨC,SG CỦ CHI,2026-07-13 13:38:01,2026-07-13 11:06:31,2026-07-13 09:10:13,,Đang trên bãi,5.58,Shuttle,FC,Forecast
530505210104,SG CỦ CHI,SG PHÚ LÂM,SG PHÚ LÂM,SG CỦ CHI,2026-07-13 13:37:57,2026-07-13 11:07:12,2026-07-13 09:10:50,,Đang trên bãi,5.58,Shuttle,FC,Forecast
530688120104,SG CỦ CHI,SG BÌNH TRỊ ĐÔNG,SG BÌNH TRỊ ĐÔNG,SG CỦ CHI,2026-07-13 13:37:51,2026-07-13 11:06:49,2026-07-13 09:10:13,,Đang trên bãi,5.58,Shuttle,FC,Forecast
530092520104,SG CỦ CHI,SG HIỆP BÌNH,SG HIỆP BÌNH,SG CỦ CHI,2026-07-13 13:37:50,2026-07-13 11:07:03,2026-07-13 09:09:07,,Đang trên bãi,5.58,Shuttle,FC,Forecast
530679920104,SG CỦ CHI,SG PHÚ NHUẬN,SG PHÚ NHUẬN,SG CỦ CHI,2026-07-13 13:37:45,2026-07-13 10:56:28,2026-07-13 09:12:05,,Đang trên bãi,5.58,Shuttle,FC,Forecast
530684520104,SG CỦ CHI,SG CHỢ LỚN,SG CHỢ LỚN,SG CỦ CHI,2026-07-13 13:37:40,2026-07-13 10:58:52,2026-07-13 09:12:05,,Đang trên bãi,5.58,Shuttle,FC,Forecast
530986600104,SG CỦ CHI,CT BÌNH THỦY,CT BÌNH THỦY,SG CỦ CHI,2026-07-13 13:37:38,2026-07-13 10:58:53,2026-07-13 09:12:05,,Đang trên bãi,5.58,Shuttle,FC,Forecast
530179520104,SG CỦ CHI,SG HÓC MÔN,SG HÓC MÔN,SG CỦ CHI,2026-07-13 13:37:35,2026-07-13 10:57:05,2026-07-13 09:04:16,,Đang trên bãi,5.58,Shuttle,FC,Forecast
530203410104,SG CỦ CHI,SG THỦ ĐỨC,SG THỦ ĐỨC,SG CỦ CHI,2026-07-13 13:37:33,2026-07-13 10:58:00,2026-07-13 09:01:21,,Đang trên bãi,5.58,Shuttle,FC,Forecast
530073120104,SG CỦ CHI,SG CỦ CHI,SG CỦ CHI,SG CỦ CHI,2026-07-13 13:37:29,2026-07-13 10:57:23,2026-07-13 09:04:55,,Đang trên bãi,5.58,Shuttle,FC,Forecast
530786120104,SG CỦ CHI,SG TÂN HƯNG,SG TÂN HƯNG,SG CỦ CHI,2026-07-13 13:37:27,2026-07-13 10:55:14,2026-07-13 09:03:40,,Đang trên bãi,5.58,Shuttle,FC,Forecast
530309330104,SG CỦ CHI,SG CHỢ LỚN,SG CHỢ LỚN,SG CỦ CHI,2026-07-13 13:37:23,2026-07-13 10:59:13,2026-07-13 08:59:54,,Đang trên bãi,5.58,Shuttle,FC,Forecast
530388320104,SG CỦ CHI,SG PHÚ LÂM,SG PHÚ LÂM,SG CỦ CHI,2026-07-13 13:37:19,2026-07-13 10:57:05,2026-07-13 09:04:16,,Đang trên bãi,5.58,Shuttle,FC,Forecast
530373400104,SG CỦ CHI,SG THỦ ĐỨC,SG THỦ ĐỨC,SG CỦ CHI,2026-07-13 13:37:16,2026-07-13 10:59:14,2026-07-13 08:59:54,,Đang trên bãi,5.58,Shuttle,FC,Forecast
530865920104,SG CỦ CHI,SG CỦ CHI,SG CỦ CHI,SG CỦ CHI,2026-07-13 13:37:14,2026-07-13 10:58:34,2026-07-13 08:59:18,,Đang trên bãi,5.58,Shuttle,FC,Forecast
530590520104,SG CỦ CHI,BD BÌNH HÒA,BD BÌNH HÒA,SG CỦ CHI,2026-07-13 13:37:10,2026-07-13 11:07:34,2026-07-13 09:10:49,,Đang trên bãi,5.58,Shuttle,FC,Forecast
530083320104,SG CỦ CHI,SG PHÚ LÂM,SG PHÚ LÂM,SG CỦ CHI,2026-07-13 13:37:06,2026-07-13 11:06:00,2026-07-13 09:12:45,,Đang trên bãi,5.58,Shuttle,FC,Forecast
530176920104,SG CỦ CHI,SG PHÚ LÂM,SG PHÚ LÂM,SG CỦ CHI,2026-07-13 13:37:04,2026-07-13 11:06:28,2026-07-13 09:09:37,,Đang trên bãi,5.58,Shuttle,FC,Forecast
530405010104,SG CỦ CHI,SG TÂN HƯNG,SG TÂN HƯNG,SG CỦ CHI,2026-07-13 13:37:01,2026-07-13 11:08:11,2026-07-13 09:09:37,,Đang trên bãi,5.58,Shuttle,FC,Forecast
530500130104,SG CỦ CHI,SG BÌNH TRỊ ĐÔNG,SG BÌNH TRỊ ĐÔNG,SG CỦ CHI,2026-07-13 13:36:57,2026-07-13 11:06:32,2026-07-13 09:10:14,,Đang trên bãi,5.58,Shuttle,FC,Forecast
530192000104,SG CỦ CHI,SG CỦ CHI,SG CỦ CHI,SG CỦ CHI,2026-07-13 13:36:54,2026-07-13 11:05:24,2026-07-13 09:15:17,,Đang trên bãi,5.58,Shuttle,FC,Forecast
530873200104,SG CỦ CHI,SG HIỆP BÌNH,SG HIỆP BÌNH,SG CỦ CHI,2026-07-13 13:36:51,2026-07-13 11:05:57,2026-07-13 09:12:45,,Đang trên bãi,5.58,Shuttle,FC,Forecast
530779520104,SG CỦ CHI,SG XUÂN HÒA,SG XUÂN HÒA,SG CỦ CHI,2026-07-13 13:36:46,2026-07-13 11:05:58,2026-07-13 09:12:45,,Đang trên bãi,5.58,Shuttle,FC,Forecast
530874920104,SG CỦ CHI,BD BẾN CÁT,BD BẾN CÁT,SG CỦ CHI,2026-07-13 13:36:44,2026-07-13 11:06:27,2026-07-13 09:09:37,,Đang trên bãi,5.58,Shuttle,FC,Forecast
530886400104,SG CỦ CHI,SG TÂN HƯNG,SG TÂN HƯNG,SG CỦ CHI,2026-07-13 13:36:42,2026-07-13 11:07:01,2026-07-13 09:09:07,,Đang trên bãi,5.58,Shuttle,FC,Forecast
530873600104,SG CỦ CHI,CT Ô MÔN,CT Ô MÔN,SG CỦ CHI,2026-07-13 13:36:39,2026-07-13 11:06:11,2026-07-13 09:13:22,,Đang trên bãi,5.58,Shuttle,FC,Forecast
530087200104,SG CỦ CHI,SG TÂN THỚI HIỆP,SG TÂN THỚI HIỆP,SG CỦ CHI,2026-07-13 13:36:37,2026-07-13 11:05:56,2026-07-13 09:12:44,,Đang trên bãi,5.58,Shuttle,FC,Forecast
530420730104,SG CỦ CHI,SG NHƠN ĐỨC,SG NHƠN ĐỨC,SG CỦ CHI,2026-07-13 13:36:34,2026-07-13 11:05:23,2026-07-13 09:15:17,,Đang trên bãi,5.58,Shuttle,FC,Forecast
530573320104,SG CỦ CHI,SG HÓC MÔN,SG HÓC MÔN,SG CỦ CHI,2026-07-13 13:36:31,2026-07-13 11:06:12,2026-07-13 09:13:37,,Đang trên bãi,5.58,Shuttle,FC,Forecast
530092800104,SG CỦ CHI,TG TRUNG AN,TG TRUNG AN,SG CỦ CHI,2026-07-13 13:36:29,2026-07-13 11:05:22,2026-07-13 09:15:17,,Đang trên bãi,5.58,Shuttle,FC,Forecast
530900130104,SG CỦ CHI,SG XUÂN HÒA,SG XUÂN HÒA,SG CỦ CHI,2026-07-13 13:36:27,2026-07-13 11:05:25,2026-07-13 09:15:59,,Đang trên bãi,5.58,Shuttle,FC,Forecast
530477000104,SG CỦ CHI,SG TÂN HƯNG,SG TÂN HƯNG,SG CỦ CHI,2026-07-13 13:36:24,2026-07-13 11:04:39,2026-07-13 09:14:05,,Đang trên bãi,5.58,Shuttle,FC,Forecast
530183520104,SG CỦ CHI,VT VŨNG TÀU,VT VŨNG TÀU,SG CỦ CHI,2026-07-13 13:36:20,2026-07-13 11:06:09,2026-07-13 09:13:43,,Đang trên bãi,5.58,Shuttle,FC,Forecast
530275720104,SG CỦ CHI,SG HÓC MÔN,SG HÓC MÔN,SG CỦ CHI,2026-07-13 13:36:19,2026-07-13 11:06:10,2026-07-13 09:13:22,,Đang trên bãi,5.58,Shuttle,FC,Forecast
530104930104,SG CỦ CHI,SG GÒ VẤP,SG GÒ VẤP,SG CỦ CHI,2026-07-13 13:36:02,2026-07-13 11:04:36,2026-07-13 09:14:05,,Đang trên bãi,5.58,Shuttle,FC,Forecast
530220930104,SG CỦ CHI,SG XUÂN HÒA,SG XUÂN HÒA,SG CỦ CHI,2026-07-13 13:33:11,2026-07-13 11:04:37,2026-07-13 09:14:05,,Đang trên bãi,5.58,Shuttle,FC,Forecast
530120730104,SG CỦ CHI,SG CHỢ LỚN,SG CHỢ LỚN,SG CỦ CHI,2026-07-13 13:33:08,2026-07-13 11:15:41,2026-07-13 09:13:22,,Đang trên bãi,5.58,Shuttle,FC,Forecast
530104730104,SG CỦ CHI,BD DĨ AN,BD DĨ AN,SG CỦ CHI,2026-07-13 13:33:05,2026-07-13 11:05:00,2026-07-13 09:14:05,,Đang trên bãi,5.58,Shuttle,FC,Forecast
530881600104,SG CỦ CHI,SG HƯNG LONG,SG HƯNG LONG,SG CỦ CHI,2026-07-13 13:33:01,2026-07-13 11:06:26,2026-07-13 09:09:36,,Đang trên bãi,5.58,Shuttle,FC,Forecast
530882720104,SG CỦ CHI,SG PHÚ LÂM,SG PHÚ LÂM,SG CỦ CHI,2026-07-13 13:32:59,2026-07-13 11:07:47,2026-07-13 09:10:14,,Đang trên bãi,5.58,Shuttle,FC,Forecast
530420930104,SG CỦ CHI,SG THỦ ĐỨC,SG THỦ ĐỨC,SG CỦ CHI,2026-07-13 13:32:56,2026-07-13 11:05:43,2026-07-13 09:15:17,,Đang trên bãi,5.58,Shuttle,FC,Forecast
530375120104,SG CỦ CHI,AG TÂN CHÂU,AG TÂN CHÂU,SG CỦ CHI,2026-07-13 13:32:53,2026-07-13 11:04:41,2026-07-13 09:14:05,,Đang trên bãi,5.58,Shuttle,FC,Forecast
530183120104,SG CỦ CHI,SG GÒ VẤP,SG GÒ VẤP,SG CỦ CHI,2026-07-13 13:32:51,2026-07-13 11:05:00,2026-07-13 09:13:37,,Đang trên bãi,5.58,Shuttle,FC,Forecast
530098800104,SG CỦ CHI,SG BÀ ĐIỂM,SG BÀ ĐIỂM,SG CỦ CHI,2026-07-13 13:32:45,2026-07-13 10:56:26,2026-07-13 09:12:05,,Đang trên bãi,5.58,Shuttle,FC,Forecast
530988120104,SG CỦ CHI,SG TÂN THỚI HIỆP,SG TÂN THỚI HIỆP,SG CỦ CHI,2026-07-13 13:32:43,2026-07-13 11:06:13,2026-07-13 09:13:37,,Đang trên bãi,5.58,Shuttle,FC,Forecast
530192920104,SG CỦ CHI,LA BẾN LỨC,LA BẾN LỨC,SG CỦ CHI,2026-07-13 13:32:41,2026-07-13 10:58:54,2026-07-13 09:12:05,,Đang trên bãi,5.58,Shuttle,FC,Forecast
530973200104,SG CỦ CHI,TG HÒA KHÁNH,TG HÒA KHÁNH,SG CỦ CHI,2026-07-13 13:32:39,2026-07-13 11:04:38,2026-07-13 09:14:05,,Đang trên bãi,5.58,Shuttle,FC,Forecast
530302530104,SG CỦ CHI,TG TRUNG AN,TG TRUNG AN,SG CỦ CHI,2026-07-13 13:32:36,2026-07-13 11:05:42,2026-07-13 09:15:17,,Đang trên bãi,5.58,Shuttle,FC,Forecast
530102130104,SG CỦ CHI,TG TRUNG AN,TG TRUNG AN,SG CỦ CHI,2026-07-13 13:32:33,2026-07-13 11:07:32,2026-07-13 09:10:50,,Đang trên bãi,5.58,Shuttle,FC,Forecast
530100130104,SG CỦ CHI,SG THỦ ĐỨC,SG THỦ ĐỨC,SG CỦ CHI,2026-07-13 13:32:29,2026-07-13 10:58:01,2026-07-13 09:01:21,,Đang trên bãi,5.58,Shuttle,FC,Forecast
530674920104,SG CỦ CHI,TG HÒA KHÁNH,TG HÒA KHÁNH,SG CỦ CHI,2026-07-13 13:32:27,2026-07-13 10:57:22,2026-07-13 09:06:02,,Đang trên bãi,5.58,Shuttle,FC,Forecast
530669800104,SG CỦ CHI,BD BẾN CÁT,BD BẾN CÁT,SG CỦ CHI,2026-07-13 13:32:24,2026-07-13 10:58:36,2026-07-13 08:59:18,,Đang trên bãi,5.58,Shuttle,FC,Forecast
530690800104,SG CỦ CHI,SG BÌNH LỢI TRUNG,SG BÌNH LỢI TRUNG,SG CỦ CHI,2026-07-13 13:32:22,2026-07-13 10:58:15,2026-07-13 09:12:05,,Đang trên bãi,5.58,Shuttle,FC,Forecast
530888120104,SG CỦ CHI,VT CHÂU ĐỨC,VT CHÂU ĐỨC,SG CỦ CHI,2026-07-13 13:32:19,2026-07-13 10:58:18,2026-07-13 09:12:05,,Đang trên bãi,5.58,Shuttle,FC,Forecast
530671200104,SG CỦ CHI,VT CHÂU ĐỨC,VT CHÂU ĐỨC,SG CỦ CHI,2026-07-13 13:32:17,2026-07-13 10:56:06,2026-07-13 09:04:16,,Đang trên bãi,5.58,Shuttle,FC,Forecast
530471800104,SG CỦ CHI,SG BÌNH LỢI TRUNG,SG BÌNH LỢI TRUNG,SG CỦ CHI,2026-07-13 13:32:15,2026-07-13 10:57:58,2026-07-13 08:59:18,,Đang trên bãi,5.58,Shuttle,FC,Forecast
530686520104,SG CỦ CHI,BD BÌNH HÒA,BD BÌNH HÒA,SG CỦ CHI,2026-07-13 13:32:12,2026-07-13 10:55:44,2026-07-13 09:02:51,,Đang trên bãi,5.58,Shuttle,FC,Forecast
530280720104,SG CỦ CHI,CT Ô MÔN,CT Ô MÔN,SG CỦ CHI,2026-07-13 13:32:09,2026-07-13 10:57:57,2026-07-13 08:59:18,,Đang trên bãi,5.58,Shuttle,FC,Forecast
530276920104,SG CỦ CHI,BD BÌNH HÒA,BD BÌNH HÒA,SG CỦ CHI,2026-07-13 13:32:07,2026-07-13 11:07:31,2026-07-13 09:10:50,,Đang trên bãi,5.58,Shuttle,FC,Forecast
530981000104,SG CỦ CHI,SG THỦ ĐỨC,SG THỦ ĐỨC,SG CỦ CHI,2026-07-13 13:32:05,2026-07-13 11:07:46,2026-07-13 09:10:14,,Đang trên bãi,5.58,Shuttle,FC,Forecast
530803410104,SG CỦ CHI,BD BẾN CÁT,BD BẾN CÁT,SG CỦ CHI,2026-07-13 13:32:02,2026-07-13 11:06:31,2026-07-13 09:10:13,,Đang trên bãi,5.58,Shuttle,FC,Forecast
530590120104,SG CỦ CHI,TG TRUNG AN,TG TRUNG AN,SG CỦ CHI,2026-07-13 13:31:59,2026-07-13 11:06:29,2026-07-13 09:10:13,,Đang trên bãi,5.58,Shuttle,FC,Forecast
530584520104,SG CỦ CHI,TG HÒA KHÁNH,TG HÒA KHÁNH,SG CỦ CHI,2026-07-13 13:31:56,2026-07-13 11:06:51,2026-07-13 09:10:14,,Đang trên bãi,5.58,Shuttle,FC,Forecast
530094720104,SG CỦ CHI,SG KHÁNH HỘI,SG KHÁNH HỘI,SG CỦ CHI,2026-07-13 13:31:53,2026-07-13 11:05:46,2026-07-13 09:15:17,,Đang trên bãi,5.58,Shuttle,FC,Forecast
530690920104,SG CỦ CHI,SG TÂN THỚI HIỆP,SG TÂN THỚI HIỆP,SG CỦ CHI,2026-07-13 13:31:51,2026-07-13 11:04:59,2026-07-13 09:14:05,,Đang trên bãi,5.58,Shuttle,FC,Forecast
530373720104,SG CỦ CHI,SG BÌNH LỢI,SG BÌNH LỢI,SG CỦ CHI,2026-07-13 13:31:46,2026-07-13 11:07:11,2026-07-13 09:10:13,,Đang trên bãi,5.58,Shuttle,FC,Forecast
530373520104,SG CỦ CHI,DT SA ĐÉC,DT SA ĐÉC,SG CỦ CHI,2026-07-13 13:31:43,2026-07-13 11:07:48,2026-07-13 09:10:13,,Đang trên bãi,5.58,Shuttle,FC,Forecast
530703010104,SG CỦ CHI,SG GÒ VẤP,SG GÒ VẤP,SG CỦ CHI,2026-07-13 13:31:41,2026-07-13 11:07:21,2026-07-13 09:09:07,,Đang trên bãi,5.58,Shuttle,FC,Forecast
530120010104,SG CỦ CHI,SG ĐÔNG HƯNG THUẬN,SG ĐÔNG HƯNG THUẬN,SG CỦ CHI,2026-07-13 13:31:38,2026-07-13 11:08:10,2026-07-13 09:09:07,,Đang trên bãi,5.58,Shuttle,FC,Forecast
530192320104,SG CỦ CHI,SG BÌNH LỢI,SG BÌNH LỢI,SG CỦ CHI,2026-07-13 13:31:36,2026-07-13 11:06:48,2026-07-13 09:10:14,,Đang trên bãi,5.58,Shuttle,FC,Forecast
530075120104,SG CỦ CHI,SG NHƠN ĐỨC,SG NHƠN ĐỨC,SG CỦ CHI,2026-07-13 13:31:34,2026-07-13 11:07:13,2026-07-13 09:10:50,,Đang trên bãi,5.58,Shuttle,FC,Forecast
530087520104,SG CỦ CHI,SG NHƠN ĐỨC,SG NHƠN ĐỨC,SG CỦ CHI,2026-07-13 13:31:29,2026-07-13 11:06:26,2026-07-13 09:09:37,,Đang trên bãi,5.58,Shuttle,FC,Forecast
530177000104,SG CỦ CHI,SG CHỢ LỚN,SG CHỢ LỚN,SG CỦ CHI,2026-07-13 13:31:26,2026-07-13 11:07:49,2026-07-13 09:10:13,,Đang trên bãi,5.58,Shuttle,FC,Forecast
530192520104,SG CỦ CHI,SG PHÚ NHUẬN,SG PHÚ NHUẬN,SG CỦ CHI,2026-07-13 13:31:23,2026-07-13 11:06:50,2026-07-13 09:10:13,,Đang trên bãi,5.58,Shuttle,FC,Forecast
530128010104,SG CỦ CHI,SG TÂN SƠN NHÌ,SG TÂN SƠN NHÌ,SG CỦ CHI,2026-07-13 13:31:20,2026-07-13 11:05:45,2026-07-13 09:15:17,,Đang trên bãi,5.58,Shuttle,FC,Forecast
530590320104,SG CỦ CHI,TG AN HỮU,TG AN HỮU,SG CỦ CHI,2026-07-13 13:31:18,2026-07-13 11:06:30,2026-07-13 09:10:13,,Đang trên bãi,5.58,Shuttle,FC,Forecast
530688920104,SG CỦ CHI,LA ĐỨC HÒA,LA ĐỨC HÒA,SG CỦ CHI,2026-07-13 13:31:16,2026-07-13 11:04:21,2026-07-13 09:11:29,,Đang trên bãi,5.58,Shuttle,FC,Forecast
530087600104,SG CỦ CHI,LA TÂN AN,LA TÂN AN,SG CỦ CHI,2026-07-13 13:31:12,2026-07-13 11:05:20,2026-07-13 09:12:44,,Đang trên bãi,5.58,Shuttle,FC,Forecast
530405610104,SG CỦ CHI,SG TÂN HƯNG,SG TÂN HƯNG,SG CỦ CHI,2026-07-13 13:31:09,2026-07-13 11:16:47,2026-07-13 09:10:50,,Đang trên bãi,5.58,Shuttle,FC,Forecast
530175720104,SG CỦ CHI,SG AN PHÚ ĐÔNG,SG AN PHÚ ĐÔNG,SG CỦ CHI,2026-07-13 13:31:07,2026-07-13 11:15:09,2026-07-13 09:11:30,,Đang trên bãi,5.58,Shuttle,FC,Forecast
530520210104,SG CỦ CHI,VT XUYÊN MỘC,VT XUYÊN MỘC,SG CỦ CHI,2026-07-13 13:31:05,2026-07-13 11:15:39,2026-07-13 09:13:21,,Đang trên bãi,5.58,Shuttle,FC,Forecast
530392320104,SG CỦ CHI,CT BÌNH THỦY,CT BÌNH THỦY,SG CỦ CHI,2026-07-13 13:30:58,2026-07-13 11:16:16,2026-07-13 09:14:05,,Đang trên bãi,5.58,Shuttle,FC,Forecast
530974920104,SG CỦ CHI,LA TÂN AN,LA TÂN AN,SG CỦ CHI,2026-07-13 13:30:56,2026-07-13 11:16:48,2026-07-13 09:10:50,,Đang trên bãi,5.58,Shuttle,FC,Forecast
530679120104,SG CỦ CHI,DT TN,DT TN,SG CỦ CHI,2026-07-13 13:30:54,2026-07-13 11:16:50,2026-07-13 09:11:29,,Đang trên bãi,5.58,Shuttle,FC,Forecast
530104130104,SG CỦ CHI,VL VĨNH LONG,VL VĨNH LONG,SG CỦ CHI,2026-07-13 13:30:52,2026-07-13 11:05:21,2026-07-13 09:12:44,,Đang trên bãi,5.58,Shuttle,FC,Forecast
530473920104,SG CỦ CHI,AG TÂN CHÂU,AG TÂN CHÂU,SG CỦ CHI,2026-07-13 13:30:49,2026-07-13 11:15:38,2026-07-13 09:13:22,,Đang trên bãi,5.58,Shuttle,FC,Forecast
530605210104,SG CỦ CHI,SG BÌNH LỢI TRUNG,SG BÌNH LỢI TRUNG,SG CỦ CHI,2026-07-13 13:30:46,2026-07-13 11:15:08,2026-07-13 09:11:30,,Đang trên bãi,5.58,Shuttle,FC,Forecast
530277400104,SG CỦ CHI,SG XUÂN HÒA,SG XUÂN HÒA,SG CỦ CHI,2026-07-13 13:30:43,2026-07-13 11:14:32,2026-07-13 09:11:30,,Đang trên bãi,5.58,Shuttle,FC,Forecast
530298400104,SG CỦ CHI,LA ĐỨC HÒA,LA ĐỨC HÒA,SG CỦ CHI,2026-07-13 13:30:40,2026-07-13 11:15:41,2026-07-13 09:13:22,,Đang trên bãi,5.58,Shuttle,FC,Forecast
530292720104,SG CỦ CHI,SG AN PHÚ ĐÔNG,SG AN PHÚ ĐÔNG,SG CỦ CHI,2026-07-13 13:30:38,2026-07-13 11:15:28,2026-07-13 09:13:22,,Đang trên bãi,5.58,Shuttle,FC,Forecast
530700130104,SG CỦ CHI,SG PHÚ NHUẬN,SG PHÚ NHUẬN,SG CỦ CHI,2026-07-13 13:30:36,2026-07-13 11:15:29,2026-07-13 09:12:44,,Đang trên bãi,5.58,Shuttle,FC,Forecast
530888720104,SG CỦ CHI,SG GÒ VẤP,SG GÒ VẤP,SG CỦ CHI,2026-07-13 13:30:33,2026-07-13 11:16:01,2026-07-13 09:13:22,,Đang trên bãi,5.58,Shuttle,FC,Forecast
530700730104,SG CỦ CHI,BD DĨ AN,BD DĨ AN,SG CỦ CHI,2026-07-13 13:30:30,2026-07-13 11:16:00,2026-07-13 09:13:22,,Đang trên bãi,5.58,Shuttle,FC,Forecast
530398000104,SG CỦ CHI,BD BẾN CÁT,BD BẾN CÁT,SG CỦ CHI,2026-07-13 13:30:26,2026-07-13 11:16:15,2026-07-13 09:14:05,,Đang trên bãi,5.58,Shuttle,FC,Forecast
530973000104,SG CỦ CHI,SG BÀ ĐIỂM,SG BÀ ĐIỂM,SG CỦ CHI,2026-07-13 13:30:23,2026-07-13 11:15:59,2026-07-13 09:13:44,,Đang trên bãi,5.58,Shuttle,FC,Forecast
530320810104,SG CỦ CHI,SG TÂN SƠN NHÌ,SG TÂN SƠN NHÌ,SG CỦ CHI,2026-07-13 13:30:17,2026-07-13 11:14:16,2026-07-13 09:12:05,,Đang trên bãi,5.58,Shuttle,FC,Forecast
530975000104,SG CỦ CHI,DT CAO LÃNH,DT CAO LÃNH,SG CỦ CHI,2026-07-13 13:30:15,2026-07-13 11:16:33,2026-07-13 09:11:30,,Đang trên bãi,5.58,Shuttle,FC,Forecast
530788520104,SG CỦ CHI,SG TÂN SƠN NHÌ,SG TÂN SƠN NHÌ,SG CỦ CHI,2026-07-13 13:30:12,2026-07-13 11:16:32,2026-07-13 09:11:30,,Đang trên bãi,5.58,Shuttle,FC,Forecast
530376320104,SG CỦ CHI,SG TÂN HƯNG,SG TÂN HƯNG,SG CỦ CHI,2026-07-13 13:30:06,2026-07-13 11:16:30,2026-07-13 09:10:50,,Đang trên bãi,5.58,Shuttle,FC,Forecast
530988320104,SG CỦ CHI,SG PHÚ NHUẬN,SG PHÚ NHUẬN,SG CỦ CHI,2026-07-13 13:30:03,2026-07-13 11:16:13,2026-07-13 09:14:05,,Đang trên bãi,5.58,Shuttle,FC,Forecast
530298000104,SG CỦ CHI,BD BÌNH HÒA,BD BÌNH HÒA,SG CỦ CHI,2026-07-13 13:29:59,2026-07-13 11:15:30,2026-07-13 09:12:44,,Đang trên bãi,5.58,Shuttle,FC,Forecast
530520410104,SG CỦ CHI,SG GÒ VẤP,SG GÒ VẤP,SG CỦ CHI,2026-07-13 13:29:56,2026-07-13 11:16:02,2026-07-13 09:13:22,,Đang trên bãi,5.58,Shuttle,FC,Forecast
530083920104,SG CỦ CHI,LA TÂN AN,LA TÂN AN,SG CỦ CHI,2026-07-13 13:29:53,2026-07-13 11:16:03,2026-07-13 09:13:22,,Đang trên bãi,5.58,Shuttle,FC,Forecast
530600730104,SG CỦ CHI,SG GÒ VẤP,SG GÒ VẤP,SG CỦ CHI,2026-07-13 13:29:51,2026-07-13 11:16:34,2026-07-13 09:11:30,,Đang trên bãi,5.58,Shuttle,FC,Forecast
530275120104,SG CỦ CHI,SG CHỢ LỚN,SG CHỢ LỚN,SG CỦ CHI,2026-07-13 13:29:49,2026-07-13 11:16:32,2026-07-13 09:11:29,,Đang trên bãi,5.58,Shuttle,FC,Forecast
530277000104,SG CỦ CHI,SG BẢY HIỀN,SG BẢY HIỀN,SG CỦ CHI,2026-07-13 13:29:47,2026-07-13 11:16:31,2026-07-13 09:10:50,,Đang trên bãi,5.58,Shuttle,FC,Forecast
530473520104,SG CỦ CHI,VT VŨNG TÀU,VT VŨNG TÀU,SG CỦ CHI,2026-07-13 13:29:45,2026-07-13 11:15:31,2026-07-13 09:12:44,,Đang trên bãi,5.58,Shuttle,FC,Forecast
530220730104,SG CỦ CHI,AG LONG XUYÊN,AG LONG XUYÊN,SG CỦ CHI,2026-07-13 13:29:43,2026-07-13 11:16:14,2026-07-13 09:14:05,,Đang trên bãi,5.58,Shuttle,FC,Forecast
530863600104,SG CỦ CHI,SG HIỆP BÌNH,SG HIỆP BÌNH,SG CỦ CHI,2026-07-13 13:29:42,2026-07-13 11:14:13,2026-07-13 09:12:44,,Đang trên bãi,5.58,Shuttle,FC,Forecast
530679520104,SG CỦ CHI,SG GÒ VẤP,SG GÒ VẤP,SG CỦ CHI,2026-07-13 13:29:40,2026-07-13 11:12:52,2026-07-13 09:11:30,,Đang trên bãi,5.58,Shuttle,FC,Forecast
530198800104,SG CỦ CHI,SG THỦ ĐỨC,SG THỦ ĐỨC,SG CỦ CHI,2026-07-13 13:29:35,2026-07-13 11:15:14,2026-07-13 09:12:44,,Đang trên bãi,5.58,Shuttle,FC,Forecast
530120330104,SG CỦ CHI,SG HIỆP BÌNH,SG HIỆP BÌNH,SG CỦ CHI,2026-07-13 13:29:32,2026-07-13 11:13:52,2026-07-13 09:12:44,,Đang trên bãi,5.58,Shuttle,FC,Forecast
530096520104,SG CỦ CHI,SG PHÚ NHUẬN,SG PHÚ NHUẬN,SG CỦ CHI,2026-07-13 13:29:30,2026-07-13 11:13:23,2026-07-13 09:13:22,,Đang trên bãi,5.58,Shuttle,FC,Forecast
530187120104,SG CỦ CHI,CT Ô MÔN,CT Ô MÔN,SG CỦ CHI,2026-07-13 13:29:27,2026-07-13 11:12:50,2026-07-13 09:11:31,,Đang trên bãi,5.58,Shuttle,FC,Forecast
530198200104,SG CỦ CHI,SG GÒ VẤP,SG GÒ VẤP,SG CỦ CHI,2026-07-13 13:29:25,2026-07-13 11:15:15,2026-07-13 09:12:44,,Đang trên bãi,5.58,Shuttle,FC,Forecast
530020730104,SG CỦ CHI,SG TÂN NHỰT,SG TÂN NHỰT,SG CỦ CHI,2026-07-13 13:29:22,2026-07-13 11:14:14,2026-07-13 09:12:44,,Đang trên bãi,5.58,Shuttle,FC,Forecast
530605610104,SG CỦ CHI,CT LONG MỸ,CT LONG MỸ,SG CỦ CHI,2026-07-13 13:29:20,2026-07-13 11:12:53,2026-07-13 09:11:30,,Đang trên bãi,5.58,Shuttle,FC,Forecast
530700330104,SG CỦ CHI,SG BÌNH LỢI TRUNG,SG BÌNH LỢI TRUNG,SG CỦ CHI,2026-07-13 13:29:17,2026-07-13 11:13:55,2026-07-13 09:12:44,,Đang trên bãi,5.58,Shuttle,FC,Forecast
530120930104,SG CỦ CHI,LA HẬU NGHĨA,LA HẬU NGHĨA,SG CỦ CHI,2026-07-13 13:29:15,2026-07-13 11:13:24,2026-07-13 09:13:22,,Đang trên bãi,5.58,Shuttle,FC,Forecast
530320410104,SG CỦ CHI,LA ĐỨC HÒA,LA ĐỨC HÒA,SG CỦ CHI,2026-07-13 13:29:13,2026-07-13 11:12:51,2026-07-13 09:11:30,,Đang trên bãi,5.58,Shuttle,FC,Forecast
530700930104,SG CỦ CHI,VL CHỢ LÁCH,VL CHỢ LÁCH,SG CỦ CHI,2026-07-13 13:29:10,2026-07-13 11:13:11,2026-07-13 09:13:22,,Đang trên bãi,5.58,Shuttle,FC,Forecast
530690720104,SG CỦ CHI,SG TÂN HƯNG,SG TÂN HƯNG,SG CỦ CHI,2026-07-13 13:29:08,2026-07-13 11:13:12,2026-07-13 09:13:22,,Đang trên bãi,5.58,Shuttle,FC,Forecast
530277800104,SG CỦ CHI,3PL,SETN,SG CỦ CHI,2026-07-13 13:29:05,2026-07-13 11:15:18,2026-07-13 09:12:04,,Đang trên bãi,5.58,Shuttle,3PL,Forecast
530890400104,SG CỦ CHI,3PL,SETN,SG CỦ CHI,2026-07-13 13:29:03,2026-07-13 11:13:10,2026-07-13 09:13:43,,Đang trên bãi,5.58,Shuttle,3PL,Forecast
530605810104,SG CỦ CHI,CT Ô MÔN,CT Ô MÔN,SG CỦ CHI,2026-07-13 13:29:01,2026-07-13 11:14:17,2026-07-13 09:12:04,,Đang trên bãi,5.58,Shuttle,FC,Forecast
530177800104,SG CỦ CHI,SG HIỆP BÌNH,SG HIỆP BÌNH,SG CỦ CHI,2026-07-13 13:28:59,2026-07-13 11:12:49,2026-07-13 09:10:50,,Đang trên bãi,5.58,Shuttle,FC,Forecast
530405810104,SG CỦ CHI,SG BÀ ĐIỂM,SG BÀ ĐIỂM,SG CỦ CHI,2026-07-13 13:28:56,2026-07-13 11:12:48,2026-07-13 09:10:50,,Đang trên bãi,5.58,Shuttle,FC,Forecast
530505010104,SG CỦ CHI,SG ĐÔNG HƯNG THUẬN,SG ĐÔNG HƯNG THUẬN,SG CỦ CHI,2026-07-13 13:28:51,2026-07-13 11:12:28,2026-07-13 09:10:50,,Đang trên bãi,5.58,Shuttle,FC,Forecast
530275320104,SG CỦ CHI,AG LONG XUYÊN,AG LONG XUYÊN,SG CỦ CHI,2026-07-13 13:28:47,2026-07-13 11:14:15,2026-07-13 09:12:04,,Đang trên bãi,5.58,Shuttle,FC,Forecast
530102930104,SG CỦ CHI,SG PHÚ LÂM,SG PHÚ LÂM,SG CỦ CHI,2026-07-13 13:28:45,2026-07-13 11:14:15,2026-07-13 09:12:04,,Đang trên bãi,5.58,Shuttle,FC,Forecast
530773400104,SG CỦ CHI,SG CỦ CHI,SG CỦ CHI,SG CỦ CHI,2026-07-13 13:28:42,2026-07-13 11:12:27,2026-07-13 09:10:50,,Đang trên bãi,5.58,Shuttle,FC,Forecast
530590720104,SG CỦ CHI,TG TRUNG AN,TG TRUNG AN,SG CỦ CHI,2026-07-13 13:28:40,2026-07-13 11:12:26,2026-07-13 09:10:51,,Đang trên bãi,5.58,Shuttle,FC,Forecast
530476720104,SG CỦ CHI,VL CHỢ LÁCH,VL CHỢ LÁCH,SG CỦ CHI,2026-07-13 13:28:36,2026-07-13 11:13:56,2026-07-13 09:12:44,,Đang trên bãi,5.58,Shuttle,FC,Forecast
530903210104,SG CỦ CHI,SG THỦ ĐỨC,SG THỦ ĐỨC,SG CỦ CHI,2026-07-13 13:28:33,2026-07-13 11:14:33,2026-07-13 09:11:30,,Đang trên bãi,5.58,Shuttle,FC,Forecast
530888520104,SG CỦ CHI,DT SA ĐÉC,DT SA ĐÉC,SG CỦ CHI,2026-07-13 13:28:31,2026-07-13 11:13:13,2026-07-13 09:13:22,,Đang trên bãi,5.58,Shuttle,FC,Forecast
530202530104,SG CỦ CHI,SG CHỢ LỚN,SG CHỢ LỚN,SG CỦ CHI,2026-07-13 13:28:29,2026-07-13 11:13:14,2026-07-13 09:13:22,,Đang trên bãi,5.58,Shuttle,FC,Forecast
530106920104,SG CỦ CHI,SG KHÁNH HỘI,SG KHÁNH HỘI,SG CỦ CHI,2026-07-13 13:28:25,2026-07-13 09:47:04,2026-07-13 05:58:32,,Đang trên bãi,7.5,Shuttle,FC,Forecast
530676290103,SG CỦ CHI,SG CHỢ LỚN,SG CHỢ LỚN,SG CỦ CHI,2026-07-13 13:28:22,2026-07-13 09:47:29,2026-07-13 05:59:30,,Đang trên bãi,7.5,Shuttle,FC,Forecast
530684720104,SG CỦ CHI,SG CỦ CHI,SG CỦ CHI,SG CỦ CHI,2026-07-13 13:28:20,2026-07-13 11:15:16,2026-07-13 09:12:44,,Đang trên bãi,5.58,Shuttle,FC,Forecast
530075720104,SG CỦ CHI,BD DĨ AN,BD DĨ AN,SG CỦ CHI,2026-07-13 13:28:16,2026-07-13 11:17:03,2026-07-13 09:10:50,,Đang trên bãi,5.58,Shuttle,FC,Forecast
530684120104,SG CỦ CHI,SG CỦ CHI,SG CỦ CHI,SG CỦ CHI,2026-07-13 13:28:14,2026-07-13 11:16:49,2026-07-13 09:11:29,,Đang trên bãi,5.58,Shuttle,FC,Forecast
530700530104,SG CỦ CHI,SG PHÚ LÂM,SG PHÚ LÂM,SG CỦ CHI,2026-07-13 13:28:12,2026-07-13 11:15:40,2026-07-13 09:13:22,,Đang trên bãi,5.58,Shuttle,FC,Forecast
530788320104,SG CỦ CHI,SG BÌNH TRỊ ĐÔNG,SG BÌNH TRỊ ĐÔNG,SG CỦ CHI,2026-07-13 13:28:10,2026-07-13 11:15:01,2026-07-13 09:11:30,,Đang trên bãi,5.58,Shuttle,FC,Forecast
530600530104,SG CỦ CHI,ST PHÚ LỢI,ST PHÚ LỢI,SG CỦ CHI,2026-07-13 13:28:05,2026-07-13 11:14:31,2026-07-13 09:11:30,,Đang trên bãi,5.58,Shuttle,FC,Forecast
530206120104,SG CỦ CHI,LA HẬU NGHĨA,LA HẬU NGHĨA,SG CỦ CHI,2026-07-13 13:28:01,2026-07-13 09:59:41,2026-07-13 05:59:30,,Đang trên bãi,5.2,Shuttle,FC,Forecast
530880320104,SG CỦ CHI,CT NINH KIỀU,CT NINH KIỀU,SG CỦ CHI,2026-07-13 13:27:58,2026-07-13 11:14:34,2026-07-13 09:11:30,,Đang trên bãi,5.58,Shuttle,FC,Forecast
530473120104,SG CỦ CHI,BD BÌNH HÒA,BD BÌNH HÒA,SG CỦ CHI,2026-07-13 13:27:55,2026-07-13 11:17:02,2026-07-13 09:10:50,,Đang trên bãi,5.58,Shuttle,FC,Forecast
530690400104,SG CỦ CHI,SG BÌNH LỢI TRUNG,SG BÌNH LỢI TRUNG,SG CỦ CHI,2026-07-13 13:27:51,2026-07-13 11:15:17,2026-07-13 09:12:04,,Đang trên bãi,5.58,Shuttle,FC,Forecast
530004330104,SG CỦ CHI,VT VŨNG TÀU,VT VŨNG TÀU,SG CỦ CHI,2026-07-13 13:27:49,2026-07-13 11:14:52,2026-07-13 09:11:29,,Đang trên bãi,5.58,Shuttle,FC,Forecast
530598120104,SG CỦ CHI,SG BÀ ĐIỂM,SG BÀ ĐIỂM,SG CỦ CHI,2026-07-13 13:27:47,2026-07-13 11:14:30,2026-07-13 09:15:17,,Đang trên bãi,5.58,Shuttle,FC,Forecast
530788120104,SG CỦ CHI,LA BẾN LỨC,LA BẾN LỨC,SG CỦ CHI,2026-07-13 13:27:44,2026-07-13 11:14:32,2026-07-13 09:11:30,,Đang trên bãi,5.58,Shuttle,FC,Forecast
530964690103,SG CỦ CHI,AG CẦN ĐĂNG,AG CẦN ĐĂNG,SG CỦ CHI,2026-07-13 13:27:41,2026-07-13 09:52:49,2026-07-13 05:56:28,,Đang trên bãi,8.0,Shuttle,FC,Forecast
530395510104,SG CỦ CHI,SG XUÂN HÒA,SG XUÂN HÒA,SG CỦ CHI,2026-07-13 13:27:39,2026-07-13 09:47:35,2026-07-13 05:45:52,,Đang trên bãi,7.5,Shuttle,FC,Forecast
530022720104,SG CỦ CHI,CT NINH KIỀU,CT NINH KIỀU,SG CỦ CHI,2026-07-13 13:27:36,2026-07-13 09:53:11,2026-07-13 06:04:11,,Đang trên bãi,8.0,Shuttle,FC,Forecast
530953290103,SG CỦ CHI,SG PHÚ LÂM,SG PHÚ LÂM,SG CỦ CHI,2026-07-13 13:27:34,2026-07-13 09:47:35,2026-07-13 05:48:20,,Đang trên bãi,7.5,Shuttle,FC,Forecast
530282290103,SG CỦ CHI,SG CHỢ LỚN,SG CHỢ LỚN,SG CỦ CHI,2026-07-13 13:27:30,2026-07-13 09:47:33,2026-07-13 05:48:19,,Đang trên bãi,7.5,Shuttle,FC,Forecast
530700120104,SG CỦ CHI,SG HIỆP BÌNH,SG HIỆP BÌNH,SG CỦ CHI,2026-07-13 13:27:28,2026-07-13 09:53:19,2026-07-13 05:58:32,,Đang trên bãi,7.5,Shuttle,FC,Forecast
530996510104,SG CỦ CHI,TG AN HỮU,TG AN HỮU,SG CỦ CHI,2026-07-13 13:27:26,2026-07-13 09:53:18,2026-07-13 05:50:20,,Đang trên bãi,7.5,Shuttle,FC,Forecast
530682490103,SG CỦ CHI,VT VŨNG TÀU,VT VŨNG TÀU,SG CỦ CHI,2026-07-13 13:27:23,2026-07-13 09:47:28,2026-07-13 06:09:40,,Đang trên bãi,8.0,Shuttle,FC,Forecast
530432120104,SG CỦ CHI,TG GÒ CÔNG,TG GÒ CÔNG,SG CỦ CHI,2026-07-13 13:27:21,2026-07-13 09:52:48,2026-07-13 05:51:47,,Đang trên bãi,8.0,Shuttle,FC,Forecast
530255890103,SG CỦ CHI,SG AN LẠC,SG AN LẠC,SG CỦ CHI,2026-07-13 13:27:19,2026-07-13 09:53:16,2026-07-13 06:08:32,,Đang trên bãi,8.0,Shuttle,FC,Forecast
530532520104,SG CỦ CHI,SG BÌNH LỢI TRUNG,SG BÌNH LỢI TRUNG,SG CỦ CHI,2026-07-13 13:27:16,2026-07-13 09:52:52,2026-07-13 05:58:31,,Đang trên bãi,7.5,Shuttle,FC,Forecast
530493310104,SG CỦ CHI,BD DĨ AN,BD DĨ AN,SG CỦ CHI,2026-07-13 13:27:13,2026-07-13 09:52:50,2026-07-13 05:59:02,,Đang trên bãi,7.5,Shuttle,FC,Forecast
530108920104,SG CỦ CHI,VT CHÂU ĐỨC,VT CHÂU ĐỨC,SG CỦ CHI,2026-07-13 13:27:06,2026-07-13 09:47:01,2026-07-13 06:05:23,,Đang trên bãi,8.0,Shuttle,FC,Forecast
530280090103,SG CỦ CHI,BD BẾN CÁT,BD BẾN CÁT,SG CỦ CHI,2026-07-13 13:27:05,2026-07-13 09:53:10,2026-07-13 06:05:24,,Đang trên bãi,8.0,Shuttle,FC,Forecast
530222520104,SG CỦ CHI,SG CHỢ LỚN,SG CHỢ LỚN,SG CỦ CHI,2026-07-13 13:26:58,2026-07-13 09:53:14,2026-07-13 06:09:40,,Đang trên bãi,8.0,Shuttle,FC,Forecast
530849290103,SG CỦ CHI,SG PHÚ NHUẬN,SG PHÚ NHUẬN,SG CỦ CHI,2026-07-13 13:26:57,2026-07-13 09:53:15,2026-07-13 06:08:32,,Đang trên bãi,8.0,Shuttle,FC,Forecast
530758090103,SG CỦ CHI,BD DĨ AN,BD DĨ AN,SG CỦ CHI,2026-07-13 13:26:48,2026-07-13 09:52:43,2026-07-13 06:01:36,,Đang trên bãi,8.0,Shuttle,FC,Forecast
530691510104,SG CỦ CHI,SG HÓC MÔN,SG HÓC MÔN,SG CỦ CHI,2026-07-13 13:26:47,2026-07-13 09:47:02,2026-07-13 06:11:52,,Đang trên bãi,8.0,Shuttle,FC,Forecast
530802520104,SG CỦ CHI,SG HƯNG LONG,SG HƯNG LONG,SG CỦ CHI,2026-07-13 13:26:45,2026-07-13 09:52:47,2026-07-13 05:53:58,,Đang trên bãi,8.0,Shuttle,FC,Forecast
530332320104,SG CỦ CHI,SG HIỆP BÌNH,SG HIỆP BÌNH,SG CỦ CHI,2026-07-13 13:26:43,2026-07-13 09:47:32,2026-07-13 05:48:20,,Đang trên bãi,7.5,Shuttle,FC,Forecast
530255690103,SG CỦ CHI,SG KHÁNH HỘI,SG KHÁNH HỘI,SG CỦ CHI,2026-07-13 13:26:34,2026-07-13 09:53:12,2026-07-13 06:08:01,,Đang trên bãi,8.0,Shuttle,FC,Forecast
530255090103,SG CỦ CHI,VT XUYÊN MỘC,VT XUYÊN MỘC,SG CỦ CHI,2026-07-13 13:26:32,2026-07-13 09:46:57,2026-07-13 06:05:57,,Đang trên bãi,8.0,Shuttle,FC,Forecast
530474290103,SG CỦ CHI,SG TÂN SƠN NHÌ,SG TÂN SƠN NHÌ,SG CỦ CHI,2026-07-13 13:26:30,2026-07-13 09:47:34,2026-07-13 05:48:20,,Đang trên bãi,7.5,Shuttle,FC,Forecast
530587710104,SG CỦ CHI,SG TÂN NHỰT,SG TÂN NHỰT,SG CỦ CHI,2026-07-13 13:26:26,2026-07-13 09:52:44,2026-07-13 06:01:36,,Đang trên bãi,8.0,Shuttle,FC,Forecast
530674090103,SG CỦ CHI,SG PHÚ NHUẬN,SG PHÚ NHUẬN,SG CỦ CHI,2026-07-13 13:26:21,2026-07-13 09:46:58,2026-07-13 06:08:00,,Đang trên bãi,8.0,Shuttle,FC,Forecast
530398120104,SG CỦ CHI,SG BÌNH TÂN,SG BÌNH TÂN,SG CỦ CHI,2026-07-13 13:26:19,2026-07-13 11:02:27,2026-07-13 09:12:45,,Đang trên bãi,5.58,Shuttle,FC,Forecast
530192720104,SG CỦ CHI,SG AN LẠC,SG AN LẠC,SG CỦ CHI,2026-07-13 13:26:17,2026-07-13 11:01:21,2026-07-13 09:11:30,,Đang trên bãi,5.58,Shuttle,FC,Forecast
530699290103,SG CỦ CHI,VT LONG ĐẤT,VT LONG ĐẤT,SG CỦ CHI,2026-07-13 13:26:14,2026-07-13 09:46:59,2026-07-13 06:01:36,,Đang trên bãi,8.0,Shuttle,FC,Forecast
530578290103,SG CỦ CHI,SG TÂN TẠO,SG TÂN TẠO,SG CỦ CHI,2026-07-13 13:26:12,2026-07-13 09:53:21,2026-07-13 05:59:02,,Đang trên bãi,7.5,Shuttle,FC,Forecast
530098400104,SG CỦ CHI,BD DĨ AN,BD DĨ AN,SG CỦ CHI,2026-07-13 13:26:09,2026-07-13 11:04:17,2026-07-13 09:11:29,,Đang trên bãi,5.58,Shuttle,FC,Forecast
530004130104,SG CỦ CHI,SG PHÚ LÂM,SG PHÚ LÂM,SG CỦ CHI,2026-07-13 13:26:07,2026-07-13 11:04:18,2026-07-13 09:11:30,,Đang trên bãi,5.58,Shuttle,FC,Forecast
530220810104,SG CỦ CHI,SG TÂN THỚI HIỆP,SG TÂN THỚI HIỆP,SG CỦ CHI,2026-07-13 13:26:05,2026-07-13 11:00:37,2026-07-13 09:11:30,,Đang trên bãi,5.58,Shuttle,FC,Forecast
530574920104,SG CỦ CHI,SG BÌNH LỢI,SG BÌNH LỢI,SG CỦ CHI,2026-07-13 13:26:02,2026-07-13 11:01:45,2026-07-13 09:02:51,,Đang trên bãi,5.58,Shuttle,FC,Forecast
530206720104,SG CỦ CHI,SG TÂN HƯNG,SG TÂN HƯNG,SG CỦ CHI,2026-07-13 13:26:00,2026-07-13 09:52:46,2026-07-13 06:01:00,,Đang trên bãi,8.0,Shuttle,FC,Forecast
530180490103,SG CỦ CHI,VT CHÂU ĐỨC,VT CHÂU ĐỨC,SG CỦ CHI,2026-07-13 13:25:58,2026-07-13 09:52:51,2026-07-13 05:58:32,,Đang trên bãi,7.5,Shuttle,FC,Forecast
530481000104,SG CỦ CHI,DT TN,DT TN,SG CỦ CHI,2026-07-13 13:25:48,2026-07-13 10:58:38,2026-07-13 09:01:20,,Đang trên bãi,5.58,Shuttle,FC,Forecast
530386400104,SG CỦ CHI,CT Ô MÔN,CT Ô MÔN,SG CỦ CHI,2026-07-13 13:25:46,2026-07-13 10:59:16,2026-07-13 09:01:49,,Đang trên bãi,5.58,Shuttle,FC,Forecast
530191510104,SG CỦ CHI,CT NINH KIỀU,CT NINH KIỀU,SG CỦ CHI,2026-07-13 13:25:41,2026-07-13 09:53:17,2026-07-13 05:45:51,,Đang trên bãi,7.5,Shuttle,FC,Forecast
530482720104,SG CỦ CHI,BD DĨ AN,BD DĨ AN,SG CỦ CHI,2026-07-13 13:25:39,2026-07-13 10:59:15,2026-07-13 08:59:54,,Đang trên bãi,5.58,Shuttle,FC,Forecast
530880120104,SG CỦ CHI,SG NHƠN ĐỨC,SG NHƠN ĐỨC,SG CỦ CHI,2026-07-13 13:25:37,2026-07-13 11:00:38,2026-07-13 09:11:30,,Đang trên bãi,5.58,Shuttle,FC,Forecast
530306120104,SG CỦ CHI,SG PHÚ LÂM,SG PHÚ LÂM,SG CỦ CHI,2026-07-13 13:25:35,2026-07-13 09:52:45,2026-07-13 06:03:11,,Đang trên bãi,8.0,Shuttle,FC,Forecast
530393110104,SG CỦ CHI,SG BÌNH TÂN,SG BÌNH TÂN,SG CỦ CHI,2026-07-13 13:25:32,2026-07-13 09:47:31,2026-07-13 05:45:52,,Đang trên bãi,7.5,Shuttle,FC,Forecast
530520610104,SG CỦ CHI,SG TÂN THỚI HIỆP,SG TÂN THỚI HIỆP,SG CỦ CHI,2026-07-13 13:25:29,2026-07-13 11:02:24,2026-07-13 09:13:22,,Đang trên bãi,5.58,Shuttle,FC,Forecast
530020930104,SG CỦ CHI,SG CỦ CHI,SG CỦ CHI,SG CỦ CHI,2026-07-13 13:25:27,2026-07-13 11:03:28,2026-07-13 09:12:44,,Đang trên bãi,5.58,Shuttle,FC,Forecast
530702720104,SG CỦ CHI,SG TÂN HƯNG,SG TÂN HƯNG,SG CỦ CHI,2026-07-13 13:25:25,2026-07-13 09:52:51,2026-07-13 05:45:51,,Đang trên bãi,7.5,Shuttle,FC,Forecast
530085910104,SG CỦ CHI,SG BÀ ĐIỂM,SG BÀ ĐIỂM,SG CỦ CHI,2026-07-13 13:25:23,2026-07-13 09:46:58,2026-07-13 05:45:16,,Đang trên bãi,8.0,Shuttle,FC,Forecast
530876400104,SG CỦ CHI,SG HƯNG LONG,SG HƯNG LONG,SG CỦ CHI,2026-07-13 13:25:20,2026-07-13 11:01:47,2026-07-13 09:02:22,,Đang trên bãi,5.58,Shuttle,FC,Forecast
530804210104,SG CỦ CHI,SG BÌNH TÂN,SG BÌNH TÂN,SG CỦ CHI,2026-07-13 13:25:18,2026-07-13 10:59:52,2026-07-13 09:01:49,,Đang trên bãi,5.58,Shuttle,FC,Forecast
530110320104,SG CỦ CHI,SG PHÚ LÂM,SG PHÚ LÂM,SG CỦ CHI,2026-07-13 13:25:12,2026-07-13 09:47:00,2026-07-13 06:07:29,,Đang trên bãi,8.0,Shuttle,FC,Forecast
530773800104,SG CỦ CHI,DT CAO LÃNH,DT CAO LÃNH,SG CỦ CHI,2026-07-13 13:25:07,2026-07-13 11:00:33,2026-07-13 09:11:29,,Đang trên bãi,5.58,Shuttle,FC,Forecast
530197510104,SG CỦ CHI,AG LONG XUYÊN,AG LONG XUYÊN,SG CỦ CHI,2026-07-13 13:25:04,2026-07-13 09:47:03,2026-07-13 05:59:29,,Đang trên bãi,7.5,Shuttle,FC,Forecast
530978320104,SG CỦ CHI,SG BÌNH TRỊ ĐÔNG,SG BÌNH TRỊ ĐÔNG,SG CỦ CHI,2026-07-13 13:25:01,2026-07-13 11:00:40,2026-07-13 08:58:11,,Đang trên bãi,5.58,Shuttle,FC,Forecast
530000930104,SG CỦ CHI,BD BÌNH HÒA,BD BÌNH HÒA,SG CỦ CHI,2026-07-13 13:25:00,2026-07-13 11:01:03,2026-07-13 09:00:39,,Đang trên bãi,5.58,Shuttle,FC,Forecast
530003000104,SG CỦ CHI,TG TRUNG AN,TG TRUNG AN,SG CỦ CHI,2026-07-13 13:24:58,2026-07-13 09:52:46,2026-07-13 05:58:30,,Đang trên bãi,8.0,Shuttle,FC,Forecast
530975600104,SG CỦ CHI,SG TÂN HƯNG,SG TÂN HƯNG,SG CỦ CHI,2026-07-13 13:24:55,2026-07-13 11:01:20,2026-07-13 09:12:05,,Đang trên bãi,5.58,Shuttle,FC,Forecast
530579920104,SG CỦ CHI,SG BẢY HIỀN,SG BẢY HIỀN,SG CỦ CHI,2026-07-13 13:24:54,2026-07-13 11:00:36,2026-07-13 09:11:29,,Đang trên bãi,5.58,Shuttle,FC,Forecast
530303200104,SG CỦ CHI,SG CHỢ LỚN,SG CHỢ LỚN,SG CỦ CHI,2026-07-13 13:24:50,2026-07-13 09:53:09,2026-07-13 06:08:01,,Đang trên bãi,8.0,Shuttle,FC,Forecast
530888320104,SG CỦ CHI,CT NINH KIỀU,CT NINH KIỀU,SG CỦ CHI,2026-07-13 13:24:44,2026-07-13 11:00:11,2026-07-13 09:12:44,,Đang trên bãi,5.58,Shuttle,FC,Forecast
530263600104,SG CỦ CHI,SG NHƠN ĐỨC,SG NHƠN ĐỨC,SG CỦ CHI,2026-07-13 13:24:42,2026-07-13 10:59:16,2026-07-13 08:59:54,,Đang trên bãi,5.58,Shuttle,FC,Forecast
530532720104,SG CỦ CHI,BD BÌNH HÒA,BD BÌNH HÒA,SG CỦ CHI,2026-07-13 13:24:38,2026-07-13 09:47:30,2026-07-13 05:59:02,,Đang trên bãi,7.5,Shuttle,FC,Forecast
530804010104,SG CỦ CHI,SG PHÚ LÂM,SG PHÚ LÂM,SG CỦ CHI,2026-07-13 13:24:37,2026-07-13 10:59:54,2026-07-13 09:01:48,,Đang trên bãi,5.58,Shuttle,FC,Forecast
530298920104,SG CỦ CHI,SG PHÚ LÂM,SG PHÚ LÂM,SG CỦ CHI,2026-07-13 13:24:36,2026-07-13 11:02:43,2026-07-13 09:12:44,,Đang trên bãi,5.58,Shuttle,FC,Forecast
530591510104,SG CỦ CHI,SG CHỢ LỚN,SG CHỢ LỚN,SG CỦ CHI,2026-07-13 13:24:30,2026-07-13 09:53:13,2026-07-13 06:09:40,,Đang trên bãi,8.0,Shuttle,FC,Forecast
530705610104,SG CỦ CHI,SG BÌNH LỢI TRUNG,SG BÌNH LỢI TRUNG,SG CỦ CHI,2026-07-13 13:24:28,2026-07-13 11:00:07,2026-07-13 09:12:44,,Đang trên bãi,5.58,Shuttle,FC,Forecast
530375520104,SG CỦ CHI,VL VĨNH LONG,VL VĨNH LONG,SG CỦ CHI,2026-07-13 13:24:24,2026-07-13 11:01:06,2026-07-13 09:15:17,,Đang trên bãi,5.58,Shuttle,FC,Forecast
530420810104,SG CỦ CHI,SG NHƠN ĐỨC,SG NHƠN ĐỨC,SG CỦ CHI,2026-07-13 13:24:21,2026-07-13 11:03:24,2026-07-13 09:12:44,,Đang trên bãi,5.58,Shuttle,FC,Forecast
530263800104,SG CỦ CHI,SG GÒ VẤP,SG GÒ VẤP,SG CỦ CHI,2026-07-13 13:24:19,2026-07-13 10:58:37,2026-07-13 08:59:54,,Đang trên bãi,5.58,Shuttle,FC,Forecast
530784120104,SG CỦ CHI,CT NINH KIỀU,CT NINH KIỀU,SG CỦ CHI,2026-07-13 13:24:16,2026-07-13 11:02:25,2026-07-13 09:13:22,,Đang trên bãi,5.58,Shuttle,FC,Forecast
530409330104,SG CỦ CHI,DT SA ĐÉC,DT SA ĐÉC,SG CỦ CHI,2026-07-13 13:24:14,2026-07-13 10:59:51,2026-07-13 09:01:48,,Đang trên bãi,5.58,Shuttle,FC,Forecast
530084720104,SG CỦ CHI,CT LONG MỸ,CT LONG MỸ,SG CỦ CHI,2026-07-13 13:24:12,2026-07-13 10:59:55,2026-07-13 09:01:49,,Đang trên bãi,5.58,Shuttle,FC,Forecast
530600130104,SG CỦ CHI,SG AN LẠC,SG AN LẠC,SG CỦ CHI,2026-07-13 13:24:10,2026-07-13 11:04:20,2026-07-13 09:11:29,,Đang trên bãi,5.58,Shuttle,FC,Forecast
530102330104,SG CỦ CHI,BD DĨ AN,BD DĨ AN,SG CỦ CHI,2026-07-13 13:24:09,2026-07-13 11:04:19,2026-07-13 09:11:29,,Đang trên bãi,5.58,Shuttle,FC,Forecast
530309530104,SG CỦ CHI,TG TRUNG AN,TG TRUNG AN,SG CỦ CHI,2026-07-13 13:24:08,2026-07-13 11:01:02,2026-07-13 09:00:39,,Đang trên bãi,5.58,Shuttle,FC,Forecast
530705010104,SG CỦ CHI,SG GÒ VẤP,SG GÒ VẤP,SG CỦ CHI,2026-07-13 13:24:05,2026-07-13 11:02:09,2026-07-13 09:12:05,,Đang trên bãi,5.58,Shuttle,FC,Forecast
530776800104,SG CỦ CHI,SG PHÚ LÂM,SG PHÚ LÂM,SG CỦ CHI,2026-07-13 13:24:03,2026-07-13 11:02:58,2026-07-13 09:00:38,,Đang trên bãi,5.58,Shuttle,FC,Forecast
530579400104,SG CỦ CHI,SG THỦ ĐỨC,SG THỦ ĐỨC,SG CỦ CHI,2026-07-13 13:24:01,2026-07-13 10:59:53,2026-07-13 09:01:48,,Đang trên bãi,5.58,Shuttle,FC,Forecast
530020530104,SG CỦ CHI,SG HÓC MÔN,SG HÓC MÔN,SG CỦ CHI,2026-07-13 13:24:00,2026-07-13 11:02:42,2026-07-13 09:12:44,,Đang trên bãi,5.58,Shuttle,FC,Forecast
530202330104,SG CỦ CHI,SG BÀ ĐIỂM,SG BÀ ĐIỂM,SG CỦ CHI,2026-07-13 13:23:58,2026-07-13 11:02:26,2026-07-13 09:12:44,,Đang trên bãi,5.58,Shuttle,FC,Forecast
530198400104,SG CỦ CHI,VL VĨNH LONG,VL VĨNH LONG,SG CỦ CHI,2026-07-13 13:23:57,2026-07-13 11:01:18,2026-07-13 09:12:44,,Đang trên bãi,5.58,Shuttle,FC,Forecast
530087000104,SG CỦ CHI,SG PHÚ LÂM,SG PHÚ LÂM,SG CỦ CHI,2026-07-13 13:23:56,2026-07-13 11:00:09,2026-07-13 09:12:44,,Đang trên bãi,5.58,Shuttle,FC,Forecast
530980320104,SG CỦ CHI,DT SA ĐÉC,DT SA ĐÉC,SG CỦ CHI,2026-07-13 13:23:47,2026-07-13 11:01:19,2026-07-13 09:12:05,,Đang trên bãi,5.58,Shuttle,FC,Forecast
530963600104,SG CỦ CHI,SG THỦ ĐỨC,SG THỦ ĐỨC,SG CỦ CHI,2026-07-13 13:23:45,2026-07-13 11:03:01,2026-07-13 09:14:05,,Đang trên bãi,5.58,Shuttle,FC,Forecast
530790400104,SG CỦ CHI,SG CỦ CHI,SG CỦ CHI,SG CỦ CHI,2026-07-13 13:23:44,2026-07-13 11:02:45,2026-07-13 09:12:44,,Đang trên bãi,5.58,Shuttle,FC,Forecast
530079120104,SG CỦ CHI,SG TÂN NHỰT,SG TÂN NHỰT,SG CỦ CHI,2026-07-13 13:23:39,2026-07-13 11:01:48,2026-07-13 09:02:22,,Đang trên bãi,5.58,Shuttle,FC,Forecast
530951000104,SG CỦ CHI,SG KHÁNH HỘI,SG KHÁNH HỘI,SG CỦ CHI,2026-07-13 13:23:38,2026-07-13 11:01:46,2026-07-13 09:02:51,,Đang trên bãi,5.58,Shuttle,FC,Forecast
530083120104,SG CỦ CHI,CT LONG MỸ,CT LONG MỸ,SG CỦ CHI,2026-07-13 13:23:35,2026-07-13 11:02:44,2026-07-13 09:12:44,,Đang trên bãi,5.58,Shuttle,FC,Forecast
530087400104,SG CỦ CHI,SG BÀ ĐIỂM,SG BÀ ĐIỂM,SG CỦ CHI,2026-07-13 13:23:34,2026-07-13 11:02:08,2026-07-13 09:12:44,,Đang trên bãi,5.58,Shuttle,FC,Forecast
530573120104,SG CỦ CHI,SG CHỢ LỚN,SG CHỢ LỚN,SG CỦ CHI,2026-07-13 13:23:32,2026-07-13 11:02:23,2026-07-13 09:13:22,,Đang trên bãi,5.58,Shuttle,FC,Forecast
530863400104,SG CỦ CHI,SG AN LẠC,SG AN LẠC,SG CỦ CHI,2026-07-13 13:23:29,2026-07-13 11:00:10,2026-07-13 09:12:44,,Đang trên bãi,5.58,Shuttle,FC,Forecast
530579200104,SG CỦ CHI,SG NHƠN ĐỨC,SG NHƠN ĐỨC,SG CỦ CHI,2026-07-13 13:23:26,2026-07-13 10:59:18,2026-07-13 09:01:48,,Đang trên bãi,5.58,Shuttle,FC,Forecast
530620410104,SG CỦ CHI,SG THỦ ĐỨC,SG THỦ ĐỨC,SG CỦ CHI,2026-07-13 13:23:24,2026-07-13 11:01:05,2026-07-13 09:14:05,,Đang trên bãi,5.58,Shuttle,FC,Forecast
530590920104,SG CỦ CHI,SG BÌNH LỢI,SG BÌNH LỢI,SG CỦ CHI,2026-07-13 13:23:22,2026-07-13 11:02:11,2026-07-13 09:11:30,,Đang trên bãi,5.58,Shuttle,FC,Forecast
530420010104,SG CỦ CHI,DT CAO LÃNH,DT CAO LÃNH,SG CỦ CHI,2026-07-13 13:23:20,2026-07-13 11:01:19,2026-07-13 09:12:05,,Đang trên bãi,5.58,Shuttle,FC,Forecast
530375320104,SG CỦ CHI,CT NINH KIỀU,CT NINH KIỀU,SG CỦ CHI,2026-07-13 13:23:18,2026-07-13 11:03:01,2026-07-13 09:14:05,,Đang trên bãi,5.58,Shuttle,FC,Forecast
530096120104,SG CỦ CHI,BD BÌNH HÒA,BD BÌNH HÒA,SG CỦ CHI,2026-07-13 13:23:16,2026-07-13 11:03:27,2026-07-13 09:12:44,,Đang trên bãi,5.58,Shuttle,FC,Forecast
530104330104,SG CỦ CHI,CT LONG MỸ,CT LONG MỸ,SG CỦ CHI,2026-07-13 13:23:14,2026-07-13 11:03:25,2026-07-13 09:12:45,,Đang trên bãi,5.58,Shuttle,FC,Forecast
530386200104,SG CỦ CHI,VT CHÂU ĐỨC,VT CHÂU ĐỨC,SG CỦ CHI,2026-07-13 13:23:12,2026-07-13 11:02:59,2026-07-13 09:00:39,,Đang trên bãi,5.58,Shuttle,FC,Forecast
530805210104,SG CỦ CHI,SG NHƠN ĐỨC,SG NHƠN ĐỨC,SG CỦ CHI,2026-07-13 13:23:07,2026-07-13 11:03:26,2026-07-13 09:12:44,,Đang trên bãi,5.58,Shuttle,FC,Forecast
530020330104,SG CỦ CHI,SG XUÂN HÒA,SG XUÂN HÒA,SG CỦ CHI,2026-07-13 13:23:06,2026-07-13 11:02:44,2026-07-13 09:12:45,,Đang trên bãi,5.58,Shuttle,FC,Forecast
530279800104,SG CỦ CHI,SG THỦ ĐỨC,SG THỦ ĐỨC,SG CỦ CHI,2026-07-13 13:23:04,2026-07-13 11:01:04,2026-07-13 08:55:08,,Đang trên bãi,5.58,Shuttle,FC,Forecast
530398800104,SG CỦ CHI,VT XUYÊN MỘC,VT XUYÊN MỘC,SG CỦ CHI,2026-07-13 13:23:03,2026-07-13 11:03:02,2026-07-13 09:15:17,,Đang trên bãi,5.58,Shuttle,FC,Forecast
530303010104,SG CỦ CHI,SG CHỢ LỚN,SG CHỢ LỚN,SG CỦ CHI,2026-07-13 13:22:57,2026-07-13 11:01:49,2026-07-13 09:02:22,,Đang trên bãi,5.58,Shuttle,FC,Forecast
530876600104,SG CỦ CHI,ST PHÚ LỢI,ST PHÚ LỢI,SG CỦ CHI,2026-07-13 13:22:55,2026-07-13 11:01:50,2026-07-13 09:02:22,,Đang trên bãi,5.58,Shuttle,FC,Forecast
530084320104,SG CỦ CHI,VT VŨNG TÀU,VT VŨNG TÀU,SG CỦ CHI,2026-07-13 13:22:53,2026-07-13 11:03:00,2026-07-13 08:59:54,,Đang trên bãi,5.58,Shuttle,FC,Forecast
530676600104,SG CỦ CHI,BD DĨ AN,BD DĨ AN,SG CỦ CHI,2026-07-13 13:22:51,2026-07-13 11:00:39,2026-07-13 08:58:45,,Đang trên bãi,5.58,Shuttle,FC,Forecast
530982120104,SG CỦ CHI,SG TÂN HƯNG,SG TÂN HƯNG,SG CỦ CHI,2026-07-13 13:22:48,2026-07-13 11:02:10,2026-07-13 09:11:30,,Đang trên bãi,5.58,Shuttle,FC,Forecast
530198600104,SG CỦ CHI,SG GÒ VẤP,SG GÒ VẤP,SG CỦ CHI,2026-07-13 13:22:41,2026-07-13 11:01:17,2026-07-13 09:12:44,,Đang trên bãi,5.58,Shuttle,FC,Forecast
530277200104,SG CỦ CHI,VT VŨNG TÀU,VT VŨNG TÀU,SG CỦ CHI,2026-07-13 13:22:39,2026-07-13 11:01:01,2026-07-13 09:11:29,,Đang trên bãi,5.58,Shuttle,FC,Forecast
530786200104,SG CỦ CHI,SG XUÂN HÒA,SG XUÂN HÒA,SG CỦ CHI,2026-07-13 13:22:33,2026-07-13 10:51:55,2026-07-13 09:07:55,,Đang trên bãi,5.58,Shuttle,FC,Forecast
530363000104,SG CỦ CHI,SG PHÚ LÂM,SG PHÚ LÂM,SG CỦ CHI,2026-07-13 13:22:29,2026-07-13 10:52:46,2026-07-13 09:00:39,,Đang trên bãi,5.58,Shuttle,FC,Forecast
530380520104,SG CỦ CHI,SG TÂN HƯNG,SG TÂN HƯNG,SG CỦ CHI,2026-07-13 13:22:27,2026-07-13 10:52:45,2026-07-13 09:01:21,,Đang trên bãi,5.58,Shuttle,FC,Forecast
530871800104,SG CỦ CHI,SG TÂN THỚI HIỆP,SG TÂN THỚI HIỆP,SG CỦ CHI,2026-07-13 13:22:25,2026-07-13 10:51:00,2026-07-13 09:09:07,,Đang trên bãi,5.58,Shuttle,FC,Forecast
530779800104,SG CỦ CHI,SG TÂN HƯNG,SG TÂN HƯNG,SG CỦ CHI,2026-07-13 13:22:24,2026-07-13 10:50:48,2026-07-13 09:07:55,,Đang trên bãi,5.58,Shuttle,FC,Forecast
530679320104,SG CỦ CHI,SG VĨNH LỘC,SG VĨNH LỘC,SG CỦ CHI,2026-07-13 13:22:20,2026-07-13 11:02:12,2026-07-13 09:11:30,,Đang trên bãi,5.58,Shuttle,FC,Forecast
530377200104,SG CỦ CHI,SG TÂN SƠN NHÌ,SG TÂN SƠN NHÌ,SG CỦ CHI,2026-07-13 13:22:18,2026-07-13 11:02:10,2026-07-13 09:12:05,,Đang trên bãi,5.58,Shuttle,FC,Forecast
530603210104,SG CỦ CHI,LA BẾN LỨC,LA BẾN LỨC,SG CỦ CHI,2026-07-13 13:22:16,2026-07-13 10:50:58,2026-07-13 09:08:31,,Đang trên bãi,5.58,Shuttle,FC,Forecast
530384720104,SG CỦ CHI,BD BÌNH HÒA,BD BÌNH HÒA,SG CỦ CHI,2026-07-13 13:22:11,2026-07-13 10:51:42,2026-07-13 09:07:55,,Đang trên bãi,5.58,Shuttle,FC,Forecast
530103610104,SG CỦ CHI,SG NHƠN ĐỨC,SG NHƠN ĐỨC,SG CỦ CHI,2026-07-13 13:22:09,2026-07-13 10:52:22,2026-07-13 09:00:39,,Đang trên bãi,5.58,Shuttle,FC,Forecast
530290720104,SG CỦ CHI,CT NINH KIỀU,CT NINH KIỀU,SG CỦ CHI,2026-07-13 13:22:07,2026-07-13 10:50:49,2026-07-13 09:07:54,,Đang trên bãi,5.58,Shuttle,FC,Forecast
530580920104,SG CỦ CHI,BD BÌNH HÒA,BD BÌNH HÒA,SG CỦ CHI,2026-07-13 13:22:06,2026-07-13 10:51:30,2026-07-13 09:07:17,,Đang trên bãi,5.58,Shuttle,FC,Forecast
530590400104,SG CỦ CHI,SG THỦ ĐỨC,SG THỦ ĐỨC,SG CỦ CHI,2026-07-13 13:22:04,2026-07-13 10:51:03,2026-07-13 09:09:07,,Đang trên bãi,5.58,Shuttle,FC,Forecast
530379120104,SG CỦ CHI,SG BÌNH TRỊ ĐÔNG,SG BÌNH TRỊ ĐÔNG,SG CỦ CHI,2026-07-13 13:22:02,2026-07-13 10:51:44,2026-07-13 09:07:55,,Đang trên bãi,5.58,Shuttle,FC,Forecast
530076320104,SG CỦ CHI,SG CHỢ LỚN,SG CHỢ LỚN,SG CỦ CHI,2026-07-13 13:22:00,2026-07-13 10:51:48,2026-07-13 09:07:55,,Đang trên bãi,5.58,Shuttle,FC,Forecast
530173320104,SG CỦ CHI,SG THỦ ĐỨC,SG THỦ ĐỨC,SG CỦ CHI,2026-07-13 13:21:58,2026-07-13 10:52:57,2026-07-13 09:06:34,,Đang trên bãi,5.58,Shuttle,FC,Forecast
530779000104,SG CỦ CHI,SG TÂN HƯNG,SG TÂN HƯNG,SG CỦ CHI,2026-07-13 13:21:56,2026-07-13 10:52:58,2026-07-13 09:06:02,,Đang trên bãi,5.58,Shuttle,FC,Forecast
530290320104,SG CỦ CHI,SG VĨNH LỘC,SG VĨNH LỘC,SG CỦ CHI,2026-07-13 13:21:53,2026-07-13 10:52:47,2026-07-13 09:07:17,,Đang trên bãi,5.58,Shuttle,FC,Forecast
530909530104,SG CỦ CHI,SG CHỢ LỚN,SG CHỢ LỚN,SG CỦ CHI,2026-07-13 13:21:51,2026-07-13 10:52:43,2026-07-13 09:07:17,,Đang trên bãi,5.58,Shuttle,FC,Forecast
530076520104,SG CỦ CHI,SG BÌNH LỢI TRUNG,SG BÌNH LỢI TRUNG,SG CỦ CHI,2026-07-13 13:21:47,2026-07-13 10:51:46,2026-07-13 09:07:55,,Đang trên bãi,5.58,Shuttle,FC,Forecast
530871000104,SG CỦ CHI,DT CAO LÃNH,DT CAO LÃNH,SG CỦ CHI,2026-07-13 13:21:45,2026-07-13 10:52:42,2026-07-13 09:07:16,,Đang trên bãi,5.58,Shuttle,FC,Forecast
530273120104,SG CỦ CHI,SG PHÚ NHUẬN,SG PHÚ NHUẬN,SG CỦ CHI,2026-07-13 13:21:43,2026-07-13 10:52:59,2026-07-13 09:07:17,,Đang trên bãi,5.58,Shuttle,FC,Forecast
530290520104,SG CỦ CHI,SG CỦ CHI,SG CỦ CHI,SG CỦ CHI,2026-07-13 13:21:41,2026-07-13 10:51:34,2026-07-13 09:07:17,,Đang trên bãi,5.58,Shuttle,FC,Forecast
530488520104,SG CỦ CHI,VL CHỢ LÁCH,VL CHỢ LÁCH,SG CỦ CHI,2026-07-13 13:21:36,2026-07-13 10:53:02,2026-07-13 09:07:16,,Đang trên bãi,5.58,Shuttle,FC,Forecast
530176520104,SG CỦ CHI,SG TÂN THỚI HIỆP,SG TÂN THỚI HIỆP,SG CỦ CHI,2026-07-13 13:21:34,2026-07-13 10:50:57,2026-07-13 09:09:07,,Đang trên bãi,5.58,Shuttle,FC,Forecast
530076120104,SG CỦ CHI,SG HIỆP BÌNH,SG HIỆP BÌNH,SG CỦ CHI,2026-07-13 13:21:33,2026-07-13 10:51:53,2026-07-13 09:07:55,,Đang trên bãi,5.58,Shuttle,FC,Forecast
530575400104,SG CỦ CHI,SG BÌNH LỢI,SG BÌNH LỢI,SG CỦ CHI,2026-07-13 13:21:28,2026-07-13 10:52:48,2026-07-13 09:07:17,,Đang trên bãi,5.58,Shuttle,FC,Forecast
530400330104,SG CỦ CHI,SG TÂN HƯNG,SG TÂN HƯNG,SG CỦ CHI,2026-07-13 13:21:26,2026-07-13 10:50:58,2026-07-13 09:09:07,,Đang trên bãi,5.58,Shuttle,FC,Forecast
530709330104,SG CỦ CHI,LA ĐỨC HÒA,LA ĐỨC HÒA,SG CỦ CHI,2026-07-13 13:21:24,2026-07-13 10:52:44,2026-07-13 09:06:02,,Đang trên bãi,5.58,Shuttle,FC,Forecast
530781800104,SG CỦ CHI,ST PHÚ LỢI,ST PHÚ LỢI,SG CỦ CHI,2026-07-13 13:21:22,2026-07-13 10:50:55,2026-07-13 09:08:30,,Đang trên bãi,5.58,Shuttle,FC,Forecast
530205210104,SG CỦ CHI,CT BÌNH THỦY,CT BÌNH THỦY,SG CỦ CHI,2026-07-13 13:21:20,2026-07-13 10:50:52,2026-07-13 09:08:31,,Đang trên bãi,5.58,Shuttle,FC,Forecast
530781200104,SG CỦ CHI,SG TÂN HƯNG,SG TÂN HƯNG,SG CỦ CHI,2026-07-13 13:21:18,2026-07-13 10:52:54,2026-07-13 09:07:17,,Đang trên bãi,5.58,Shuttle,FC,Forecast
530484720104,SG CỦ CHI,SG NHƠN ĐỨC,SG NHƠN ĐỨC,SG CỦ CHI,2026-07-13 13:21:17,2026-07-13 10:51:02,2026-07-13 09:09:06,,Đang trên bãi,5.58,Shuttle,FC,Forecast
530388920104,SG CỦ CHI,SG KHÁNH HỘI,SG KHÁNH HỘI,SG CỦ CHI,2026-07-13 13:21:11,2026-07-13 10:52:41,2026-07-13 09:06:02,,Đang trên bãi,5.58,Shuttle,FC,Forecast
530309930104,SG CỦ CHI,SG NHƠN ĐỨC,SG NHƠN ĐỨC,SG CỦ CHI,2026-07-13 13:21:10,2026-07-13 10:52:47,2026-07-13 09:01:21,,Đang trên bãi,5.58,Shuttle,FC,Forecast
530198520104,SG CỦ CHI,VT XUYÊN MỘC,VT XUYÊN MỘC,SG CỦ CHI,2026-07-13 13:21:08,2026-07-13 10:51:35,2026-07-13 09:07:55,,Đang trên bãi,5.58,Shuttle,FC,Forecast
530663600104,SG CỦ CHI,CT NINH KIỀU,CT NINH KIỀU,SG CỦ CHI,2026-07-13 13:21:07,2026-07-13 10:51:39,2026-07-13 09:07:55,,Đang trên bãi,5.58,Shuttle,FC,Forecast
530076920104,SG CỦ CHI,SG BÀ ĐIỂM,SG BÀ ĐIỂM,SG CỦ CHI,2026-07-13 13:21:05,2026-07-13 10:50:56,2026-07-13 09:08:30,,Đang trên bãi,5.58,Shuttle,FC,Forecast
530874120104,SG CỦ CHI,LA BẾN LỨC,LA BẾN LỨC,SG CỦ CHI,2026-07-13 13:21:04,2026-07-13 10:51:31,2026-07-13 09:07:17,,Đang trên bãi,5.58,Shuttle,FC,Forecast
530809730104,SG CỦ CHI,SG BÌNH TÂN,SG BÌNH TÂN,SG CỦ CHI,2026-07-13 13:21:03,2026-07-13 10:52:24,2026-07-13 09:06:35,,Đang trên bãi,5.58,Shuttle,FC,Forecast
530680120104,SG CỦ CHI,BD DĨ AN,BD DĨ AN,SG CỦ CHI,2026-07-13 13:21:02,2026-07-13 10:51:54,2026-07-13 09:07:55,,Đang trên bãi,5.58,Shuttle,FC,Forecast
530279720104,SG CỦ CHI,LA HẬU NGHĨA,LA HẬU NGHĨA,SG CỦ CHI,2026-07-13 13:20:54,2026-07-13 10:53:00,2026-07-13 09:07:17,,Đang trên bãi,5.58,Shuttle,FC,Forecast
530986320104,SG CỦ CHI,VT LONG ĐẤT,VT LONG ĐẤT,SG CỦ CHI,2026-07-13 13:20:53,2026-07-13 10:51:47,2026-07-13 09:07:55,,Đang trên bãi,5.58,Shuttle,FC,Forecast
530981600104,SG CỦ CHI,LA BẾN LỨC,LA BẾN LỨC,SG CỦ CHI,2026-07-13 13:20:52,2026-07-13 11:18:21,2026-07-13 09:10:50,,Đang trên bãi,5.58,Shuttle,FC,Forecast
530763800104,SG CỦ CHI,AG AN PHÚ,AG AN PHÚ,SG CỦ CHI,2026-07-13 13:20:51,2026-07-13 11:18:20,2026-07-13 09:09:37,,Đang trên bãi,5.58,Shuttle,FC,Forecast
530075320104,SG CỦ CHI,AG LONG XUYÊN,AG LONG XUYÊN,SG CỦ CHI,2026-07-13 13:20:49,2026-07-13 11:17:18,2026-07-13 09:10:50,,Đang trên bãi,5.58,Shuttle,FC,Forecast
530500730104,SG CỦ CHI,SG PHÚ NHUẬN,SG PHÚ NHUẬN,SG CỦ CHI,2026-07-13 13:20:48,2026-07-13 11:17:14,2026-07-13 09:10:50,,Đang trên bãi,5.58,Shuttle,FC,Forecast
530105810104,SG CỦ CHI,SG BÌNH LỢI,SG BÌNH LỢI,SG CỦ CHI,2026-07-13 13:20:46,2026-07-13 10:51:46,2026-07-13 09:07:56,,Đang trên bãi,5.58,Shuttle,FC,Forecast
530909330104,SG CỦ CHI,LA HẬU NGHĨA,LA HẬU NGHĨA,SG CỦ CHI,2026-07-13 13:20:44,2026-07-13 10:51:32,2026-07-13 09:07:17,,Đang trên bãi,5.58,Shuttle,FC,Forecast
530277600104,SG CỦ CHI,SG TÂN HƯNG,SG TÂN HƯNG,SG CỦ CHI,2026-07-13 13:20:43,2026-07-13 10:50:45,2026-07-13 09:11:30,,Đang trên bãi,5.58,Shuttle,FC,Forecast
530187000104,SG CỦ CHI,SG BẢY HIỀN,SG BẢY HIỀN,SG CỦ CHI,2026-07-13 13:20:39,2026-07-13 13:15:39,2026-07-13 09:13:22,,Đang trên bãi,5.58,Shuttle,FC,Forecast
530588320104,SG CỦ CHI,SG PHÚ NHUẬN,SG PHÚ NHUẬN,SG CỦ CHI,2026-07-13 13:20:37,2026-07-13 11:18:21,2026-07-13 09:09:37,,Đang trên bãi,5.58,Shuttle,FC,Forecast
530686800104,SG CỦ CHI,BD BÌNH HÒA,BD BÌNH HÒA,SG CỦ CHI,2026-07-13 13:20:35,2026-07-13 10:51:33,2026-07-13 09:07:17,,Đang trên bãi,5.58,Shuttle,FC,Forecast
530176120104,SG CỦ CHI,SG ĐÔNG HƯNG THUẬN,SG ĐÔNG HƯNG THUẬN,SG CỦ CHI,2026-07-13 13:20:32,2026-07-13 10:50:51,2026-07-13 09:08:32,,Đang trên bãi,5.58,Shuttle,FC,Forecast
530879000104,SG CỦ CHI,AG LONG XUYÊN,AG LONG XUYÊN,SG CỦ CHI,2026-07-13 13:20:30,2026-07-13 10:51:38,2026-07-13 09:07:55,,Đang trên bãi,5.58,Shuttle,FC,Forecast
530874320104,SG CỦ CHI,SG GÒ VẤP,SG GÒ VẤP,SG CỦ CHI,2026-07-13 13:20:28,2026-07-13 10:51:51,2026-07-13 09:07:55,,Đang trên bãi,5.58,Shuttle,FC,Forecast
530273320104,SG CỦ CHI,SG AN LẠC,SG AN LẠC,SG CỦ CHI,2026-07-13 13:20:26,2026-07-13 10:50:52,2026-07-13 09:08:30,,Đang trên bãi,5.58,Shuttle,FC,Forecast
530974320104,SG CỦ CHI,SG CHỢ LỚN,SG CHỢ LỚN,SG CỦ CHI,2026-07-13 13:20:23,2026-07-13 11:18:18,2026-07-13 09:09:37,,Đang trên bãi,5.58,Shuttle,FC,Forecast
530081920104,SG CỦ CHI,SG CỦ CHI,SG CỦ CHI,SG CỦ CHI,2026-07-13 13:20:22,2026-07-13 11:16:17,2026-07-13 09:14:05,,Đang trên bãi,5.58,Shuttle,FC,Forecast
530675200104,SG CỦ CHI,SG TÂN HƯNG,SG TÂN HƯNG,SG CỦ CHI,2026-07-13 13:20:18,2026-07-13 10:50:59,2026-07-13 09:08:31,,Đang trên bãi,5.58,Shuttle,FC,Forecast
530500530104,SG CỦ CHI,SG BẢY HIỀN,SG BẢY HIỀN,SG CỦ CHI,2026-07-13 13:20:16,2026-07-13 11:17:16,2026-07-13 09:10:50,,Đang trên bãi,5.58,Shuttle,FC,Forecast
530780720104,SG CỦ CHI,SG HIỆP BÌNH,SG HIỆP BÌNH,SG CỦ CHI,2026-07-13 13:20:15,2026-07-13 11:17:03,2026-07-13 09:10:50,,Đang trên bãi,5.58,Shuttle,FC,Forecast
530490800104,SG CỦ CHI,SG TÂN HƯNG,SG TÂN HƯNG,SG CỦ CHI,2026-07-13 13:20:13,2026-07-13 10:50:54,2026-07-13 09:08:31,,Đang trên bãi,5.58,Shuttle,FC,Forecast
530503810104,SG CỦ CHI,VT VŨNG TÀU,VT VŨNG TÀU,SG CỦ CHI,2026-07-13 13:20:12,2026-07-13 10:51:43,2026-07-13 09:07:55,,Đang trên bãi,5.58,Shuttle,FC,Forecast
530198320104,SG CỦ CHI,SG PHÚ NHUẬN,SG PHÚ NHUẬN,SG CỦ CHI,2026-07-13 13:20:10,2026-07-13 10:51:37,2026-07-13 09:07:56,,Đang trên bãi,5.58,Shuttle,FC,Forecast
530279920104,SG CỦ CHI,SG TÂN NHỰT,SG TÂN NHỰT,SG CỦ CHI,2026-07-13 13:20:09,2026-07-13 10:50:46,2026-07-13 09:07:55,,Đang trên bãi,5.58,Shuttle,FC,Forecast
530479720104,SG CỦ CHI,SG KHÁNH HỘI,SG KHÁNH HỘI,SG CỦ CHI,2026-07-13 13:20:07,2026-07-13 11:18:16,2026-07-13 09:09:37,,Đang trên bãi,5.58,Shuttle,FC,Forecast
530077800104,SG CỦ CHI,BD BẾN CÁT,BD BẾN CÁT,SG CỦ CHI,2026-07-13 13:20:06,2026-07-13 11:18:17,2026-07-13 09:09:37,,Đang trên bãi,5.58,Shuttle,FC,Forecast
530680320104,SG CỦ CHI,SG TÂN TẠO,SG TÂN TẠO,SG CỦ CHI,2026-07-13 13:20:04,2026-07-13 10:51:52,2026-07-13 09:07:55,,Đang trên bãi,5.58,Shuttle,FC,Forecast
530105610104,SG CỦ CHI,SG HƯNG LONG,SG HƯNG LONG,SG CỦ CHI,2026-07-13 13:20:02,2026-07-13 10:51:49,2026-07-13 09:07:55,,Đang trên bãi,5.58,Shuttle,FC,Forecast
530400930104,SG CỦ CHI,BD DĨ AN,BD DĨ AN,SG CỦ CHI,2026-07-13 13:19:56,2026-07-13 11:18:14,2026-07-13 09:09:37,,Đang trên bãi,5.58,Shuttle,FC,Forecast
530879800104,SG CỦ CHI,SG PHÚ LÂM,SG PHÚ LÂM,SG CỦ CHI,2026-07-13 13:19:55,2026-07-13 11:18:13,2026-07-13 09:09:06,,Đang trên bãi,5.58,Shuttle,FC,Forecast
530874520104,SG CỦ CHI,SG THỦ ĐỨC,SG THỦ ĐỨC,SG CỦ CHI,2026-07-13 13:19:54,2026-07-13 10:51:45,2026-07-13 09:07:55,,Đang trên bãi,5.58,Shuttle,FC,Forecast
530675800104,SG CỦ CHI,SG VĨNH LỘC,SG VĨNH LỘC,SG CỦ CHI,2026-07-13 13:19:53,2026-07-13 10:51:01,2026-07-13 09:09:06,,Đang trên bãi,5.58,Shuttle,FC,Forecast
530903010104,SG CỦ CHI,BD DĨ AN,BD DĨ AN,SG CỦ CHI,2026-07-13 13:19:51,2026-07-13 11:17:15,2026-07-13 09:10:50,,Đang trên bãi,5.58,Shuttle,FC,Forecast
530803010104,SG CỦ CHI,SG BẢY HIỀN,SG BẢY HIỀN,SG CỦ CHI,2026-07-13 13:19:50,2026-07-13 11:18:12,2026-07-13 09:09:37,,Đang trên bãi,5.58,Shuttle,FC,Forecast
530704610104,SG CỦ CHI,SG CHỢ LỚN,SG CHỢ LỚN,SG CỦ CHI,2026-07-13 13:19:47,2026-07-13 10:52:24,2026-07-13 09:01:21,,Đang trên bãi,5.58,Shuttle,FC,Forecast
530020410104,SG CỦ CHI,SG GÒ VẤP,SG GÒ VẤP,SG CỦ CHI,2026-07-13 13:19:43,2026-07-13 10:50:50,2026-07-13 09:08:32,,Đang trên bãi,5.58,Shuttle,FC,Forecast
530173920104,SG CỦ CHI,SG HƯNG LONG,SG HƯNG LONG,SG CỦ CHI,2026-07-13 13:19:42,2026-07-13 10:51:40,2026-07-13 09:07:16,,Đang trên bãi,5.58,Shuttle,FC,Forecast
530077600104,SG CỦ CHI,DT SA ĐÉC,DT SA ĐÉC,SG CỦ CHI,2026-07-13 13:19:35,2026-07-13 11:18:15,2026-07-13 09:09:37,,Đang trên bãi,5.58,Shuttle,FC,Forecast
530979800104,SG CỦ CHI,SG BÌNH TRỊ ĐÔNG,SG BÌNH TRỊ ĐÔNG,SG CỦ CHI,2026-07-13 13:19:33,2026-07-13 11:17:17,2026-07-13 09:10:50,,Đang trên bãi,5.58,Shuttle,FC,Forecast
530881200104,SG CỦ CHI,TG GÒ CÔNG,TG GÒ CÔNG,SG CỦ CHI,2026-07-13 13:19:32,2026-07-13 11:17:28,2026-07-13 09:09:07,,Đang trên bãi,5.58,Shuttle,FC,Forecast
530605010104,SG CỦ CHI,TG HÒA KHÁNH,TG HÒA KHÁNH,SG CỦ CHI,2026-07-13 13:19:29,2026-07-13 11:16:51,2026-07-13 09:11:29,,Đang trên bãi,5.58,Shuttle,FC,Forecast
530675400104,SG CỦ CHI,BD BẾN CÁT,BD BẾN CÁT,SG CỦ CHI,2026-07-13 13:19:25,2026-07-13 11:17:27,2026-07-13 09:09:07,,Đang trên bãi,5.58,Shuttle,FC,Forecast
530379920104,SG CỦ CHI,SG HÓC MÔN,SG HÓC MÔN,SG CỦ CHI,2026-07-13 13:19:19,2026-07-13 11:17:26,2026-07-13 09:09:07,,Đang trên bãi,5.58,Shuttle,FC,Forecast
530373320104,SG CỦ CHI,CT NINH KIỀU,CT NINH KIỀU,SG CỦ CHI,2026-07-13 13:19:14,2026-07-13 11:18:19,2026-07-13 09:09:37,,Đang trên bãi,5.58,Shuttle,FC,Forecast
530584720104,SG CỦ CHI,ST PHÚ LỢI,ST PHÚ LỢI,SG CỦ CHI,2026-07-13 13:19:11,2026-07-13 11:17:13,2026-07-13 09:10:50,,Đang trên bãi,5.58,Shuttle,FC,Forecast
530198120104,SG CỦ CHI,SG PHÚ NHUẬN,SG PHÚ NHUẬN,SG CỦ CHI,2026-07-13 13:19:06,2026-07-13 10:51:50,2026-07-13 09:07:55,,Đang trên bãi,5.58,Shuttle,FC,Forecast
530974120104,SG CỦ CHI,SG BÌNH LỢI,SG BÌNH LỢI,SG CỦ CHI,2026-07-13 13:19:03,2026-07-13 11:18:15,2026-07-13 09:09:37,,Đang trên bãi,5.58,Shuttle,FC,Forecast
530780320104,SG CỦ CHI,SG HƯNG LONG,SG HƯNG LONG,SG CỦ CHI,2026-07-13 13:18:56,2026-07-13 11:12:23,2026-07-13 09:10:14,,Đang trên bãi,5.58,Shuttle,FC,Forecast
530373120104,SG CỦ CHI,SG THỦ ĐỨC,SG THỦ ĐỨC,SG CỦ CHI,2026-07-13 13:18:52,2026-07-13 11:12:10,2026-07-13 09:09:37,,Đang trên bãi,5.58,Shuttle,FC,Forecast
530002730104,SG CỦ CHI,SG GÒ VẤP,SG GÒ VẤP,SG CỦ CHI,2026-07-13 13:18:50,2026-07-13 11:10:28,2026-07-13 09:10:13,,Đang trên bãi,5.58,Shuttle,FC,Forecast
530488920104,SG CỦ CHI,SG TÂN HƯNG,SG TÂN HƯNG,SG CỦ CHI,2026-07-13 13:18:46,2026-07-13 11:10:09,2026-07-13 09:09:37,,Đang trên bãi,5.58,Shuttle,FC,Forecast
530983510104,SG CỦ CHI,SG PHÚ NHUẬN,SG PHÚ NHUẬN,SG CỦ CHI,2026-07-13 13:18:45,2026-07-13 11:18:50,2026-07-13 05:51:55,,Đang trên bãi,6.41,Shuttle,FC,Forecast
530576890103,SG CỦ CHI,SG PHÚ LÂM,SG PHÚ LÂM,SG CỦ CHI,2026-07-13 13:18:41,2026-07-13 11:19:01,2026-07-13 05:57:27,,Đang trên bãi,6.41,Shuttle,FC,Forecast
530786920104,SG CỦ CHI,SG PHÚ LÂM,SG PHÚ LÂM,SG CỦ CHI,2026-07-13 13:18:38,2026-07-13 11:19:37,2026-07-13 09:04:15,,Đang trên bãi,8.0,Shuttle,FC,Forecast
530758890103,SG CỦ CHI,LA ĐỨC HÒA,LA ĐỨC HÒA,SG CỦ CHI,2026-07-13 13:18:37,2026-07-13 11:19:03,2026-07-13 06:04:51,,Đang trên bãi,6.41,Shuttle,FC,Forecast
530385910104,SG CỦ CHI,SG BÌNH TRỊ ĐÔNG,SG BÌNH TRỊ ĐÔNG,SG CỦ CHI,2026-07-13 13:18:32,2026-07-13 11:19:06,2026-07-13 06:11:25,,Đang trên bãi,6.41,Shuttle,FC,Forecast
530684920104,SG CỦ CHI,CT Ô MÔN,CT Ô MÔN,SG CỦ CHI,2026-07-13 13:18:27,2026-07-13 11:19:21,2026-07-13 09:12:51,,Đang trên bãi,8.0,Shuttle,FC,Forecast
530305410104,SG CỦ CHI,SG HÓC MÔN,SG HÓC MÔN,SG CỦ CHI,2026-07-13 13:18:24,2026-07-13 11:09:26,2026-07-13 09:09:07,,Đang trên bãi,5.58,Shuttle,FC,Forecast
530974520104,SG CỦ CHI,BD DĨ AN,BD DĨ AN,SG CỦ CHI,2026-07-13 13:18:22,2026-07-13 11:09:27,2026-07-13 09:09:37,,Đang trên bãi,5.58,Shuttle,FC,Forecast
530390920104,SG CỦ CHI,SG BÌNH LỢI,SG BÌNH LỢI,SG CỦ CHI,2026-07-13 13:18:19,2026-07-13 11:12:04,2026-07-13 09:09:07,,Đang trên bãi,5.58,Shuttle,FC,Forecast
530276320104,SG CỦ CHI,SG CHỢ LỚN,SG CHỢ LỚN,SG CỦ CHI,2026-07-13 13:18:17,2026-07-13 11:12:25,2026-07-13 09:10:13,,Đang trên bãi,5.58,Shuttle,FC,Forecast
530920410104,SG CỦ CHI,SG AN LẠC,SG AN LẠC,SG CỦ CHI,2026-07-13 13:18:12,2026-07-13 11:19:12,2026-07-13 09:16:55,,Đang trên bãi,6.41,Shuttle,FC,Forecast
530505800104,SG CỦ CHI,AG CẦN ĐĂNG,AG CẦN ĐĂNG,SG CỦ CHI,2026-07-13 13:18:11,2026-07-13 11:19:10,2026-07-13 08:00:44,,Đang trên bãi,6.41,Shuttle,FC,Forecast
530951290103,SG CỦ CHI,SG HIỆP BÌNH,SG HIỆP BÌNH,SG CỦ CHI,2026-07-13 13:18:07,2026-07-13 11:18:49,2026-07-13 05:55:36,,Đang trên bãi,6.41,Shuttle,FC,Forecast
530106320104,SG CỦ CHI,SG ĐÔNG HƯNG THUẬN,SG ĐÔNG HƯNG THUẬN,SG CỦ CHI,2026-07-13 13:18:05,2026-07-13 11:18:48,2026-07-13 05:51:17,,Đang trên bãi,6.41,Shuttle,FC,Forecast
530705810104,SG CỦ CHI,SG THỦ ĐỨC,SG THỦ ĐỨC,SG CỦ CHI,2026-07-13 13:18:02,2026-07-13 11:11:35,2026-07-13 09:12:44,,Đang trên bãi,5.58,Shuttle,FC,Forecast
530479920104,SG CỦ CHI,SG CHỢ LỚN,SG CHỢ LỚN,SG CỦ CHI,2026-07-13 13:18:01,2026-07-13 11:12:05,2026-07-13 09:09:37,,Đang trên bãi,5.58,Shuttle,FC,Forecast
530220410104,SG CỦ CHI,SG TÂN HƯNG,SG TÂN HƯNG,SG CỦ CHI,2026-07-13 13:17:59,2026-07-13 11:12:25,2026-07-13 09:10:50,,Đang trên bãi,5.58,Shuttle,FC,Forecast
530004530104,SG CỦ CHI,SG PHÚ NHUẬN,SG PHÚ NHUẬN,SG CỦ CHI,2026-07-13 13:17:57,2026-07-13 11:11:38,2026-07-13 09:12:04,,Đang trên bãi,5.58,Shuttle,FC,Forecast
530680720104,SG CỦ CHI,SG CỦ CHI,SG CỦ CHI,SG CỦ CHI,2026-07-13 13:17:44,2026-07-13 11:19:22,2026-07-13 09:09:37,,Đang trên bãi,7.99,Shuttle,FC,Forecast
530996110104,SG CỦ CHI,SG HÓC MÔN,SG HÓC MÔN,SG CỦ CHI,2026-07-13 13:17:42,2026-07-13 11:18:47,2026-07-13 05:48:59,,Đang trên bãi,6.41,Shuttle,FC,Forecast
530010120104,SG CỦ CHI,SG TÂN HƯNG,SG TÂN HƯNG,SG CỦ CHI,2026-07-13 13:17:40,2026-07-13 11:18:49,2026-07-13 05:55:57,,Đang trên bãi,6.41,Shuttle,FC,Forecast
530574090103,SG CỦ CHI,TG AN HỮU,TG AN HỮU,SG CỦ CHI,2026-07-13 13:17:36,2026-07-13 11:18:58,2026-07-13 05:56:08,,Đang trên bãi,6.41,Shuttle,FC,Forecast
530455290103,SG CỦ CHI,SG PHÚ LÂM,SG PHÚ LÂM,SG CỦ CHI,2026-07-13 13:17:35,2026-07-13 11:19:07,2026-07-13 06:13:48,,Đang trên bãi,6.41,Shuttle,FC,Forecast
530595710104,SG CỦ CHI,SG NHƠN ĐỨC,SG NHƠN ĐỨC,SG CỦ CHI,2026-07-13 13:17:28,2026-07-13 11:19:05,2026-07-13 06:05:23,,Đang trên bãi,6.41,Shuttle,FC,Forecast
530775600104,SG CỦ CHI,LA HẬU NGHĨA,LA HẬU NGHĨA,SG CỦ CHI,2026-07-13 13:17:27,2026-07-13 11:09:04,2026-07-13 09:10:13,,Đang trên bãi,5.58,Shuttle,FC,Forecast
530490520104,SG CỦ CHI,AG TÂN CHÂU,AG TÂN CHÂU,SG CỦ CHI,2026-07-13 13:17:22,2026-07-13 11:12:09,2026-07-13 09:09:37,,Đang trên bãi,5.58,Shuttle,FC,Forecast
530520010104,SG CỦ CHI,SG TÂN TẠO,SG TÂN TẠO,SG CỦ CHI,2026-07-13 13:17:19,2026-07-13 11:11:22,2026-07-13 09:12:44,,Đang trên bãi,5.58,Shuttle,FC,Forecast
530863800104,SG CỦ CHI,VT VŨNG TÀU,VT VŨNG TÀU,SG CỦ CHI,2026-07-13 13:17:18,2026-07-13 11:11:21,2026-07-13 09:12:44,,Đang trên bãi,5.58,Shuttle,FC,Forecast
530703810104,SG CỦ CHI,SG GÒ VẤP,SG GÒ VẤP,SG CỦ CHI,2026-07-13 13:17:17,2026-07-13 11:12:08,2026-07-13 09:09:37,,Đang trên bãi,5.58,Shuttle,FC,Forecast
530392120104,SG CỦ CHI,SG BÌNH LỢI,SG BÌNH LỢI,SG CỦ CHI,2026-07-13 13:17:14,2026-07-13 11:11:09,2026-07-13 09:13:37,,Đang trên bãi,5.58,Shuttle,FC,Forecast
530398320104,SG CỦ CHI,SG HIỆP BÌNH,SG HIỆP BÌNH,SG CỦ CHI,2026-07-13 13:17:10,2026-07-13 11:11:37,2026-07-13 09:12:44,,Đang trên bãi,5.58,Shuttle,FC,Forecast
530690320104,SG CỦ CHI,SG TÂN HƯNG,SG TÂN HƯNG,SG CỦ CHI,2026-07-13 13:17:07,2026-07-13 11:11:22,2026-07-13 09:12:44,,Đang trên bãi,5.58,Shuttle,FC,Forecast
530081720104,SG CỦ CHI,VT VŨNG TÀU,VT VŨNG TÀU,SG CỦ CHI,2026-07-13 13:17:06,2026-07-13 11:11:10,2026-07-13 09:13:37,,Đang trên bãi,5.58,Shuttle,FC,Forecast
530863000104,SG CỦ CHI,SG NHƠN ĐỨC,SG NHƠN ĐỨC,SG CỦ CHI,2026-07-13 13:17:02,2026-07-13 11:10:29,2026-07-13 09:10:13,,Đang trên bãi,5.58,Shuttle,FC,Forecast
530405210104,SG CỦ CHI,VT VŨNG TÀU,VT VŨNG TÀU,SG CỦ CHI,2026-07-13 13:17:01,2026-07-13 11:10:31,2026-07-13 09:10:13,,Đang trên bãi,5.58,Shuttle,FC,Forecast
530175920104,SG CỦ CHI,VT VŨNG TÀU,VT VŨNG TÀU,SG CỦ CHI,2026-07-13 13:16:55,2026-07-13 11:10:50,2026-07-13 09:11:30,,Đang trên bãi,5.58,Shuttle,FC,Forecast
530676520104,SG CỦ CHI,SG NHƠN ĐỨC,SG NHƠN ĐỨC,SG CỦ CHI,2026-07-13 13:16:52,2026-07-13 11:11:39,2026-07-13 09:17:41,,Đang trên bãi,5.58,Shuttle,FC,Forecast
530388520104,SG CỦ CHI,BD BẾN CÁT,BD BẾN CÁT,SG CỦ CHI,2026-07-13 13:16:51,2026-07-13 11:19:49,2026-07-13 09:04:54,,Đang trên bãi,8.0,Shuttle,FC,Forecast
530476120104,SG CỦ CHI,SG CHỢ LỚN,SG CHỢ LỚN,SG CỦ CHI,2026-07-13 13:16:42,2026-07-13 11:19:44,2026-07-13 09:11:29,,Đang trên bãi,7.99,Shuttle,FC,Forecast
530971200104,SG CỦ CHI,VL CHỢ LÁCH,VL CHỢ LÁCH,SG CỦ CHI,2026-07-13 13:16:39,2026-07-13 11:19:33,2026-07-13 09:09:07,,Đang trên bãi,7.99,Shuttle,FC,Forecast
530220210104,SG CỦ CHI,SG BÀ ĐIỂM,SG BÀ ĐIỂM,SG CỦ CHI,2026-07-13 13:16:36,2026-07-13 11:10:48,2026-07-13 09:10:50,,Đang trên bãi,5.58,Shuttle,FC,Forecast
530579520104,SG CỦ CHI,SG BÌNH TRỊ ĐÔNG,SG BÌNH TRỊ ĐÔNG,SG CỦ CHI,2026-07-13 13:16:33,2026-07-13 11:10:26,2026-07-13 09:10:13,,Đang trên bãi,5.58,Shuttle,FC,Forecast
530490920104,SG CỦ CHI,SG THỦ ĐỨC,SG THỦ ĐỨC,SG CỦ CHI,2026-07-13 13:16:29,2026-07-13 11:10:27,2026-07-13 09:10:13,,Đang trên bãi,5.58,Shuttle,FC,Forecast
530590600104,SG CỦ CHI,VL VĨNH LONG,VL VĨNH LONG,SG CỦ CHI,2026-07-13 13:16:28,2026-07-13 11:10:30,2026-07-13 09:10:13,,Đang trên bãi,5.58,Shuttle,FC,Forecast
530020810104,SG CỦ CHI,SG ĐÔNG HƯNG THUẬN,SG ĐÔNG HƯNG THUẬN,SG CỦ CHI,2026-07-13 13:16:26,2026-07-13 11:10:05,2026-07-13 09:09:08,,Đang trên bãi,5.58,Shuttle,FC,Forecast
530077200104,SG CỦ CHI,SG BÀ ĐIỂM,SG BÀ ĐIỂM,SG CỦ CHI,2026-07-13 13:16:23,2026-07-13 11:09:41,2026-07-13 09:09:07,,Đang trên bãi,5.58,Shuttle,FC,Forecast
530879600104,SG CỦ CHI,SG CỦ CHI,SG CỦ CHI,SG CỦ CHI,2026-07-13 13:16:21,2026-07-13 11:09:48,2026-07-13 09:09:06,,Đang trên bãi,5.58,Shuttle,FC,Forecast
530675600104,SG CỦ CHI,SG CỦ CHI,SG CỦ CHI,SG CỦ CHI,2026-07-13 13:16:18,2026-07-13 11:09:40,2026-07-13 09:09:06,,Đang trên bãi,5.58,Shuttle,FC,Forecast
530588720104,SG CỦ CHI,SG TÂN THỚI HIỆP,SG TÂN THỚI HIỆP,SG CỦ CHI,2026-07-13 13:16:15,2026-07-13 11:09:06,2026-07-13 09:10:13,,Đang trên bãi,5.58,Shuttle,FC,Forecast
530588120104,SG CỦ CHI,VL VĨNH LONG,VL VĨNH LONG,SG CỦ CHI,2026-07-13 13:16:13,2026-07-13 11:10:07,2026-07-13 09:09:37,,Đang trên bãi,5.58,Shuttle,FC,Forecast
530775800104,SG CỦ CHI,SG AN PHÚ ĐÔNG,SG AN PHÚ ĐÔNG,SG CỦ CHI,2026-07-13 13:16:10,2026-07-13 11:08:46,2026-07-13 09:10:50,,Đang trên bãi,5.58,Shuttle,FC,Forecast
530120610104,SG CỦ CHI,TG GÒ CÔNG,TG GÒ CÔNG,SG CỦ CHI,2026-07-13 13:16:08,2026-07-13 11:10:10,2026-07-13 09:09:37,,Đang trên bãi,5.58,Shuttle,FC,Forecast
530276120104,SG CỦ CHI,SG AN LẠC,SG AN LẠC,SG CỦ CHI,2026-07-13 13:16:05,2026-07-13 11:10:08,2026-07-13 09:09:37,,Đang trên bãi,5.58,Shuttle,FC,Forecast
530588920104,SG CỦ CHI,SG HÓC MÔN,SG HÓC MÔN,SG CỦ CHI,2026-07-13 13:16:03,2026-07-13 11:09:05,2026-07-13 09:10:13,,Đang trên bãi,5.58,Shuttle,FC,Forecast
530763200104,SG CỦ CHI,SG PHÚ NHUẬN,SG PHÚ NHUẬN,SG CỦ CHI,2026-07-13 13:15:59,2026-07-13 11:08:34,2026-07-13 09:09:07,,Đang trên bãi,5.58,Shuttle,FC,Forecast
530803210104,SG CỦ CHI,SG TÂN SƠN NHÌ,SG TÂN SƠN NHÌ,SG CỦ CHI,2026-07-13 13:15:57,2026-07-13 11:10:06,2026-07-13 09:09:37,,Đang trên bãi,5.58,Shuttle,FC,Forecast
530882320104,SG CỦ CHI,SG PHÚ LÂM,SG PHÚ LÂM,SG CỦ CHI,2026-07-13 13:15:55,2026-07-13 11:08:14,2026-07-13 09:09:37,,Đang trên bãi,5.58,Shuttle,FC,Forecast
530305210104,SG CỦ CHI,SG BÌNH TÂN,SG BÌNH TÂN,SG CỦ CHI,2026-07-13 13:15:52,2026-07-13 11:08:33,2026-07-13 09:09:07,,Đang trên bãi,5.58,Shuttle,FC,Forecast
530882120104,SG CỦ CHI,SG TÂN THỚI HIỆP,SG TÂN THỚI HIỆP,SG CỦ CHI,2026-07-13 13:15:49,2026-07-13 11:09:29,2026-07-13 09:09:37,,Đang trên bãi,5.58,Shuttle,FC,Forecast
530803810104,SG CỦ CHI,TG GÒ CÔNG,TG GÒ CÔNG,SG CỦ CHI,2026-07-13 13:15:46,2026-07-13 11:08:45,2026-07-13 09:10:50,,Đang trên bãi,5.58,Shuttle,FC,Forecast
530679720104,SG CỦ CHI,BD DĨ AN,BD DĨ AN,SG CỦ CHI,2026-07-13 13:15:44,2026-07-13 11:08:48,2026-07-13 09:11:30,,Đang trên bãi,5.58,Shuttle,FC,Forecast
530780120104,SG CỦ CHI,SG PHÚ LÂM,SG PHÚ LÂM,SG CỦ CHI,2026-07-13 13:15:43,2026-07-13 11:09:30,2026-07-13 09:09:37,,Đang trên bãi,5.58,Shuttle,FC,Forecast
530002330104,SG CỦ CHI,CT NINH KIỀU,CT NINH KIỀU,SG CỦ CHI,2026-07-13 13:15:41,2026-07-13 11:09:28,2026-07-13 09:09:37,,Đang trên bãi,5.58,Shuttle,FC,Forecast
530192120104,SG CỦ CHI,SG AN LẠC,SG AN LẠC,SG CỦ CHI,2026-07-13 13:15:39,2026-07-13 11:09:04,2026-07-13 09:10:13,,Đang trên bãi,5.58,Shuttle,FC,Forecast
530805410104,SG CỦ CHI,BD DĨ AN,BD DĨ AN,SG CỦ CHI,2026-07-13 13:15:36,2026-07-13 11:11:20,2026-07-13 09:12:44,,Đang trên bãi,5.58,Shuttle,FC,Forecast
530790600104,SG CỦ CHI,SG BÌNH LỢI,SG BÌNH LỢI,SG CỦ CHI,2026-07-13 13:15:35,2026-07-13 11:11:19,2026-07-13 09:12:44,,Đang trên bãi,5.58,Shuttle,FC,Forecast
530974720104,SG CỦ CHI,SG PHÚ LÂM,SG PHÚ LÂM,SG CỦ CHI,2026-07-13 13:15:31,2026-07-13 11:10:49,2026-07-13 09:10:50,,Đang trên bãi,5.58,Shuttle,FC,Forecast
530605410104,SG CỦ CHI,SG HƯNG LONG,SG HƯNG LONG,SG CỦ CHI,2026-07-13 13:15:29,2026-07-13 11:10:49,2026-07-13 09:11:30,,Đang trên bãi,5.58,Shuttle,FC,Forecast
530292920104,SG CỦ CHI,SG PHÚ LÂM,SG PHÚ LÂM,SG CỦ CHI,2026-07-13 13:15:24,2026-07-13 11:11:07,2026-07-13 09:13:22,,Đang trên bãi,5.58,Shuttle,FC,Forecast
530698000104,SG CỦ CHI,LA ĐỨC HÒA,LA ĐỨC HÒA,SG CỦ CHI,2026-07-13 13:15:23,2026-07-13 11:11:40,2026-07-13 09:18:31,,Đang trên bãi,5.58,Shuttle,FC,Forecast
530886800104,SG CỦ CHI,SG NHƠN ĐỨC,SG NHƠN ĐỨC,SG CỦ CHI,2026-07-13 13:15:21,2026-07-13 11:09:07,2026-07-13 09:10:14,,Đang trên bãi,5.58,Shuttle,FC,Forecast
530882520104,SG CỦ CHI,SG PHÚ LÂM,SG PHÚ LÂM,SG CỦ CHI,2026-07-13 13:15:20,2026-07-13 11:09:08,2026-07-13 09:10:13,,Đang trên bãi,5.58,Shuttle,FC,Forecast
530092720104,SG CỦ CHI,SG PHÚ LÂM,SG PHÚ LÂM,SG CỦ CHI,2026-07-13 13:15:19,2026-07-13 11:12:07,2026-07-13 09:09:37,,Đang trên bãi,5.58,Shuttle,FC,Forecast
530905010104,SG CỦ CHI,SG TÂN SƠN NHÌ,SG TÂN SƠN NHÌ,SG CỦ CHI,2026-07-13 13:15:18,2026-07-13 11:11:08,2026-07-13 09:13:21,,Đang trên bãi,5.58,Shuttle,FC,Forecast
530273920104,SG CỦ CHI,DT SA ĐÉC,DT SA ĐÉC,SG CỦ CHI,2026-07-13 13:15:16,2026-07-13 11:11:56,2026-07-13 09:09:06,,Đang trên bãi,5.58,Shuttle,FC,Forecast
530183320104,SG CỦ CHI,SG THỦ ĐỨC,SG THỦ ĐỨC,SG CỦ CHI,2026-07-13 13:15:14,2026-07-13 11:11:06,2026-07-13 09:13:43,,Đang trên bãi,5.58,Shuttle,FC,Forecast
530379520104,SG CỦ CHI,SG TÂN NHỰT,SG TÂN NHỰT,SG CỦ CHI,2026-07-13 13:15:11,2026-07-13 11:11:58,2026-07-13 09:09:06,,Đang trên bãi,5.58,Shuttle,FC,Forecast
530600930104,SG CỦ CHI,SG TÂN SƠN NHÌ,SG TÂN SƠN NHÌ,SG CỦ CHI,2026-07-13 13:15:09,2026-07-13 11:11:37,2026-07-13 09:12:05,,Đang trên bãi,5.58,Shuttle,FC,Forecast
530002930104,SG CỦ CHI,SG PHÚ LÂM,SG PHÚ LÂM,SG CỦ CHI,2026-07-13 13:15:08,2026-07-13 11:08:47,2026-07-13 09:10:50,,Đang trên bãi,5.58,Shuttle,FC,Forecast
530981400104,SG CỦ CHI,BD DĨ AN,BD DĨ AN,SG CỦ CHI,2026-07-13 13:15:06,2026-07-13 11:10:47,2026-07-13 09:10:50,,Đang trên bãi,5.58,Shuttle,FC,Forecast
530276720104,SG CỦ CHI,SG TÂN TẠO,SG TÂN TẠO,SG CỦ CHI,2026-07-13 13:15:02,2026-07-13 11:10:46,2026-07-13 09:10:50,,Đang trên bãi,5.58,Shuttle,FC,Forecast
530373920104,SG CỦ CHI,TG GÒ CÔNG,TG GÒ CÔNG,SG CỦ CHI,2026-07-13 13:14:52,2026-07-13 11:08:47,2026-07-13 09:10:50,,Đang trên bãi,5.58,Shuttle,FC,Forecast
530590200104,SG CỦ CHI,SG TÂN HƯNG,SG TÂN HƯNG,SG CỦ CHI,2026-07-13 13:14:50,2026-07-13 11:09:47,2026-07-13 09:09:06,,Đang trên bãi,5.58,Shuttle,FC,Forecast
530490720104,SG CỦ CHI,DT CAO LÃNH,DT CAO LÃNH,SG CỦ CHI,2026-07-13 13:14:46,2026-07-13 11:09:31,2026-07-13 09:09:37,,Đang trên bãi,5.58,Shuttle,FC,Forecast
530695110104,SG CỦ CHI,SG BÌNH TÂN,SG BÌNH TÂN,SG CỦ CHI,2026-07-13 13:14:42,2026-07-13 09:53:38,2026-07-13 06:06:26,,Đang trên bãi,12.0,Shuttle,FC,Forecast
530287320104,SG CỦ CHI,SG ĐÔNG HƯNG THUẬN,SG ĐÔNG HƯNG THUẬN,SG CỦ CHI,2026-07-13 13:14:39,2026-07-13 11:26:36,2026-07-13 09:13:37,,Đang trên bãi,5.08,Shuttle,FC,Forecast
530412330104,SG CỦ CHI,CT LONG MỸ,CT LONG MỸ,SG CỦ CHI,2026-07-13 13:14:38,2026-07-13 11:26:03,2026-07-13 09:25:45,,Đang trên bãi,5.08,Shuttle,FC,Forecast
530089320104,SG CỦ CHI,LA TÂN AN,LA TÂN AN,SG CỦ CHI,2026-07-13 13:14:35,2026-07-13 11:26:28,2026-07-13 09:15:17,,Đang trên bãi,5.08,Shuttle,FC,Forecast
530075520104,SG CỦ CHI,CT NINH KIỀU,CT NINH KIỀU,SG CỦ CHI,2026-07-13 13:14:33,2026-07-13 11:08:44,2026-07-13 09:10:50,,Đang trên bãi,5.58,Shuttle,FC,Forecast
530072320104,SG CỦ CHI,SG ĐÔNG HƯNG THUẬN,SG ĐÔNG HƯNG THUẬN,SG CỦ CHI,2026-07-13 13:14:31,2026-07-13 09:53:57,2026-07-13 08:36:46,,Đang trên bãi,9.25,Shuttle,FC,Forecast
530953090103,SG CỦ CHI,SG AN LẠC,SG AN LẠC,SG CỦ CHI,2026-07-13 13:14:29,2026-07-13 09:53:55,2026-07-13 05:46:49,,Đang trên bãi,7.5,Shuttle,FC,Forecast
530576290103,SG CỦ CHI,CT NINH KIỀU,CT NINH KIỀU,SG CỦ CHI,2026-07-13 13:14:27,2026-07-13 09:53:36,2026-07-13 05:56:28,,Đang trên bãi,8.5,Shuttle,FC,Forecast
530371920104,SG CỦ CHI,SG PHÚ NHUẬN,SG PHÚ NHUẬN,SG CỦ CHI,2026-07-13 13:14:24,2026-07-13 09:59:44,2026-07-13 08:40:23,,Đang trên bãi,5.1,Shuttle,FC,Forecast
530902400104,SG CỦ CHI,SG VĨNH LỘC,SG VĨNH LỘC,SG CỦ CHI,2026-07-13 13:14:22,2026-07-13 10:00:04,2026-07-13 05:56:28,,Đang trên bãi,7.8,Shuttle,FC,Forecast
530899090103,SG CỦ CHI,AG TÂN CHÂU,AG TÂN CHÂU,SG CỦ CHI,2026-07-13 13:14:19,2026-07-13 09:53:56,2026-07-13 06:08:00,,Đang trên bãi,6.73,Shuttle,FC,Forecast
530178320104,SG CỦ CHI,SG AN LẠC,SG AN LẠC,SG CỦ CHI,2026-07-13 13:14:16,2026-07-13 09:53:58,2026-07-13 08:39:12,,Đang trên bãi,9.25,Shuttle,FC,Forecast
530887510104,SG CỦ CHI,SG CHỢ LỚN,SG CHỢ LỚN,SG CỦ CHI,2026-07-13 13:14:14,2026-07-13 09:53:35,2026-07-13 06:13:07,,Đang trên bãi,5.1,Shuttle,FC,Forecast
530851690103,SG CỦ CHI,SG PHÚ LÂM,SG PHÚ LÂM,SG CỦ CHI,2026-07-13 13:14:13,2026-07-13 09:54:45,2026-07-13 05:51:47,,Đang trên bãi,5.1,Shuttle,FC,Forecast
530178720104,SG CỦ CHI,SG HIỆP BÌNH,SG HIỆP BÌNH,SG CỦ CHI,2026-07-13 13:14:10,2026-07-13 09:59:43,2026-07-13 08:40:24,,Đang trên bãi,5.1,Shuttle,FC,Forecast
530587510104,SG CỦ CHI,BN HUB,HN NAM TỪ LIÊM,SG CỦ CHI,2026-07-13 13:13:59,2026-07-13 09:53:37,2026-07-13 05:56:57,,Đang trên bãi,6.5,Linehaul,BN HUB,Forecast
530292120104,SG CỦ CHI,SG BÀ ĐIỂM,SG BÀ ĐIỂM,SG CỦ CHI,2026-07-13 13:13:56,2026-07-13 11:26:44,2026-07-13 09:12:23,,Đang trên bãi,5.08,Shuttle,FC,Forecast
530690000104,SG CỦ CHI,SG CHỢ LỚN,SG CHỢ LỚN,SG CỦ CHI,2026-07-13 13:13:53,2026-07-13 11:25:53,2026-07-13 09:10:50,,Đang trên bãi,5.08,Shuttle,FC,Forecast
530391520104,SG CỦ CHI,SG THỦ ĐỨC,SG THỦ ĐỨC,SG CỦ CHI,2026-07-13 13:13:51,2026-07-13 11:26:09,2026-07-13 09:25:45,,Đang trên bãi,5.08,Shuttle,FC,Forecast
530377400104,SG CỦ CHI,SG BÀ ĐIỂM,SG BÀ ĐIỂM,SG CỦ CHI,2026-07-13 13:13:49,2026-07-13 11:26:38,2026-07-13 09:12:43,,Đang trên bãi,5.08,Shuttle,FC,Forecast
530477800104,SG CỦ CHI,DT CAO LÃNH,DT CAO LÃNH,SG CỦ CHI,2026-07-13 13:13:47,2026-07-13 11:26:27,2026-07-13 09:15:59,,Đang trên bãi,5.08,Shuttle,FC,Forecast
530982920104,SG CỦ CHI,VL VĨNH LONG,VL VĨNH LONG,SG CỦ CHI,2026-07-13 13:13:45,2026-07-13 11:26:43,2026-07-13 09:12:43,,Đang trên bãi,5.08,Shuttle,FC,Forecast
530175520104,SG CỦ CHI,SG TÂN HƯNG,SG TÂN HƯNG,SG CỦ CHI,2026-07-13 13:13:42,2026-07-13 11:25:57,2026-07-13 09:10:58,,Đang trên bãi,5.08,Shuttle,FC,Forecast
530688720104,SG CỦ CHI,SG PHÚ NHUẬN,SG PHÚ NHUẬN,SG CỦ CHI,2026-07-13 13:13:40,2026-07-13 11:25:55,2026-07-13 09:10:58,,Đang trên bãi,5.08,Shuttle,FC,Forecast
530696720104,SG CỦ CHI,SG AN LẠC,SG AN LẠC,SG CỦ CHI,2026-07-13 13:13:37,2026-07-13 11:26:04,2026-07-13 09:25:45,,Đang trên bãi,5.08,Shuttle,FC,Forecast
530420210104,SG CỦ CHI,SG BÌNH LỢI,SG BÌNH LỢI,SG CỦ CHI,2026-07-13 13:13:35,2026-07-13 11:26:45,2026-07-13 09:12:05,,Đang trên bãi,5.08,Shuttle,FC,Forecast
530986800104,SG CỦ CHI,SG BÌNH LỢI TRUNG,SG BÌNH LỢI TRUNG,SG CỦ CHI,2026-07-13 13:13:31,2026-07-13 11:26:39,2026-07-13 09:12:43,,Đang trên bãi,5.08,Shuttle,FC,Forecast
530298200104,SG CỦ CHI,SG THỦ ĐỨC,SG THỦ ĐỨC,SG CỦ CHI,2026-07-13 13:13:28,2026-07-13 11:26:40,2026-07-13 09:12:45,,Đang trên bãi,5.08,Shuttle,FC,Forecast
530189120104,SG CỦ CHI,CT NINH KIỀU,CT NINH KIỀU,SG CỦ CHI,2026-07-13 13:13:25,2026-07-13 11:26:08,2026-07-13 09:17:11,,Đang trên bãi,5.08,Shuttle,FC,Forecast
530988920104,SG CỦ CHI,CT NINH KIỀU,CT NINH KIỀU,SG CỦ CHI,2026-07-13 13:13:22,2026-07-13 11:26:07,2026-07-13 09:15:16,,Đang trên bãi,5.08,Shuttle,FC,Forecast
530999690103,SG CỦ CHI,SG THỦ ĐỨC,SG THỦ ĐỨC,SG CỦ CHI,2026-07-13 13:13:18,2026-07-13 09:53:39,2026-07-13 06:11:18,,Đang trên bãi,12.0,Shuttle,FC,Forecast
530802400104,SG CỦ CHI,SG GÒ VẤP,SG GÒ VẤP,SG CỦ CHI,2026-07-13 13:13:16,2026-07-13 09:55:00,2026-07-13 05:51:17,,Đang trên bãi,8.5,Shuttle,FC,Forecast
530191710104,SG CỦ CHI,DT SA ĐÉC,DT SA ĐÉC,SG CỦ CHI,2026-07-13 13:13:06,2026-07-13 09:55:01,2026-07-13 05:47:27,,Đang trên bãi,5.8,Shuttle,FC,Forecast
530299090103,SG CỦ CHI,SG PHÚ LÂM,SG PHÚ LÂM,SG CỦ CHI,2026-07-13 13:13:03,2026-07-13 09:54:46,2026-07-13 05:47:55,,Đang trên bãi,5.2,Shuttle,FC,Forecast
530108120104,SG CỦ CHI,VL VĨNH LONG,VL VĨNH LONG,SG CỦ CHI,2026-07-13 13:13:01,2026-07-13 09:54:00,2026-07-13 05:59:02,,Đang trên bãi,8.0,Shuttle,FC,Forecast
530376720104,SG CỦ CHI,SG BÌNH TRỊ ĐÔNG,SG BÌNH TRỊ ĐÔNG,SG CỦ CHI,2026-07-13 13:12:58,2026-07-13 11:25:56,2026-07-13 09:10:57,,Đang trên bãi,5.08,Shuttle,FC,Forecast
530080290103,SG CỦ CHI,SG TÂN SƠN NHÌ,SG TÂN SƠN NHÌ,SG CỦ CHI,2026-07-13 13:12:55,2026-07-13 09:54:04,2026-07-13 05:50:20,,Đang trên bãi,8.0,Shuttle,FC,Forecast
530749490103,SG CỦ CHI,LA BẾN LỨC,LA BẾN LỨC,SG CỦ CHI,2026-07-13 13:12:53,2026-07-13 09:55:03,2026-07-13 06:04:43,,Đang trên bãi,6.4,Shuttle,FC,Forecast
530549800104,SG CỦ CHI,SG TÂN THỚI HIỆP,SG TÂN THỚI HIỆP,SG CỦ CHI,2026-07-13 13:12:48,2026-07-13 09:53:40,2026-07-13 08:38:07,,Đang trên bãi,9.25,Shuttle,FC,Forecast
530202730104,SG CỦ CHI,DT SA ĐÉC,DT SA ĐÉC,SG CỦ CHI,2026-07-13 13:12:44,2026-07-13 11:26:35,2026-07-13 09:13:37,,Đang trên bãi,5.08,Shuttle,FC,Forecast
530285110104,SG CỦ CHI,CT Ô MÔN,CT Ô MÔN,SG CỦ CHI,2026-07-13 13:12:42,2026-07-13 09:53:41,2026-07-13 05:56:57,,Đang trên bãi,6.71,Shuttle,FC,Forecast
530932320104,SG CỦ CHI,SG AN LẠC,SG AN LẠC,SG CỦ CHI,2026-07-13 13:12:38,2026-07-13 09:55:02,2026-07-13 06:11:52,,Đang trên bãi,9.41,Shuttle,FC,Forecast
530374890103,SG CỦ CHI,SG PHÚ NHUẬN,SG PHÚ NHUẬN,SG CỦ CHI,2026-07-13 13:12:34,2026-07-13 09:53:59,2026-07-13 05:45:16,,Đang trên bãi,6.5,Shuttle,FC,Forecast
530574490103,SG CỦ CHI,SG BÀ ĐIỂM,SG BÀ ĐIỂM,SG CỦ CHI,2026-07-13 13:12:31,2026-07-13 09:53:42,2026-07-13 06:00:27,,Đang trên bãi,8.0,Shuttle,FC,Forecast
530493910104,SG CỦ CHI,SG BÌNH TÂN,SG BÌNH TÂN,SG CỦ CHI,2026-07-13 13:12:29,2026-07-13 09:54:01,2026-07-13 06:01:36,,Đang trên bãi,8.0,Shuttle,FC,Forecast
530010320104,SG CỦ CHI,VT LONG ĐẤT,VT LONG ĐẤT,SG CỦ CHI,2026-07-13 13:12:26,2026-07-13 09:54:02,2026-07-13 06:02:38,,Đang trên bãi,8.0,Shuttle,FC,Forecast
530532920104,SG CỦ CHI,CT Ô MÔN,CT Ô MÔN,SG CỦ CHI,2026-07-13 13:12:24,2026-07-13 09:54:03,2026-07-13 06:01:36,,Đang trên bãi,8.0,Shuttle,FC,Forecast
530700920104,SG CỦ CHI,CT NINH KIỀU,CT NINH KIỀU,SG CỦ CHI,2026-07-13 13:12:21,2026-07-13 09:54:02,2026-07-13 06:01:36,,Đang trên bãi,8.0,Shuttle,FC,Forecast
530902120104,SG CỦ CHI,SG VĨNH LỘC,SG VĨNH LỘC,SG CỦ CHI,2026-07-13 13:12:19,2026-07-13 09:54:47,2026-07-13 06:02:07,,Đang trên bãi,8.0,Shuttle,FC,Forecast
530285710104,SG CỦ CHI,SG TÂN HƯNG,SG TÂN HƯNG,SG CỦ CHI,2026-07-13 13:12:16,2026-07-13 09:54:50,2026-07-13 06:01:36,,Đang trên bãi,8.0,Shuttle,FC,Forecast
530758490103,SG CỦ CHI,VL VĨNH LONG,VL VĨNH LONG,SG CỦ CHI,2026-07-13 13:12:14,2026-07-13 09:54:49,2026-07-13 06:03:11,,Đang trên bãi,8.0,Shuttle,FC,Forecast
530199890103,SG CỦ CHI,SG GÒ VẤP,SG GÒ VẤP,SG CỦ CHI,2026-07-13 13:12:11,2026-07-13 10:00:04,2026-07-13 05:46:20,,Đang trên bãi,7.8,Shuttle,FC,Forecast
530589400104,SG CỦ CHI,SG KHÁNH HỘI,SG KHÁNH HỘI,SG CỦ CHI,2026-07-13 13:12:09,2026-07-13 09:53:57,2026-07-13 08:35:34,,Đang trên bãi,9.25,Shuttle,FC,Forecast
530482290103,SG CỦ CHI,SG AN LẠC,SG AN LẠC,SG CỦ CHI,2026-07-13 13:12:07,2026-07-13 09:54:20,2026-07-13 06:03:11,,Đang trên bãi,6.4,Shuttle,FC,Forecast
530299690103,SG CỦ CHI,CT NINH KIỀU,CT NINH KIỀU,SG CỦ CHI,2026-07-13 13:12:04,2026-07-13 09:53:43,2026-07-13 05:48:46,,Đang trên bãi,8.0,Shuttle,FC,Forecast
530779320104,SG CỦ CHI,VL VĨNH LONG,VL VĨNH LONG,SG CỦ CHI,2026-07-13 13:12:02,2026-07-13 11:26:42,2026-07-13 09:12:44,,Đang trên bãi,5.08,Shuttle,FC,Forecast
530275520104,SG CỦ CHI,VL VĨNH LONG,VL VĨNH LONG,SG CỦ CHI,2026-07-13 13:12:00,2026-07-13 11:26:41,2026-07-13 09:12:45,,Đang trên bãi,5.08,Shuttle,FC,Forecast
530204330104,SG CỦ CHI,CT NINH KIỀU,CT NINH KIỀU,SG CỦ CHI,2026-07-13 13:11:56,2026-07-13 11:26:29,2026-07-13 09:14:43,,Đang trên bãi,5.08,Shuttle,FC,Forecast
530075920104,SG CỦ CHI,SG XUÂN HÒA,SG XUÂN HÒA,SG CỦ CHI,2026-07-13 13:11:52,2026-07-13 11:26:52,2026-07-13 09:10:50,,Đang trên bãi,5.08,Shuttle,FC,Forecast
530502330104,SG CỦ CHI,SG BÀ ĐIỂM,SG BÀ ĐIỂM,SG CỦ CHI,2026-07-13 13:11:50,2026-07-13 11:26:18,2026-07-13 09:18:17,,Đang trên bãi,5.08,Shuttle,FC,Forecast
530381320104,SG CỦ CHI,SG GÒ VẤP,SG GÒ VẤP,SG CỦ CHI,2026-07-13 13:11:48,2026-07-13 11:26:13,2026-07-13 09:18:59,,Đang trên bãi,5.08,Shuttle,FC,Forecast
530287200104,SG CỦ CHI,VL CHỢ LÁCH,VL CHỢ LÁCH,SG CỦ CHI,2026-07-13 13:11:45,2026-07-13 11:26:18,2026-07-13 09:16:38,,Đang trên bãi,5.08,Shuttle,FC,Forecast
530473720104,SG CỦ CHI,SG BÀ ĐIỂM,SG BÀ ĐIỂM,SG CỦ CHI,2026-07-13 13:11:43,2026-07-13 11:26:42,2026-07-13 09:12:45,,Đang trên bãi,5.08,Shuttle,FC,Forecast
530102730104,SG CỦ CHI,SG GÒ VẤP,SG GÒ VẤP,SG CỦ CHI,2026-07-13 13:11:40,2026-07-13 11:26:51,2026-07-13 09:11:50,,Đang trên bãi,5.08,Shuttle,FC,Forecast
530990120104,SG CỦ CHI,SG AN LẠC,SG AN LẠC,SG CỦ CHI,2026-07-13 13:11:38,2026-07-13 11:26:17,2026-07-13 09:18:59,,Đang trên bãi,5.08,Shuttle,FC,Forecast
530202930104,SG CỦ CHI,SG BÌNH LỢI TRUNG,SG BÌNH LỢI TRUNG,SG CỦ CHI,2026-07-13 13:11:34,2026-07-13 11:26:31,2026-07-13 09:14:11,,Đang trên bãi,5.08,Shuttle,FC,Forecast
530990600104,SG CỦ CHI,SG THỦ ĐỨC,SG THỦ ĐỨC,SG CỦ CHI,2026-07-13 13:11:31,2026-07-13 11:26:06,2026-07-13 09:15:37,,Đang trên bãi,5.08,Shuttle,FC,Forecast
530776920104,SG CỦ CHI,SG PHÚ LÂM,SG PHÚ LÂM,SG CỦ CHI,2026-07-13 13:11:29,2026-07-13 11:26:10,2026-07-13 09:19:35,,Đang trên bãi,5.08,Shuttle,FC,Forecast
530121610104,SG CỦ CHI,VL VĨNH LONG,VL VĨNH LONG,SG CỦ CHI,2026-07-13 13:11:25,2026-07-13 11:26:11,2026-07-13 09:19:14,,Đang trên bãi,5.08,Shuttle,FC,Forecast
530585520104,SG CỦ CHI,SG HÓC MÔN,SG HÓC MÔN,SG CỦ CHI,2026-07-13 13:11:22,2026-07-13 11:26:05,2026-07-13 09:25:45,,Đang trên bãi,5.08,Shuttle,FC,Forecast
530776720104,SG CỦ CHI,SG NHƠN ĐỨC,SG NHƠN ĐỨC,SG CỦ CHI,2026-07-13 13:11:20,2026-07-13 11:26:16,2026-07-13 09:19:35,,Đang trên bãi,5.08,Shuttle,FC,Forecast
530677000104,SG CỦ CHI,AG TÂN CHÂU,AG TÂN CHÂU,SG CỦ CHI,2026-07-13 13:11:18,2026-07-13 11:26:15,2026-07-13 09:19:36,,Đang trên bãi,5.08,Shuttle,FC,Forecast
530905410104,SG CỦ CHI,SG HƯNG LONG,SG HƯNG LONG,SG CỦ CHI,2026-07-13 13:11:16,2026-07-13 11:26:32,2026-07-13 09:14:05,,Đang trên bãi,5.08,Shuttle,FC,Forecast
530963200104,SG CỦ CHI,LA BẾN LỨC,LA BẾN LỨC,SG CỦ CHI,2026-07-13 13:11:13,2026-07-13 11:26:35,2026-07-13 09:13:37,,Đang trên bãi,5.08,Shuttle,FC,Forecast
530579320104,SG CỦ CHI,BD BÌNH HÒA,BD BÌNH HÒA,SG CỦ CHI,2026-07-13 13:11:10,2026-07-13 11:25:59,2026-07-13 09:10:13,,Đang trên bãi,5.08,Shuttle,FC,Forecast
530306720104,SG CỦ CHI,SG AN LẠC,SG AN LẠC,SG CỦ CHI,2026-07-13 13:11:07,2026-07-13 09:54:48,2026-07-13 06:04:11,,Đang trên bãi,8.0,Shuttle,FC,Forecast
530196520104,SG CỦ CHI,SG HÓC MÔN,SG HÓC MÔN,SG CỦ CHI,2026-07-13 13:11:01,2026-07-13 11:26:25,2026-07-13 09:15:59,,Đang trên bãi,5.08,Shuttle,FC,Forecast
530320130104,SG CỦ CHI,LA TÂN AN,LA TÂN AN,SG CỦ CHI,2026-07-13 13:10:59,2026-07-13 11:26:32,2026-07-13 09:14:05,,Đang trên bãi,5.08,Shuttle,FC,Forecast
530984120104,SG CỦ CHI,SG GÒ VẤP,SG GÒ VẤP,SG CỦ CHI,2026-07-13 13:10:57,2026-07-13 11:26:10,2026-07-13 09:17:59,,Đang trên bãi,5.08,Shuttle,FC,Forecast
530092200104,SG CỦ CHI,SG TÂN HƯNG,SG TÂN HƯNG,SG CỦ CHI,2026-07-13 13:10:54,2026-07-13 11:26:30,2026-07-13 09:14:42,,Đang trên bãi,5.08,Shuttle,FC,Forecast
530594120104,SG CỦ CHI,SG THỦ ĐỨC,SG THỦ ĐỨC,SG CỦ CHI,2026-07-13 13:10:52,2026-07-13 11:26:03,2026-07-13 09:25:45,,Đang trên bãi,5.08,Shuttle,FC,Forecast
530875000104,SG CỦ CHI,VT CHÂU ĐỨC,VT CHÂU ĐỨC,SG CỦ CHI,2026-07-13 13:10:50,2026-07-13 11:25:58,2026-07-13 09:10:57,,Đang trên bãi,5.08,Shuttle,FC,Forecast
530087920104,SG CỦ CHI,BD BẾN CÁT,BD BẾN CÁT,SG CỦ CHI,2026-07-13 13:10:47,2026-07-13 11:26:56,2026-07-13 09:11:30,,Đang trên bãi,5.08,Shuttle,FC,Forecast
530292520104,SG CỦ CHI,AG TÂN CHÂU,AG TÂN CHÂU,SG CỦ CHI,2026-07-13 13:10:43,2026-07-13 11:26:37,2026-07-13 09:13:20,,Đang trên bãi,5.08,Shuttle,FC,Forecast
530875600104,SG CỦ CHI,VL CHỢ LÁCH,VL CHỢ LÁCH,SG CỦ CHI,2026-07-13 13:10:40,2026-07-13 11:26:48,2026-07-13 09:11:29,,Đang trên bãi,5.08,Shuttle,FC,Forecast
530820930104,SG CỦ CHI,BD BÌNH HÒA,BD BÌNH HÒA,SG CỦ CHI,2026-07-13 13:10:37,2026-07-13 11:26:12,2026-07-13 09:18:47,,Đang trên bãi,5.08,Shuttle,FC,Forecast
530780520104,SG CỦ CHI,SG BÌNH TÂN,SG BÌNH TÂN,SG CỦ CHI,2026-07-13 13:10:35,2026-07-13 11:25:58,2026-07-13 09:10:22,,Đang trên bãi,5.08,Shuttle,FC,Forecast
530982520104,SG CỦ CHI,SG CHỢ LỚN,SG CHỢ LỚN,SG CỦ CHI,2026-07-13 13:10:33,2026-07-13 11:26:47,2026-07-13 09:12:05,,Đang trên bãi,5.08,Shuttle,FC,Forecast
530690120104,SG CỦ CHI,SG KHÁNH HỘI,SG KHÁNH HỘI,SG CỦ CHI,2026-07-13 13:10:30,2026-07-13 11:26:47,2026-07-13 09:12:05,,Đang trên bãi,5.08,Shuttle,FC,Forecast
530285510104,SG CỦ CHI,SG PHÚ LÂM,SG PHÚ LÂM,SG CỦ CHI,2026-07-13 13:10:27,2026-07-13 09:53:42,2026-07-13 05:59:30,,Đang trên bãi,8.0,Shuttle,FC,Forecast
530875800104,SG CỦ CHI,SG TÂN HƯNG,SG TÂN HƯNG,SG CỦ CHI,2026-07-13 13:10:24,2026-07-13 11:26:55,2026-07-13 09:11:30,,Đang trên bãi,5.08,Shuttle,FC,Forecast
530177400104,SG CỦ CHI,SG THỦ ĐỨC,SG THỦ ĐỨC,SG CỦ CHI,2026-07-13 13:10:22,2026-07-13 11:26:01,2026-07-13 09:10:30,,Đang trên bãi,5.08,Shuttle,FC,Forecast
530375720104,SG CỦ CHI,AG AN PHÚ,AG AN PHÚ,SG CỦ CHI,2026-07-13 13:10:19,2026-07-13 11:26:21,2026-07-13 09:15:52,,Đang trên bãi,5.08,Shuttle,FC,Forecast
530383320104,SG CỦ CHI,SG XUÂN HÒA,SG XUÂN HÒA,SG CỦ CHI,2026-07-13 13:10:16,2026-07-13 11:26:14,2026-07-13 09:18:59,,Đang trên bãi,5.08,Shuttle,FC,Forecast
530375920104,SG CỦ CHI,SG PHÚ NHUẬN,SG PHÚ NHUẬN,SG CỦ CHI,2026-07-13 13:10:14,2026-07-13 11:26:23,2026-07-13 09:16:13,,Đang trên bãi,5.08,Shuttle,FC,Forecast
530181920104,SG CỦ CHI,AG TÂN CHÂU,AG TÂN CHÂU,SG CỦ CHI,2026-07-13 13:10:12,2026-07-13 11:26:19,2026-07-13 09:16:38,,Đang trên bãi,5.08,Shuttle,FC,Forecast
530903610104,SG CỦ CHI,SG HIỆP BÌNH,SG HIỆP BÌNH,SG CỦ CHI,2026-07-13 13:10:10,2026-07-13 11:26:46,2026-07-13 09:12:05,,Đang trên bãi,5.08,Shuttle,FC,Forecast
530598520104,SG CỦ CHI,BD BẾN CÁT,BD BẾN CÁT,SG CỦ CHI,2026-07-13 13:09:54,2026-07-13 11:26:22,2026-07-13 09:15:52,,Đang trên bãi,5.08,Shuttle,FC,Forecast
530376920104,SG CỦ CHI,BD BÌNH HÒA,BD BÌNH HÒA,SG CỦ CHI,2026-07-13 13:09:52,2026-07-13 11:26:50,2026-07-13 09:11:29,,Đang trên bãi,5.08,Shuttle,FC,Forecast
530220610104,SG CỦ CHI,BD BÌNH HÒA,BD BÌNH HÒA,SG CỦ CHI,2026-07-13 13:09:50,2026-07-13 11:26:49,2026-07-13 09:11:29,,Đang trên bãi,5.08,Shuttle,FC,Forecast
530298520104,SG CỦ CHI,SG BẢY HIỀN,SG BẢY HIỀN,SG CỦ CHI,2026-07-13 13:09:47,2026-07-13 11:26:52,2026-07-13 09:10:50,,Đang trên bãi,5.08,Shuttle,FC,Forecast
530881800104,SG CỦ CHI,SG CHỢ LỚN,SG CHỢ LỚN,SG CỦ CHI,2026-07-13 13:09:45,2026-07-13 11:26:00,2026-07-13 09:10:13,,Đang trên bãi,5.08,Shuttle,FC,Forecast
530181520104,SG CỦ CHI,SG GÒ VẤP,SG GÒ VẤP,SG CỦ CHI,2026-07-13 13:09:42,2026-07-13 11:26:20,2026-07-13 09:15:53,,Đang trên bãi,5.08,Shuttle,FC,Forecast
